/****************************************************************************
** Resource object code
**
** Created by: The Resource Compiler for Qt version 5.15.18
**
** WARNING! All changes made in this file will be lost!
*****************************************************************************/

static const unsigned char qt_resource_data[] = {
  // /Users/o/cubiomes-viewer/rc/lang/en_US.qm
  0x0,0x0,0xa,0x7a,
  0x3c,
  0xb8,0x64,0x18,0xca,0xef,0x9c,0x95,0xcd,0x21,0x1c,0xbf,0x60,0xa1,0xbd,0xdd,0x42,
  0x0,0x0,0x0,0x58,0x1,0x50,0xbc,0xc4,0x0,0x0,0x6,0x32,0x1,0x80,0xfb,0x3e,
  0x0,0x0,0x8,0x5b,0x1,0xf1,0x5c,0xae,0x0,0x0,0x0,0xa7,0x4,0xf4,0x36,0xfe,
  0x0,0x0,0x0,0x0,0x6,0xa2,0x68,0x19,0x0,0x0,0x3,0xe9,0x6,0xc7,0x3a,0xd9,
  0x0,0x0,0x4,0x66,0xa,0x1b,0x74,0xf9,0x0,0x0,0x3,0x67,0xa,0xae,0xec,0x19,
  0x0,0x0,0x4,0xed,0xc,0xb0,0x9d,0x4e,0x0,0x0,0x6,0xee,0xe,0x6a,0xf2,0x7d,
  0x0,0x0,0x5,0x79,0xf,0x27,0x14,0x21,0x0,0x0,0x5,0xce,0x69,0x0,0x0,0xa,
  0x1,0x3,0x0,0x0,0x0,0x30,0x0,0x52,0x0,0x65,0x0,0x70,0x0,0x6c,0x0,0x61,
  0x0,0x63,0x0,0x65,0x0,0x64,0x0,0x20,0x0,0x25,0x0,0x6e,0x0,0x20,0x0,0x62,
  0x0,0x69,0x0,0x6f,0x0,0x6d,0x0,0x65,0x0,0x20,0x0,0x63,0x0,0x6f,0x0,0x6c,
  0x0,0x6f,0x0,0x72,0x0,0x2e,0x3,0x0,0x0,0x0,0x32,0x0,0x52,0x0,0x65,0x0,
  0x70,0x0,0x6c,0x0,0x61,0x0,0x63,0x0,0x65,0x0,0x64,0x0,0x20,0x0,0x25,0x0,
  0x6e,0x0,0x20,0x0,0x62,0x0,0x69,0x0,0x6f,0x0,0x6d,0x0,0x65,0x0,0x20,0x0,
  0x63,0x0,0x6f,0x0,0x6c,0x0,0x6f,0x0,0x72,0x0,0x73,0x0,0x2e,0x8,0x0,0x0,
  0x0,0x0,0x6,0x0,0x0,0x0,0x1b,0x52,0x65,0x70,0x6c,0x61,0x63,0x65,0x64,0x20,
  0x25,0x6e,0x20,0x62,0x69,0x6f,0x6d,0x65,0x20,0x63,0x6f,0x6c,0x6f,0x72,0x28,0x73,
  0x29,0x2e,0x7,0x0,0x0,0x0,0x10,0x42,0x69,0x6f,0x6d,0x65,0x43,0x6f,0x6c,0x6f,
  0x72,0x44,0x69,0x61,0x6c,0x6f,0x67,0x1,0x3,0x0,0x0,0x1,0x0,0x0,0x54,0x0,
  0x68,0x0,0x65,0x0,0x20,0x0,0x62,0x0,0x69,0x0,0x6f,0x0,0x6d,0x0,0x65,0x0,
  0x20,0x0,0x6c,0x0,0x6f,0x0,0x63,0x0,0x61,0x0,0x74,0x0,0x6f,0x0,0x72,0x0,
  0x20,0x0,0x63,0x0,0x68,0x0,0x65,0x0,0x63,0x0,0x6b,0x0,0x73,0x0,0x20,0x0,
  0x66,0x0,0x6f,0x0,0x72,0x0,0x20,0x0,0x25,0x0,0x6e,0x0,0x20,0x0,0x69,0x0,
  0x6e,0x0,0x73,0x0,0x74,0x0,0x61,0x0,0x6e,0x0,0x63,0x0,0x65,0x0,0x20,0x0,
  0x6f,0x0,0x66,0x0,0x20,0x0,0x73,0x0,0x69,0x0,0x7a,0x0,0x65,0x0,0x20,0x0,
  0x25,0x0,0x31,0x0,0x2c,0x0,0x20,0x0,0x77,0x0,0x68,0x0,0x69,0x0,0x63,0x0,
  0x68,0x0,0x20,0x0,0x63,0x0,0x61,0x0,0x6e,0x0,0x6e,0x0,0x6f,0x0,0x74,0x0,
  0x20,0x0,0x62,0x0,0x65,0x0,0x20,0x0,0x73,0x0,0x61,0x0,0x74,0x0,0x69,0x0,
  0x73,0x0,0x66,0x0,0x69,0x0,0x65,0x0,0x64,0x0,0x20,0x0,0x62,0x0,0x79,0x0,
  0x20,0x0,0x61,0x0,0x6e,0x0,0x20,0x0,0x61,0x0,0x72,0x0,0x65,0x0,0x61,0x0,
  0x20,0x0,0x6f,0x0,0x66,0x0,0x20,0x0,0x73,0x0,0x69,0x0,0x7a,0x0,0x65,0x0,
  0xa,0x0,0x25,0x0,0x32,0x0,0x25,0x0,0x33,0x0,0x25,0x0,0x34,0x0,0x20,0x0,
  0x3d,0x0,0x20,0x0,0x25,0x0,0x35,0x0,0x20,0x0,0x3c,0x0,0x20,0x0,0x25,0x0,
  0x36,0x0,0x20,0x0,0x40,0x0,0x20,0x0,0x73,0x0,0x63,0x0,0x61,0x0,0x6c,0x0,
  0x65,0x0,0x20,0x0,0x31,0x0,0x3a,0x0,0x25,0x0,0x37,0x0,0x2e,0x3,0x0,0x0,
  0x1,0xe,0x0,0x54,0x0,0x68,0x0,0x65,0x0,0x20,0x0,0x62,0x0,0x69,0x0,0x6f,
  0x0,0x6d,0x0,0x65,0x0,0x20,0x0,0x6c,0x0,0x6f,0x0,0x63,0x0,0x61,0x0,0x74,
  0x0,0x6f,0x0,0x72,0x0,0x20,0x0,0x63,0x0,0x68,0x0,0x65,0x0,0x63,0x0,0x6b,
  0x0,0x73,0x0,0x20,0x0,0x66,0x0,0x6f,0x0,0x72,0x0,0x20,0x0,0x25,0x0,0x6e,
  0x0,0x20,0x0,0x69,0x0,0x6e,0x0,0x73,0x0,0x74,0x0,0x61,0x0,0x6e,0x0,0x63,
  0x0,0x65,0x0,0x73,0x0,0x2c,0x0,0x20,0x0,0x65,0x0,0x61,0x0,0x63,0x0,0x68,
  0x0,0x20,0x0,0x6f,0x0,0x66,0x0,0x20,0x0,0x73,0x0,0x69,0x0,0x7a,0x0,0x65,
  0x0,0x20,0x0,0x25,0x0,0x31,0x0,0x2c,0x0,0x20,0x0,0x77,0x0,0x68,0x0,0x69,
  0x0,0x63,0x0,0x68,0x0,0x20,0x0,0x63,0x0,0x61,0x0,0x6e,0x0,0x6e,0x0,0x6f,
  0x0,0x74,0x0,0x20,0x0,0x62,0x0,0x65,0x0,0x20,0x0,0x73,0x0,0x61,0x0,0x74,
  0x0,0x69,0x0,0x73,0x0,0x66,0x0,0x69,0x0,0x65,0x0,0x64,0x0,0x20,0x0,0x62,
  0x0,0x79,0x0,0x20,0x0,0x61,0x0,0x6e,0x0,0x20,0x0,0x61,0x0,0x72,0x0,0x65,
  0x0,0x61,0x0,0x20,0x0,0x6f,0x0,0x66,0x0,0x20,0x0,0x73,0x0,0x69,0x0,0x7a,
  0x0,0x65,0x0,0xa,0x0,0x25,0x0,0x32,0x0,0x25,0x0,0x33,0x0,0x25,0x0,0x34,
  0x0,0x20,0x0,0x3d,0x0,0x20,0x0,0x25,0x0,0x35,0x0,0x20,0x0,0x3c,0x0,0x20,
  0x0,0x25,0x0,0x36,0x0,0x20,0x0,0x40,0x0,0x20,0x0,0x73,0x0,0x63,0x0,0x61,
  0x0,0x6c,0x0,0x65,0x0,0x20,0x0,0x31,0x0,0x3a,0x0,0x25,0x0,0x37,0x0,0x2e,
  0x8,0x0,0x0,0x0,0x0,0x6,0x0,0x0,0x0,0x89,0x54,0x68,0x65,0x20,0x62,0x69,
  0x6f,0x6d,0x65,0x20,0x6c,0x6f,0x63,0x61,0x74,0x6f,0x72,0x20,0x63,0x68,0x65,0x63,
  0x6b,0x73,0x20,0x66,0x6f,0x72,0x20,0x25,0x6e,0x20,0x69,0x6e,0x73,0x74,0x61,0x6e,
  0x63,0x65,0x28,0x73,0x29,0x2c,0x20,0x65,0x61,0x63,0x68,0x20,0x6f,0x66,0x20,0x73,
  0x69,0x7a,0x65,0x20,0x25,0x31,0x2c,0x20,0x77,0x68,0x69,0x63,0x68,0x20,0x63,0x61,
  0x6e,0x6e,0x6f,0x74,0x20,0x62,0x65,0x20,0x73,0x61,0x74,0x69,0x73,0x66,0x69,0x65,
  0x64,0x20,0x62,0x79,0x20,0x61,0x6e,0x20,0x61,0x72,0x65,0x61,0x20,0x6f,0x66,0x20,
  0x73,0x69,0x7a,0x65,0xa,0x25,0x32,0x25,0x33,0x25,0x34,0x20,0x3d,0x20,0x25,0x35,
  0x20,0x3c,0x20,0x25,0x36,0x20,0x40,0x20,0x73,0x63,0x61,0x6c,0x65,0x20,0x31,0x3a,
  0x25,0x37,0x2e,0x7,0x0,0x0,0x0,0xf,0x43,0x6f,0x6e,0x64,0x69,0x74,0x69,0x6f,
  0x6e,0x44,0x69,0x61,0x6c,0x6f,0x67,0x1,0x3,0x0,0x0,0x0,0x22,0x0,0x43,0x0,
  0x6f,0x0,0x70,0x0,0x79,0x0,0x20,0x0,0x25,0x0,0x6e,0x0,0x20,0x0,0x63,0x0,
  0x6f,0x0,0x6e,0x0,0x64,0x0,0x69,0x0,0x74,0x0,0x69,0x0,0x6f,0x0,0x6e,0x3,
  0x0,0x0,0x0,0x24,0x0,0x43,0x0,0x6f,0x0,0x70,0x0,0x79,0x0,0x20,0x0,0x25,
  0x0,0x6e,0x0,0x20,0x0,0x63,0x0,0x6f,0x0,0x6e,0x0,0x64,0x0,0x69,0x0,0x74,
  0x0,0x69,0x0,0x6f,0x0,0x6e,0x0,0x73,0x8,0x0,0x0,0x0,0x0,0x6,0x0,0x0,
  0x0,0x14,0x43,0x6f,0x70,0x79,0x20,0x25,0x6e,0x20,0x63,0x6f,0x6e,0x64,0x69,0x74,
  0x69,0x6f,0x6e,0x28,0x73,0x29,0x7,0x0,0x0,0x0,0xe,0x46,0x6f,0x72,0x6d,0x43,
  0x6f,0x6e,0x64,0x69,0x74,0x69,0x6f,0x6e,0x73,0x1,0x3,0x0,0x0,0x0,0x20,0x0,
  0x43,0x0,0x75,0x0,0x74,0x0,0x20,0x0,0x25,0x0,0x6e,0x0,0x20,0x0,0x63,0x0,
  0x6f,0x0,0x6e,0x0,0x64,0x0,0x69,0x0,0x74,0x0,0x69,0x0,0x6f,0x0,0x6e,0x3,
  0x0,0x0,0x0,0x22,0x0,0x43,0x0,0x75,0x0,0x74,0x0,0x20,0x0,0x25,0x0,0x6e,
  0x0,0x20,0x0,0x63,0x0,0x6f,0x0,0x6e,0x0,0x64,0x0,0x69,0x0,0x74,0x0,0x69,
  0x0,0x6f,0x0,0x6e,0x0,0x73,0x8,0x0,0x0,0x0,0x0,0x6,0x0,0x0,0x0,0x13,
  0x43,0x75,0x74,0x20,0x25,0x6e,0x20,0x63,0x6f,0x6e,0x64,0x69,0x74,0x69,0x6f,0x6e,
  0x28,0x73,0x29,0x7,0x0,0x0,0x0,0xe,0x46,0x6f,0x72,0x6d,0x43,0x6f,0x6e,0x64,
  0x69,0x74,0x69,0x6f,0x6e,0x73,0x1,0x3,0x0,0x0,0x0,0x24,0x0,0x50,0x0,0x61,
  0x0,0x73,0x0,0x74,0x0,0x65,0x0,0x20,0x0,0x25,0x0,0x6e,0x0,0x20,0x0,0x63,
  0x0,0x6f,0x0,0x6e,0x0,0x64,0x0,0x69,0x0,0x74,0x0,0x69,0x0,0x6f,0x0,0x6e,
  0x3,0x0,0x0,0x0,0x26,0x0,0x50,0x0,0x61,0x0,0x73,0x0,0x74,0x0,0x65,0x0,
  0x20,0x0,0x25,0x0,0x6e,0x0,0x20,0x0,0x63,0x0,0x6f,0x0,0x6e,0x0,0x64,0x0,
  0x69,0x0,0x74,0x0,0x69,0x0,0x6f,0x0,0x6e,0x0,0x73,0x8,0x0,0x0,0x0,0x0,
  0x6,0x0,0x0,0x0,0x15,0x50,0x61,0x73,0x74,0x65,0x20,0x25,0x6e,0x20,0x63,0x6f,
  0x6e,0x64,0x69,0x74,0x69,0x6f,0x6e,0x28,0x73,0x29,0x7,0x0,0x0,0x0,0xe,0x46,
  0x6f,0x72,0x6d,0x43,0x6f,0x6e,0x64,0x69,0x74,0x69,0x6f,0x6e,0x73,0x1,0x3,0x0,
  0x0,0x0,0x26,0x0,0x52,0x0,0x65,0x0,0x6d,0x0,0x6f,0x0,0x76,0x0,0x65,0x0,
  0x20,0x0,0x25,0x0,0x6e,0x0,0x20,0x0,0x63,0x0,0x6f,0x0,0x6e,0x0,0x64,0x0,
  0x69,0x0,0x74,0x0,0x69,0x0,0x6f,0x0,0x6e,0x3,0x0,0x0,0x0,0x28,0x0,0x52,
  0x0,0x65,0x0,0x6d,0x0,0x6f,0x0,0x76,0x0,0x65,0x0,0x20,0x0,0x25,0x0,0x6e,
  0x0,0x20,0x0,0x63,0x0,0x6f,0x0,0x6e,0x0,0x64,0x0,0x69,0x0,0x74,0x0,0x69,
  0x0,0x6f,0x0,0x6e,0x0,0x73,0x8,0x0,0x0,0x0,0x0,0x6,0x0,0x0,0x0,0x16,
  0x52,0x65,0x6d,0x6f,0x76,0x65,0x20,0x25,0x6e,0x20,0x63,0x6f,0x6e,0x64,0x69,0x74,
  0x69,0x6f,0x6e,0x28,0x73,0x29,0x7,0x0,0x0,0x0,0xe,0x46,0x6f,0x72,0x6d,0x43,
  0x6f,0x6e,0x64,0x69,0x74,0x69,0x6f,0x6e,0x73,0x1,0x3,0x0,0x0,0x0,0x12,0x0,
  0x5b,0x0,0x25,0x0,0x6e,0x0,0x20,0x0,0x73,0x0,0x65,0x0,0x65,0x0,0x64,0x0,
  0x5d,0x3,0x0,0x0,0x0,0x14,0x0,0x5b,0x0,0x25,0x0,0x6e,0x0,0x20,0x0,0x73,
  0x0,0x65,0x0,0x65,0x0,0x64,0x0,0x73,0x0,0x5d,0x8,0x0,0x0,0x0,0x0,0x6,
  0x0,0x0,0x0,0xc,0x5b,0x25,0x6e,0x20,0x73,0x65,0x65,0x64,0x28,0x73,0x29,0x5d,
  0x7,0x0,0x0,0x0,0x9,0x46,0x6f,0x72,0x6d,0x47,0x65,0x6e,0x34,0x38,0x1,0x3,
  0x0,0x0,0x0,0x18,0x0,0x5b,0x0,0x25,0x0,0x6e,0x0,0x20,0x0,0x73,0x0,0x65,
  0x0,0x65,0x0,0x64,0x0,0x5d,0x0,0x20,0x0,0x25,0x0,0x31,0x3,0x0,0x0,0x0,
  0x1a,0x0,0x5b,0x0,0x25,0x0,0x6e,0x0,0x20,0x0,0x73,0x0,0x65,0x0,0x65,0x0,
  0x64,0x0,0x73,0x0,0x5d,0x0,0x20,0x0,0x25,0x0,0x31,0x8,0x0,0x0,0x0,0x0,
  0x6,0x0,0x0,0x0,0xf,0x5b,0x25,0x6e,0x20,0x73,0x65,0x65,0x64,0x28,0x73,0x29,
  0x5d,0x20,0x25,0x31,0x7,0x0,0x0,0x0,0x9,0x46,0x6f,0x72,0x6d,0x47,0x65,0x6e,
  0x34,0x38,0x1,0x3,0x0,0x0,0x0,0x38,0x0,0x50,0x0,0x61,0x0,0x73,0x0,0x74,
  0x0,0x65,0x0,0x20,0x0,0x25,0x0,0x6e,0x0,0x20,0x0,0x73,0x0,0x65,0x0,0x65,
  0x0,0x64,0x0,0x20,0x0,0x66,0x0,0x72,0x0,0x6f,0x0,0x6d,0x0,0x20,0x0,0x63,
  0x0,0x6c,0x0,0x69,0x0,0x70,0x0,0x62,0x0,0x6f,0x0,0x61,0x0,0x72,0x0,0x64,
  0x3,0x0,0x0,0x0,0x3a,0x0,0x50,0x0,0x61,0x0,0x73,0x0,0x74,0x0,0x65,0x0,
  0x20,0x0,0x25,0x0,0x6e,0x0,0x20,0x0,0x73,0x0,0x65,0x0,0x65,0x0,0x64,0x0,
  0x73,0x0,0x20,0x0,0x66,0x0,0x72,0x0,0x6f,0x0,0x6d,0x0,0x20,0x0,0x63,0x0,
  0x6c,0x0,0x69,0x0,0x70,0x0,0x62,0x0,0x6f,0x0,0x61,0x0,0x72,0x0,0x64,0x8,
  0x0,0x0,0x0,0x0,0x6,0x0,0x0,0x0,0x1f,0x50,0x61,0x73,0x74,0x65,0x20,0x25,
  0x6e,0x20,0x73,0x65,0x65,0x64,0x28,0x73,0x29,0x20,0x66,0x72,0x6f,0x6d,0x20,0x63,
  0x6c,0x69,0x70,0x62,0x6f,0x61,0x72,0x64,0x7,0x0,0x0,0x0,0x11,0x46,0x6f,0x72,
  0x6d,0x53,0x65,0x61,0x72,0x63,0x68,0x43,0x6f,0x6e,0x74,0x72,0x6f,0x6c,0x1,0x3,
  0x0,0x0,0x0,0x88,0x0,0x43,0x0,0x6f,0x0,0x6e,0x0,0x74,0x0,0x72,0x0,0x69,
  0x0,0x62,0x0,0x75,0x0,0x74,0x0,0x69,0x0,0x6f,0x0,0x6e,0x0,0x20,0x0,0x6f,
  0x0,0x66,0x0,0x20,0x0,0x74,0x0,0x68,0x0,0x65,0x0,0x20,0x0,0x6d,0x0,0x6f,
  0x0,0x73,0x0,0x74,0x0,0x20,0x0,0x73,0x0,0x69,0x0,0x67,0x0,0x6e,0x0,0x69,
  0x0,0x66,0x0,0x69,0x0,0x63,0x0,0x61,0x0,0x6e,0x0,0x74,0x0,0x20,0x0,0x6f,
  0x0,0x63,0x0,0x74,0x0,0x61,0x0,0x76,0x0,0x65,0x0,0x20,0x0,0x6f,0x0,0x75,
  0x0,0x74,0x0,0x20,0x0,0x6f,0x0,0x66,0x0,0x20,0x0,0x25,0x0,0x31,0x0,0x20,
  0x0,0x74,0x0,0x6f,0x0,0x74,0x0,0x61,0x0,0x6c,0x0,0x20,0x0,0x6f,0x0,0x63,
  0x0,0x61,0x0,0x74,0x0,0x76,0x0,0x65,0x0,0x73,0x0,0x2e,0x3,0x0,0x0,0x0,
  0x80,0x0,0x43,0x0,0x6f,0x0,0x6e,0x0,0x74,0x0,0x72,0x0,0x69,0x0,0x62,0x0,
  0x75,0x0,0x74,0x0,0x69,0x0,0x6f,0x0,0x6e,0x0,0x20,0x0,0x6f,0x0,0x66,0x0,
  0x20,0x0,0x74,0x0,0x68,0x0,0x65,0x0,0x20,0x0,0x25,0x0,0x6e,0x0,0x20,0x0,
  0x6d,0x0,0x6f,0x0,0x73,0x0,0x74,0x0,0x20,0x0,0x73,0x0,0x69,0x0,0x67,0x0,
  0x6e,0x0,0x69,0x0,0x66,0x0,0x69,0x0,0x63,0x0,0x61,0x0,0x6e,0x0,0x74,0x0,
  0x20,0x0,0x6f,0x0,0x63,0x0,0x74,0x0,0x61,0x0,0x76,0x0,0x65,0x0,0x73,0x0,
  0x20,0x0,0x6f,0x0,0x75,0x0,0x74,0x0,0x20,0x0,0x6f,0x0,0x66,0x0,0x20,0x0,
  0x25,0x0,0x31,0x0,0x20,0x0,0x74,0x0,0x6f,0x0,0x74,0x0,0x61,0x0,0x6c,0x0,
  0x2e,0x8,0x0,0x0,0x0,0x0,0x6,0x0,0x0,0x0,0x40,0x43,0x6f,0x6e,0x74,0x72,
  0x69,0x62,0x75,0x74,0x69,0x6f,0x6e,0x20,0x6f,0x66,0x20,0x74,0x68,0x65,0x20,0x25,
  0x6e,0x20,0x6d,0x6f,0x73,0x74,0x20,0x73,0x69,0x67,0x6e,0x69,0x66,0x69,0x63,0x61,
  0x6e,0x74,0x20,0x6f,0x63,0x74,0x61,0x76,0x65,0x73,0x20,0x6f,0x75,0x74,0x20,0x6f,
  0x66,0x20,0x25,0x31,0x20,0x74,0x6f,0x74,0x61,0x6c,0x2e,0x7,0x0,0x0,0x0,0xb,
  0x4c,0x61,0x79,0x65,0x72,0x44,0x69,0x61,0x6c,0x6f,0x67,0x1,0x3,0x0,0x0,0x0,
  0x9a,0x0,0x42,0x0,0x69,0x0,0x6f,0x0,0x6d,0x0,0x65,0x0,0x20,0x0,0x63,0x0,
  0x6f,0x0,0x6e,0x0,0x64,0x0,0x69,0x0,0x74,0x0,0x69,0x0,0x6f,0x0,0x6e,0x0,
  0x20,0x0,0x77,0x0,0x69,0x0,0x74,0x0,0x68,0x0,0x20,0x0,0x49,0x0,0x44,0x0,
  0x20,0x0,0x25,0x0,0x31,0x0,0x20,0x0,0x69,0x0,0x6e,0x0,0x63,0x0,0x6c,0x0,
  0x75,0x0,0x64,0x0,0x65,0x0,0x73,0x0,0x20,0x0,0x25,0x0,0x6e,0x0,0x20,0x0,
  0x62,0x0,0x69,0x0,0x6f,0x0,0x6d,0x0,0x65,0x0,0x20,0x0,0x74,0x0,0x68,0x0,
  0x61,0x0,0x74,0x0,0x20,0x0,0x64,0x0,0x6f,0x0,0x65,0x0,0x73,0x0,0x20,0x0,
  0x6e,0x0,0x6f,0x0,0x74,0x0,0x20,0x0,0x67,0x0,0x65,0x0,0x6e,0x0,0x65,0x0,
  0x72,0x0,0x61,0x0,0x74,0x0,0x65,0x0,0x20,0x0,0x69,0x0,0x6e,0x0,0x20,0x0,
  0x4d,0x0,0x43,0x0,0x20,0x0,0x25,0x0,0x32,0x0,0x2e,0x3,0x0,0x0,0x0,0x98,
  0x0,0x42,0x0,0x69,0x0,0x6f,0x0,0x6d,0x0,0x65,0x0,0x20,0x0,0x63,0x0,0x6f,
  0x0,0x6e,0x0,0x64,0x0,0x69,0x0,0x74,0x0,0x69,0x0,0x6f,0x0,0x6e,0x0,0x20,
  0x0,0x77,0x0,0x69,0x0,0x74,0x0,0x68,0x0,0x20,0x0,0x49,0x0,0x44,0x0,0x20,
  0x0,0x25,0x0,0x31,0x0,0x20,0x0,0x69,0x0,0x6e,0x0,0x63,0x0,0x6c,0x0,0x75,
  0x0,0x64,0x0,0x65,0x0,0x73,0x0,0x20,0x0,0x25,0x0,0x6e,0x0,0x20,0x0,0x62,
  0x0,0x69,0x0,0x6f,0x0,0x6d,0x0,0x65,0x0,0x73,0x0,0x20,0x0,0x74,0x0,0x68,
  0x0,0x61,0x0,0x74,0x0,0x20,0x0,0x64,0x0,0x6f,0x0,0x20,0x0,0x6e,0x0,0x6f,
  0x0,0x74,0x0,0x20,0x0,0x67,0x0,0x65,0x0,0x6e,0x0,0x65,0x0,0x72,0x0,0x61,
  0x0,0x74,0x0,0x65,0x0,0x20,0x0,0x69,0x0,0x6e,0x0,0x20,0x0,0x4d,0x0,0x43,
  0x0,0x20,0x0,0x25,0x0,0x32,0x0,0x2e,0x8,0x0,0x0,0x0,0x0,0x6,0x0,0x0,
  0x0,0x4e,0x42,0x69,0x6f,0x6d,0x65,0x20,0x63,0x6f,0x6e,0x64,0x69,0x74,0x69,0x6f,
  0x6e,0x20,0x77,0x69,0x74,0x68,0x20,0x49,0x44,0x20,0x25,0x31,0x20,0x69,0x6e,0x63,
  0x6c,0x75,0x64,0x65,0x73,0x20,0x25,0x6e,0x20,0x62,0x69,0x6f,0x6d,0x65,0x28,0x73,
  0x29,0x20,0x74,0x68,0x61,0x74,0x20,0x64,0x6f,0x20,0x6e,0x6f,0x74,0x20,0x67,0x65,
  0x6e,0x65,0x72,0x61,0x74,0x65,0x20,0x69,0x6e,0x20,0x4d,0x43,0x20,0x25,0x32,0x2e,
  0x7,0x0,0x0,0x0,0xc,0x53,0x65,0x61,0x72,0x63,0x68,0x4d,0x61,0x73,0x74,0x65,
  0x72,0x1,0x88,0x0,0x0,0x0,0x2,0x1,0x1,
    // /Users/o/cubiomes-viewer/rc/lang/de_DE.qm
  0x0,0x1,0x57,0x33,
  0x3c,
  0xb8,0x64,0x18,0xca,0xef,0x9c,0x95,0xcd,0x21,0x1c,0xbf,0x60,0xa1,0xbd,0xdd,0x42,
  0x0,0x0,0x1c,0x40,0x0,0x0,0x0,0x2d,0x0,0x0,0x25,0xdf,0x0,0x0,0x0,0x30,
  0x0,0x0,0x27,0x13,0x0,0x0,0x0,0x30,0x0,0x0,0x7c,0x90,0x0,0x0,0x0,0x30,
  0x0,0x0,0xa7,0xf8,0x0,0x0,0x0,0x30,0x0,0x0,0xb9,0xed,0x0,0x0,0x0,0x30,
  0x0,0x0,0xd9,0x58,0x0,0x0,0x0,0x30,0x0,0x1,0x19,0x22,0x0,0x0,0x0,0x30,
  0x0,0x1,0x30,0x62,0x0,0x0,0x0,0x31,0x0,0x0,0x27,0x85,0x0,0x0,0x0,0x31,
  0x0,0x1,0x28,0x80,0x0,0x0,0x0,0x32,0x0,0x0,0x6e,0x5a,0x0,0x0,0x0,0x34,
  0x0,0x0,0x6e,0x7c,0x0,0x0,0x0,0x35,0x0,0x0,0x6e,0x9e,0x0,0x0,0x0,0x40,
  0x0,0x0,0x0,0x43,0x0,0x0,0x0,0x58,0x0,0x0,0xcb,0x26,0x0,0x0,0x0,0x5a,
  0x0,0x0,0xcb,0x48,0x0,0x0,0x0,0x78,0x0,0x1,0x28,0x3e,0x0,0x0,0x0,0x78,
  0x0,0x1,0x30,0x1a,0x0,0x0,0x0,0x78,0x0,0x1,0x3a,0x88,0x0,0x0,0x0,0x7a,
  0x0,0x1,0x28,0x5f,0x0,0x0,0x0,0x7a,0x0,0x1,0x30,0x3e,0x0,0x0,0x0,0x7a,
  0x0,0x1,0x3a,0xad,0x0,0x0,0x3,0x40,0x0,0x0,0x6e,0x37,0x0,0x0,0x3,0x46,
  0x0,0x0,0x28,0x3,0x0,0x0,0x3,0x46,0x0,0x0,0xd9,0xcc,0x0,0x0,0x3,0x62,
  0x0,0x0,0x28,0x7a,0x0,0x0,0x3,0x62,0x0,0x0,0xda,0x39,0x0,0x0,0x3,0x78,
  0x0,0x0,0x28,0xa0,0x0,0x0,0x3,0x78,0x0,0x0,0xda,0x5a,0x0,0x0,0x5,0x13,
  0x0,0x0,0xe7,0xd0,0x0,0x0,0x5,0x3b,0x0,0x1,0x8,0x37,0x0,0x0,0x5,0x4f,
  0x0,0x1,0x8,0xa,0x0,0x0,0x5,0xba,0x0,0x1,0x2f,0x2b,0x0,0x0,0x5,0xca,
  0x0,0x0,0x6b,0x3f,0x0,0x0,0x5,0xca,0x0,0x0,0xf3,0x48,0x0,0x0,0x5,0xda,
  0x0,0x1,0x2f,0x4e,0x0,0x0,0x6,0xf4,0x0,0x1,0x2f,0xa8,0x0,0x0,0x25,0x12,
  0x0,0x0,0x6d,0xee,0x0,0x0,0x2b,0x3b,0x0,0x1,0x6,0x9,0x0,0x0,0x30,0x46,
  0x0,0x0,0x26,0x4,0x0,0x0,0x30,0x46,0x0,0x0,0xd8,0xc6,0x0,0x0,0x30,0x62,
  0x0,0x0,0x26,0x2b,0x0,0x0,0x30,0x62,0x0,0x0,0xd8,0xe8,0x0,0x0,0x30,0x78,
  0x0,0x0,0x26,0x52,0x0,0x0,0x30,0x78,0x0,0x0,0xd9,0xa,0x0,0x0,0x31,0xe,
  0x0,0x0,0x7c,0x3b,0x0,0x0,0x31,0xe,0x0,0x0,0xa7,0xd7,0x0,0x0,0x31,0xe,
  0x0,0x0,0xb9,0xc4,0x0,0x0,0x34,0xd1,0x0,0x0,0x7d,0x7c,0x0,0x0,0x34,0xd1,
  0x0,0x1,0x19,0x64,0x0,0x0,0x34,0xd4,0x0,0x0,0x7d,0xeb,0x0,0x0,0x34,0xd4,
  0x0,0x1,0x19,0xca,0x0,0x0,0x37,0xb0,0x0,0x0,0x7c,0xb2,0x0,0x0,0x38,0x42,
  0x0,0x0,0x28,0xc6,0x0,0x0,0x38,0x42,0x0,0x1,0x28,0xa2,0x0,0x0,0x47,0xa4,
  0x0,0x0,0xa2,0xb5,0x0,0x0,0x4c,0x44,0x0,0x0,0xe1,0xf2,0x0,0x0,0x4c,0x44,
  0x0,0x1,0x1f,0xef,0x0,0x0,0x51,0x50,0x0,0x0,0xfe,0xce,0x0,0x0,0x53,0x80,
  0x0,0x0,0xe7,0xf5,0x0,0x0,0x53,0xb1,0x0,0x0,0x99,0x9a,0x0,0x0,0x5f,0xc3,
  0x0,0x1,0x9,0x30,0x0,0x0,0x68,0x2c,0x0,0x0,0xb9,0x9b,0x0,0x2,0x73,0xfe,
  0x0,0x0,0x6e,0x12,0x0,0x3,0x0,0x46,0x0,0x0,0x25,0x76,0x0,0x3,0x20,0x46,
  0x0,0x0,0x26,0xaa,0x0,0x3,0x4d,0x46,0x0,0x0,0x7d,0xa0,0x0,0x3,0x4d,0x46,
  0x0,0x1,0x19,0x85,0x0,0x3,0x4d,0x94,0x0,0x0,0x7e,0xf,0x0,0x3,0x4d,0x94,
  0x0,0x1,0x19,0xeb,0x0,0x4,0x8c,0xaf,0x0,0x0,0xa8,0x64,0x0,0x4,0xa6,0x24,
  0x0,0x0,0x3d,0x93,0x0,0x4,0xa8,0x8b,0x0,0x0,0x72,0x5f,0x0,0x4,0xb6,0x45,
  0x0,0x0,0xbf,0x68,0x0,0x4,0xbb,0x4,0x0,0x0,0x41,0xc6,0x0,0x4,0xbb,0x4,
  0x0,0x0,0xa4,0xf4,0x0,0x4,0xbb,0x4,0x0,0x0,0xe0,0x98,0x0,0x4,0xd0,0x25,
  0x0,0x0,0xe3,0x69,0x0,0x4,0xd6,0x8d,0x0,0x0,0xaa,0x24,0x0,0x4,0xd6,0x8d,
  0x0,0x0,0xc0,0x57,0x0,0x4,0xd6,0x8d,0x0,0x1,0x21,0x4e,0x0,0x4,0xd6,0x8d,
  0x0,0x1,0x2b,0x17,0x0,0x4,0xd6,0x8d,0x0,0x1,0x35,0x78,0x0,0x4,0xe8,0xf4,
  0x0,0x0,0xf6,0xa1,0x0,0x4,0xec,0x30,0x0,0x0,0xe4,0x14,0x0,0x4,0xfb,0x25,
  0x0,0x0,0xc0,0xd9,0x0,0x4,0xfb,0x25,0x0,0x1,0x2b,0xa9,0x0,0x5,0x3c,0x98,
  0x0,0x0,0x4f,0xc9,0x0,0x5,0x56,0x45,0x0,0x0,0x53,0x0,0x0,0x5,0x56,0x45,
  0x0,0x0,0x75,0xb5,0x0,0x5,0x56,0x45,0x0,0x0,0x88,0x85,0x0,0x5,0x8c,0x4,
  0x0,0x0,0xea,0xce,0x0,0x5,0x98,0xc5,0x0,0x0,0x59,0x2a,0x0,0x5,0x98,0xc5,
  0x0,0x1,0x8,0xf7,0x0,0x5,0xab,0x60,0x0,0x1,0x25,0x0,0x0,0x5,0xab,0x60,
  0x0,0x1,0x2e,0x63,0x0,0x5,0xab,0x60,0x0,0x1,0x37,0x5c,0x0,0x5,0xd8,0x8d,
  0x0,0x0,0x68,0x62,0x0,0x6,0x88,0xb1,0x0,0x1,0x27,0xa4,0x0,0x7,0x9b,0xb4,
  0x0,0x1,0x17,0x42,0x0,0x7,0x9b,0xb4,0x0,0x1,0x28,0x14,0x0,0x7,0x9b,0xb4,
  0x0,0x1,0x39,0xaf,0x0,0x7,0xac,0xf4,0x0,0x0,0xf4,0x8b,0x0,0x7,0xc0,0x65,
  0x0,0x1,0x3a,0x5c,0x0,0xb,0x8d,0x58,0x0,0x0,0xd6,0x2,0x0,0x18,0xd4,0xb4,
  0x0,0x0,0xea,0x19,0x0,0x1b,0xa4,0xa2,0x0,0x1,0x2b,0xda,0x0,0x24,0x4d,0x1e,
  0x0,0x1,0x15,0x87,0x0,0x28,0x8a,0x82,0x0,0x0,0x7b,0x57,0x0,0x2b,0x98,0xc5,
  0x0,0x1,0x6,0x36,0x0,0x2e,0xaf,0x14,0x0,0x0,0x97,0x3f,0x0,0x34,0x33,0x30,
  0x0,0x1,0x19,0x41,0x0,0x34,0xd5,0x86,0x0,0x0,0x7d,0xc5,0x0,0x34,0xd5,0x86,
  0x0,0x1,0x19,0xa7,0x0,0x34,0xdb,0x46,0x0,0x0,0x7d,0x56,0x0,0x35,0xee,0x8e,
  0x0,0x1,0x1e,0x94,0x0,0x36,0x9b,0x62,0x0,0x0,0x7e,0x86,0x0,0x39,0xbb,0x94,
  0x0,0x0,0x7e,0xfe,0x0,0x3c,0x4e,0xba,0x0,0x0,0xff,0x5c,0x0,0x3c,0x87,0xe4,
  0x0,0x0,0x18,0x5,0x0,0x3e,0x80,0x6e,0x0,0x0,0xa2,0xe1,0x0,0x43,0x80,0xf5,
  0x0,0x0,0xf5,0x35,0x0,0x43,0x82,0xf5,0x0,0x0,0x93,0xf3,0x0,0x47,0x14,0x42,
  0x0,0x0,0xd1,0x2e,0x0,0x47,0x96,0x94,0x0,0x0,0x7f,0x24,0x0,0x47,0x96,0x94,
  0x0,0x1,0x6,0xae,0x0,0x47,0x96,0xc4,0x0,0x0,0x0,0x0,0x0,0x47,0x96,0xc4,
  0x0,0x0,0xda,0xcc,0x0,0x48,0x8,0x73,0x0,0x0,0x14,0x2f,0x0,0x48,0x36,0xca,
  0x0,0x0,0xaa,0x46,0x0,0x48,0x36,0xf2,0x0,0x0,0xdc,0x6,0x0,0x48,0x36,0xf3,
  0x0,0x0,0xdc,0x2a,0x0,0x48,0x36,0xf4,0x0,0x0,0xdc,0x4e,0x0,0x48,0x36,0xf5,
  0x0,0x0,0xdc,0x72,0x0,0x48,0x36,0xf8,0x0,0x0,0xdc,0x96,0x0,0x48,0x36,0xff,
  0x0,0x0,0xdc,0xba,0x0,0x48,0x37,0x2,0x0,0x0,0xdc,0xde,0x0,0x48,0x37,0x3,
  0x0,0x0,0xdd,0x2,0x0,0x48,0x37,0x4,0x0,0x0,0xdd,0x26,0x0,0x48,0x37,0x7,
  0x0,0x0,0xdd,0x4a,0x0,0x48,0x37,0x9,0x0,0x0,0xdd,0x6e,0x0,0x48,0x77,0x39,
  0x0,0x1,0x6,0xe4,0x0,0x48,0xb7,0x98,0x0,0x0,0x1,0xc7,0x0,0x49,0x27,0x9b,
  0x0,0x0,0x80,0x97,0x0,0x4a,0x36,0x95,0x0,0x1,0x7,0x57,0x0,0x4a,0xc7,0xa8,
  0x0,0x0,0x40,0x79,0x0,0x4a,0xc7,0xa8,0x0,0x0,0xcf,0x4c,0x0,0x4d,0xc5,0xa5,
  0x0,0x0,0xf6,0x7a,0x0,0x4e,0x96,0xc5,0x0,0x0,0xa,0x67,0x0,0x4f,0xe3,0x5f,
  0x0,0x0,0x97,0x84,0x0,0x4f,0xe3,0x5f,0x0,0x0,0xf6,0xc9,0x0,0x50,0x4f,0x4a,
  0x0,0x1,0xb,0x66,0x0,0x51,0x52,0x81,0x0,0x0,0x4f,0xfb,0x0,0x52,0x8f,0xc2,
  0x0,0x0,0xe5,0xfa,0x0,0x52,0xf8,0xa9,0x0,0x0,0xba,0x70,0x0,0x53,0x5d,0x75,
  0x0,0x0,0x44,0x74,0x0,0x55,0x9b,0x7e,0x0,0x0,0xf,0x81,0x0,0x56,0xae,0xc2,
  0x0,0x0,0x54,0x66,0x0,0x57,0x6f,0x54,0x0,0x0,0xd5,0x2e,0x0,0x58,0xc9,0xc4,
  0x0,0x1,0x8,0x64,0x0,0x59,0xc,0xc2,0x0,0x0,0x11,0x33,0x0,0x59,0xbb,0x7a,
  0x0,0x0,0xc6,0x3e,0x0,0x59,0xbb,0xb3,0x0,0x0,0xef,0x64,0x0,0x5a,0x68,0xde,
  0x0,0x0,0x9e,0xfc,0x0,0x5a,0x68,0xde,0x0,0x0,0xf9,0x77,0x0,0x5a,0x7f,0xd1,
  0x0,0x0,0x17,0x66,0x0,0x5a,0xd8,0x40,0x0,0x0,0x17,0x4,0x0,0x66,0x5,0x4,
  0x0,0x0,0x1,0xf2,0x0,0x6a,0x6c,0x54,0x0,0x1,0x38,0xd9,0x0,0x6c,0xa7,0xf3,
  0x0,0x0,0x66,0xf5,0x0,0x76,0xfc,0xd5,0x0,0x0,0x1a,0xfd,0x0,0x79,0xbb,0x7a,
  0x0,0x0,0xf4,0x5d,0x0,0x7e,0xd2,0x6b,0x0,0x0,0x9e,0x9a,0x0,0x7e,0xd2,0x6b,
  0x0,0x0,0xf8,0xfe,0x0,0x80,0x45,0x4a,0x0,0x0,0xcb,0xfa,0x0,0x82,0x65,0xf3,
  0x0,0x0,0x93,0xab,0x0,0x84,0xa5,0x20,0x0,0x0,0xd2,0x86,0x0,0x8a,0x97,0xa,
  0x0,0x0,0x3b,0x17,0x0,0x8a,0x97,0xa,0x0,0x1,0x1f,0x48,0x0,0x8b,0x11,0x63,
  0x0,0x0,0x68,0x92,0x0,0x90,0xb0,0x49,0x0,0x0,0xd6,0x94,0x0,0x9a,0x4c,0xca,
  0x0,0x0,0x74,0xa5,0x0,0x9c,0x74,0x2a,0x0,0x0,0x47,0x1e,0x0,0xa5,0x5b,0xb3,
  0x0,0x1,0x8,0xa4,0x0,0xaa,0x1c,0x5a,0x0,0x0,0xcf,0x7b,0x0,0xaa,0x3f,0x19,
  0x0,0x0,0x48,0x7c,0x0,0xaa,0x82,0x25,0x0,0x1,0x2f,0x71,0x0,0xaa,0x82,0x25,
  0x0,0x1,0x39,0x43,0x0,0xae,0xfa,0x22,0x0,0x0,0x67,0xcf,0x0,0xc7,0x11,0x1e,
  0x0,0x0,0x56,0xa3,0x0,0xd7,0x12,0xe3,0x0,0x0,0x13,0xe7,0x0,0xdc,0xe5,0xae,
  0x0,0x1,0x1b,0x3d,0x0,0xe5,0x28,0x7a,0x0,0x0,0x70,0x5c,0x1,0x1,0x53,0x49,
  0x0,0x0,0x28,0xed,0x1,0x1,0x53,0x49,0x0,0x0,0xda,0x7b,0x1,0x12,0x46,0xd3,
  0x0,0x0,0xf,0x40,0x1,0x39,0xc3,0xaa,0x0,0x1,0x24,0x23,0x1,0x3c,0xc8,0x53,
  0x0,0x0,0xf9,0x37,0x1,0x3e,0x9b,0xee,0x0,0x0,0xe6,0x28,0x1,0x42,0x73,0x3,
  0x0,0x0,0x54,0xf9,0x1,0x50,0xbc,0xc4,0x0,0x0,0xc2,0xde,0x1,0x5a,0x82,0xde,
  0x0,0x1,0xf,0x7a,0x1,0x63,0xb4,0x93,0x0,0x0,0xe8,0x21,0x1,0x65,0x5e,0x4a,
  0x0,0x0,0x1d,0x17,0x1,0x65,0xf4,0x9e,0x0,0x0,0xf3,0x6d,0x1,0x6c,0x34,0x68,
  0x0,0x0,0x50,0x24,0x1,0x75,0xfb,0xd3,0x0,0x0,0x9,0x74,0x1,0x7b,0x25,0xee,
  0x0,0x0,0xe3,0xd9,0x1,0x80,0xfb,0x3e,0x0,0x1,0xc,0xbc,0x1,0x89,0x86,0xee,
  0x0,0x0,0xe3,0x96,0x1,0x8a,0x34,0xe5,0x0,0x0,0xd,0x81,0x1,0x9c,0xbb,0x69,
  0x0,0x0,0xf0,0xfb,0x1,0x9e,0x80,0x64,0x0,0x0,0xc8,0xd5,0x1,0xb4,0x4a,0x3,
  0x0,0x0,0x6,0x77,0x1,0xcb,0x3,0x74,0x0,0x0,0x82,0x99,0x1,0xcb,0x3,0x74,
  0x0,0x1,0x1f,0xab,0x1,0xcb,0x3,0x74,0x0,0x1,0x29,0x4d,0x1,0xcb,0x3,0x74,
  0x0,0x1,0x34,0x3e,0x1,0xd0,0x3b,0x33,0x0,0x0,0xfb,0x3d,0x1,0xd0,0x50,0xc3,
  0x0,0x0,0xe8,0x6a,0x1,0xd3,0xf6,0x59,0x0,0x0,0x67,0x5a,0x1,0xd3,0xf6,0x59,
  0x0,0x0,0x8d,0xa3,0x1,0xd3,0xf6,0x59,0x0,0x0,0xb4,0xb9,0x1,0xd3,0xf6,0x59,
  0x0,0x1,0x27,0x35,0x1,0xd3,0xf6,0x59,0x0,0x1,0x38,0x66,0x1,0xdb,0xf,0x59,
  0x0,0x0,0x4e,0x69,0x1,0xdb,0xf,0x59,0x0,0x0,0x87,0xde,0x1,0xdb,0xf,0x59,
  0x0,0x0,0xaa,0xf2,0x1,0xdb,0xf,0x59,0x0,0x1,0x22,0xee,0x1,0xdb,0xf,0x59,
  0x0,0x1,0x36,0x5e,0x1,0xdc,0xeb,0x52,0x0,0x0,0xff,0xa4,0x1,0xe0,0x1f,0x79,
  0x0,0x0,0xf4,0xb6,0x1,0xe2,0x1f,0x79,0x0,0x0,0x92,0x77,0x1,0xea,0x60,0x83,
  0x0,0x0,0xba,0x14,0x1,0xec,0xba,0xca,0x0,0x0,0xd0,0x8,0x1,0xf1,0x5c,0xae,
  0x0,0x0,0x60,0x9c,0x1,0xf6,0x4b,0xde,0x0,0x0,0x52,0x15,0x2,0x7,0x76,0x8a,
  0x0,0x0,0x75,0x69,0x2,0x14,0x3b,0x73,0x0,0x0,0x17,0x2d,0x2,0x14,0x70,0x84,
  0x0,0x0,0xf4,0xf4,0x2,0x14,0x70,0xa4,0x0,0x0,0x92,0xb6,0x2,0x19,0x5e,0x53,
  0x0,0x0,0x1a,0xac,0x2,0x19,0x6c,0xa3,0x0,0x0,0x6,0xf8,0x2,0x20,0xfa,0x5e,
  0x0,0x0,0x65,0x80,0x2,0x23,0x0,0x46,0x0,0x0,0x24,0x5b,0x2,0x23,0x20,0x46,
  0x0,0x0,0x24,0x85,0x2,0x25,0x7e,0x35,0x0,0x0,0xb,0x54,0x2,0x2b,0x79,0x13,
  0x0,0x0,0xd2,0xe0,0x2,0x31,0x1,0xf8,0x0,0x0,0xc6,0x73,0x2,0x3b,0x18,0xe1,
  0x0,0x0,0x9,0x2c,0x2,0x42,0x3d,0xd4,0x0,0x0,0x5d,0x5b,0x2,0x43,0x61,0x7d,
  0x0,0x0,0x5d,0xff,0x2,0x43,0x85,0x68,0x0,0x0,0x5d,0xad,0x2,0x4c,0x32,0xee,
  0x0,0x1,0x1d,0xee,0x2,0x4c,0x32,0xee,0x0,0x1,0x31,0xea,0x2,0x4c,0x38,0xee,
  0x0,0x1,0x1d,0x8,0x2,0x4c,0x38,0xee,0x0,0x1,0x30,0xfc,0x2,0x4c,0x3d,0xee,
  0x0,0x1,0x1c,0x95,0x2,0x4c,0x3d,0xee,0x0,0x1,0x30,0x85,0x2,0x4c,0x3f,0xee,
  0x0,0x1,0x1d,0x7b,0x2,0x4c,0x3f,0xee,0x0,0x1,0x31,0x73,0x2,0x51,0x30,0xbe,
  0x0,0x0,0x4,0xdc,0x2,0x52,0xcd,0x13,0x0,0x0,0xb,0x93,0x2,0x53,0x10,0xf5,
  0x0,0x0,0x38,0x75,0x2,0x5c,0xb3,0x79,0x0,0x0,0xb3,0x9f,0x2,0x5c,0xb3,0x79,
  0x0,0x0,0xc7,0x1a,0x2,0x7d,0xba,0x4a,0x0,0x0,0x5f,0x6d,0x2,0x81,0xe,0x2a,
  0x0,0x0,0x83,0x1d,0x2,0xa6,0x54,0xfe,0x0,0x0,0xf1,0xfd,0x2,0xbb,0x2,0x4c,
  0x0,0x0,0xca,0x1d,0x2,0xbd,0xf2,0xa5,0x0,0x0,0x96,0x79,0x2,0xc8,0x8a,0x74,
  0x0,0x0,0x1e,0xe4,0x2,0xc8,0x94,0x13,0x0,0x0,0x43,0x2b,0x2,0xcd,0xf3,0xb5,
  0x0,0x0,0x55,0xc1,0x2,0xd2,0xfb,0x83,0x0,0x0,0xec,0x14,0x2,0xd3,0x7,0x43,
  0x0,0x0,0x3,0x71,0x2,0xe1,0x47,0x83,0x0,0x0,0xbe,0x5f,0x2,0xe2,0x7f,0xa3,
  0x0,0x0,0x5,0x7b,0x2,0xe8,0xf4,0x73,0x0,0x0,0xea,0xff,0x2,0xe9,0x5f,0x9a,
  0x0,0x1,0x22,0x28,0x2,0xe9,0xca,0x63,0x0,0x0,0x1b,0x92,0x2,0xf4,0x81,0x43,
  0x0,0x0,0x1a,0x18,0x2,0xfe,0xfd,0x53,0x0,0x0,0x5,0xb7,0x3,0x2,0x5f,0xb3,
  0x0,0x0,0x36,0x6f,0x3,0x8,0x4,0x54,0x0,0x0,0xdd,0x92,0x3,0x9,0x21,0xfa,
  0x0,0x0,0x3a,0x67,0x3,0x9,0x21,0xfa,0x0,0x0,0xcd,0x4,0x3,0xe,0x17,0xa1,
  0x0,0x0,0x1a,0x5f,0x3,0x14,0x9e,0xe3,0x0,0x0,0x17,0x8f,0x3,0x1d,0x3b,0xa1,
  0x0,0x0,0x12,0x13,0x3,0x28,0xb1,0x39,0x0,0x0,0x1d,0x5f,0x3,0x30,0xd8,0xde,
  0x0,0x0,0xe1,0x30,0x3,0x44,0xbc,0x64,0x0,0x1,0x27,0xd4,0x3,0x4d,0x27,0xb2,
  0x0,0x0,0xe4,0xf1,0x3,0x4d,0xb3,0x92,0x0,0x0,0x4c,0xf0,0x3,0x4d,0xb3,0x92,
  0x0,0x0,0x97,0xf2,0x3,0x51,0x6b,0x93,0x0,0x0,0xa,0xd8,0x3,0x5b,0x83,0x5a,
  0x0,0x1,0x2d,0x2c,0x3,0x62,0x2c,0x13,0x0,0x0,0x15,0x15,0x3,0x62,0x88,0xd5,
  0x0,0x0,0x7c,0x5f,0x3,0x62,0x8d,0xae,0x0,0x0,0xeb,0x9f,0x3,0x66,0x4b,0xa7,
  0x0,0x0,0x7c,0xe,0x3,0x69,0x46,0xce,0x0,0x0,0xb,0xd5,0x3,0x70,0x9,0x4e,
  0x0,0x0,0x5,0xe,0x3,0x7d,0xc8,0x45,0x0,0x0,0x4c,0x56,0x3,0x87,0xcc,0x7e,
  0x0,0x1,0x14,0x24,0x3,0x8e,0xa,0xd3,0x0,0x0,0x3a,0x13,0x3,0x8f,0x4,0xed,
  0x0,0x0,0x50,0x8e,0x3,0x94,0x18,0xba,0x0,0x1,0x2d,0xc0,0x3,0x9a,0x5d,0xaa,
  0x0,0x0,0x71,0xa4,0x3,0xa7,0xe8,0xde,0x0,0x1,0x12,0xcc,0x3,0xa8,0xb9,0x83,
  0x0,0x0,0x1b,0x5a,0x3,0xa8,0xee,0xb3,0x0,0x0,0xe5,0xb9,0x3,0xb7,0x14,0x25,
  0x0,0x0,0xf4,0x19,0x3,0xca,0x82,0xe9,0x0,0x1,0x18,0x2d,0x3,0xcc,0x78,0x83,
  0x0,0x0,0xd0,0x63,0x3,0xe2,0xe1,0xf8,0x0,0x0,0xbe,0xf,0x3,0xeb,0xdf,0x9a,
  0x0,0x0,0x58,0xdf,0x4,0x0,0x63,0x83,0x0,0x0,0x18,0x4c,0x4,0x5,0x4,0xed,
  0x0,0x0,0x50,0xc7,0x4,0xf,0x7f,0x25,0x0,0x0,0xa4,0x68,0x4,0x11,0xfe,0x79,
  0x0,0x0,0x8a,0xfb,0x4,0x23,0x47,0x8a,0x0,0x0,0x88,0xb4,0x4,0x25,0x76,0x10,
  0x0,0x0,0x21,0x21,0x4,0x29,0x90,0x1e,0x0,0x0,0x77,0x44,0x4,0x2e,0x3c,0x33,
  0x0,0x0,0x20,0x77,0x4,0x33,0xb6,0x6a,0x0,0x0,0xab,0x95,0x4,0x35,0x2d,0x9e,
  0x0,0x1,0x25,0xc2,0x4,0x3b,0xfe,0x82,0x0,0x1,0x2,0x6d,0x4,0x49,0x8a,0xca,
  0x0,0x0,0x94,0xdc,0x4,0x4b,0x83,0x2,0x0,0x0,0xd2,0x43,0x4,0x4c,0xb5,0x44,
  0x0,0x1,0x16,0xf9,0x4,0x5b,0x67,0x74,0x0,0x0,0x48,0x26,0x4,0x5d,0xd8,0xca,
  0x0,0x0,0x72,0xe,0x4,0x5e,0x23,0x28,0x0,0x0,0xe6,0xd6,0x4,0x5f,0xb4,0x68,
  0x0,0x0,0x7d,0x2e,0x4,0x61,0x72,0xe5,0x0,0x0,0x98,0xc0,0x4,0x61,0xdc,0xb3,
  0x0,0x0,0xb5,0x28,0x4,0x62,0xa1,0x8e,0x0,0x0,0xe0,0x43,0x4,0x64,0xa4,0x79,
  0x0,0x0,0xf5,0xfb,0x4,0x66,0xa4,0x79,0x0,0x0,0x96,0xc0,0x4,0x67,0x9b,0xc0,
  0x0,0x0,0x43,0x8a,0x4,0x70,0xa5,0x5,0x0,0x0,0xf6,0xee,0x4,0x82,0x7c,0x2,
  0x0,0x0,0x8,0x38,0x4,0x8e,0x8,0xce,0x0,0x0,0x10,0x91,0x4,0x8e,0x6f,0x9e,
  0x0,0x0,0x6a,0x8f,0x4,0x8f,0xc8,0xe3,0x0,0x0,0x7,0xf4,0x4,0x90,0x63,0x8a,
  0x0,0x0,0x3a,0xaf,0x4,0x90,0x63,0x8a,0x0,0x1,0x1f,0x1a,0x4,0x90,0x63,0xc3,
  0x0,0x0,0x23,0xe2,0x4,0x90,0x63,0xc3,0x0,0x0,0x3a,0xe3,0x4,0x90,0x63,0xc3,
  0x0,0x0,0xde,0x5c,0x4,0x98,0x49,0xbc,0x0,0x1,0x7,0x1c,0x4,0x98,0x73,0x2a,
  0x0,0x0,0x8c,0x1,0x4,0x9c,0x4,0x74,0x0,0x0,0x3,0x34,0x4,0xa2,0x63,0x34,
  0x0,0x0,0xfc,0x22,0x4,0xab,0x8e,0xf7,0x0,0x0,0xdf,0x21,0x4,0xab,0x8e,0xff,
  0x0,0x0,0xdf,0x52,0x4,0xab,0x8f,0x3,0x0,0x0,0xdf,0x83,0x4,0xac,0x2c,0xa5,
  0x0,0x0,0xfd,0xfd,0x4,0xac,0x9c,0x94,0x0,0x0,0x5,0x51,0x4,0xac,0xeb,0xbe,
  0x0,0x0,0x7,0xb0,0x4,0xad,0x60,0x52,0x0,0x0,0x1c,0x73,0x4,0xae,0xc,0xa4,
  0x0,0x0,0x10,0xfc,0x4,0xb3,0xe2,0x24,0x0,0x0,0xf8,0x19,0x4,0xb3,0xe2,0xc4,
  0x0,0x0,0x9b,0x94,0x4,0xbc,0x88,0x94,0x0,0x0,0x80,0x46,0x4,0xc4,0x79,0x25,
  0x0,0x0,0xa5,0x88,0x4,0xc9,0x96,0x93,0x0,0x0,0x43,0xfb,0x4,0xc9,0xb3,0xd4,
  0x0,0x0,0xf7,0x31,0x4,0xcc,0x8c,0xce,0x0,0x0,0x3b,0x80,0x4,0xcc,0xe0,0xca,
  0x0,0x0,0x3e,0x80,0x4,0xcf,0x76,0x94,0x0,0x0,0x72,0xea,0x4,0xcf,0x76,0x94,
  0x0,0x0,0x82,0xe0,0x4,0xd0,0x1,0x1a,0x0,0x0,0x3f,0x3a,0x4,0xd0,0x80,0xb9,
  0x0,0x0,0x25,0x9e,0x4,0xd0,0x82,0xb9,0x0,0x0,0x26,0xd2,0x4,0xd6,0x8c,0xa4,
  0x0,0x0,0x7,0x88,0x4,0xe5,0x21,0x7a,0x0,0x0,0x70,0xba,0x4,0xe6,0x77,0xde,
  0x0,0x0,0x4,0x44,0x4,0xeb,0x2f,0xa,0x0,0x0,0x73,0xe8,0x4,0xf4,0x36,0xfe,
  0x0,0x0,0x22,0x28,0x4,0xf5,0xa6,0x9,0x0,0x0,0xcc,0x67,0x4,0xf8,0x6a,0xde,
  0x0,0x0,0x2c,0x2d,0x4,0xf8,0x8d,0x3,0x0,0x1,0x34,0x86,0x4,0xfe,0x56,0x85,
  0x0,0x1,0x7,0xcd,0x5,0x1,0x1d,0x5e,0x0,0x0,0xc5,0xb5,0x5,0x1,0x66,0xea,
  0x0,0x0,0x46,0xc6,0x5,0x2,0xda,0x2,0x0,0x0,0xa9,0x73,0x5,0x7,0x8b,0xb9,
  0x0,0x0,0x45,0x5a,0x5,0x11,0x3a,0xea,0x0,0x0,0x74,0x55,0x5,0x12,0x37,0xe5,
  0x0,0x0,0x68,0xd7,0x5,0x15,0x34,0x38,0x0,0x0,0xfe,0xf2,0x5,0x1c,0x4e,0x25,
  0x0,0x0,0xb,0x22,0x5,0x20,0x7a,0x89,0x0,0x0,0x4f,0x2a,0x5,0x23,0xf,0xd3,
  0x0,0x0,0xd5,0x9e,0x5,0x27,0x8b,0xfa,0x0,0x0,0x4c,0xac,0x5,0x35,0x2e,0x6a,
  0x0,0x0,0x1c,0xca,0x5,0x35,0x98,0xa5,0x0,0x1,0x22,0xb2,0x5,0x38,0x5b,0x7c,
  0x0,0x0,0xab,0x63,0x5,0x3b,0x7b,0x67,0x0,0x0,0xc,0x9d,0x5,0x3b,0x9a,0x9e,
  0x0,0x0,0x23,0x2e,0x5,0x47,0x30,0x1,0x0,0x0,0xd1,0x71,0x5,0x4b,0x51,0x7a,
  0x0,0x0,0x49,0x20,0x5,0x4c,0xae,0xc2,0x0,0x0,0x88,0x52,0x5,0x4c,0xae,0xc2,
  0x0,0x0,0xe9,0x5,0x5,0x4c,0xae,0xc2,0x0,0x1,0x23,0xbc,0x5,0x4d,0x8b,0xea,
  0x0,0x0,0xb1,0x31,0x5,0x4d,0xd1,0xc9,0x0,0x0,0x7b,0xb,0x5,0x54,0xc6,0x1e,
  0x0,0x1,0xb,0xd0,0x5,0x55,0x50,0x1e,0x0,0x0,0x84,0xc9,0x5,0x6c,0xa4,0x13,
  0x0,0x0,0x8,0xcc,0x5,0x72,0x80,0x53,0x0,0x0,0x10,0xd2,0x5,0x77,0x85,0xa6,
  0x0,0x0,0xd4,0xbb,0x5,0x79,0x17,0x6e,0x0,0x0,0x5c,0xa6,0x5,0x7d,0x30,0xe3,
  0x0,0x0,0x60,0x3a,0x5,0x7d,0x30,0xe3,0x0,0x0,0xa0,0x2a,0x5,0x7d,0x85,0x54,
  0x0,0x0,0xff,0x19,0x5,0x81,0xa1,0xda,0x0,0x0,0x6a,0x1e,0x5,0x81,0xce,0x4e,
  0x0,0x0,0xdb,0x8b,0x5,0x87,0x39,0x45,0x0,0x0,0x9b,0x3f,0x5,0x89,0x56,0x43,
  0x0,0x0,0x17,0xc8,0x5,0x8a,0x9d,0xb5,0x0,0x0,0xe,0xbf,0x5,0x8c,0x46,0xc5,
  0x0,0x0,0x21,0xeb,0x5,0x8c,0x46,0xc5,0x0,0x0,0xa6,0x5e,0x5,0x8d,0xb5,0xb6,
  0x0,0x0,0x7e,0x5e,0x5,0x8f,0x1a,0x83,0x0,0x1,0x0,0x8,0x5,0x93,0xd6,0x2e,
  0x0,0x0,0xec,0xc0,0x5,0x98,0xab,0x6e,0x0,0x0,0x4d,0xcb,0x5,0x98,0xb7,0x30,
  0x0,0x0,0xf3,0x1,0x5,0x98,0xf8,0x30,0x0,0x0,0xeb,0x5a,0x5,0x99,0x82,0x8a,
  0x0,0x0,0xca,0xf1,0x5,0x9b,0x84,0xa3,0x0,0x0,0x53,0x32,0x5,0x9b,0x88,0x98,
  0x0,0x0,0x77,0xbc,0x5,0x9b,0x88,0x98,0x0,0x0,0xed,0x16,0x5,0x9b,0x89,0x13,
  0x0,0x0,0x58,0x1a,0x5,0x9c,0xf,0x5e,0x0,0x1,0x3,0x1f,0x5,0xa2,0x18,0xb3,
  0x0,0x0,0xa,0x96,0x5,0xa8,0x99,0x65,0x0,0x0,0x0,0xa0,0x5,0xb0,0x11,0xef,
  0x0,0x0,0x82,0x1a,0x5,0xb0,0xaa,0xbd,0x0,0x0,0x78,0xf9,0x5,0xb5,0xde,0x25,
  0x0,0x0,0xa7,0x6c,0x5,0xb8,0xc0,0x3a,0x0,0x0,0x85,0x41,0x5,0xba,0xaa,0x9,
  0x0,0x1,0x25,0x2a,0x5,0xba,0xaa,0x9,0x0,0x1,0x2e,0x90,0x5,0xba,0xaa,0x9,
  0x0,0x1,0x37,0xca,0x5,0xbb,0x77,0x64,0x0,0x0,0x7d,0x4,0x5,0xcd,0x78,0x83,
  0x0,0x0,0xb5,0xc9,0x5,0xdf,0x0,0x12,0x0,0x0,0x79,0x89,0x5,0xe2,0xa2,0xb3,
  0x0,0x0,0xcb,0xb7,0x5,0xe4,0x7e,0x13,0x0,0x0,0x6b,0x69,0x5,0xec,0xc8,0xf4,
  0x0,0x0,0x42,0x63,0x5,0xf6,0x4f,0x90,0x0,0x0,0x92,0xfa,0x6,0x5,0x64,0xad,
  0x0,0x0,0xb8,0x1f,0x6,0x1a,0x4e,0x9e,0x0,0x0,0xe8,0xb3,0x6,0x1e,0x8d,0xee,
  0x0,0x1,0x9,0x5a,0x6,0x20,0x16,0x5e,0x0,0x1,0x1a,0xd,0x6,0x22,0x61,0x21,
  0x0,0x0,0x8,0x7c,0x6,0x25,0x64,0xad,0x0,0x0,0xb9,0x69,0x6,0x29,0x8,0x33,
  0x0,0x0,0x2,0x2c,0x6,0x34,0x9,0x9e,0x0,0x0,0x87,0x8a,0x6,0x3c,0xaf,0xae,
  0x0,0x0,0x83,0x73,0x6,0x43,0x5a,0x64,0x0,0x0,0xbf,0x16,0x6,0x48,0x5f,0xb4,
  0x0,0x0,0x9f,0x78,0x6,0x48,0x5f,0xb4,0x0,0x0,0xf9,0xa8,0x6,0x51,0x3d,0x5e,
  0x0,0x0,0x2,0xb8,0x6,0x57,0x6e,0xc3,0x0,0x1,0x2c,0xb8,0x6,0x5b,0x68,0x33,
  0x0,0x0,0x82,0x5a,0x6,0x5f,0x50,0xd4,0x0,0x0,0xf3,0xa7,0x6,0x70,0xa5,0x5,
  0x0,0x0,0x97,0xac,0x6,0x75,0x94,0xf1,0x0,0x0,0xa2,0x39,0x6,0x7b,0x7f,0x9a,
  0x0,0x0,0xfd,0x65,0x6,0x8d,0x3a,0x43,0x0,0x0,0x75,0x2d,0x6,0x94,0x6d,0xb3,
  0x0,0x0,0xfa,0x44,0x6,0x94,0x6f,0xb3,0x0,0x0,0xa0,0xbb,0x6,0x96,0xb3,0xc0,
  0x0,0x0,0x24,0x16,0x6,0xa2,0x68,0x19,0x0,0x0,0xa3,0xc5,0x6,0xa8,0x4f,0x35,
  0x0,0x0,0x37,0x5b,0x6,0xac,0x2,0xfe,0x0,0x0,0xa8,0xc9,0x6,0xb9,0x76,0x83,
  0x0,0x0,0x49,0x97,0x6,0xc2,0xec,0x6c,0x0,0x0,0xa7,0x27,0x6,0xc7,0x3a,0xd9,
  0x0,0x0,0xa5,0xc5,0x6,0xd5,0xe3,0x5a,0x0,0x0,0xfc,0x58,0x6,0xeb,0x1a,0xc4,
  0x0,0x0,0xe9,0x36,0x7,0x3,0x60,0xc5,0x0,0x0,0x15,0xfd,0x7,0x6,0xf1,0xd2,
  0x0,0x0,0x1f,0xd2,0x7,0x6,0xf1,0xd2,0x0,0x1,0x20,0xb0,0x7,0x6,0xf1,0xd2,
  0x0,0x1,0x2a,0x76,0x7,0x6,0xf1,0xd2,0x0,0x1,0x35,0x32,0x7,0xd,0xac,0x23,
  0x0,0x0,0x51,0xb6,0x7,0x10,0x93,0x3a,0x0,0x1,0x2c,0x61,0x7,0x1a,0x83,0x49,
  0x0,0x0,0x9d,0x27,0x7,0x1a,0x86,0x49,0x0,0x0,0x9d,0x84,0x7,0x2a,0x65,0x54,
  0x0,0x0,0x5e,0xa0,0x7,0x33,0x73,0x13,0x0,0x0,0x5,0xf1,0x7,0x33,0xcc,0x7b,
  0x0,0x0,0x9e,0xd6,0x7,0x48,0x57,0xfe,0x0,0x1,0x0,0x5c,0x7,0x60,0xc9,0x4e,
  0x0,0x0,0x44,0x31,0x7,0x69,0x3d,0xfe,0x0,0x0,0x1f,0x88,0x7,0x69,0x3d,0xfe,
  0x0,0x1,0x20,0x77,0x7,0x69,0x3d,0xfe,0x0,0x1,0x2a,0x3a,0x7,0x69,0x3d,0xfe,
  0x0,0x1,0x34,0xf5,0x7,0x69,0x41,0x4e,0x0,0x0,0x20,0xd7,0x7,0x6d,0xd9,0xce,
  0x0,0x0,0x22,0xdf,0x7,0x6d,0xd9,0xce,0x0,0x0,0x59,0x64,0x7,0x72,0x42,0x95,
  0x0,0x0,0xd3,0xef,0x7,0x75,0xf4,0x2d,0x0,0x0,0xb8,0x51,0x7,0x79,0x66,0x16,
  0x0,0x0,0x98,0x50,0x7,0x7b,0x80,0x30,0x0,0x0,0x71,0x18,0x7,0x82,0xdd,0xc3,
  0x0,0x0,0x75,0xe4,0x7,0x87,0xb0,0xc3,0x0,0x1,0x39,0x7b,0x7,0x88,0x4b,0x5d,
  0x0,0x0,0xf3,0xe4,0x7,0x91,0x10,0x9e,0x0,0x0,0xe1,0x8c,0x7,0x98,0x73,0x98,
  0x0,0x0,0x95,0x5c,0x7,0x98,0x74,0x68,0x0,0x0,0x95,0xaa,0x7,0xa6,0x5b,0xfd,
  0x0,0x0,0x6c,0xa3,0x7,0xaf,0x4b,0x3a,0x0,0x0,0x73,0x1d,0x7,0xb2,0x80,0x33,
  0x0,0x0,0x0,0x6a,0x7,0xb2,0xcb,0x3e,0x0,0x0,0x21,0x7c,0x7,0xb6,0x23,0x46,
  0x0,0x1,0x17,0x71,0x7,0xb6,0x5c,0x33,0x0,0x0,0xfe,0x81,0x7,0xc1,0xbc,0x50,
  0x0,0x0,0x1f,0x2b,0x7,0xd2,0x5e,0x64,0x0,0x0,0xec,0x6a,0x7,0xd6,0xe4,0x8a,
  0x0,0x0,0x73,0x5c,0x7,0xdf,0xb7,0xaa,0x0,0x0,0x4a,0x3d,0x7,0xf7,0xdf,0x34,
  0x0,0x0,0x92,0x41,0x7,0xfa,0x57,0x4e,0x0,0x1,0x11,0x17,0x7,0xfb,0x1e,0xce,
  0x0,0x0,0x63,0x28,0x7,0xfb,0x66,0x48,0x0,0x0,0x7e,0x34,0x8,0x0,0xc2,0x4e,
  0x0,0x0,0xf7,0xe3,0x8,0x1,0xad,0x93,0x0,0x0,0x36,0x18,0x8,0x2,0xc2,0x4e,
  0x0,0x0,0x9b,0x6,0x8,0xc,0x56,0x6e,0x0,0x0,0xc2,0x4b,0x8,0x1b,0xd7,0x6e,
  0x0,0x1,0x10,0x4c,0x8,0x25,0xca,0xf7,0x0,0x0,0x74,0x22,0x8,0x31,0x79,0x33,
  0x0,0x0,0xd0,0xde,0x8,0x34,0xdc,0xa4,0x0,0x0,0x38,0x18,0x8,0x39,0x40,0x4,
  0x0,0x0,0xde,0xca,0x8,0x42,0x15,0x14,0x0,0x0,0xf9,0xd8,0x8,0x42,0x35,0x14,
  0x0,0x0,0x9f,0xf2,0x8,0x42,0xa9,0x4c,0x0,0x1,0x29,0x94,0x8,0x48,0x41,0x45,
  0x0,0x1,0x1e,0x61,0x8,0x48,0x41,0x45,0x0,0x1,0x28,0xc6,0x8,0x48,0x41,0x45,
  0x0,0x1,0x33,0xc,0x8,0x49,0xb8,0x72,0x0,0x0,0x7e,0xd6,0x8,0x4b,0x23,0x34,
  0x0,0x0,0x35,0xd9,0x8,0x4e,0xec,0x3,0x0,0x0,0x14,0xbe,0x8,0x5b,0x3f,0xd4,
  0x0,0x0,0x1b,0xcc,0x8,0x5c,0xa7,0xd9,0x0,0x0,0xef,0x92,0x8,0x5d,0x8,0x2a,
  0x0,0x0,0x7f,0xf2,0x8,0x61,0x10,0x53,0x0,0x0,0x16,0xb8,0x8,0x66,0x40,0x1e,
  0x0,0x0,0xa1,0x2c,0x8,0x66,0x40,0x7e,0x0,0x0,0xfa,0xaf,0x8,0x81,0x70,0xe3,
  0x0,0x1,0x32,0x61,0x8,0x82,0x10,0xf9,0x0,0x0,0x24,0xf8,0x8,0x82,0x10,0xf9,
  0x0,0x1,0x18,0xf6,0x8,0x8c,0xce,0x73,0x0,0x0,0x42,0x2,0x8,0x93,0x8a,0x84,
  0x0,0x0,0x86,0x11,0x8,0x93,0x8a,0x84,0x0,0x1,0x21,0x70,0x8,0x93,0x8a,0x84,
  0x0,0x1,0x2b,0x3c,0x8,0x93,0x8a,0x84,0x0,0x1,0x35,0x9e,0x8,0x95,0xa7,0x53,
  0x0,0x0,0xfe,0x32,0x8,0x9a,0xf,0x8b,0x0,0x0,0xa,0xe,0x8,0x9c,0x40,0xd4,
  0x0,0x0,0x39,0xdb,0x8,0x9e,0x2,0x2e,0x0,0x0,0x33,0xc4,0x8,0xa4,0x66,0x13,
  0x0,0x0,0xd7,0xf9,0x8,0xbd,0xc,0x97,0x0,0x0,0x45,0x24,0x8,0xc0,0xd3,0xba,
  0x0,0x0,0x57,0xd3,0x8,0xc5,0xce,0x13,0x0,0x0,0x6,0x3a,0x8,0xc7,0xc6,0xe9,
  0x0,0x0,0x9c,0x39,0x8,0xc7,0xc6,0xe9,0x0,0x0,0xae,0xea,0x8,0xc8,0x3f,0xd4,
  0x0,0x0,0x7c,0xd6,0x8,0xcd,0xe2,0x49,0x0,0x0,0x9c,0xd9,0x8,0xcd,0xe2,0x49,
  0x0,0x0,0xaf,0x90,0x8,0xd3,0xce,0x3,0x0,0x0,0x90,0x86,0x8,0xe8,0xba,0x19,
  0x0,0x0,0x78,0x23,0x8,0xeb,0x1e,0xf3,0x0,0x0,0x7b,0x7d,0x8,0xee,0x75,0x1e,
  0x0,0x0,0x6e,0xc0,0x8,0xf0,0x4f,0x3a,0x0,0x1,0xb,0x3e,0x8,0xf6,0x30,0x61,
  0x0,0x1,0x13,0x81,0x8,0xf9,0xcb,0xb9,0x0,0x0,0x72,0x90,0x8,0xfa,0x90,0x35,
  0x0,0x0,0xc9,0x88,0x9,0x2,0xda,0x22,0x0,0x0,0xbf,0x9e,0x9,0x3,0x97,0xe,
  0x0,0x0,0xba,0xc1,0x9,0x4,0x54,0xe9,0x0,0x0,0x28,0x29,0x9,0x4,0x54,0xe9,
  0x0,0x0,0xd9,0xed,0x9,0x9,0xda,0xa5,0x0,0x0,0x86,0xcf,0x9,0x9,0xda,0xa5,
  0x0,0x0,0xcf,0xcb,0x9,0xd,0xbd,0x93,0x0,0x0,0xc0,0x81,0x9,0xe,0xb2,0xbe,
  0x0,0x0,0x5a,0x66,0x9,0x1c,0xd1,0x63,0x0,0x0,0xda,0xf8,0x9,0x21,0xb1,0x69,
  0x0,0x0,0x27,0xaa,0x9,0x21,0xb1,0x69,0x0,0x0,0xd9,0x78,0x9,0x27,0xc9,0x5e,
  0x0,0x0,0xc3,0x6a,0x9,0x2d,0x13,0xec,0x0,0x0,0x96,0x39,0x9,0x2f,0x13,0xec,
  0x0,0x0,0xf5,0xbe,0x9,0x31,0xc8,0xea,0x0,0x0,0x7f,0x58,0x9,0x33,0xcb,0xb5,
  0x0,0x0,0xad,0xd2,0x9,0x36,0x5a,0x5e,0x0,0x0,0x8e,0x4b,0x9,0x4c,0x67,0xd3,
  0x0,0x1,0x32,0xbe,0x9,0x5f,0x4f,0xe9,0x0,0x0,0x9e,0x3a,0x9,0x5f,0xe7,0x94,
  0x0,0x0,0x19,0x3d,0x9,0x65,0xc5,0xa,0x0,0x0,0xa8,0x17,0x9,0x68,0xe3,0x3e,
  0x0,0x1,0x4,0x39,0x9,0x8a,0xb7,0x3,0x0,0x0,0xe7,0x96,0x9,0x8c,0x85,0x11,
  0x0,0x0,0x11,0x5c,0x9,0x94,0x86,0x3e,0x0,0x0,0x31,0x3f,0x9,0x9b,0xdb,0x52,
  0x0,0x0,0xe2,0xe1,0x9,0xa1,0xb0,0xe,0x0,0x0,0xc1,0xa2,0x9,0xa6,0x45,0x39,
  0x0,0x0,0xef,0x2,0x9,0xa8,0xb4,0x6d,0x0,0x0,0xa1,0x6d,0x9,0xb8,0x89,0xea,
  0x0,0x0,0xc5,0xfd,0x9,0xb9,0x7f,0xb4,0x0,0x0,0x12,0xd1,0x9,0xba,0xc6,0x35,
  0x0,0x1,0x3a,0x21,0x9,0xc0,0xfa,0xb9,0x0,0x0,0x9c,0x8e,0x9,0xc0,0xfa,0xb9,
  0x0,0x0,0xaf,0x42,0x9,0xca,0xa0,0xe,0x0,0x0,0x77,0xed,0x9,0xd0,0xa8,0x55,
  0x0,0x0,0x46,0x33,0x9,0xd0,0xa8,0x55,0x0,0x0,0x86,0x7e,0x9,0xd0,0xa8,0x55,
  0x0,0x1,0x21,0xda,0x9,0xd0,0xa8,0x55,0x0,0x1,0x36,0xc,0x9,0xd9,0xe4,0x1d,
  0x0,0x0,0xb8,0xd8,0x9,0xde,0xc5,0xf9,0x0,0x0,0xf8,0xa6,0x9,0xde,0xe5,0xd9,
  0x0,0x0,0x9d,0xe1,0x9,0xe7,0xb0,0x17,0x0,0x0,0x8b,0x55,0x9,0xe8,0xd4,0xd9,
  0x0,0x0,0xe5,0x4c,0x9,0xf6,0x92,0xd1,0x0,0x0,0xf0,0x45,0x9,0xfc,0xb4,0xa,
  0x0,0x0,0x4f,0x84,0xa,0x0,0x50,0xa4,0x0,0x0,0x7,0x4d,0xa,0x11,0xf9,0xc9,
  0x0,0x0,0x5a,0xd,0xa,0x12,0x36,0x8f,0x0,0x0,0xb0,0x26,0xa,0x12,0x36,0x8f,
  0x0,0x0,0xc5,0x3d,0xa,0x1b,0x74,0xf9,0x0,0x0,0xa3,0x31,0xa,0x28,0xa4,0x93,
  0x0,0x0,0x91,0xf0,0xa,0x30,0x38,0xe5,0x0,0x0,0x3c,0xb5,0xa,0x33,0x4,0x4,
  0x0,0x0,0x8d,0x61,0xa,0x3e,0x82,0xd5,0x0,0x0,0x5c,0x5d,0xa,0x3e,0xd8,0xc3,
  0x0,0x0,0xfa,0xed,0xa,0x4b,0x42,0x75,0x0,0x0,0x49,0xe3,0xa,0x4c,0xb0,0x53,
  0x0,0x0,0xc,0x1b,0xa,0x4f,0x38,0x12,0x0,0x0,0x5e,0x4f,0xa,0x4f,0x38,0x12,
  0x0,0x0,0x9f,0x30,0xa,0x67,0x81,0x24,0x0,0x0,0x9f,0xab,0xa,0x6d,0x42,0xd2,
  0x0,0x0,0xc1,0xf,0xa,0x71,0x6b,0xee,0x0,0x0,0x3,0xbe,0xa,0x78,0x86,0xef,
  0x0,0x0,0x41,0x42,0xa,0x7b,0x51,0xa3,0x0,0x0,0xd7,0x41,0xa,0x7e,0xa4,0xe9,
  0x0,0x0,0xdd,0xf9,0xa,0x82,0x78,0xb9,0x0,0x0,0x24,0xaf,0xa,0x82,0x78,0xb9,
  0x0,0x1,0x18,0xb3,0xa,0x83,0x12,0xb9,0x0,0x0,0x25,0x2a,0xa,0x8a,0x2,0xc3,
  0x0,0x0,0x40,0xac,0xa,0x98,0x49,0x9c,0x0,0x1,0x5,0xce,0xa,0x9a,0x35,0xd9,
  0x0,0x0,0x50,0x4f,0xa,0xa6,0x7f,0xee,0x0,0x1,0xe,0xb4,0xa,0xae,0xec,0x19,
  0x0,0x0,0xa6,0x95,0xa,0xb9,0xe8,0x62,0x0,0x0,0xd1,0xcd,0xa,0xc5,0x55,0x9,
  0x0,0x0,0xae,0x16,0xa,0xc8,0x97,0xc5,0x0,0x0,0x73,0xaa,0xa,0xca,0x80,0x53,
  0x0,0x1,0x39,0xc,0xa,0xca,0x80,0x73,0x0,0x0,0x41,0x9,0xa,0xca,0x90,0x23,
  0x0,0x0,0xe4,0x41,0xa,0xca,0xb6,0x4a,0x0,0x0,0x40,0x2a,0xa,0xce,0xec,0x43,
  0x0,0x0,0xca,0x6e,0xa,0xd2,0x5f,0x64,0x0,0x0,0xf1,0xa7,0xa,0xd7,0x3f,0x43,
  0x0,0x0,0x1,0x33,0xa,0xe7,0x4c,0x14,0x0,0x0,0x18,0x9c,0xa,0xe7,0x4c,0x14,
  0x0,0x0,0x8d,0x29,0xa,0xe7,0xe6,0x65,0x0,0x0,0x53,0x67,0xa,0xe8,0xc7,0x93,
  0x0,0x0,0x3d,0x41,0xa,0xe8,0xc7,0x93,0x0,0x0,0x94,0x93,0xa,0xee,0x20,0x8e,
  0x0,0x0,0x89,0x5d,0xa,0xf4,0x3b,0xce,0x0,0x1,0x33,0x43,0xa,0xf7,0x4d,0xc,
  0x0,0x1,0xa,0xfd,0xa,0xf7,0xe2,0x43,0x0,0x0,0x68,0x14,0xa,0xfe,0x69,0xf,
  0x0,0x1,0x1,0x5f,0xb,0x0,0x29,0x31,0x0,0x0,0x14,0x77,0xb,0x3,0x60,0xd5,
  0x0,0x0,0x16,0x77,0xb,0x6,0xf3,0x15,0x0,0x0,0x51,0x51,0xb,0x9,0x79,0x65,
  0x0,0x0,0xa4,0xb2,0xb,0x9,0x98,0xc4,0x0,0x1,0x7,0x91,0xb,0xc,0x2,0x73,
  0x0,0x0,0x16,0x34,0xb,0xe,0x64,0x13,0x0,0x0,0x95,0x21,0xb,0xe,0x64,0x13,
  0x0,0x0,0xde,0x8b,0xb,0xf,0x5,0x23,0x0,0x1,0x24,0xc6,0xb,0x11,0xed,0x25,
  0x0,0x0,0x9a,0x8b,0xb,0x12,0xe1,0x78,0x0,0x0,0x13,0x51,0xb,0x13,0x55,0x5a,
  0x0,0x0,0x57,0x67,0xb,0x24,0x1e,0x85,0x0,0x0,0xa8,0x8e,0xb,0x2c,0x76,0x29,
  0x0,0x0,0x9b,0xe9,0xb,0x2c,0x76,0x29,0x0,0x0,0xae,0x97,0xb,0x2f,0x75,0x69,
  0x0,0x0,0x26,0x79,0xb,0x2f,0x75,0x69,0x0,0x0,0xd9,0x2c,0xb,0x31,0xe8,0x45,
  0x0,0x0,0x99,0xbe,0xb,0x3f,0xb2,0x9a,0x0,0x0,0x54,0x9b,0xb,0x40,0x88,0xc4,
  0x0,0x0,0x91,0x82,0xb,0x5f,0x64,0x3,0x0,0x0,0x4e,0xe0,0xb,0x67,0x89,0x14,
  0x0,0x0,0xb0,0xf8,0xb,0x6d,0x5a,0x9a,0x0,0x0,0xcd,0x48,0xb,0x6d,0x8f,0xaa,
  0x0,0x0,0x51,0x0,0xb,0x76,0x21,0x83,0x0,0x0,0x6,0xb6,0xb,0x7d,0x1d,0xa,
  0x0,0x0,0xfd,0x25,0xb,0x96,0xb2,0x5a,0x0,0x0,0x8a,0x6e,0xb,0x9c,0xd0,0x19,
  0x0,0x0,0x15,0x70,0xb,0xad,0xb1,0x55,0x0,0x0,0x11,0x8b,0xb,0xae,0x63,0x53,
  0x0,0x0,0x5f,0xb5,0xb,0xae,0x63,0x53,0x0,0x0,0xf1,0x6a,0xb,0xae,0x63,0x53,
  0x0,0x1,0x37,0x8a,0xb,0xb1,0xef,0x51,0x0,0x0,0xf,0xf5,0xb,0xb6,0xf0,0x5a,
  0x0,0x0,0x8a,0xd2,0xb,0xb6,0xf0,0x5a,0x0,0x1,0x24,0x90,0xb,0xb6,0xf0,0x5a,
  0x0,0x1,0x2d,0x87,0xb,0xb6,0xf0,0x5a,0x0,0x1,0x37,0x22,0xb,0xb8,0x54,0xea,
  0x0,0x0,0xb4,0x28,0xb,0xbe,0x93,0x8a,0x0,0x0,0xd4,0x5f,0xb,0xc8,0xe2,0x3d,
  0x0,0x0,0x23,0xa0,0xb,0xcb,0x8e,0x1c,0x0,0x0,0x6d,0x7,0xb,0xd7,0x2e,0x1c,
  0x0,0x0,0x6d,0x56,0xb,0xe1,0x2f,0xcc,0x0,0x0,0x6d,0xa5,0xb,0xe5,0x6d,0x43,
  0x0,0x0,0x19,0xbc,0xb,0xed,0xf2,0xc4,0x0,0x0,0x59,0xb2,0xc,0x2,0xa,0x65,
  0x0,0x0,0xed,0x45,0xc,0x5,0x71,0xc4,0x0,0x0,0xe9,0xc1,0xc,0x9,0xeb,0x83,
  0x0,0x0,0xe6,0x88,0xc,0x13,0xb,0xc5,0x0,0x0,0x12,0x64,0xc,0x1b,0x9f,0x6a,
  0x0,0x0,0xfc,0xdf,0xc,0x1c,0x28,0xd3,0x0,0x0,0x94,0x41,0xc,0x1d,0x28,0xa1,
  0x0,0x0,0x10,0x42,0xc,0x23,0xb9,0xa3,0x0,0x0,0x1,0x88,0xc,0x24,0xe2,0x3b,
  0x0,0x0,0x4,0x1,0xc,0x2a,0x50,0xda,0x0,0x1,0x29,0x4,0xc,0x39,0x5b,0x4a,
  0x0,0x0,0x4d,0xfd,0xc,0x3f,0xb4,0x49,0x0,0x0,0x48,0xdc,0xc,0x4c,0x10,0xfc,
  0x0,0x0,0xc8,0x24,0xc,0x5a,0x2c,0x33,0x0,0x0,0xe,0x92,0xc,0x68,0xe0,0xf5,
  0x0,0x0,0xe,0x5b,0xc,0x6b,0x60,0xc2,0x0,0x1,0x1,0xd7,0xc,0x6c,0x7d,0x2e,
  0x0,0x0,0xe2,0x6f,0xc,0x6d,0xcf,0xbe,0x0,0x0,0xc8,0x6d,0xc,0x6f,0x63,0x33,
  0x0,0x0,0x8c,0xbe,0xc,0x70,0x92,0xf4,0x0,0x0,0x11,0xd6,0xc,0x71,0x2d,0x4e,
  0x0,0x0,0xe2,0x1c,0xc,0x72,0x65,0xc5,0x0,0x0,0xc,0xc3,0xc,0x77,0x9c,0xb3,
  0x0,0x0,0xf7,0x5c,0xc,0x77,0x9e,0xb3,0x0,0x0,0x9a,0x47,0xc,0x94,0xb2,0x15,
  0x0,0x0,0xd6,0xeb,0xc,0x94,0xf1,0x4,0x0,0x0,0xf5,0x80,0xc,0x94,0xf1,0x24,
  0x0,0x0,0x95,0xf8,0xc,0x95,0x86,0x65,0x0,0x0,0x99,0xf9,0xc,0x96,0xa0,0x1e,
  0x0,0x0,0x43,0xc2,0xc,0x97,0xb3,0x99,0x0,0x0,0xab,0xf2,0xc,0x9b,0x62,0xfc,
  0x0,0x0,0xd3,0x42,0xc,0x9d,0x57,0xe,0x0,0x1,0x6,0x6f,0xc,0x9e,0x3f,0xe4,
  0x0,0x0,0x8a,0x34,0xc,0x9e,0x3f,0xe4,0x0,0x0,0xe9,0x89,0xc,0x9e,0x3f,0xe4,
  0x0,0x1,0x23,0xec,0xc,0xa1,0xd6,0x64,0x0,0x0,0x3e,0x2d,0xc,0xaa,0xc7,0x69,
  0x0,0x0,0xd7,0x99,0xc,0xb0,0x9d,0x4e,0x0,0x0,0xce,0xb,0xc,0xb6,0xd1,0x4c,
  0x0,0x0,0xf8,0x69,0xc,0xc4,0x45,0xb4,0x0,0x0,0x1e,0x98,0xc,0xc9,0xbb,0x22,
  0x0,0x0,0xdf,0xf7,0xc,0xc9,0xca,0xa7,0x0,0x0,0x89,0xf9,0xc,0xcd,0x4b,0x2a,
  0x0,0x0,0x5b,0x6c,0xc,0xd2,0x78,0xe5,0x0,0x0,0x5f,0xf7,0xc,0xd9,0x3b,0xe3,
  0x0,0x1,0x36,0xd3,0xc,0xdb,0x44,0xf6,0x0,0x0,0x7e,0xac,0xc,0xdd,0xc2,0x3,
  0x0,0x0,0x76,0x61,0xc,0xe0,0xe1,0x24,0x0,0x0,0x39,0x73,0xc,0xe5,0xc8,0x4,
  0x0,0x0,0xee,0x6,0xc,0xee,0xc4,0xca,0x0,0x0,0xca,0xae,0xd,0x3,0x27,0x85,
  0x0,0x0,0xa1,0x2,0xd,0x3,0x27,0x85,0x0,0x0,0xfa,0x88,0xd,0x9,0xbc,0x5a,
  0x0,0x0,0x4a,0x9a,0xd,0x1e,0x6d,0xb4,0x0,0x0,0xbe,0xbe,0xd,0x26,0x70,0x1a,
  0x0,0x0,0xd3,0x97,0xd,0x29,0x70,0xae,0x0,0x0,0xed,0xa4,0xd,0x2e,0x80,0x5c,
  0x0,0x1,0x2e,0xd,0xd,0x30,0x4a,0x35,0x0,0x0,0x39,0x12,0xd,0x36,0xb3,0x83,
  0x0,0x0,0xf,0x7,0xd,0x39,0xc1,0x6a,0x0,0x0,0x79,0x2c,0xd,0x40,0x6f,0xbe,
  0x0,0x0,0x64,0x6f,0xd,0x44,0x5a,0x3,0x0,0x0,0xdf,0xb4,0xd,0x4a,0x56,0x13,
  0x0,0x1,0x20,0x18,0xd,0x61,0xc9,0xff,0x0,0x0,0x3f,0xce,0xd,0x61,0xc9,0xff,
  0x0,0x1,0x1,0x6,0xd,0x63,0xe3,0xe4,0x0,0x0,0xc4,0xd3,0xd,0x7c,0xbe,0x6a,
  0x0,0x0,0x1e,0x2b,0xd,0x7e,0x4b,0x1a,0x0,0x0,0x58,0x7c,0xd,0x89,0x50,0x17,
  0x0,0x0,0x8e,0x15,0xd,0x89,0x50,0x17,0x0,0x0,0xb6,0x83,0xd,0x89,0x50,0x17,
  0x0,0x0,0xc7,0xe9,0xd,0x89,0x50,0x17,0x0,0x1,0x5,0x98,0xd,0x89,0xa0,0xf3,
  0x0,0x0,0x9,0xcc,0xd,0x90,0xb1,0x8d,0x0,0x0,0x4d,0x49,0xd,0x90,0xb1,0x8d,
  0x0,0x0,0x99,0x21,0xd,0x91,0x75,0x9f,0x0,0x0,0x81,0xa8,0xd,0x99,0xdc,0x75,
  0x0,0x0,0x0,0xee,0xd,0xa5,0xd,0x7a,0x0,0x0,0x70,0x10,0xd,0xb0,0x1b,0x78,
  0x0,0x0,0x76,0xa7,0xd,0xb4,0xb8,0x3,0x0,0x0,0xea,0x83,0xd,0xb9,0x35,0x83,
  0x0,0x0,0xb1,0x89,0xd,0xbd,0x45,0xea,0x0,0x0,0x3e,0xcf,0xd,0xbf,0xff,0xce,
  0x0,0x0,0xfd,0x9f,0xd,0xc4,0xc8,0x3c,0x0,0x0,0x46,0x87,0xd,0xc6,0x8b,0xc9,
  0x0,0x0,0xf6,0x35,0xd,0xc6,0x8b,0xe9,0x0,0x0,0x96,0xf9,0xd,0xc7,0x7c,0x3e,
  0x0,0x0,0x2d,0x33,0xd,0xd2,0x2e,0x4,0x0,0x0,0x2,0xf4,0xd,0xdb,0x37,0xd5,
  0x0,0x0,0xd,0xdf,0xd,0xdb,0xd2,0x1e,0x0,0x0,0x78,0x91,0xd,0xdc,0x70,0x5e,
  0x0,0x0,0xd6,0x48,0xd,0xdc,0xec,0x8e,0x0,0x1,0x14,0xac,0xd,0xe0,0x71,0xb5,
  0x0,0x0,0xd8,0x67,0xd,0xe3,0x94,0x23,0x0,0x0,0xe4,0x94,0xd,0xe4,0x3a,0x24,
  0x0,0x0,0xf7,0xa1,0xd,0xe4,0x40,0x24,0x0,0x0,0x9a,0xc3,0xd,0xf5,0x66,0x8e,
  0x0,0x0,0x4,0x8f,0xd,0xff,0xd3,0xca,0x0,0x0,0x87,0x4b,0xe,0x1,0x2e,0x31,
  0x0,0x1,0x39,0xdd,0xe,0x2,0x39,0xa3,0x0,0x0,0xfa,0xf,0xe,0x11,0x6c,0x24,
  0x0,0x0,0xaa,0xa8,0xe,0x11,0x6c,0x24,0x0,0x0,0xc1,0x50,0xe,0x22,0x39,0xa3,
  0x0,0x0,0xa0,0x83,0xe,0x41,0x6f,0x11,0x0,0x0,0xb9,0x1d,0xe,0x41,0xbe,0x54,
  0x0,0x0,0xa1,0xb2,0xe,0x56,0xeb,0x2c,0x0,0x0,0xcb,0x6a,0xe,0x58,0x43,0x1a,
  0x0,0x0,0x56,0xd,0xe,0x58,0x67,0x1e,0x0,0x0,0xe0,0xcf,0xe,0x5d,0xa8,0xec,
  0x0,0x0,0xf0,0x81,0xe,0x6a,0xf2,0x7d,0x0,0x0,0xb7,0x66,0xe,0x6f,0x68,0xae,
  0x0,0x0,0x54,0x11,0xe,0x75,0xd0,0x54,0x0,0x0,0x18,0xcd,0xe,0x82,0x58,0xe4,
  0x0,0x0,0x1c,0x21,0xe,0x83,0x83,0x2e,0x0,0x0,0x34,0xec,0xe,0x8c,0x75,0x60,
  0x0,0x0,0x3c,0xea,0xe,0x90,0x1a,0xc3,0x0,0x0,0x13,0x6,0xe,0x94,0x99,0xa4,
  0x0,0x0,0x37,0xa4,0xe,0x94,0xd6,0x51,0x0,0x0,0x85,0x87,0xe,0xa3,0x94,0xb9,
  0x0,0x1,0x17,0xaa,0xe,0xa3,0x94,0xb9,0x0,0x1,0x18,0x6e,0xe,0xa3,0xe0,0xfe,
  0x0,0x0,0xe7,0x48,0xe,0xa6,0xac,0xa9,0x0,0x0,0xfb,0x91,0xe,0xb1,0x56,0x63,
  0x0,0x0,0x13,0x9c,0xe,0xb1,0x94,0xb9,0x0,0x0,0x27,0x38,0xe,0xb3,0xec,0x8a,
  0x0,0x0,0xb0,0x96,0xe,0xbd,0x2c,0xa3,0x0,0x0,0xcd,0xa7,0xe,0xc1,0xd2,0x8a,
  0x0,0x0,0x6b,0xd,0xe,0xc1,0xd2,0x8a,0x0,0x0,0xb6,0xe2,0xe,0xc1,0xd2,0x8d,
  0x0,0x0,0x8f,0xf9,0xe,0xc1,0xd2,0x9a,0x0,0x0,0x6a,0xdb,0xe,0xc1,0xd2,0x9a,
  0x0,0x0,0xb6,0xb6,0xe,0xc1,0xd2,0x9d,0x0,0x0,0x8f,0xca,0xe,0xc1,0xd2,0xaa,
  0x0,0x0,0x6c,0x71,0xe,0xc1,0xd2,0xaa,0x0,0x0,0xb7,0x3a,0xe,0xc1,0xd2,0xad,
  0x0,0x0,0x90,0x57,0xe,0xc1,0xd2,0xba,0x0,0x0,0x6c,0x3f,0xe,0xc1,0xd2,0xba,
  0x0,0x0,0xb7,0xe,0xe,0xc1,0xd2,0xbd,0x0,0x0,0x90,0x28,0xe,0xc2,0xe9,0x23,
  0x0,0x0,0xa7,0xa9,0xe,0xc6,0xc9,0xe4,0x0,0x0,0xf,0xaa,0xe,0xce,0xdd,0xea,
  0x0,0x0,0x69,0xac,0xe,0xd4,0xe1,0x7d,0x0,0x0,0xb8,0x8d,0xe,0xd7,0x3e,0xf3,
  0x0,0x0,0x44,0xcf,0xe,0xeb,0x0,0x9,0x0,0x0,0x91,0x15,0xe,0xeb,0xa8,0x8a,
  0x0,0x0,0x8f,0x7d,0xe,0xed,0x50,0x24,0x0,0x0,0xaf,0xe1,0xe,0xed,0xb9,0x73,
  0x0,0x0,0xc6,0xbf,0xe,0xfc,0x84,0x2e,0x0,0x0,0x2b,0x40,0xf,0x0,0xf0,0xa,
  0x0,0x0,0xfc,0x9b,0xf,0x9,0x17,0x5a,0x0,0x0,0x6b,0xd1,0xf,0x14,0x45,0xb0,
  0x0,0x0,0xc,0x59,0xf,0x18,0x5c,0x73,0x0,0x1,0x29,0xdf,0xf,0x1b,0x96,0xe9,
  0x0,0x0,0x4a,0xfe,0xf,0x27,0x14,0x21,0x0,0x0,0xb7,0xbb,0xf,0x27,0xf1,0x8e,
  0x0,0x1,0x2f,0xcf,0xf,0x2c,0x64,0x1a,0x0,0x0,0x87,0xd,0xf,0x4e,0xc2,0xaa,
  0x0,0x1,0x23,0x5f,0xf,0x50,0x3f,0x7e,0x0,0x1,0x4,0x7b,0xf,0x50,0x43,0xfe,
  0x0,0x0,0x19,0x1,0xf,0x5a,0xf2,0xda,0x0,0x0,0x89,0xa,0xf,0x74,0xd5,0x5,
  0x0,0x0,0x15,0xb4,0xf,0x7d,0x7c,0x54,0x0,0x0,0xc4,0x26,0xf,0x7e,0xab,0x84,
  0x0,0x0,0x19,0x74,0xf,0x8b,0x7e,0xca,0x0,0x0,0xc7,0xab,0xf,0xa3,0xcd,0x93,
  0x0,0x1,0x33,0xdb,0xf,0xa4,0xee,0xae,0x0,0x0,0x29,0x43,0xf,0xa5,0xe5,0xf2,
  0x0,0x0,0x93,0x57,0xf,0xac,0x21,0x3a,0x0,0x0,0x8c,0x5b,0xf,0xb5,0x6f,0x22,
  0x0,0x0,0x3d,0xc3,0xf,0xb6,0xc2,0xae,0x0,0x0,0xa5,0x2f,0xf,0xbd,0x9c,0xfa,
  0x0,0x0,0x6f,0xc0,0xf,0xc7,0x40,0x6e,0x0,0x1,0xe,0x22,0xf,0xce,0xc2,0x7e,
  0x0,0x0,0x80,0xcb,0xf,0xd0,0x5f,0x55,0x0,0x0,0x2,0x76,0xf,0xd3,0x4e,0x93,
  0x0,0x0,0x3f,0x7d,0xf,0xde,0xd,0xb9,0x0,0x0,0x47,0xd6,0xf,0xe1,0xda,0x83,
  0x0,0x0,0x8b,0x95,0xf,0xe4,0xc,0x45,0x0,0x1,0xb,0x8e,0xf,0xe5,0x6a,0x99,
  0x0,0x1,0x17,0xed,0xf,0xe8,0xe3,0x15,0x0,0x0,0xd,0x30,0xf,0xef,0xbe,0x9a,
  0x0,0x0,0x47,0x83,0xf,0xf6,0xf4,0x45,0x0,0x0,0xcc,0xb6,0xf,0xfa,0xe5,0x1e,
  0x0,0x1,0x12,0x52,0x69,0x0,0x1,0x3a,0xd2,0x3,0x0,0x0,0x0,0x1e,0x0,0x43,
  0x0,0x75,0x0,0x62,0x0,0x69,0x0,0x6f,0x0,0x6d,0x0,0x65,0x0,0x73,0x0,0x20,
  0x0,0x56,0x0,0x69,0x0,0x65,0x0,0x77,0x0,0x65,0x0,0x72,0x8,0x0,0x0,0x0,
  0x0,0x6,0x0,0x0,0x0,0x5,0x41,0x62,0x6f,0x75,0x74,0x7,0x0,0x0,0x0,0xb,
  0x41,0x62,0x6f,0x75,0x74,0x44,0x69,0x61,0x6c,0x6f,0x67,0x1,0x3,0xff,0xff,0xff,
  0xff,0x8,0x0,0x0,0x0,0x0,0x6,0x0,0x0,0x0,0x1,0x40,0x7,0x0,0x0,0x0,
  0x11,0x41,0x6e,0x61,0x6c,0x79,0x73,0x69,0x73,0x4c,0x6f,0x63,0x61,0x74,0x69,0x6f,
  0x6e,0x73,0x1,0x3,0x0,0x0,0x0,0x14,0x0,0x54,0x0,0x61,0x0,0x66,0x0,0x65,
  0x0,0x6c,0x0,0x62,0x0,0x65,0x0,0x72,0x0,0x67,0x0,0x65,0x8,0x0,0x0,0x0,
  0x0,0x6,0x0,0x0,0x0,0x8,0x42,0x61,0x64,0x6c,0x61,0x6e,0x64,0x73,0x7,0x0,
  0x0,0x0,0x5,0x42,0x69,0x6f,0x6d,0x65,0x1,0x3,0x0,0x0,0x0,0x24,0x0,0x54,
  0x0,0x61,0x0,0x66,0x0,0x65,0x0,0x6c,0x0,0x62,0x0,0x65,0x0,0x72,0x0,0x67,
  0x0,0x68,0x0,0x6f,0x0,0x63,0x0,0x68,0x0,0x65,0x0,0x62,0x0,0x65,0x0,0x6e,
  0x0,0x65,0x8,0x0,0x0,0x0,0x0,0x6,0x0,0x0,0x0,0x10,0x42,0x61,0x64,0x6c,
  0x61,0x6e,0x64,0x73,0x20,0x50,0x6c,0x61,0x74,0x65,0x61,0x75,0x7,0x0,0x0,0x0,
  0x5,0x42,0x69,0x6f,0x6d,0x65,0x1,0x3,0x0,0x0,0x0,0x1e,0x0,0x42,0x0,0x61,
  0x0,0x6d,0x0,0x62,0x0,0x75,0x0,0x73,0x0,0x64,0x0,0x73,0x0,0x63,0x0,0x68,
  0x0,0x75,0x0,0x6e,0x0,0x67,0x0,0x65,0x0,0x6c,0x8,0x0,0x0,0x0,0x0,0x6,
  0x0,0x0,0x0,0xd,0x42,0x61,0x6d,0x62,0x6f,0x6f,0x20,0x4a,0x75,0x6e,0x67,0x6c,
  0x65,0x7,0x0,0x0,0x0,0x5,0x42,0x69,0x6f,0x6d,0x65,0x1,0x3,0x0,0x0,0x0,
  0x28,0x0,0x42,0x0,0x61,0x0,0x6d,0x0,0x62,0x0,0x75,0x0,0x73,0x0,0x64,0x0,
  0x73,0x0,0x63,0x0,0x68,0x0,0x75,0x0,0x6e,0x0,0x67,0x0,0x65,0x0,0x6c,0x0,
  0x68,0x0,0xfc,0x0,0x67,0x0,0x65,0x0,0x6c,0x8,0x0,0x0,0x0,0x0,0x6,0x0,
  0x0,0x0,0x13,0x42,0x61,0x6d,0x62,0x6f,0x6f,0x20,0x4a,0x75,0x6e,0x67,0x6c,0x65,
  0x20,0x48,0x69,0x6c,0x6c,0x73,0x7,0x0,0x0,0x0,0x5,0x42,0x69,0x6f,0x6d,0x65,
  0x1,0x3,0x0,0x0,0x0,0x18,0x0,0x42,0x0,0x61,0x0,0x73,0x0,0x61,0x0,0x6c,
  0x0,0x74,0x0,0x64,0x0,0x65,0x0,0x6c,0x0,0x74,0x0,0x61,0x0,0x73,0x8,0x0,
  0x0,0x0,0x0,0x6,0x0,0x0,0x0,0xd,0x42,0x61,0x73,0x61,0x6c,0x74,0x20,0x44,
  0x65,0x6c,0x74,0x61,0x73,0x7,0x0,0x0,0x0,0x5,0x42,0x69,0x6f,0x6d,0x65,0x1,
  0x3,0x0,0x0,0x0,0xc,0x0,0x53,0x0,0x74,0x0,0x72,0x0,0x61,0x0,0x6e,0x0,
  0x64,0x8,0x0,0x0,0x0,0x0,0x6,0x0,0x0,0x0,0x5,0x42,0x65,0x61,0x63,0x68,
  0x7,0x0,0x0,0x0,0x5,0x42,0x69,0x6f,0x6d,0x65,0x1,0x3,0x0,0x0,0x0,0x14,
  0x0,0x42,0x0,0x69,0x0,0x72,0x0,0x6b,0x0,0x65,0x0,0x6e,0x0,0x77,0x0,0x61,
  0x0,0x6c,0x0,0x64,0x8,0x0,0x0,0x0,0x0,0x6,0x0,0x0,0x0,0xc,0x42,0x69,
  0x72,0x63,0x68,0x20,0x46,0x6f,0x72,0x65,0x73,0x74,0x7,0x0,0x0,0x0,0x5,0x42,
  0x69,0x6f,0x6d,0x65,0x1,0x3,0x0,0x0,0x0,0x1e,0x0,0x42,0x0,0x69,0x0,0x72,
  0x0,0x6b,0x0,0x65,0x0,0x6e,0x0,0x77,0x0,0x61,0x0,0x6c,0x0,0x64,0x0,0x68,
  0x0,0xfc,0x0,0x67,0x0,0x65,0x0,0x6c,0x8,0x0,0x0,0x0,0x0,0x6,0x0,0x0,
  0x0,0x12,0x42,0x69,0x72,0x63,0x68,0x20,0x46,0x6f,0x72,0x65,0x73,0x74,0x20,0x48,
  0x69,0x6c,0x6c,0x73,0x7,0x0,0x0,0x0,0x5,0x42,0x69,0x6f,0x6d,0x65,0x1,0x3,
  0x0,0x0,0x0,0x1c,0x0,0x4b,0x0,0x69,0x0,0x72,0x0,0x73,0x0,0x63,0x0,0x68,
  0x0,0x62,0x0,0x65,0x0,0x72,0x0,0x67,0x0,0x68,0x0,0x61,0x0,0x69,0x0,0x6e,
  0x8,0x0,0x0,0x0,0x0,0x6,0x0,0x0,0x0,0xc,0x43,0x68,0x65,0x72,0x72,0x79,
  0x20,0x47,0x72,0x6f,0x76,0x65,0x7,0x0,0x0,0x0,0x5,0x42,0x69,0x6f,0x6d,0x65,
  0x1,0x3,0x0,0x0,0x0,0x18,0x0,0x4b,0x0,0x61,0x0,0x6c,0x0,0x74,0x0,0x65,
  0x0,0x72,0x0,0x20,0x0,0x4f,0x0,0x7a,0x0,0x65,0x0,0x61,0x0,0x6e,0x8,0x0,
  0x0,0x0,0x0,0x6,0x0,0x0,0x0,0xa,0x43,0x6f,0x6c,0x64,0x20,0x4f,0x63,0x65,
  0x61,0x6e,0x7,0x0,0x0,0x0,0x5,0x42,0x69,0x6f,0x6d,0x65,0x1,0x3,0x0,0x0,
  0x0,0x18,0x0,0x4b,0x0,0x61,0x0,0x72,0x0,0x6d,0x0,0x65,0x0,0x73,0x0,0x69,
  0x0,0x6e,0x0,0x77,0x0,0x61,0x0,0x6c,0x0,0x64,0x8,0x0,0x0,0x0,0x0,0x6,
  0x0,0x0,0x0,0xe,0x43,0x72,0x69,0x6d,0x73,0x6f,0x6e,0x20,0x46,0x6f,0x72,0x65,
  0x73,0x74,0x7,0x0,0x0,0x0,0x5,0x42,0x69,0x6f,0x6d,0x65,0x1,0x3,0x0,0x0,
  0x0,0x18,0x0,0x44,0x0,0x69,0x0,0x63,0x0,0x68,0x0,0x74,0x0,0x65,0x0,0x72,
  0x0,0x20,0x0,0x57,0x0,0x61,0x0,0x6c,0x0,0x64,0x8,0x0,0x0,0x0,0x0,0x6,
  0x0,0x0,0x0,0xb,0x44,0x61,0x72,0x6b,0x20,0x46,0x6f,0x72,0x65,0x73,0x74,0x7,
  0x0,0x0,0x0,0x5,0x42,0x69,0x6f,0x6d,0x65,0x1,0x3,0x0,0x0,0x0,0x22,0x0,
  0x44,0x0,0x69,0x0,0x63,0x0,0x68,0x0,0x74,0x0,0x65,0x0,0x72,0x0,0x20,0x0,
  0x48,0x0,0xfc,0x0,0x67,0x0,0x65,0x0,0x6c,0x0,0x77,0x0,0x61,0x0,0x6c,0x0,
  0x64,0x8,0x0,0x0,0x0,0x0,0x6,0x0,0x0,0x0,0x11,0x44,0x61,0x72,0x6b,0x20,
  0x46,0x6f,0x72,0x65,0x73,0x74,0x20,0x48,0x69,0x6c,0x6c,0x73,0x7,0x0,0x0,0x0,
  0x5,0x42,0x69,0x6f,0x6d,0x65,0x1,0x3,0x0,0x0,0x0,0x1a,0x0,0x4b,0x0,0x61,
  0x0,0x6c,0x0,0x74,0x0,0x65,0x0,0x20,0x0,0x54,0x0,0x69,0x0,0x65,0x0,0x66,
  0x0,0x73,0x0,0x65,0x0,0x65,0x8,0x0,0x0,0x0,0x0,0x6,0x0,0x0,0x0,0xf,
  0x44,0x65,0x65,0x70,0x20,0x43,0x6f,0x6c,0x64,0x20,0x4f,0x63,0x65,0x61,0x6e,0x7,
  0x0,0x0,0x0,0x5,0x42,0x69,0x6f,0x6d,0x65,0x1,0x3,0x0,0x0,0x0,0x20,0x0,
  0x56,0x0,0x65,0x0,0x72,0x0,0x65,0x0,0x69,0x0,0x73,0x0,0x74,0x0,0x65,0x0,
  0x20,0x0,0x54,0x0,0x69,0x0,0x65,0x0,0x66,0x0,0x73,0x0,0x65,0x0,0x65,0x8,
  0x0,0x0,0x0,0x0,0x6,0x0,0x0,0x0,0x9,0x44,0x65,0x65,0x70,0x20,0x44,0x61,
  0x72,0x6b,0x7,0x0,0x0,0x0,0x5,0x42,0x69,0x6f,0x6d,0x65,0x1,0x3,0x0,0x0,
  0x0,0x20,0x0,0x4c,0x0,0x61,0x0,0x75,0x0,0x77,0x0,0x61,0x0,0x72,0x0,0x6d,
  0x0,0x65,0x0,0x20,0x0,0x54,0x0,0x69,0x0,0x65,0x0,0x66,0x0,0x73,0x0,0x65,
  0x0,0x65,0x8,0x0,0x0,0x0,0x0,0x6,0x0,0x0,0x0,0x11,0x44,0x65,0x65,0x70,
  0x20,0x46,0x72,0x6f,0x7a,0x65,0x6e,0x20,0x4f,0x63,0x65,0x61,0x6e,0x7,0x0,0x0,
  0x0,0x5,0x42,0x69,0x6f,0x6d,0x65,0x1,0x3,0x0,0x0,0x0,0x20,0x0,0x4c,0x0,
  0x61,0x0,0x75,0x0,0x77,0x0,0x61,0x0,0x72,0x0,0x6d,0x0,0x65,0x0,0x20,0x0,
  0x54,0x0,0x69,0x0,0x65,0x0,0x66,0x0,0x73,0x0,0x65,0x0,0x65,0x8,0x0,0x0,
  0x0,0x0,0x6,0x0,0x0,0x0,0x13,0x44,0x65,0x65,0x70,0x20,0x4c,0x75,0x6b,0x65,
  0x77,0x61,0x72,0x6d,0x20,0x4f,0x63,0x65,0x61,0x6e,0x7,0x0,0x0,0x0,0x5,0x42,
  0x69,0x6f,0x6d,0x65,0x1,0x3,0x0,0x0,0x0,0xe,0x0,0x54,0x0,0x69,0x0,0x65,
  0x0,0x66,0x0,0x73,0x0,0x65,0x0,0x65,0x8,0x0,0x0,0x0,0x0,0x6,0x0,0x0,
  0x0,0xa,0x44,0x65,0x65,0x70,0x20,0x4f,0x63,0x65,0x61,0x6e,0x7,0x0,0x0,0x0,
  0x5,0x42,0x69,0x6f,0x6d,0x65,0x1,0x3,0x0,0x0,0x0,0x1a,0x0,0x57,0x0,0x61,
  0x0,0x72,0x0,0x6d,0x0,0x65,0x0,0x20,0x0,0x54,0x0,0x69,0x0,0x65,0x0,0x66,
  0x0,0x73,0x0,0x65,0x0,0x65,0x8,0x0,0x0,0x0,0x0,0x6,0x0,0x0,0x0,0xf,
  0x44,0x65,0x65,0x70,0x20,0x57,0x61,0x72,0x6d,0x20,0x4f,0x63,0x65,0x61,0x6e,0x7,
  0x0,0x0,0x0,0x5,0x42,0x69,0x6f,0x6d,0x65,0x1,0x3,0x0,0x0,0x0,0xa,0x0,
  0x57,0x0,0xfc,0x0,0x73,0x0,0x74,0x0,0x65,0x8,0x0,0x0,0x0,0x0,0x6,0x0,
  0x0,0x0,0x6,0x44,0x65,0x73,0x65,0x72,0x74,0x7,0x0,0x0,0x0,0x5,0x42,0x69,
  0x6f,0x6d,0x65,0x1,0x3,0x0,0x0,0x0,0x16,0x0,0x57,0x0,0xfc,0x0,0x73,0x0,
  0x74,0x0,0x65,0x0,0x6e,0x0,0x68,0x0,0xfc,0x0,0x67,0x0,0x65,0x0,0x6c,0x8,
  0x0,0x0,0x0,0x0,0x6,0x0,0x0,0x0,0xc,0x44,0x65,0x73,0x65,0x72,0x74,0x20,
  0x48,0x69,0x6c,0x6c,0x73,0x7,0x0,0x0,0x0,0x5,0x42,0x69,0x6f,0x6d,0x65,0x1,
  0x3,0x0,0x0,0x0,0x14,0x0,0x57,0x0,0xfc,0x0,0x73,0x0,0x74,0x0,0x65,0x0,
  0x6e,0x0,0x73,0x0,0x65,0x0,0x65,0x0,0x6e,0x8,0x0,0x0,0x0,0x0,0x6,0x0,
  0x0,0x0,0xc,0x44,0x65,0x73,0x65,0x72,0x74,0x20,0x4c,0x61,0x6b,0x65,0x73,0x7,
  0x0,0x0,0x0,0x5,0x42,0x69,0x6f,0x6d,0x65,0x1,0x3,0x0,0x0,0x0,0x20,0x0,
  0x54,0x0,0x72,0x0,0x6f,0x0,0x70,0x0,0x66,0x0,0x73,0x0,0x74,0x0,0x65,0x0,
  0x69,0x0,0x6e,0x0,0x68,0x0,0xf6,0x0,0x68,0x0,0x6c,0x0,0x65,0x0,0x6e,0x8,
  0x0,0x0,0x0,0x0,0x6,0x0,0x0,0x0,0xf,0x44,0x72,0x69,0x70,0x73,0x74,0x6f,
  0x6e,0x65,0x20,0x43,0x61,0x76,0x65,0x73,0x7,0x0,0x0,0x0,0x5,0x42,0x69,0x6f,
  0x6d,0x65,0x1,0x3,0x0,0x0,0x0,0x18,0x0,0x45,0x0,0x6e,0x0,0x64,0x0,0x2d,
  0x0,0x4b,0x0,0x61,0x0,0x72,0x0,0x67,0x0,0x6c,0x0,0x61,0x0,0x6e,0x0,0x64,
  0x8,0x0,0x0,0x0,0x0,0x6,0x0,0x0,0x0,0xb,0x45,0x6e,0x64,0x20,0x42,0x61,
  0x72,0x72,0x65,0x6e,0x73,0x7,0x0,0x0,0x0,0x5,0x42,0x69,0x6f,0x6d,0x65,0x1,
  0x3,0x0,0x0,0x0,0x18,0x0,0x45,0x0,0x6e,0x0,0x64,0x0,0x2d,0x0,0x48,0x0,
  0x6f,0x0,0x63,0x0,0x68,0x0,0x6c,0x0,0x61,0x0,0x6e,0x0,0x64,0x8,0x0,0x0,
  0x0,0x0,0x6,0x0,0x0,0x0,0xd,0x45,0x6e,0x64,0x20,0x48,0x69,0x67,0x68,0x6c,
  0x61,0x6e,0x64,0x73,0x7,0x0,0x0,0x0,0x5,0x42,0x69,0x6f,0x6d,0x65,0x1,0x3,
  0x0,0x0,0x0,0x1c,0x0,0x45,0x0,0x6e,0x0,0x64,0x0,0x2d,0x0,0x4d,0x0,0x69,
  0x0,0x74,0x0,0x74,0x0,0x65,0x0,0x6c,0x0,0x6c,0x0,0x61,0x0,0x6e,0x0,0x64,
  0x8,0x0,0x0,0x0,0x0,0x6,0x0,0x0,0x0,0xc,0x45,0x6e,0x64,0x20,0x4d,0x69,
  0x64,0x6c,0x61,0x6e,0x64,0x73,0x7,0x0,0x0,0x0,0x5,0x42,0x69,0x6f,0x6d,0x65,
  0x1,0x3,0x0,0x0,0x0,0x2c,0x0,0x41,0x0,0x62,0x0,0x67,0x0,0x65,0x0,0x74,
  0x0,0x72,0x0,0x61,0x0,0x67,0x0,0x65,0x0,0x6e,0x0,0x65,0x0,0x20,0x0,0x54,
  0x0,0x61,0x0,0x66,0x0,0x65,0x0,0x6c,0x0,0x62,0x0,0x65,0x0,0x72,0x0,0x67,
  0x0,0x65,0x8,0x0,0x0,0x0,0x0,0x6,0x0,0x0,0x0,0xf,0x45,0x72,0x6f,0x64,
  0x65,0x64,0x20,0x42,0x61,0x64,0x6c,0x61,0x6e,0x64,0x73,0x7,0x0,0x0,0x0,0x5,
  0x42,0x69,0x6f,0x6d,0x65,0x1,0x3,0x0,0x0,0x0,0x14,0x0,0x42,0x0,0x6c,0x0,
  0x75,0x0,0x6d,0x0,0x65,0x0,0x6e,0x0,0x77,0x0,0x61,0x0,0x6c,0x0,0x64,0x8,
  0x0,0x0,0x0,0x0,0x6,0x0,0x0,0x0,0xd,0x46,0x6c,0x6f,0x77,0x65,0x72,0x20,
  0x46,0x6f,0x72,0x65,0x73,0x74,0x7,0x0,0x0,0x0,0x5,0x42,0x69,0x6f,0x6d,0x65,
  0x1,0x3,0x0,0x0,0x0,0x8,0x0,0x57,0x0,0x61,0x0,0x6c,0x0,0x64,0x8,0x0,
  0x0,0x0,0x0,0x6,0x0,0x0,0x0,0x6,0x46,0x6f,0x72,0x65,0x73,0x74,0x7,0x0,
  0x0,0x0,0x5,0x42,0x69,0x6f,0x6d,0x65,0x1,0x3,0x0,0x0,0x0,0x1e,0x0,0x56,
  0x0,0x65,0x0,0x72,0x0,0x65,0x0,0x69,0x0,0x73,0x0,0x74,0x0,0x65,0x0,0x72,
  0x0,0x20,0x0,0x4f,0x0,0x7a,0x0,0x65,0x0,0x61,0x0,0x6e,0x8,0x0,0x0,0x0,
  0x0,0x6,0x0,0x0,0x0,0xc,0x46,0x72,0x6f,0x7a,0x65,0x6e,0x20,0x4f,0x63,0x65,
  0x61,0x6e,0x7,0x0,0x0,0x0,0x5,0x42,0x69,0x6f,0x6d,0x65,0x1,0x3,0x0,0x0,
  0x0,0x1e,0x0,0x56,0x0,0x65,0x0,0x72,0x0,0x65,0x0,0x69,0x0,0x73,0x0,0x74,
  0x0,0x65,0x0,0x20,0x0,0x47,0x0,0x69,0x0,0x70,0x0,0x66,0x0,0x65,0x0,0x6c,
  0x8,0x0,0x0,0x0,0x0,0x6,0x0,0x0,0x0,0xc,0x46,0x72,0x6f,0x7a,0x65,0x6e,
  0x20,0x50,0x65,0x61,0x6b,0x73,0x7,0x0,0x0,0x0,0x5,0x42,0x69,0x6f,0x6d,0x65,
  0x1,0x3,0x0,0x0,0x0,0x1e,0x0,0x56,0x0,0x65,0x0,0x72,0x0,0x65,0x0,0x69,
  0x0,0x73,0x0,0x74,0x0,0x65,0x0,0x72,0x0,0x20,0x0,0x46,0x0,0x6c,0x0,0x75,
  0x0,0x73,0x0,0x73,0x8,0x0,0x0,0x0,0x0,0x6,0x0,0x0,0x0,0xc,0x46,0x72,
  0x6f,0x7a,0x65,0x6e,0x20,0x52,0x69,0x76,0x65,0x72,0x7,0x0,0x0,0x0,0x5,0x42,
  0x69,0x6f,0x6d,0x65,0x1,0x3,0x0,0x0,0x0,0x24,0x0,0x52,0x0,0x69,0x0,0x65,
  0x0,0x73,0x0,0x65,0x0,0x6e,0x0,0x66,0x0,0x69,0x0,0x63,0x0,0x68,0x0,0x74,
  0x0,0x65,0x0,0x6e,0x0,0x74,0x0,0x61,0x0,0x69,0x0,0x67,0x0,0x61,0x8,0x0,
  0x0,0x0,0x0,0x6,0x0,0x0,0x0,0x12,0x47,0x69,0x61,0x6e,0x74,0x20,0x53,0x70,
  0x72,0x75,0x63,0x65,0x20,0x54,0x61,0x69,0x67,0x61,0x7,0x0,0x0,0x0,0x5,0x42,
  0x69,0x6f,0x6d,0x65,0x1,0x3,0x0,0x0,0x0,0x2e,0x0,0x52,0x0,0x69,0x0,0x65,
  0x0,0x73,0x0,0x65,0x0,0x6e,0x0,0x66,0x0,0x69,0x0,0x63,0x0,0x68,0x0,0x74,
  0x0,0x65,0x0,0x6e,0x0,0x74,0x0,0x61,0x0,0x69,0x0,0x67,0x0,0x61,0x0,0x68,
  0x0,0xfc,0x0,0x67,0x0,0x65,0x0,0x6c,0x8,0x0,0x0,0x0,0x0,0x6,0x0,0x0,
  0x0,0x18,0x47,0x69,0x61,0x6e,0x74,0x20,0x53,0x70,0x72,0x75,0x63,0x65,0x20,0x54,
  0x61,0x69,0x67,0x61,0x20,0x48,0x69,0x6c,0x6c,0x73,0x7,0x0,0x0,0x0,0x5,0x42,
  0x69,0x6f,0x6d,0x65,0x1,0x3,0x0,0x0,0x0,0x1e,0x0,0x52,0x0,0x69,0x0,0x65,
  0x0,0x73,0x0,0x65,0x0,0x6e,0x0,0x62,0x0,0x61,0x0,0x75,0x0,0x6d,0x0,0x74,
  0x0,0x61,0x0,0x69,0x0,0x67,0x0,0x61,0x8,0x0,0x0,0x0,0x0,0x6,0x0,0x0,
  0x0,0x10,0x47,0x69,0x61,0x6e,0x74,0x20,0x54,0x72,0x65,0x65,0x20,0x54,0x61,0x69,
  0x67,0x61,0x7,0x0,0x0,0x0,0x5,0x42,0x69,0x6f,0x6d,0x65,0x1,0x3,0x0,0x0,
  0x0,0x28,0x0,0x52,0x0,0x69,0x0,0x65,0x0,0x73,0x0,0x65,0x0,0x6e,0x0,0x62,
  0x0,0x61,0x0,0x75,0x0,0x6d,0x0,0x74,0x0,0x61,0x0,0x69,0x0,0x67,0x0,0x61,
  0x0,0x68,0x0,0xfc,0x0,0x67,0x0,0x65,0x0,0x6c,0x8,0x0,0x0,0x0,0x0,0x6,
  0x0,0x0,0x0,0x16,0x47,0x69,0x61,0x6e,0x74,0x20,0x54,0x72,0x65,0x65,0x20,0x54,
  0x61,0x69,0x67,0x61,0x20,0x48,0x69,0x6c,0x6c,0x73,0x7,0x0,0x0,0x0,0x5,0x42,
  0x69,0x6f,0x6d,0x65,0x1,0x3,0x0,0x0,0x0,0x16,0x0,0x47,0x0,0x65,0x0,0x72,
  0x0,0xf6,0x0,0x6c,0x0,0x6c,0x0,0x62,0x0,0x65,0x0,0x72,0x0,0x67,0x0,0x65,
  0x8,0x0,0x0,0x0,0x0,0x6,0x0,0x0,0x0,0x12,0x47,0x72,0x61,0x76,0x65,0x6c,
  0x6c,0x79,0x20,0x4d,0x6f,0x75,0x6e,0x74,0x61,0x69,0x6e,0x73,0x7,0x0,0x0,0x0,
  0x5,0x42,0x69,0x6f,0x6d,0x65,0x1,0x3,0x0,0x0,0x0,0x2c,0x0,0x47,0x0,0x65,
  0x0,0x72,0x0,0xf6,0x0,0x6c,0x0,0x6c,0x0,0x62,0x0,0x65,0x0,0x72,0x0,0x67,
  0x0,0x65,0x0,0x20,0x0,0x28,0x0,0x56,0x0,0x61,0x0,0x72,0x0,0x69,0x0,0x61,
  0x0,0x6e,0x0,0x74,0x0,0x65,0x0,0x29,0x8,0x0,0x0,0x0,0x0,0x6,0x0,0x0,
  0x0,0x13,0x47,0x72,0x61,0x76,0x65,0x6c,0x6c,0x79,0x20,0x4d,0x6f,0x75,0x6e,0x74,
  0x61,0x69,0x6e,0x73,0x2b,0x7,0x0,0x0,0x0,0x5,0x42,0x69,0x6f,0x6d,0x65,0x1,
  0x3,0x0,0x0,0x0,0x10,0x0,0x42,0x0,0x65,0x0,0x72,0x0,0x67,0x0,0x68,0x0,
  0x61,0x0,0x69,0x0,0x6e,0x8,0x0,0x0,0x0,0x0,0x6,0x0,0x0,0x0,0x5,0x47,
  0x72,0x6f,0x76,0x65,0x7,0x0,0x0,0x0,0x5,0x42,0x69,0x6f,0x6d,0x65,0x1,0x3,
  0x0,0x0,0x0,0x1e,0x0,0x45,0x0,0x69,0x0,0x73,0x0,0x7a,0x0,0x61,0x0,0x70,
  0x0,0x66,0x0,0x65,0x0,0x6e,0x0,0x74,0x0,0x75,0x0,0x6e,0x0,0x64,0x0,0x72,
  0x0,0x61,0x8,0x0,0x0,0x0,0x0,0x6,0x0,0x0,0x0,0xa,0x49,0x63,0x65,0x20,
  0x53,0x70,0x69,0x6b,0x65,0x73,0x7,0x0,0x0,0x0,0x5,0x42,0x69,0x6f,0x6d,0x65,
  0x1,0x3,0x0,0x0,0x0,0x24,0x0,0x5a,0x0,0x65,0x0,0x72,0x0,0x6b,0x0,0x6c,
  0x0,0xfc,0x0,0x66,0x0,0x74,0x0,0x65,0x0,0x74,0x0,0x65,0x0,0x20,0x0,0x47,
  0x0,0x69,0x0,0x70,0x0,0x66,0x0,0x65,0x0,0x6c,0x8,0x0,0x0,0x0,0x0,0x6,
  0x0,0x0,0x0,0xc,0x4a,0x61,0x67,0x67,0x65,0x64,0x20,0x50,0x65,0x61,0x6b,0x73,
  0x7,0x0,0x0,0x0,0x5,0x42,0x69,0x6f,0x6d,0x65,0x1,0x3,0x0,0x0,0x0,0x12,
  0x0,0x44,0x0,0x73,0x0,0x63,0x0,0x68,0x0,0x75,0x0,0x6e,0x0,0x67,0x0,0x65,
  0x0,0x6c,0x8,0x0,0x0,0x0,0x0,0x6,0x0,0x0,0x0,0x6,0x4a,0x75,0x6e,0x67,
  0x6c,0x65,0x7,0x0,0x0,0x0,0x5,0x42,0x69,0x6f,0x6d,0x65,0x1,0x3,0x0,0x0,
  0x0,0x1a,0x0,0x44,0x0,0x73,0x0,0x63,0x0,0x68,0x0,0x75,0x0,0x6e,0x0,0x67,
  0x0,0x65,0x0,0x6c,0x0,0x72,0x0,0x61,0x0,0x6e,0x0,0x64,0x8,0x0,0x0,0x0,
  0x0,0x6,0x0,0x0,0x0,0xb,0x4a,0x75,0x6e,0x67,0x6c,0x65,0x20,0x45,0x64,0x67,
  0x65,0x7,0x0,0x0,0x0,0x5,0x42,0x69,0x6f,0x6d,0x65,0x1,0x3,0x0,0x0,0x0,
  0x1c,0x0,0x44,0x0,0x73,0x0,0x63,0x0,0x68,0x0,0x75,0x0,0x6e,0x0,0x67,0x0,
  0x65,0x0,0x6c,0x0,0x68,0x0,0xfc,0x0,0x67,0x0,0x65,0x0,0x6c,0x8,0x0,0x0,
  0x0,0x0,0x6,0x0,0x0,0x0,0xc,0x4a,0x75,0x6e,0x67,0x6c,0x65,0x20,0x48,0x69,
  0x6c,0x6c,0x73,0x7,0x0,0x0,0x0,0x5,0x42,0x69,0x6f,0x6d,0x65,0x1,0x3,0x0,
  0x0,0x0,0x1e,0x0,0x4c,0x0,0x61,0x0,0x75,0x0,0x77,0x0,0x61,0x0,0x72,0x0,
  0x6d,0x0,0x65,0x0,0x72,0x0,0x20,0x0,0x4f,0x0,0x7a,0x0,0x65,0x0,0x61,0x0,
  0x6e,0x8,0x0,0x0,0x0,0x0,0x6,0x0,0x0,0x0,0xe,0x4c,0x75,0x6b,0x65,0x77,
  0x61,0x72,0x6d,0x20,0x4f,0x63,0x65,0x61,0x6e,0x7,0x0,0x0,0x0,0x5,0x42,0x69,
  0x6f,0x6d,0x65,0x1,0x3,0x0,0x0,0x0,0x1a,0x0,0xdc,0x0,0x70,0x0,0x70,0x0,
  0x69,0x0,0x67,0x0,0x65,0x0,0x20,0x0,0x48,0x0,0xf6,0x0,0x68,0x0,0x6c,0x0,
  0x65,0x0,0x6e,0x8,0x0,0x0,0x0,0x0,0x6,0x0,0x0,0x0,0xa,0x4c,0x75,0x73,
  0x68,0x20,0x43,0x61,0x76,0x65,0x73,0x7,0x0,0x0,0x0,0x5,0x42,0x69,0x6f,0x6d,
  0x65,0x1,0x3,0x0,0x0,0x0,0x1c,0x0,0x4d,0x0,0x61,0x0,0x6e,0x0,0x67,0x0,
  0x72,0x0,0x6f,0x0,0x76,0x0,0x65,0x0,0x6e,0x0,0x73,0x0,0x75,0x0,0x6d,0x0,
  0x70,0x0,0x66,0x8,0x0,0x0,0x0,0x0,0x6,0x0,0x0,0x0,0xe,0x4d,0x61,0x6e,
  0x67,0x72,0x6f,0x76,0x65,0x20,0x53,0x77,0x61,0x6d,0x70,0x7,0x0,0x0,0x0,0x5,
  0x42,0x69,0x6f,0x6d,0x65,0x1,0x3,0x0,0x0,0x0,0x6,0x0,0x41,0x0,0x6c,0x0,
  0x6d,0x8,0x0,0x0,0x0,0x0,0x6,0x0,0x0,0x0,0x6,0x4d,0x65,0x61,0x64,0x6f,
  0x77,0x7,0x0,0x0,0x0,0x5,0x42,0x69,0x6f,0x6d,0x65,0x1,0x3,0x0,0x0,0x0,
  0x3a,0x0,0x54,0x0,0x61,0x0,0x66,0x0,0x65,0x0,0x6c,0x0,0x62,0x0,0x65,0x0,
  0x72,0x0,0x67,0x0,0x68,0x0,0x6f,0x0,0x63,0x0,0x68,0x0,0x65,0x0,0x62,0x0,
  0x65,0x0,0x6e,0x0,0x65,0x0,0x20,0x0,0x28,0x0,0x56,0x0,0x61,0x0,0x72,0x0,
  0x69,0x0,0x61,0x0,0x6e,0x0,0x74,0x0,0x65,0x0,0x29,0x8,0x0,0x0,0x0,0x0,
  0x6,0x0,0x0,0x0,0x19,0x4d,0x6f,0x64,0x69,0x66,0x69,0x65,0x64,0x20,0x42,0x61,
  0x64,0x6c,0x61,0x6e,0x64,0x73,0x20,0x50,0x6c,0x61,0x74,0x65,0x61,0x75,0x7,0x0,
  0x0,0x0,0x5,0x42,0x69,0x6f,0x6d,0x65,0x1,0x3,0x0,0x0,0x0,0x28,0x0,0x44,
  0x0,0x73,0x0,0x63,0x0,0x68,0x0,0x75,0x0,0x6e,0x0,0x67,0x0,0x65,0x0,0x6c,
  0x0,0x20,0x0,0x28,0x0,0x56,0x0,0x61,0x0,0x72,0x0,0x69,0x0,0x61,0x0,0x6e,
  0x0,0x74,0x0,0x65,0x0,0x29,0x8,0x0,0x0,0x0,0x0,0x6,0x0,0x0,0x0,0xf,
  0x4d,0x6f,0x64,0x69,0x66,0x69,0x65,0x64,0x20,0x4a,0x75,0x6e,0x67,0x6c,0x65,0x7,
  0x0,0x0,0x0,0x5,0x42,0x69,0x6f,0x6d,0x65,0x1,0x3,0x0,0x0,0x0,0x30,0x0,
  0x44,0x0,0x73,0x0,0x63,0x0,0x68,0x0,0x75,0x0,0x6e,0x0,0x67,0x0,0x65,0x0,
  0x6c,0x0,0x72,0x0,0x61,0x0,0x6e,0x0,0x64,0x0,0x20,0x0,0x28,0x0,0x56,0x0,
  0x61,0x0,0x72,0x0,0x69,0x0,0x61,0x0,0x6e,0x0,0x74,0x0,0x65,0x0,0x29,0x8,
  0x0,0x0,0x0,0x0,0x6,0x0,0x0,0x0,0x14,0x4d,0x6f,0x64,0x69,0x66,0x69,0x65,
  0x64,0x20,0x4a,0x75,0x6e,0x67,0x6c,0x65,0x20,0x45,0x64,0x67,0x65,0x7,0x0,0x0,
  0x0,0x5,0x42,0x69,0x6f,0x6d,0x65,0x1,0x3,0x0,0x0,0x0,0x42,0x0,0x54,0x0,
  0x61,0x0,0x66,0x0,0x65,0x0,0x6c,0x0,0x62,0x0,0x65,0x0,0x72,0x0,0x67,0x0,
  0x77,0x0,0x61,0x0,0x6c,0x0,0x64,0x0,0x68,0x0,0x6f,0x0,0x63,0x0,0x68,0x0,
  0x65,0x0,0x62,0x0,0x65,0x0,0x6e,0x0,0x65,0x0,0x20,0x0,0x28,0x0,0x56,0x0,
  0x61,0x0,0x72,0x0,0x69,0x0,0x61,0x0,0x6e,0x0,0x74,0x0,0x65,0x0,0x29,0x8,
  0x0,0x0,0x0,0x0,0x6,0x0,0x0,0x0,0x20,0x4d,0x6f,0x64,0x69,0x66,0x69,0x65,
  0x64,0x20,0x57,0x6f,0x6f,0x64,0x65,0x64,0x20,0x42,0x61,0x64,0x6c,0x61,0x6e,0x64,
  0x73,0x20,0x50,0x6c,0x61,0x74,0x65,0x61,0x75,0x7,0x0,0x0,0x0,0x5,0x42,0x69,
  0x6f,0x6d,0x65,0x1,0x3,0x0,0x0,0x0,0x10,0x0,0x42,0x0,0x65,0x0,0x72,0x0,
  0x67,0x0,0x72,0x0,0x61,0x0,0x6e,0x0,0x64,0x8,0x0,0x0,0x0,0x0,0x6,0x0,
  0x0,0x0,0xd,0x4d,0x6f,0x75,0x6e,0x74,0x61,0x69,0x6e,0x20,0x45,0x64,0x67,0x65,
  0x7,0x0,0x0,0x0,0x5,0x42,0x69,0x6f,0x6d,0x65,0x1,0x3,0x0,0x0,0x0,0xa,
  0x0,0x42,0x0,0x65,0x0,0x72,0x0,0x67,0x0,0x65,0x8,0x0,0x0,0x0,0x0,0x6,
  0x0,0x0,0x0,0x9,0x4d,0x6f,0x75,0x6e,0x74,0x61,0x69,0x6e,0x73,0x7,0x0,0x0,
  0x0,0x5,0x42,0x69,0x6f,0x6d,0x65,0x1,0x3,0x0,0x0,0x0,0x1a,0x0,0x50,0x0,
  0x69,0x0,0x6c,0x0,0x7a,0x0,0x6c,0x0,0x61,0x0,0x6e,0x0,0x64,0x0,0x6b,0x0,
  0xfc,0x0,0x73,0x0,0x74,0x0,0x65,0x8,0x0,0x0,0x0,0x0,0x6,0x0,0x0,0x0,
  0x14,0x4d,0x75,0x73,0x68,0x72,0x6f,0x6f,0x6d,0x20,0x46,0x69,0x65,0x6c,0x64,0x20,
  0x53,0x68,0x6f,0x72,0x65,0x7,0x0,0x0,0x0,0x5,0x42,0x69,0x6f,0x6d,0x65,0x1,
  0x3,0x0,0x0,0x0,0x10,0x0,0x50,0x0,0x69,0x0,0x6c,0x0,0x7a,0x0,0x6c,0x0,
  0x61,0x0,0x6e,0x0,0x64,0x8,0x0,0x0,0x0,0x0,0x6,0x0,0x0,0x0,0xf,0x4d,
  0x75,0x73,0x68,0x72,0x6f,0x6f,0x6d,0x20,0x46,0x69,0x65,0x6c,0x64,0x73,0x7,0x0,
  0x0,0x0,0x5,0x42,0x69,0x6f,0x6d,0x65,0x1,0x3,0x0,0x0,0x0,0x1a,0x0,0x4e,
  0x0,0x65,0x0,0x74,0x0,0x68,0x0,0x65,0x0,0x72,0x0,0x2d,0x0,0xd6,0x0,0x64,
  0x0,0x6c,0x0,0x61,0x0,0x6e,0x0,0x64,0x8,0x0,0x0,0x0,0x0,0x6,0x0,0x0,
  0x0,0xd,0x4e,0x65,0x74,0x68,0x65,0x72,0x20,0x57,0x61,0x73,0x74,0x65,0x73,0x7,
  0x0,0x0,0x0,0x5,0x42,0x69,0x6f,0x6d,0x65,0x1,0x3,0x0,0x0,0x0,0xa,0x0,
  0x4f,0x0,0x7a,0x0,0x65,0x0,0x61,0x0,0x6e,0x8,0x0,0x0,0x0,0x0,0x6,0x0,
  0x0,0x0,0x5,0x4f,0x63,0x65,0x61,0x6e,0x7,0x0,0x0,0x0,0x5,0x42,0x69,0x6f,
  0x6d,0x65,0x1,0x3,0x0,0x0,0x0,0x1a,0x0,0x42,0x0,0x69,0x0,0x72,0x0,0x6b,
  0x0,0x65,0x0,0x6e,0x0,0x2d,0x0,0x55,0x0,0x72,0x0,0x77,0x0,0x61,0x0,0x6c,
  0x0,0x64,0x8,0x0,0x0,0x0,0x0,0x6,0x0,0x0,0x0,0x17,0x4f,0x6c,0x64,0x20,
  0x47,0x72,0x6f,0x77,0x74,0x68,0x20,0x42,0x69,0x72,0x63,0x68,0x20,0x46,0x6f,0x72,
  0x65,0x73,0x74,0x7,0x0,0x0,0x0,0x5,0x42,0x69,0x6f,0x6d,0x65,0x1,0x3,0x0,
  0x0,0x0,0x1e,0x0,0x4b,0x0,0x69,0x0,0x65,0x0,0x66,0x0,0x65,0x0,0x72,0x0,
  0x6e,0x0,0x2d,0x0,0x55,0x0,0x72,0x0,0x74,0x0,0x61,0x0,0x69,0x0,0x67,0x0,
  0x61,0x8,0x0,0x0,0x0,0x0,0x6,0x0,0x0,0x0,0x15,0x4f,0x6c,0x64,0x20,0x47,
  0x72,0x6f,0x77,0x74,0x68,0x20,0x50,0x69,0x6e,0x65,0x20,0x54,0x61,0x69,0x67,0x61,
  0x7,0x0,0x0,0x0,0x5,0x42,0x69,0x6f,0x6d,0x65,0x1,0x3,0x0,0x0,0x0,0x1e,
  0x0,0x46,0x0,0x69,0x0,0x63,0x0,0x68,0x0,0x74,0x0,0x65,0x0,0x6e,0x0,0x2d,
  0x0,0x55,0x0,0x72,0x0,0x74,0x0,0x61,0x0,0x69,0x0,0x67,0x0,0x61,0x8,0x0,
  0x0,0x0,0x0,0x6,0x0,0x0,0x0,0x17,0x4f,0x6c,0x64,0x20,0x47,0x72,0x6f,0x77,
  0x74,0x68,0x20,0x53,0x70,0x72,0x75,0x63,0x65,0x20,0x54,0x61,0x69,0x67,0x61,0x7,
  0x0,0x0,0x0,0x5,0x42,0x69,0x6f,0x6d,0x65,0x1,0x3,0x0,0x0,0x0,0x1c,0x0,
  0x42,0x0,0x6c,0x0,0x61,0x0,0x73,0x0,0x73,0x0,0x65,0x0,0x72,0x0,0x20,0x0,
  0x47,0x0,0x61,0x0,0x72,0x0,0x74,0x0,0x65,0x0,0x6e,0x8,0x0,0x0,0x0,0x0,
  0x6,0x0,0x0,0x0,0xb,0x50,0x61,0x6c,0x65,0x20,0x47,0x61,0x72,0x64,0x65,0x6e,
  0x7,0x0,0x0,0x0,0x5,0x42,0x69,0x6f,0x6d,0x65,0x1,0x3,0x0,0x0,0x0,0xa,
  0x0,0x45,0x0,0x62,0x0,0x65,0x0,0x6e,0x0,0x65,0x8,0x0,0x0,0x0,0x0,0x6,
  0x0,0x0,0x0,0x6,0x50,0x6c,0x61,0x69,0x6e,0x73,0x7,0x0,0x0,0x0,0x5,0x42,
  0x69,0x6f,0x6d,0x65,0x1,0x3,0x0,0x0,0x0,0x12,0x0,0x52,0x0,0x65,0x0,0x67,
  0x0,0x65,0x0,0x6e,0x0,0x77,0x0,0x61,0x0,0x6c,0x0,0x64,0x8,0x0,0x0,0x0,
  0x0,0x6,0x0,0x0,0x0,0xb,0x52,0x61,0x69,0x6e,0x20,0x46,0x6f,0x72,0x65,0x73,
  0x74,0x7,0x0,0x0,0x0,0x5,0x42,0x69,0x6f,0x6d,0x65,0x1,0x3,0x0,0x0,0x0,
  0xa,0x0,0x46,0x0,0x6c,0x0,0x75,0x0,0x73,0x0,0x73,0x8,0x0,0x0,0x0,0x0,
  0x6,0x0,0x0,0x0,0x5,0x52,0x69,0x76,0x65,0x72,0x7,0x0,0x0,0x0,0x5,0x42,
  0x69,0x6f,0x6d,0x65,0x1,0x3,0x0,0x0,0x0,0xe,0x0,0x53,0x0,0x61,0x0,0x76,
  0x0,0x61,0x0,0x6e,0x0,0x6e,0x0,0x65,0x8,0x0,0x0,0x0,0x0,0x6,0x0,0x0,
  0x0,0x7,0x53,0x61,0x76,0x61,0x6e,0x6e,0x61,0x7,0x0,0x0,0x0,0x5,0x42,0x69,
  0x6f,0x6d,0x65,0x1,0x3,0x0,0x0,0x0,0x22,0x0,0x53,0x0,0x61,0x0,0x76,0x0,
  0x61,0x0,0x6e,0x0,0x6e,0x0,0x65,0x0,0x6e,0x0,0x68,0x0,0x6f,0x0,0x63,0x0,
  0x68,0x0,0x65,0x0,0x62,0x0,0x65,0x0,0x6e,0x0,0x65,0x8,0x0,0x0,0x0,0x0,
  0x6,0x0,0x0,0x0,0xf,0x53,0x61,0x76,0x61,0x6e,0x6e,0x61,0x20,0x50,0x6c,0x61,
  0x74,0x65,0x61,0x75,0x7,0x0,0x0,0x0,0x5,0x42,0x69,0x6f,0x6d,0x65,0x1,0x3,
  0x0,0x0,0x0,0x14,0x0,0x53,0x0,0x61,0x0,0x69,0x0,0x73,0x0,0x6f,0x0,0x6e,
  0x0,0x77,0x0,0x61,0x0,0x6c,0x0,0x64,0x8,0x0,0x0,0x0,0x0,0x6,0x0,0x0,
  0x0,0xf,0x53,0x65,0x61,0x73,0x6f,0x6e,0x61,0x6c,0x20,0x46,0x6f,0x72,0x65,0x73,
  0x74,0x7,0x0,0x0,0x0,0x5,0x42,0x69,0x6f,0x6d,0x65,0x1,0x3,0x0,0x0,0x0,
  0x26,0x0,0x5a,0x0,0x65,0x0,0x72,0x0,0x6b,0x0,0x6c,0x0,0xfc,0x0,0x66,0x0,
  0x74,0x0,0x65,0x0,0x74,0x0,0x65,0x0,0x20,0x0,0x53,0x0,0x61,0x0,0x76,0x0,
  0x61,0x0,0x6e,0x0,0x6e,0x0,0x65,0x8,0x0,0x0,0x0,0x0,0x6,0x0,0x0,0x0,
  0x11,0x53,0x68,0x61,0x74,0x74,0x65,0x72,0x65,0x64,0x20,0x53,0x61,0x76,0x61,0x6e,
  0x6e,0x61,0x7,0x0,0x0,0x0,0x5,0x42,0x69,0x6f,0x6d,0x65,0x1,0x3,0x0,0x0,
  0x0,0x3a,0x0,0x5a,0x0,0x65,0x0,0x72,0x0,0x6b,0x0,0x6c,0x0,0xfc,0x0,0x66,
  0x0,0x74,0x0,0x65,0x0,0x74,0x0,0x65,0x0,0x20,0x0,0x53,0x0,0x61,0x0,0x76,
  0x0,0x61,0x0,0x6e,0x0,0x6e,0x0,0x65,0x0,0x6e,0x0,0x68,0x0,0x6f,0x0,0x63,
  0x0,0x68,0x0,0x65,0x0,0x62,0x0,0x65,0x0,0x6e,0x0,0x65,0x8,0x0,0x0,0x0,
  0x0,0x6,0x0,0x0,0x0,0x19,0x53,0x68,0x61,0x74,0x74,0x65,0x72,0x65,0x64,0x20,
  0x53,0x61,0x76,0x61,0x6e,0x6e,0x61,0x20,0x50,0x6c,0x61,0x74,0x65,0x61,0x75,0x7,
  0x0,0x0,0x0,0x5,0x42,0x69,0x6f,0x6d,0x65,0x1,0x3,0x0,0x0,0x0,0x12,0x0,
  0x42,0x0,0x75,0x0,0x73,0x0,0x63,0x0,0x68,0x0,0x6c,0x0,0x61,0x0,0x6e,0x0,
  0x64,0x8,0x0,0x0,0x0,0x0,0x6,0x0,0x0,0x0,0x9,0x53,0x68,0x72,0x75,0x62,
  0x6c,0x61,0x6e,0x64,0x7,0x0,0x0,0x0,0x5,0x42,0x69,0x6f,0x6d,0x65,0x1,0x3,
  0x0,0x0,0x0,0x20,0x0,0x4b,0x0,0x6c,0x0,0x65,0x0,0x69,0x0,0x6e,0x0,0x65,
  0x0,0x20,0x0,0x45,0x0,0x6e,0x0,0x64,0x0,0x69,0x0,0x6e,0x0,0x73,0x0,0x65,
  0x0,0x6c,0x0,0x6e,0x8,0x0,0x0,0x0,0x0,0x6,0x0,0x0,0x0,0x11,0x53,0x6d,
  0x61,0x6c,0x6c,0x20,0x45,0x6e,0x64,0x20,0x49,0x73,0x6c,0x61,0x6e,0x64,0x73,0x7,
  0x0,0x0,0x0,0x5,0x42,0x69,0x6f,0x6d,0x65,0x1,0x3,0x0,0x0,0x0,0x26,0x0,
  0x56,0x0,0x65,0x0,0x72,0x0,0x73,0x0,0x63,0x0,0x68,0x0,0x6e,0x0,0x65,0x0,
  0x69,0x0,0x74,0x0,0x65,0x0,0x72,0x0,0x20,0x0,0x53,0x0,0x74,0x0,0x72,0x0,
  0x61,0x0,0x6e,0x0,0x64,0x8,0x0,0x0,0x0,0x0,0x6,0x0,0x0,0x0,0xb,0x53,
  0x6e,0x6f,0x77,0x79,0x20,0x42,0x65,0x61,0x63,0x68,0x7,0x0,0x0,0x0,0x5,0x42,
  0x69,0x6f,0x6d,0x65,0x1,0x3,0x0,0x0,0x0,0x22,0x0,0x56,0x0,0x65,0x0,0x72,
  0x0,0x73,0x0,0x63,0x0,0x68,0x0,0x6e,0x0,0x65,0x0,0x69,0x0,0x74,0x0,0x65,
  0x0,0x20,0x0,0x42,0x0,0x65,0x0,0x72,0x0,0x67,0x0,0x65,0x8,0x0,0x0,0x0,
  0x0,0x6,0x0,0x0,0x0,0xf,0x53,0x6e,0x6f,0x77,0x79,0x20,0x4d,0x6f,0x75,0x6e,
  0x74,0x61,0x69,0x6e,0x73,0x7,0x0,0x0,0x0,0x5,0x42,0x69,0x6f,0x6d,0x65,0x1,
  0x3,0x0,0x0,0x0,0x22,0x0,0x56,0x0,0x65,0x0,0x72,0x0,0x73,0x0,0x63,0x0,
  0x68,0x0,0x6e,0x0,0x65,0x0,0x69,0x0,0x74,0x0,0x65,0x0,0x20,0x0,0x45,0x0,
  0x62,0x0,0x65,0x0,0x6e,0x0,0x65,0x8,0x0,0x0,0x0,0x0,0x6,0x0,0x0,0x0,
  0xc,0x53,0x6e,0x6f,0x77,0x79,0x20,0x50,0x6c,0x61,0x69,0x6e,0x73,0x7,0x0,0x0,
  0x0,0x5,0x42,0x69,0x6f,0x6d,0x65,0x1,0x3,0x0,0x0,0x0,0x22,0x0,0x56,0x0,
  0x65,0x0,0x72,0x0,0x73,0x0,0x63,0x0,0x68,0x0,0x6e,0x0,0x65,0x0,0x69,0x0,
  0x74,0x0,0x65,0x0,0x20,0x0,0x48,0x0,0xe4,0x0,0x6e,0x0,0x67,0x0,0x65,0x8,
  0x0,0x0,0x0,0x0,0x6,0x0,0x0,0x0,0xc,0x53,0x6e,0x6f,0x77,0x79,0x20,0x53,
  0x6c,0x6f,0x70,0x65,0x73,0x7,0x0,0x0,0x0,0x5,0x42,0x69,0x6f,0x6d,0x65,0x1,
  0x3,0x0,0x0,0x0,0x22,0x0,0x56,0x0,0x65,0x0,0x72,0x0,0x73,0x0,0x63,0x0,
  0x68,0x0,0x6e,0x0,0x65,0x0,0x69,0x0,0x74,0x0,0x65,0x0,0x20,0x0,0x54,0x0,
  0x61,0x0,0x69,0x0,0x67,0x0,0x61,0x8,0x0,0x0,0x0,0x0,0x6,0x0,0x0,0x0,
  0xb,0x53,0x6e,0x6f,0x77,0x79,0x20,0x54,0x61,0x69,0x67,0x61,0x7,0x0,0x0,0x0,
  0x5,0x42,0x69,0x6f,0x6d,0x65,0x1,0x3,0x0,0x0,0x0,0x2c,0x0,0x56,0x0,0x65,
  0x0,0x72,0x0,0x73,0x0,0x63,0x0,0x68,0x0,0x6e,0x0,0x65,0x0,0x69,0x0,0x74,
  0x0,0x65,0x0,0x20,0x0,0x54,0x0,0x61,0x0,0x69,0x0,0x67,0x0,0x61,0x0,0x68,
  0x0,0xfc,0x0,0x67,0x0,0x65,0x0,0x6c,0x8,0x0,0x0,0x0,0x0,0x6,0x0,0x0,
  0x0,0x11,0x53,0x6e,0x6f,0x77,0x79,0x20,0x54,0x61,0x69,0x67,0x61,0x20,0x48,0x69,
  0x6c,0x6c,0x73,0x7,0x0,0x0,0x0,0x5,0x42,0x69,0x6f,0x6d,0x65,0x1,0x3,0x0,
  0x0,0x0,0x2c,0x0,0x56,0x0,0x65,0x0,0x72,0x0,0x73,0x0,0x63,0x0,0x68,0x0,
  0x6e,0x0,0x65,0x0,0x69,0x0,0x74,0x0,0x65,0x0,0x20,0x0,0x54,0x0,0x61,0x0,
  0x69,0x0,0x67,0x0,0x61,0x0,0x62,0x0,0x65,0x0,0x72,0x0,0x67,0x0,0x65,0x8,
  0x0,0x0,0x0,0x0,0x6,0x0,0x0,0x0,0x15,0x53,0x6e,0x6f,0x77,0x79,0x20,0x54,
  0x61,0x69,0x67,0x61,0x20,0x4d,0x6f,0x75,0x6e,0x74,0x61,0x69,0x6e,0x73,0x7,0x0,
  0x0,0x0,0x5,0x42,0x69,0x6f,0x6d,0x65,0x1,0x3,0x0,0x0,0x0,0x1a,0x0,0x53,
  0x0,0x65,0x0,0x65,0x0,0x6c,0x0,0x65,0x0,0x6e,0x0,0x73,0x0,0x61,0x0,0x6e,
  0x0,0x64,0x0,0x74,0x0,0x61,0x0,0x6c,0x8,0x0,0x0,0x0,0x0,0x6,0x0,0x0,
  0x0,0x10,0x53,0x6f,0x75,0x6c,0x20,0x53,0x61,0x6e,0x64,0x20,0x56,0x61,0x6c,0x6c,
  0x65,0x79,0x7,0x0,0x0,0x0,0x5,0x42,0x69,0x6f,0x6d,0x65,0x1,0x3,0x0,0x0,
  0x0,0x22,0x0,0x4c,0x0,0x69,0x0,0x63,0x0,0x68,0x0,0x74,0x0,0x65,0x0,0x72,
  0x0,0x20,0x0,0x44,0x0,0x73,0x0,0x63,0x0,0x68,0x0,0x75,0x0,0x6e,0x0,0x67,
  0x0,0x65,0x0,0x6c,0x8,0x0,0x0,0x0,0x0,0x6,0x0,0x0,0x0,0xd,0x53,0x70,
  0x61,0x72,0x73,0x65,0x20,0x4a,0x75,0x6e,0x67,0x6c,0x65,0x7,0x0,0x0,0x0,0x5,
  0x42,0x69,0x6f,0x6d,0x65,0x1,0x3,0x0,0x0,0x0,0x12,0x0,0x46,0x0,0x65,0x0,
  0x6c,0x0,0x73,0x0,0x6b,0x0,0xfc,0x0,0x73,0x0,0x74,0x0,0x65,0x8,0x0,0x0,
  0x0,0x0,0x6,0x0,0x0,0x0,0xb,0x53,0x74,0x6f,0x6e,0x65,0x20,0x53,0x68,0x6f,
  0x72,0x65,0x7,0x0,0x0,0x0,0x5,0x42,0x69,0x6f,0x6d,0x65,0x1,0x3,0x0,0x0,
  0x0,0x1e,0x0,0x53,0x0,0x74,0x0,0x65,0x0,0x69,0x0,0x6e,0x0,0x69,0x0,0x67,
  0x0,0x65,0x0,0x20,0x0,0x47,0x0,0x69,0x0,0x70,0x0,0x66,0x0,0x65,0x0,0x6c,
  0x8,0x0,0x0,0x0,0x0,0x6,0x0,0x0,0x0,0xb,0x53,0x74,0x6f,0x6e,0x79,0x20,
  0x50,0x65,0x61,0x6b,0x73,0x7,0x0,0x0,0x0,0x5,0x42,0x69,0x6f,0x6d,0x65,0x1,
  0x3,0x0,0x0,0x0,0x1c,0x0,0x53,0x0,0x74,0x0,0x65,0x0,0x69,0x0,0x6e,0x0,
  0x69,0x0,0x67,0x0,0x65,0x0,0x20,0x0,0x4b,0x0,0xfc,0x0,0x73,0x0,0x74,0x0,
  0x65,0x8,0x0,0x0,0x0,0x0,0x6,0x0,0x0,0x0,0xb,0x53,0x74,0x6f,0x6e,0x79,
  0x20,0x53,0x68,0x6f,0x72,0x65,0x7,0x0,0x0,0x0,0x5,0x42,0x69,0x6f,0x6d,0x65,
  0x1,0x3,0x0,0x0,0x0,0x22,0x0,0x53,0x0,0x6f,0x0,0x6e,0x0,0x6e,0x0,0x65,
  0x0,0x6e,0x0,0x62,0x0,0x6c,0x0,0x75,0x0,0x6d,0x0,0x65,0x0,0x6e,0x0,0x65,
  0x0,0x62,0x0,0x65,0x0,0x6e,0x0,0x65,0x8,0x0,0x0,0x0,0x0,0x6,0x0,0x0,
  0x0,0x10,0x53,0x75,0x6e,0x66,0x6c,0x6f,0x77,0x65,0x72,0x20,0x50,0x6c,0x61,0x69,
  0x6e,0x73,0x7,0x0,0x0,0x0,0x5,0x42,0x69,0x6f,0x6d,0x65,0x1,0x3,0x0,0x0,
  0x0,0xa,0x0,0x53,0x0,0x75,0x0,0x6d,0x0,0x70,0x0,0x66,0x8,0x0,0x0,0x0,
  0x0,0x6,0x0,0x0,0x0,0x5,0x53,0x77,0x61,0x6d,0x70,0x7,0x0,0x0,0x0,0x5,
  0x42,0x69,0x6f,0x6d,0x65,0x1,0x3,0x0,0x0,0x0,0x14,0x0,0x53,0x0,0x75,0x0,
  0x6d,0x0,0x70,0x0,0x66,0x0,0x68,0x0,0xfc,0x0,0x67,0x0,0x65,0x0,0x6c,0x8,
  0x0,0x0,0x0,0x0,0x6,0x0,0x0,0x0,0xb,0x53,0x77,0x61,0x6d,0x70,0x20,0x48,
  0x69,0x6c,0x6c,0x73,0x7,0x0,0x0,0x0,0x5,0x42,0x69,0x6f,0x6d,0x65,0x1,0x3,
  0x0,0x0,0x0,0xa,0x0,0x54,0x0,0x61,0x0,0x69,0x0,0x67,0x0,0x61,0x8,0x0,
  0x0,0x0,0x0,0x6,0x0,0x0,0x0,0x5,0x54,0x61,0x69,0x67,0x61,0x7,0x0,0x0,
  0x0,0x5,0x42,0x69,0x6f,0x6d,0x65,0x1,0x3,0x0,0x0,0x0,0x14,0x0,0x54,0x0,
  0x61,0x0,0x69,0x0,0x67,0x0,0x61,0x0,0x68,0x0,0xfc,0x0,0x67,0x0,0x65,0x0,
  0x6c,0x8,0x0,0x0,0x0,0x0,0x6,0x0,0x0,0x0,0xb,0x54,0x61,0x69,0x67,0x61,
  0x20,0x48,0x69,0x6c,0x6c,0x73,0x7,0x0,0x0,0x0,0x5,0x42,0x69,0x6f,0x6d,0x65,
  0x1,0x3,0x0,0x0,0x0,0x14,0x0,0x54,0x0,0x61,0x0,0x69,0x0,0x67,0x0,0x61,
  0x0,0x62,0x0,0x65,0x0,0x72,0x0,0x67,0x0,0x65,0x8,0x0,0x0,0x0,0x0,0x6,
  0x0,0x0,0x0,0xf,0x54,0x61,0x69,0x67,0x61,0x20,0x4d,0x6f,0x75,0x6e,0x74,0x61,
  0x69,0x6e,0x73,0x7,0x0,0x0,0x0,0x5,0x42,0x69,0x6f,0x6d,0x65,0x1,0x3,0x0,
  0x0,0x0,0x1c,0x0,0x48,0x0,0x6f,0x0,0x63,0x0,0x68,0x0,0x62,0x0,0x69,0x0,
  0x72,0x0,0x6b,0x0,0x65,0x0,0x6e,0x0,0x77,0x0,0x61,0x0,0x6c,0x0,0x64,0x8,
  0x0,0x0,0x0,0x0,0x6,0x0,0x0,0x0,0x11,0x54,0x61,0x6c,0x6c,0x20,0x42,0x69,
  0x72,0x63,0x68,0x20,0x46,0x6f,0x72,0x65,0x73,0x74,0x7,0x0,0x0,0x0,0x5,0x42,
  0x69,0x6f,0x6d,0x65,0x1,0x3,0x0,0x0,0x0,0x26,0x0,0x48,0x0,0x6f,0x0,0x63,
  0x0,0x68,0x0,0x62,0x0,0x69,0x0,0x72,0x0,0x6b,0x0,0x65,0x0,0x6e,0x0,0x77,
  0x0,0x61,0x0,0x6c,0x0,0x64,0x0,0x68,0x0,0xfc,0x0,0x67,0x0,0x65,0x0,0x6c,
  0x8,0x0,0x0,0x0,0x0,0x6,0x0,0x0,0x0,0x10,0x54,0x61,0x6c,0x6c,0x20,0x42,
  0x69,0x72,0x63,0x68,0x20,0x48,0x69,0x6c,0x6c,0x73,0x7,0x0,0x0,0x0,0x5,0x42,
  0x69,0x6f,0x6d,0x65,0x1,0x3,0x0,0x0,0x0,0x10,0x0,0x44,0x0,0x61,0x0,0x73,
  0x0,0x20,0x0,0x45,0x0,0x6e,0x0,0x64,0x0,0x65,0x8,0x0,0x0,0x0,0x0,0x6,
  0x0,0x0,0x0,0x7,0x54,0x68,0x65,0x20,0x45,0x6e,0x64,0x7,0x0,0x0,0x0,0x5,
  0x42,0x69,0x6f,0x6d,0x65,0x1,0x3,0x0,0x0,0x0,0x12,0x0,0x44,0x0,0x69,0x0,
  0x65,0x0,0x20,0x0,0x4c,0x0,0x65,0x0,0x65,0x0,0x72,0x0,0x65,0x8,0x0,0x0,
  0x0,0x0,0x6,0x0,0x0,0x0,0x8,0x54,0x68,0x65,0x20,0x56,0x6f,0x69,0x64,0x7,
  0x0,0x0,0x0,0x5,0x42,0x69,0x6f,0x6d,0x65,0x1,0x3,0x0,0x0,0x0,0x18,0x0,
  0x57,0x0,0x61,0x0,0x72,0x0,0x6d,0x0,0x65,0x0,0x72,0x0,0x20,0x0,0x4f,0x0,
  0x7a,0x0,0x65,0x0,0x61,0x0,0x6e,0x8,0x0,0x0,0x0,0x0,0x6,0x0,0x0,0x0,
  0xa,0x57,0x61,0x72,0x6d,0x20,0x4f,0x63,0x65,0x61,0x6e,0x7,0x0,0x0,0x0,0x5,
  0x42,0x69,0x6f,0x6d,0x65,0x1,0x3,0x0,0x0,0x0,0x10,0x0,0x57,0x0,0x69,0x0,
  0x72,0x0,0x72,0x0,0x77,0x0,0x61,0x0,0x6c,0x0,0x64,0x8,0x0,0x0,0x0,0x0,
  0x6,0x0,0x0,0x0,0xd,0x57,0x61,0x72,0x70,0x65,0x64,0x20,0x46,0x6f,0x72,0x65,
  0x73,0x74,0x7,0x0,0x0,0x0,0x5,0x42,0x69,0x6f,0x6d,0x65,0x1,0x3,0x0,0x0,
  0x0,0x1e,0x0,0x5a,0x0,0x65,0x0,0x72,0x0,0x7a,0x0,0x61,0x0,0x75,0x0,0x73,
  0x0,0x74,0x0,0x65,0x0,0x72,0x0,0x20,0x0,0x57,0x0,0x61,0x0,0x6c,0x0,0x64,
  0x8,0x0,0x0,0x0,0x0,0x6,0x0,0x0,0x0,0x10,0x57,0x69,0x6e,0x64,0x73,0x77,
  0x65,0x70,0x74,0x20,0x46,0x6f,0x72,0x65,0x73,0x74,0x7,0x0,0x0,0x0,0x5,0x42,
  0x69,0x6f,0x6d,0x65,0x1,0x3,0x0,0x0,0x0,0x2a,0x0,0x5a,0x0,0x65,0x0,0x72,
  0x0,0x7a,0x0,0x61,0x0,0x75,0x0,0x73,0x0,0x74,0x0,0x65,0x0,0x20,0x0,0x47,
  0x0,0x65,0x0,0x72,0x0,0xf6,0x0,0x6c,0x0,0x6c,0x0,0x68,0x0,0xfc,0x0,0x67,
  0x0,0x65,0x0,0x6c,0x8,0x0,0x0,0x0,0x0,0x6,0x0,0x0,0x0,0x18,0x57,0x69,
  0x6e,0x64,0x73,0x77,0x65,0x70,0x74,0x20,0x47,0x72,0x61,0x76,0x65,0x6c,0x6c,0x79,
  0x20,0x48,0x69,0x6c,0x6c,0x73,0x7,0x0,0x0,0x0,0x5,0x42,0x69,0x6f,0x6d,0x65,
  0x1,0x3,0x0,0x0,0x0,0x1e,0x0,0x5a,0x0,0x65,0x0,0x72,0x0,0x7a,0x0,0x61,
  0x0,0x75,0x0,0x73,0x0,0x74,0x0,0x65,0x0,0x20,0x0,0x48,0x0,0xfc,0x0,0x67,
  0x0,0x65,0x0,0x6c,0x8,0x0,0x0,0x0,0x0,0x6,0x0,0x0,0x0,0xf,0x57,0x69,
  0x6e,0x64,0x73,0x77,0x65,0x70,0x74,0x20,0x48,0x69,0x6c,0x6c,0x73,0x7,0x0,0x0,
  0x0,0x5,0x42,0x69,0x6f,0x6d,0x65,0x1,0x3,0x0,0x0,0x0,0x22,0x0,0x5a,0x0,
  0x65,0x0,0x72,0x0,0x7a,0x0,0x61,0x0,0x75,0x0,0x73,0x0,0x74,0x0,0x65,0x0,
  0x20,0x0,0x53,0x0,0x61,0x0,0x76,0x0,0x61,0x0,0x6e,0x0,0x6e,0x0,0x65,0x8,
  0x0,0x0,0x0,0x0,0x6,0x0,0x0,0x0,0x11,0x57,0x69,0x6e,0x64,0x73,0x77,0x65,
  0x70,0x74,0x20,0x53,0x61,0x76,0x61,0x6e,0x6e,0x61,0x7,0x0,0x0,0x0,0x5,0x42,
  0x69,0x6f,0x6d,0x65,0x1,0x3,0x0,0x0,0x0,0x28,0x0,0x42,0x0,0x65,0x0,0x77,
  0x0,0x61,0x0,0x6c,0x0,0x64,0x0,0x65,0x0,0x74,0x0,0x65,0x0,0x20,0x0,0x54,
  0x0,0x61,0x0,0x66,0x0,0x65,0x0,0x6c,0x0,0x62,0x0,0x65,0x0,0x72,0x0,0x67,
  0x0,0x65,0x8,0x0,0x0,0x0,0x0,0x6,0x0,0x0,0x0,0xf,0x57,0x6f,0x6f,0x64,
  0x65,0x64,0x20,0x42,0x61,0x64,0x6c,0x61,0x6e,0x64,0x73,0x7,0x0,0x0,0x0,0x5,
  0x42,0x69,0x6f,0x6d,0x65,0x1,0x3,0x0,0x0,0x0,0x2c,0x0,0x54,0x0,0x61,0x0,
  0x66,0x0,0x65,0x0,0x6c,0x0,0x62,0x0,0x65,0x0,0x72,0x0,0x67,0x0,0x77,0x0,
  0x61,0x0,0x6c,0x0,0x64,0x0,0x68,0x0,0x6f,0x0,0x63,0x0,0x68,0x0,0x65,0x0,
  0x62,0x0,0x65,0x0,0x6e,0x0,0x65,0x8,0x0,0x0,0x0,0x0,0x6,0x0,0x0,0x0,
  0x17,0x57,0x6f,0x6f,0x64,0x65,0x64,0x20,0x42,0x61,0x64,0x6c,0x61,0x6e,0x64,0x73,
  0x20,0x50,0x6c,0x61,0x74,0x65,0x61,0x75,0x7,0x0,0x0,0x0,0x5,0x42,0x69,0x6f,
  0x6d,0x65,0x1,0x3,0x0,0x0,0x0,0x12,0x0,0x57,0x0,0x61,0x0,0x6c,0x0,0x64,
  0x0,0x68,0x0,0xfc,0x0,0x67,0x0,0x65,0x0,0x6c,0x8,0x0,0x0,0x0,0x0,0x6,
  0x0,0x0,0x0,0xc,0x57,0x6f,0x6f,0x64,0x65,0x64,0x20,0x48,0x69,0x6c,0x6c,0x73,
  0x7,0x0,0x0,0x0,0x5,0x42,0x69,0x6f,0x6d,0x65,0x1,0x3,0x0,0x0,0x0,0x10,
  0x0,0x42,0x0,0x65,0x0,0x72,0x0,0x67,0x0,0x77,0x0,0x61,0x0,0x6c,0x0,0x64,
  0x8,0x0,0x0,0x0,0x0,0x6,0x0,0x0,0x0,0x10,0x57,0x6f,0x6f,0x64,0x65,0x64,
  0x20,0x4d,0x6f,0x75,0x6e,0x74,0x61,0x69,0x6e,0x73,0x7,0x0,0x0,0x0,0x5,0x42,
  0x69,0x6f,0x6d,0x65,0x1,0x3,0x0,0x0,0x0,0x22,0x0,0x41,0x0,0x6c,0x0,0x6c,
  0x0,0x65,0x0,0x20,0x0,0x7a,0x0,0x75,0x0,0x72,0x0,0xfc,0x0,0x63,0x0,0x6b,
  0x0,0x73,0x0,0x65,0x0,0x74,0x0,0x7a,0x0,0x65,0x0,0x6e,0x8,0x0,0x0,0x0,
  0x0,0x6,0x0,0x0,0x0,0xe,0x41,0x6c,0x6c,0x20,0x74,0x6f,0x20,0x64,0x65,0x66,
  0x61,0x75,0x6c,0x74,0x7,0x0,0x0,0x0,0x10,0x42,0x69,0x6f,0x6d,0x65,0x43,0x6f,
  0x6c,0x6f,0x72,0x44,0x69,0x61,0x6c,0x6f,0x67,0x1,0x3,0x0,0x0,0x0,0x20,0x0,
  0x41,0x0,0x6c,0x0,0x6c,0x0,0x65,0x0,0x20,0x0,0x61,0x0,0x62,0x0,0x67,0x0,
  0x65,0x0,0x64,0x0,0x75,0x0,0x6e,0x0,0x6b,0x0,0x65,0x0,0x6c,0x0,0x74,0x8,
  0x0,0x0,0x0,0x0,0x6,0x0,0x0,0x0,0xd,0x41,0x6c,0x6c,0x20,0x74,0x6f,0x20,
  0x64,0x69,0x6d,0x6d,0x65,0x64,0x7,0x0,0x0,0x0,0x10,0x42,0x69,0x6f,0x6d,0x65,
  0x43,0x6f,0x6c,0x6f,0x72,0x44,0x69,0x61,0x6c,0x6f,0x67,0x1,0x3,0x0,0x0,0x0,
  0x20,0x0,0x42,0x0,0x69,0x0,0x6f,0x0,0x6d,0x0,0x2d,0x0,0x46,0x0,0x61,0x0,
  0x72,0x0,0x62,0x0,0x2d,0x0,0x45,0x0,0x64,0x0,0x69,0x0,0x74,0x0,0x6f,0x0,
  0x72,0x8,0x0,0x0,0x0,0x0,0x6,0x0,0x0,0x0,0x12,0x42,0x69,0x6f,0x6d,0x65,
  0x20,0x43,0x6f,0x6c,0x6f,0x72,0x20,0x45,0x64,0x69,0x74,0x6f,0x72,0x7,0x0,0x0,
  0x0,0x10,0x42,0x69,0x6f,0x6d,0x65,0x43,0x6f,0x6c,0x6f,0x72,0x44,0x69,0x61,0x6c,
  0x6f,0x67,0x1,0x3,0x0,0x0,0x0,0x18,0x0,0x46,0x0,0x61,0x0,0x72,0x0,0x62,
  0x0,0x74,0x0,0x61,0x0,0x62,0x0,0x65,0x0,0x6c,0x0,0x6c,0x0,0x65,0x0,0x3a,
  0x8,0x0,0x0,0x0,0x0,0x6,0x0,0x0,0x0,0x10,0x42,0x69,0x6f,0x6d,0x65,0x20,
  0x63,0x6f,0x6c,0x6f,0x72,0x20,0x6d,0x61,0x70,0x3a,0x7,0x0,0x0,0x0,0x10,0x42,
  0x69,0x6f,0x6d,0x65,0x43,0x6f,0x6c,0x6f,0x72,0x44,0x69,0x61,0x6c,0x6f,0x67,0x1,
  0x3,0x0,0x0,0x0,0x16,0x0,0x42,0x0,0x69,0x0,0x6f,0x0,0x6d,0x0,0x66,0x0,
  0x61,0x0,0x72,0x0,0x62,0x0,0x65,0x0,0x6e,0x0,0x3a,0x8,0x0,0x0,0x0,0x0,
  0x6,0x0,0x0,0x0,0xd,0x42,0x69,0x6f,0x6d,0x65,0x20,0x63,0x6f,0x6c,0x6f,0x72,
  0x73,0x3a,0x7,0x0,0x0,0x0,0x10,0x42,0x69,0x6f,0x6d,0x65,0x43,0x6f,0x6c,0x6f,
  0x72,0x44,0x69,0x61,0x6c,0x6f,0x67,0x1,0x3,0x0,0x0,0x0,0x76,0x0,0x46,0x0,
  0x61,0x0,0x72,0x0,0x62,0x0,0x64,0x0,0x65,0x0,0x66,0x0,0x69,0x0,0x6e,0x0,
  0x69,0x0,0x74,0x0,0x69,0x0,0x6f,0x0,0x6e,0x0,0x73,0x0,0x64,0x0,0x61,0x0,
  0x74,0x0,0x65,0x0,0x69,0x0,0x65,0x0,0x6e,0x0,0x20,0x0,0x28,0x0,0x2a,0x0,
  0x2e,0x0,0x63,0x0,0x6f,0x0,0x6c,0x0,0x6f,0x0,0x72,0x0,0x6d,0x0,0x61,0x0,
  0x70,0x0,0x20,0x0,0x2a,0x0,0x2e,0x0,0x74,0x0,0x78,0x0,0x74,0x0,0x29,0x0,
  0x3b,0x0,0x3b,0x0,0x41,0x0,0x6c,0x0,0x6c,0x0,0x65,0x0,0x20,0x0,0x44,0x0,
  0x61,0x0,0x74,0x0,0x65,0x0,0x69,0x0,0x65,0x0,0x6e,0x0,0x20,0x0,0x28,0x0,
  0x2a,0x0,0x29,0x8,0x0,0x0,0x0,0x0,0x6,0x0,0x0,0x0,0x31,0x43,0x6f,0x6c,
  0x6f,0x72,0x20,0x6d,0x61,0x70,0x20,0x66,0x69,0x6c,0x65,0x73,0x20,0x28,0x2a,0x2e,
  0x63,0x6f,0x6c,0x6f,0x72,0x6d,0x61,0x70,0x20,0x2a,0x2e,0x74,0x78,0x74,0x29,0x3b,
  0x3b,0x41,0x6e,0x79,0x20,0x66,0x69,0x6c,0x65,0x73,0x20,0x28,0x2a,0x29,0x7,0x0,
  0x0,0x0,0x10,0x42,0x69,0x6f,0x6d,0x65,0x43,0x6f,0x6c,0x6f,0x72,0x44,0x69,0x61,
  0x6c,0x6f,0x67,0x1,0x3,0x0,0x0,0x0,0x2e,0x0,0x44,0x0,0x65,0x0,0x72,0x0,
  0x7a,0x0,0x65,0x0,0x69,0x0,0x74,0x0,0x20,0x0,0x69,0x0,0x6e,0x0,0x61,0x0,
  0x6b,0x0,0x74,0x0,0x69,0x0,0x76,0x0,0x65,0x0,0x20,0x0,0x42,0x0,0x69,0x0,
  0x6f,0x0,0x6d,0x0,0x65,0x0,0x3a,0x8,0x0,0x0,0x0,0x0,0x6,0x0,0x0,0x0,
  0x1a,0x43,0x75,0x72,0x72,0x65,0x6e,0x74,0x6c,0x79,0x20,0x69,0x6e,0x61,0x63,0x74,
  0x69,0x76,0x65,0x20,0x62,0x69,0x6f,0x6d,0x65,0x73,0x3a,0x7,0x0,0x0,0x0,0x10,
  0x42,0x69,0x6f,0x6d,0x65,0x43,0x6f,0x6c,0x6f,0x72,0x44,0x69,0x61,0x6c,0x6f,0x67,
  0x1,0x3,0x0,0x0,0x0,0x1a,0x0,0x5a,0x0,0x75,0x0,0x72,0x0,0x72,0x0,0xfc,
  0x0,0x63,0x0,0x6b,0x0,0x73,0x0,0x65,0x0,0x74,0x0,0x7a,0x0,0x65,0x0,0x6e,
  0x8,0x0,0x0,0x0,0x0,0x6,0x0,0x0,0x0,0xd,0x44,0x65,0x66,0x61,0x75,0x6c,
  0x74,0x20,0x72,0x65,0x73,0x65,0x74,0x7,0x0,0x0,0x0,0x10,0x42,0x69,0x6f,0x6d,
  0x65,0x43,0x6f,0x6c,0x6f,0x72,0x44,0x69,0x61,0x6c,0x6f,0x67,0x1,0x3,0x0,0x0,
  0x0,0x16,0x0,0x41,0x0,0x62,0x0,0x67,0x0,0x65,0x0,0x64,0x0,0x75,0x0,0x6e,
  0x0,0x6b,0x0,0x65,0x0,0x6c,0x0,0x74,0x8,0x0,0x0,0x0,0x0,0x6,0x0,0x0,
  0x0,0xc,0x44,0x69,0x6d,0x6d,0x65,0x64,0x20,0x72,0x65,0x73,0x65,0x74,0x7,0x0,
  0x0,0x0,0x10,0x42,0x69,0x6f,0x6d,0x65,0x43,0x6f,0x6c,0x6f,0x72,0x44,0x69,0x61,
  0x6c,0x6f,0x67,0x1,0x3,0x0,0x0,0x0,0x22,0x0,0x42,0x0,0x69,0x0,0x6f,0x0,
  0x6d,0x0,0x66,0x0,0x61,0x0,0x72,0x0,0x62,0x0,0x65,0x0,0x6e,0x0,0x20,0x0,
  0x45,0x0,0x78,0x0,0x70,0x0,0x6f,0x0,0x72,0x0,0x74,0x8,0x0,0x0,0x0,0x0,
  0x6,0x0,0x0,0x0,0x16,0x45,0x78,0x70,0x6f,0x72,0x74,0x20,0x62,0x69,0x6f,0x6d,
  0x65,0x20,0x63,0x6f,0x6c,0x6f,0x72,0x20,0x6d,0x61,0x70,0x7,0x0,0x0,0x0,0x10,
  0x42,0x69,0x6f,0x6d,0x65,0x43,0x6f,0x6c,0x6f,0x72,0x44,0x69,0x61,0x6c,0x6f,0x67,
  0x1,0x3,0x0,0x0,0x0,0x1c,0x0,0x45,0x0,0x78,0x0,0x70,0x0,0x6f,0x0,0x72,
  0x0,0x74,0x0,0x69,0x0,0x65,0x0,0x72,0x0,0x65,0x0,0x6e,0x0,0x2e,0x0,0x2e,
  0x0,0x2e,0x8,0x0,0x0,0x0,0x0,0x6,0x0,0x0,0x0,0x9,0x45,0x78,0x70,0x6f,
  0x72,0x74,0x2e,0x2e,0x2e,0x7,0x0,0x0,0x0,0x10,0x42,0x69,0x6f,0x6d,0x65,0x43,
  0x6f,0x6c,0x6f,0x72,0x44,0x69,0x61,0x6c,0x6f,0x67,0x1,0x3,0x0,0x0,0x0,0x5c,
  0x0,0x45,0x0,0x78,0x0,0x70,0x0,0x6f,0x0,0x72,0x0,0x74,0x0,0x64,0x0,0x61,
  0x0,0x74,0x0,0x65,0x0,0x69,0x0,0x20,0x0,0x6b,0x0,0x6f,0x0,0x6e,0x0,0x6e,
  0x0,0x74,0x0,0x65,0x0,0x20,0x0,0x6e,0x0,0x69,0x0,0x63,0x0,0x68,0x0,0x74,
  0x0,0x20,0x0,0x67,0x0,0x65,0x0,0xf6,0x0,0x66,0x0,0x66,0x0,0x6e,0x0,0x65,
  0x0,0x74,0x0,0x20,0x0,0x77,0x0,0x65,0x0,0x72,0x0,0x64,0x0,0x65,0x0,0x6e,
  0x0,0x3a,0x0,0xa,0x0,0x22,0x0,0x25,0x0,0x31,0x0,0x22,0x8,0x0,0x0,0x0,
  0x0,0x6,0x0,0x0,0x0,0x24,0x46,0x61,0x69,0x6c,0x65,0x64,0x20,0x74,0x6f,0x20,
  0x6f,0x70,0x65,0x6e,0x20,0x66,0x69,0x6c,0x65,0x20,0x66,0x6f,0x72,0x20,0x65,0x78,
  0x70,0x6f,0x72,0x74,0x3a,0xa,0x22,0x25,0x31,0x22,0x7,0x0,0x0,0x0,0x10,0x42,
  0x69,0x6f,0x6d,0x65,0x43,0x6f,0x6c,0x6f,0x72,0x44,0x69,0x61,0x6c,0x6f,0x67,0x1,
  0x3,0x0,0x0,0x0,0x22,0x0,0x48,0x0,0x69,0x0,0x6c,0x0,0x66,0x0,0x65,0x0,
  0x3a,0x0,0x20,0x0,0x42,0x0,0x69,0x0,0x6f,0x0,0x6d,0x0,0x66,0x0,0x61,0x0,
  0x72,0x0,0x62,0x0,0x65,0x0,0x6e,0x8,0x0,0x0,0x0,0x0,0x6,0x0,0x0,0x0,
  0x19,0x48,0x65,0x6c,0x70,0x3a,0x20,0x63,0x75,0x73,0x74,0x6f,0x6d,0x20,0x62,0x69,
  0x6f,0x6d,0x65,0x20,0x63,0x6f,0x6c,0x6f,0x72,0x73,0x7,0x0,0x0,0x0,0x10,0x42,
  0x69,0x6f,0x6d,0x65,0x43,0x6f,0x6c,0x6f,0x72,0x44,0x69,0x61,0x6c,0x6f,0x67,0x1,
  0x3,0x0,0x0,0x0,0x1c,0x0,0x49,0x0,0x6d,0x0,0x70,0x0,0x6f,0x0,0x72,0x0,
  0x74,0x0,0x69,0x0,0x65,0x0,0x72,0x0,0x65,0x0,0x6e,0x0,0x2e,0x0,0x2e,0x0,
  0x2e,0x8,0x0,0x0,0x0,0x0,0x6,0x0,0x0,0x0,0x9,0x49,0x6d,0x70,0x6f,0x72,
  0x74,0x2e,0x2e,0x2e,0x7,0x0,0x0,0x0,0x10,0x42,0x69,0x6f,0x6d,0x65,0x43,0x6f,
  0x6c,0x6f,0x72,0x44,0x69,0x61,0x6c,0x6f,0x67,0x1,0x3,0x0,0x0,0x0,0x22,0x0,
  0x46,0x0,0x61,0x0,0x72,0x0,0x62,0x0,0x74,0x0,0x61,0x0,0x62,0x0,0x65,0x0,
  0x6c,0x0,0x6c,0x0,0x65,0x0,0x20,0x0,0x6c,0x0,0x61,0x0,0x64,0x0,0x65,0x0,
  0x6e,0x8,0x0,0x0,0x0,0x0,0x6,0x0,0x0,0x0,0x14,0x4c,0x6f,0x61,0x64,0x20,
  0x62,0x69,0x6f,0x6d,0x65,0x20,0x63,0x6f,0x6c,0x6f,0x72,0x20,0x6d,0x61,0x70,0x7,
  0x0,0x0,0x0,0x10,0x42,0x69,0x6f,0x6d,0x65,0x43,0x6f,0x6c,0x6f,0x72,0x44,0x69,
  0x61,0x6c,0x6f,0x67,0x1,0x3,0x0,0x0,0x0,0x34,0x0,0x4b,0x0,0x65,0x0,0x69,
  0x0,0x6e,0x0,0x65,0x0,0x20,0x0,0x42,0x0,0x69,0x0,0x6f,0x0,0x6d,0x0,0x66,
  0x0,0x61,0x0,0x72,0x0,0x62,0x0,0x65,0x0,0x6e,0x0,0x20,0x0,0x67,0x0,0x65,
  0x0,0x66,0x0,0x75,0x0,0x6e,0x0,0x64,0x0,0x65,0x0,0x6e,0x0,0x2e,0x8,0x0,
  0x0,0x0,0x0,0x6,0x0,0x0,0x0,0x16,0x4e,0x6f,0x20,0x62,0x69,0x6f,0x6d,0x65,
  0x20,0x63,0x6f,0x6c,0x6f,0x72,0x73,0x20,0x66,0x6f,0x75,0x6e,0x64,0x2e,0x7,0x0,
  0x0,0x0,0x10,0x42,0x69,0x6f,0x6d,0x65,0x43,0x6f,0x6c,0x6f,0x72,0x44,0x69,0x61,
  0x6c,0x6f,0x67,0x1,0x3,0x0,0x0,0x0,0x12,0x0,0x45,0x0,0x6e,0x0,0x74,0x0,
  0x66,0x0,0x65,0x0,0x72,0x0,0x6e,0x0,0x65,0x0,0x6e,0x8,0x0,0x0,0x0,0x0,
  0x6,0x0,0x0,0x0,0x6,0x52,0x65,0x6d,0x6f,0x76,0x65,0x7,0x0,0x0,0x0,0x10,
  0x42,0x69,0x6f,0x6d,0x65,0x43,0x6f,0x6c,0x6f,0x72,0x44,0x69,0x61,0x6c,0x6f,0x67,
  0x1,0x3,0x0,0x0,0x0,0x3a,0x0,0x46,0x0,0x61,0x0,0x72,0x0,0x62,0x0,0x65,
  0x0,0x20,0x0,0x76,0x0,0x6f,0x0,0x6e,0x0,0x20,0x0,0x65,0x0,0x69,0x0,0x6e,
  0x0,0x65,0x0,0x6d,0x0,0x20,0x0,0x42,0x0,0x69,0x0,0x6f,0x0,0x6d,0x0,0x20,
  0x0,0x65,0x0,0x72,0x0,0x73,0x0,0x65,0x0,0x74,0x0,0x7a,0x0,0x74,0x0,0x2e,
  0x3,0x0,0x0,0x0,0x38,0x0,0x46,0x0,0x61,0x0,0x72,0x0,0x62,0x0,0x65,0x0,
  0x20,0x0,0x76,0x0,0x6f,0x0,0x6e,0x0,0x20,0x0,0x25,0x0,0x6e,0x0,0x20,0x0,
  0x42,0x0,0x69,0x0,0x6f,0x0,0x6d,0x0,0x65,0x0,0x6e,0x0,0x20,0x0,0x65,0x0,
  0x72,0x0,0x73,0x0,0x65,0x0,0x74,0x0,0x7a,0x0,0x74,0x0,0x2e,0x8,0x0,0x0,
  0x0,0x0,0x6,0x0,0x0,0x0,0x1b,0x52,0x65,0x70,0x6c,0x61,0x63,0x65,0x64,0x20,
  0x25,0x6e,0x20,0x62,0x69,0x6f,0x6d,0x65,0x20,0x63,0x6f,0x6c,0x6f,0x72,0x28,0x73,
  0x29,0x2e,0x7,0x0,0x0,0x0,0x10,0x42,0x69,0x6f,0x6d,0x65,0x43,0x6f,0x6c,0x6f,
  0x72,0x44,0x69,0x61,0x6c,0x6f,0x67,0x1,0x3,0x0,0x0,0x0,0x20,0x0,0x53,0x0,
  0x70,0x0,0x65,0x0,0x69,0x0,0x63,0x0,0x68,0x0,0x65,0x0,0x72,0x0,0x6e,0x0,
  0x20,0x0,0x61,0x0,0x6c,0x0,0x73,0x0,0x2e,0x0,0x2e,0x0,0x2e,0x8,0x0,0x0,
  0x0,0x0,0x6,0x0,0x0,0x0,0xa,0x53,0x61,0x76,0x65,0x20,0x61,0x73,0x2e,0x2e,
  0x2e,0x7,0x0,0x0,0x0,0x10,0x42,0x69,0x6f,0x6d,0x65,0x43,0x6f,0x6c,0x6f,0x72,
  0x44,0x69,0x61,0x6c,0x6f,0x67,0x1,0x3,0x0,0x0,0x0,0x36,0x0,0x42,0x0,0x69,
  0x0,0x6f,0x0,0x6d,0x0,0x66,0x0,0x61,0x0,0x72,0x0,0x62,0x0,0x65,0x0,0x6e,
  0x0,0x20,0x0,0x73,0x0,0x70,0x0,0x65,0x0,0x69,0x0,0x63,0x0,0x68,0x0,0x65,
  0x0,0x72,0x0,0x6e,0x0,0x20,0x0,0x61,0x0,0x6c,0x0,0x73,0x0,0x2e,0x0,0x2e,
  0x0,0x2e,0x8,0x0,0x0,0x0,0x0,0x6,0x0,0x0,0x0,0x17,0x53,0x61,0x76,0x65,
  0x20,0x62,0x69,0x6f,0x6d,0x65,0x20,0x63,0x6f,0x6c,0x6f,0x72,0x73,0x20,0x61,0x73,
  0x2e,0x2e,0x2e,0x7,0x0,0x0,0x0,0x10,0x42,0x69,0x6f,0x6d,0x65,0x43,0x6f,0x6c,
  0x6f,0x72,0x44,0x69,0x61,0x6c,0x6f,0x67,0x1,0x3,0x0,0x0,0x0,0x14,0x0,0x5b,
  0x0,0x53,0x0,0x74,0x0,0x61,0x0,0x6e,0x0,0x64,0x0,0x61,0x0,0x72,0x0,0x64,
  0x0,0x5d,0x8,0x0,0x0,0x0,0x0,0x6,0x0,0x0,0x0,0x9,0x5b,0x64,0x65,0x66,
  0x61,0x75,0x6c,0x74,0x5d,0x7,0x0,0x0,0x0,0x10,0x42,0x69,0x6f,0x6d,0x65,0x43,
  0x6f,0x6c,0x6f,0x72,0x44,0x69,0x61,0x6c,0x6f,0x67,0x1,0x3,0x0,0x0,0x0,0xa,
  0x0,0x42,0x0,0x69,0x0,0x6f,0x0,0x6d,0x0,0x65,0x8,0x0,0x0,0x0,0x0,0x6,
  0x0,0x0,0x0,0x6,0x42,0x69,0x6f,0x6d,0x65,0x73,0x7,0x0,0x0,0x0,0xf,0x42,
  0x69,0x6f,0x6d,0x65,0x54,0x61,0x62,0x6c,0x65,0x4d,0x6f,0x64,0x65,0x6c,0x1,0x3,
  0x0,0x0,0x0,0x1c,0x0,0x48,0x0,0x69,0x0,0x6c,0x0,0x66,0x0,0x65,0x0,0x20,
  0x0,0x61,0x0,0x6e,0x0,0x7a,0x0,0x65,0x0,0x69,0x0,0x67,0x0,0x65,0x0,0x6e,
  0x8,0x0,0x0,0x0,0x0,0x6,0x0,0x0,0x0,0x9,0x53,0x68,0x6f,0x77,0x20,0x68,
  0x65,0x6c,0x70,0x7,0x0,0x0,0x0,0xb,0x43,0x6f,0x6c,0x6c,0x61,0x70,0x73,0x69,
  0x62,0x6c,0x65,0x1,0x3,0xff,0xff,0xff,0xff,0x8,0x0,0x0,0x0,0x0,0x6,0x0,
  0x0,0x0,0x6,0x20,0x20,0x2b,0x49,0x6e,0x66,0x7,0x0,0x0,0x0,0xf,0x43,0x6f,
  0x6e,0x64,0x69,0x74,0x69,0x6f,0x6e,0x44,0x69,0x61,0x6c,0x6f,0x67,0x1,0x3,0xff,
  0xff,0xff,0xff,0x8,0x0,0x0,0x0,0x0,0x6,0x0,0x0,0x0,0x6,0x20,0x20,0x2d,
  0x49,0x6e,0x66,0x7,0x0,0x0,0x0,0xf,0x43,0x6f,0x6e,0x64,0x69,0x74,0x69,0x6f,
  0x6e,0x44,0x69,0x61,0x6c,0x6f,0x67,0x1,0x3,0x0,0x0,0x0,0x16,0x0,0x28,0x0,
  0x25,0x0,0x31,0x0,0x20,0x0,0x43,0x0,0x68,0x0,0x75,0x0,0x6e,0x0,0x6b,0x0,
  0x73,0x0,0x29,0x8,0x0,0x0,0x0,0x0,0x6,0x0,0x0,0x0,0xf,0x28,0x25,0x31,
  0x20,0x73,0x71,0x2e,0x20,0x63,0x68,0x75,0x6e,0x6b,0x73,0x29,0x7,0x0,0x0,0x0,
  0xf,0x43,0x6f,0x6e,0x64,0x69,0x74,0x69,0x6f,0x6e,0x44,0x69,0x61,0x6c,0x6f,0x67,
  0x1,0x3,0xff,0xff,0xff,0xff,0x8,0x0,0x0,0x0,0x0,0x6,0x0,0x0,0x0,0xe,
  0x28,0x3f,0x20,0x73,0x71,0x2e,0x20,0x63,0x68,0x75,0x6e,0x6b,0x73,0x29,0x7,0x0,
  0x0,0x0,0xf,0x43,0x6f,0x6e,0x64,0x69,0x74,0x69,0x6f,0x6e,0x44,0x69,0x61,0x6c,
  0x6f,0x67,0x1,0x3,0x0,0x0,0x0,0x18,0x0,0x28,0x0,0x7e,0x0,0x25,0x0,0x31,
  0x0,0x20,0x0,0x43,0x0,0x68,0x0,0x75,0x0,0x6e,0x0,0x6b,0x0,0x73,0x0,0x29,
  0x8,0x0,0x0,0x0,0x0,0x6,0x0,0x0,0x0,0x10,0x28,0x7e,0x25,0x31,0x20,0x73,
  0x71,0x2e,0x20,0x63,0x68,0x75,0x6e,0x6b,0x73,0x29,0x7,0x0,0x0,0x0,0xf,0x43,
  0x6f,0x6e,0x64,0x69,0x74,0x69,0x6f,0x6e,0x44,0x69,0x61,0x6c,0x6f,0x67,0x1,0x3,
  0xff,0xff,0xff,0xff,0x8,0x0,0x0,0x0,0x0,0x6,0x0,0x0,0x0,0x4,0x2b,0x49,
  0x6e,0x66,0x7,0x0,0x0,0x0,0xf,0x43,0x6f,0x6e,0x64,0x69,0x74,0x69,0x6f,0x6e,
  0x44,0x69,0x61,0x6c,0x6f,0x67,0x1,0x3,0x0,0x0,0x0,0x14,0x0,0x2b,0x0,0x55,
  0x0,0x6e,0x0,0x65,0x0,0x6e,0x0,0x64,0x0,0x6c,0x0,0x69,0x0,0x63,0x0,0x68,
  0x8,0x0,0x0,0x0,0x0,0x6,0x0,0x0,0x0,0x9,0x2b,0x49,0x6e,0x66,0x69,0x6e,
  0x69,0x74,0x79,0x7,0x0,0x0,0x0,0xf,0x43,0x6f,0x6e,0x64,0x69,0x74,0x69,0x6f,
  0x6e,0x44,0x69,0x61,0x6c,0x6f,0x67,0x1,0x3,0xff,0xff,0xff,0xff,0x8,0x0,0x0,
  0x0,0x0,0x6,0x0,0x0,0x0,0x1,0x2d,0x7,0x0,0x0,0x0,0xf,0x43,0x6f,0x6e,
  0x64,0x69,0x74,0x69,0x6f,0x6e,0x44,0x69,0x61,0x6c,0x6f,0x67,0x1,0x3,0xff,0xff,
  0xff,0xff,0x8,0x0,0x0,0x0,0x0,0x6,0x0,0x0,0x0,0x3,0x2d,0x31,0x36,0x7,
  0x0,0x0,0x0,0xf,0x43,0x6f,0x6e,0x64,0x69,0x74,0x69,0x6f,0x6e,0x44,0x69,0x61,
  0x6c,0x6f,0x67,0x1,0x3,0xff,0xff,0xff,0xff,0x8,0x0,0x0,0x0,0x0,0x6,0x0,
  0x0,0x0,0x3,0x2d,0x33,0x32,0x7,0x0,0x0,0x0,0xf,0x43,0x6f,0x6e,0x64,0x69,
  0x74,0x69,0x6f,0x6e,0x44,0x69,0x61,0x6c,0x6f,0x67,0x1,0x3,0xff,0xff,0xff,0xff,
  0x8,0x0,0x0,0x0,0x0,0x6,0x0,0x0,0x0,0x3,0x2d,0x34,0x38,0x7,0x0,0x0,
  0x0,0xf,0x43,0x6f,0x6e,0x64,0x69,0x74,0x69,0x6f,0x6e,0x44,0x69,0x61,0x6c,0x6f,
  0x67,0x1,0x3,0xff,0xff,0xff,0xff,0x8,0x0,0x0,0x0,0x0,0x6,0x0,0x0,0x0,
  0xd,0x2d,0x36,0x34,0x20,0x28,0x42,0x65,0x64,0x72,0x6f,0x63,0x6b,0x29,0x7,0x0,
  0x0,0x0,0xf,0x43,0x6f,0x6e,0x64,0x69,0x74,0x69,0x6f,0x6e,0x44,0x69,0x61,0x6c,
  0x6f,0x67,0x1,0x3,0xff,0xff,0xff,0xff,0x8,0x0,0x0,0x0,0x0,0x6,0x0,0x0,
  0x0,0x4,0x2d,0x49,0x6e,0x66,0x7,0x0,0x0,0x0,0xf,0x43,0x6f,0x6e,0x64,0x69,
  0x74,0x69,0x6f,0x6e,0x44,0x69,0x61,0x6c,0x6f,0x67,0x1,0x3,0x0,0x0,0x0,0x14,
  0x0,0x2d,0x0,0x55,0x0,0x6e,0x0,0x65,0x0,0x6e,0x0,0x64,0x0,0x6c,0x0,0x69,
  0x0,0x63,0x0,0x68,0x8,0x0,0x0,0x0,0x0,0x6,0x0,0x0,0x0,0x9,0x2d,0x49,
  0x6e,0x66,0x69,0x6e,0x69,0x74,0x79,0x7,0x0,0x0,0x0,0xf,0x43,0x6f,0x6e,0x64,
  0x69,0x74,0x69,0x6f,0x6e,0x44,0x69,0x61,0x6c,0x6f,0x67,0x1,0x3,0xff,0xff,0xff,
  0xff,0x8,0x0,0x0,0x0,0x0,0x6,0x0,0x0,0x0,0x1,0x30,0x7,0x0,0x0,0x0,
  0xf,0x43,0x6f,0x6e,0x64,0x69,0x74,0x69,0x6f,0x6e,0x44,0x69,0x61,0x6c,0x6f,0x67,
  0x1,0x3,0x0,0x0,0x0,0x1e,0x0,0x30,0x0,0x20,0x0,0x28,0x0,0x45,0x0,0x78,
  0x0,0x6b,0x0,0x6c,0x0,0x75,0x0,0x64,0x0,0x69,0x0,0x65,0x0,0x72,0x0,0x65,
  0x0,0x6e,0x0,0x29,0x8,0x0,0x0,0x0,0x0,0x6,0x0,0x0,0x0,0xb,0x30,0x20,
  0x28,0x65,0x78,0x63,0x6c,0x75,0x64,0x65,0x29,0x7,0x0,0x0,0x0,0xf,0x43,0x6f,
  0x6e,0x64,0x69,0x74,0x69,0x6f,0x6e,0x44,0x69,0x61,0x6c,0x6f,0x67,0x1,0x3,0xff,
  0xff,0xff,0xff,0x8,0x0,0x0,0x0,0x0,0x6,0x0,0x0,0x0,0x1,0x31,0x7,0x0,
  0x0,0x0,0xf,0x43,0x6f,0x6e,0x64,0x69,0x74,0x69,0x6f,0x6e,0x44,0x69,0x61,0x6c,
  0x6f,0x67,0x1,0x3,0x0,0x0,0x0,0x24,0x0,0x31,0x0,0x32,0x0,0x38,0x0,0x20,
  0x0,0x28,0x0,0x4e,0x0,0x65,0x0,0x74,0x0,0x68,0x0,0x65,0x0,0x72,0x0,0x20,
  0x0,0x44,0x0,0x65,0x0,0x63,0x0,0x6b,0x0,0x65,0x0,0x29,0x8,0x0,0x0,0x0,
  0x0,0x6,0x0,0x0,0x0,0x11,0x31,0x32,0x38,0x20,0x28,0x4e,0x65,0x74,0x68,0x65,
  0x72,0x20,0x52,0x6f,0x6f,0x66,0x29,0x7,0x0,0x0,0x0,0xf,0x43,0x6f,0x6e,0x64,
  0x69,0x74,0x69,0x6f,0x6e,0x44,0x69,0x61,0x6c,0x6f,0x67,0x1,0x3,0xff,0xff,0xff,
  0xff,0x8,0x0,0x0,0x0,0x0,0x6,0x0,0x0,0x0,0x2,0x31,0x36,0x7,0x0,0x0,
  0x0,0xf,0x43,0x6f,0x6e,0x64,0x69,0x74,0x69,0x6f,0x6e,0x44,0x69,0x61,0x6c,0x6f,
  0x67,0x1,0x3,0x0,0x0,0x0,0x20,0x0,0x32,0x0,0x35,0x0,0x36,0x0,0x20,0x0,
  0x28,0x0,0x4f,0x0,0x62,0x0,0x65,0x0,0x72,0x0,0x66,0x0,0x6c,0x0,0xe4,0x0,
  0x63,0x0,0x68,0x0,0x65,0x0,0x29,0x8,0x0,0x0,0x0,0x0,0x6,0x0,0x0,0x0,
  0xd,0x32,0x35,0x36,0x20,0x28,0x53,0x75,0x72,0x66,0x61,0x63,0x65,0x29,0x7,0x0,
  0x0,0x0,0xf,0x43,0x6f,0x6e,0x64,0x69,0x74,0x69,0x6f,0x6e,0x44,0x69,0x61,0x6c,
  0x6f,0x67,0x1,0x3,0xff,0xff,0xff,0xff,0x8,0x0,0x0,0x0,0x0,0x6,0x0,0x0,
  0x0,0x2,0x33,0x32,0x7,0x0,0x0,0x0,0xf,0x43,0x6f,0x6e,0x64,0x69,0x74,0x69,
  0x6f,0x6e,0x44,0x69,0x61,0x6c,0x6f,0x67,0x1,0x3,0xff,0xff,0xff,0xff,0x8,0x0,
  0x0,0x0,0x0,0x6,0x0,0x0,0x0,0x2,0x34,0x38,0x7,0x0,0x0,0x0,0xf,0x43,
  0x6f,0x6e,0x64,0x69,0x74,0x69,0x6f,0x6e,0x44,0x69,0x61,0x6c,0x6f,0x67,0x1,0x3,
  0xff,0xff,0xff,0xff,0x8,0x0,0x0,0x0,0x0,0x6,0x0,0x0,0x0,0x3,0x35,0x31,
  0x32,0x7,0x0,0x0,0x0,0xf,0x43,0x6f,0x6e,0x64,0x69,0x74,0x69,0x6f,0x6e,0x44,
  0x69,0x61,0x6c,0x6f,0x67,0x1,0x3,0x0,0x0,0x0,0x24,0x0,0x36,0x0,0x32,0x0,
  0x20,0x0,0x28,0x0,0x4d,0x0,0x65,0x0,0x65,0x0,0x72,0x0,0x65,0x0,0x73,0x0,
  0x73,0x0,0x70,0x0,0x69,0x0,0x65,0x0,0x67,0x0,0x65,0x0,0x6c,0x0,0x29,0x8,
  0x0,0x0,0x0,0x0,0x6,0x0,0x0,0x0,0xe,0x36,0x32,0x20,0x28,0x53,0x65,0x61,
  0x20,0x4c,0x65,0x76,0x65,0x6c,0x29,0x7,0x0,0x0,0x0,0xf,0x43,0x6f,0x6e,0x64,
  0x69,0x74,0x69,0x6f,0x6e,0x44,0x69,0x61,0x6c,0x6f,0x67,0x1,0x3,0x0,0x0,0x1,
  0x40,0x0,0x3c,0x0,0x68,0x0,0x74,0x0,0x6d,0x0,0x6c,0x0,0x3e,0x0,0x3c,0x0,
  0x68,0x0,0x65,0x0,0x61,0x0,0x64,0x0,0x2f,0x0,0x3e,0x0,0x3c,0x0,0x62,0x0,
  0x6f,0x0,0x64,0x0,0x79,0x0,0x3e,0x0,0x3c,0x0,0x70,0x0,0x20,0x0,0x73,0x0,
  0x74,0x0,0x79,0x0,0x6c,0x0,0x65,0x0,0x3d,0x0,0x22,0x0,0x77,0x0,0x68,0x0,
  0x69,0x0,0x74,0x0,0x65,0x0,0x2d,0x0,0x73,0x0,0x70,0x0,0x61,0x0,0x63,0x0,
  0x65,0x0,0x3a,0x0,0x70,0x0,0x72,0x0,0x65,0x0,0x22,0x0,0x3e,0x0,0x45,0x0,
  0x72,0x0,0x66,0x0,0xfc,0x0,0x6c,0x0,0x6c,0x0,0x74,0x0,0x20,0x0,0x77,0x0,
  0x65,0x0,0x6e,0x0,0x6e,0x0,0x20,0x0,0x3c,0x0,0x73,0x0,0x70,0x0,0x61,0x0,
  0x6e,0x0,0x20,0x0,0x73,0x0,0x74,0x0,0x79,0x0,0x6c,0x0,0x65,0x0,0x3d,0x0,
  0x22,0x0,0x20,0x0,0x66,0x0,0x6f,0x0,0x6e,0x0,0x74,0x0,0x2d,0x0,0x77,0x0,
  0x65,0x0,0x69,0x0,0x67,0x0,0x68,0x0,0x74,0x0,0x3a,0x0,0x36,0x0,0x30,0x0,
  0x30,0x0,0x3b,0x0,0x22,0x0,0x3e,0x0,0x62,0x0,0x65,0x0,0x6c,0x0,0x69,0x0,
  0x65,0x0,0x62,0x0,0x69,0x0,0x67,0x0,0x65,0x0,0x3c,0x0,0x2f,0x0,0x73,0x0,
  0x70,0x0,0x61,0x0,0x6e,0x0,0x3e,0x0,0x20,0x0,0x64,0x0,0x65,0x0,0x72,0x0,
  0x20,0x0,0x67,0x0,0x65,0x0,0x77,0x0,0xe4,0x0,0x68,0x0,0x6c,0x0,0x74,0x0,
  0x65,0x0,0x6e,0x0,0x20,0x0,0x42,0x0,0x69,0x0,0x6f,0x0,0x6d,0x0,0x65,0x0,
  0x20,0x0,0x76,0x0,0x6f,0x0,0x72,0x0,0x68,0x0,0x61,0x0,0x6e,0x0,0x64,0x0,
  0x65,0x0,0x6e,0x0,0x20,0x0,0x73,0x0,0x69,0x0,0x6e,0x0,0x64,0x0,0x3c,0x0,
  0x2f,0x0,0x70,0x0,0x3e,0x0,0x3c,0x0,0x2f,0x0,0x62,0x0,0x6f,0x0,0x64,0x0,
  0x79,0x0,0x3e,0x0,0x3c,0x0,0x2f,0x0,0x68,0x0,0x74,0x0,0x6d,0x0,0x6c,0x0,
  0x3e,0x8,0x0,0x0,0x0,0x0,0x6,0x0,0x0,0x0,0x99,0x3c,0x68,0x74,0x6d,0x6c,
  0x3e,0x3c,0x68,0x65,0x61,0x64,0x2f,0x3e,0x3c,0x62,0x6f,0x64,0x79,0x3e,0x3c,0x70,
  0x20,0x73,0x74,0x79,0x6c,0x65,0x3d,0x22,0x77,0x68,0x69,0x74,0x65,0x2d,0x73,0x70,
  0x61,0x63,0x65,0x3a,0x70,0x72,0x65,0x22,0x3e,0x53,0x61,0x74,0x69,0x73,0x66,0x69,
  0x65,0x64,0x20,0x69,0x66,0x20,0x3c,0x73,0x70,0x61,0x6e,0x20,0x73,0x74,0x79,0x6c,
  0x65,0x3d,0x22,0x20,0x66,0x6f,0x6e,0x74,0x2d,0x77,0x65,0x69,0x67,0x68,0x74,0x3a,
  0x36,0x30,0x30,0x3b,0x22,0x3e,0x61,0x6e,0x79,0x3c,0x2f,0x73,0x70,0x61,0x6e,0x3e,
  0x20,0x6f,0x66,0x20,0x74,0x68,0x65,0x20,0x63,0x68,0x65,0x63,0x6b,0x65,0x64,0x20,
  0x62,0x69,0x6f,0x6d,0x65,0x73,0x20,0x61,0x72,0x65,0x20,0x70,0x72,0x65,0x73,0x65,
  0x6e,0x74,0x3c,0x2f,0x70,0x3e,0x3c,0x2f,0x62,0x6f,0x64,0x79,0x3e,0x3c,0x2f,0x68,
  0x74,0x6d,0x6c,0x3e,0x7,0x0,0x0,0x0,0xf,0x43,0x6f,0x6e,0x64,0x69,0x74,0x69,
  0x6f,0x6e,0x44,0x69,0x61,0x6c,0x6f,0x67,0x1,0x3,0x0,0x0,0x0,0x8a,0x0,0x3c,
  0x0,0x68,0x0,0x74,0x0,0x6d,0x0,0x6c,0x0,0x3e,0x0,0x3c,0x0,0x68,0x0,0x65,
  0x0,0x61,0x0,0x64,0x0,0x2f,0x0,0x3e,0x0,0x3c,0x0,0x62,0x0,0x6f,0x0,0x64,
  0x0,0x79,0x0,0x3e,0x0,0x3c,0x0,0x70,0x0,0x3e,0x0,0x55,0x0,0x6e,0x0,0x74,
  0x0,0x65,0x0,0x72,0x0,0x65,0x0,0x20,0x0,0x47,0x0,0x72,0x0,0x65,0x0,0x6e,
  0x0,0x7a,0x0,0x65,0x0,0x20,0x0,0x28,0x0,0x61,0x0,0x62,0x0,0x67,0x0,0x65,
  0x0,0x73,0x0,0x63,0x0,0x68,0x0,0x6c,0x0,0x6f,0x0,0x73,0x0,0x73,0x0,0x65,
  0x0,0x6e,0x0,0x29,0x0,0x3c,0x0,0x2f,0x0,0x70,0x0,0x3e,0x0,0x3c,0x0,0x2f,
  0x0,0x62,0x0,0x6f,0x0,0x64,0x0,0x79,0x0,0x3e,0x0,0x3c,0x0,0x2f,0x0,0x68,
  0x0,0x74,0x0,0x6d,0x0,0x6c,0x0,0x3e,0x8,0x0,0x0,0x0,0x0,0x6,0x0,0x0,
  0x0,0x3f,0x3c,0x68,0x74,0x6d,0x6c,0x3e,0x3c,0x68,0x65,0x61,0x64,0x2f,0x3e,0x3c,
  0x62,0x6f,0x64,0x79,0x3e,0x3c,0x70,0x3e,0x4c,0x6f,0x77,0x65,0x72,0x20,0x62,0x6f,
  0x75,0x6e,0x64,0x20,0x28,0x69,0x6e,0x63,0x6c,0x75,0x73,0x69,0x76,0x65,0x29,0x3c,
  0x2f,0x70,0x3e,0x3c,0x2f,0x62,0x6f,0x64,0x79,0x3e,0x3c,0x2f,0x68,0x74,0x6d,0x6c,
  0x3e,0x7,0x0,0x0,0x0,0xf,0x43,0x6f,0x6e,0x64,0x69,0x74,0x69,0x6f,0x6e,0x44,
  0x69,0x61,0x6c,0x6f,0x67,0x1,0x3,0x0,0x0,0x0,0x94,0x0,0x3c,0x0,0x68,0x0,
  0x74,0x0,0x6d,0x0,0x6c,0x0,0x3e,0x0,0x3c,0x0,0x68,0x0,0x65,0x0,0x61,0x0,
  0x64,0x0,0x2f,0x0,0x3e,0x0,0x3c,0x0,0x62,0x0,0x6f,0x0,0x64,0x0,0x79,0x0,
  0x3e,0x0,0x3c,0x0,0x70,0x0,0x3e,0x0,0x4d,0x0,0x61,0x0,0x78,0x0,0x69,0x0,
  0x6d,0x0,0x61,0x0,0x6c,0x0,0x65,0x0,0x20,0x0,0x71,0x0,0x75,0x0,0x61,0x0,
  0x64,0x0,0x72,0x0,0x61,0x0,0x74,0x0,0x69,0x0,0x73,0x0,0x63,0x0,0x68,0x0,
  0x65,0x0,0x20,0x0,0x42,0x0,0x6f,0x0,0x75,0x0,0x6e,0x0,0x64,0x0,0x69,0x0,
  0x6e,0x0,0x67,0x0,0x20,0x0,0x42,0x0,0x6f,0x0,0x78,0x0,0x3c,0x0,0x2f,0x0,
  0x70,0x0,0x3e,0x0,0x3c,0x0,0x2f,0x0,0x62,0x0,0x6f,0x0,0x64,0x0,0x79,0x0,
  0x3e,0x0,0x3c,0x0,0x2f,0x0,0x68,0x0,0x74,0x0,0x6d,0x0,0x6c,0x0,0x3e,0x8,
  0x0,0x0,0x0,0x0,0x6,0x0,0x0,0x0,0x4e,0x3c,0x68,0x74,0x6d,0x6c,0x3e,0x3c,
  0x68,0x65,0x61,0x64,0x2f,0x3e,0x3c,0x62,0x6f,0x64,0x79,0x3e,0x3c,0x70,0x3e,0x4d,
  0x61,0x78,0x69,0x6d,0x75,0x6d,0x20,0x63,0x6f,0x6e,0x74,0x69,0x6e,0x75,0x6f,0x75,
  0x73,0x20,0x73,0x71,0x75,0x61,0x72,0x65,0x20,0x62,0x6f,0x75,0x6e,0x64,0x69,0x6e,
  0x67,0x20,0x62,0x6f,0x78,0x3c,0x2f,0x70,0x3e,0x3c,0x2f,0x62,0x6f,0x64,0x79,0x3e,
  0x3c,0x2f,0x68,0x74,0x6d,0x6c,0x3e,0x7,0x0,0x0,0x0,0xf,0x43,0x6f,0x6e,0x64,
  0x69,0x74,0x69,0x6f,0x6e,0x44,0x69,0x61,0x6c,0x6f,0x67,0x1,0x3,0x0,0x0,0x2,
  0x9a,0x0,0x3c,0x0,0x68,0x0,0x74,0x0,0x6d,0x0,0x6c,0x0,0x3e,0x0,0x3c,0x0,
  0x68,0x0,0x65,0x0,0x61,0x0,0x64,0x0,0x2f,0x0,0x3e,0x0,0x3c,0x0,0x62,0x0,
  0x6f,0x0,0x64,0x0,0x79,0x0,0x3e,0x0,0x3c,0x0,0x70,0x0,0x3e,0x0,0x52,0x0,
  0x65,0x0,0x73,0x0,0x75,0x0,0x6c,0x0,0x74,0x0,0x61,0x0,0x74,0x0,0x20,0x0,
  0x28,0x0,0x3c,0x0,0x73,0x0,0x70,0x0,0x61,0x0,0x6e,0x0,0x20,0x0,0x73,0x0,
  0x74,0x0,0x79,0x0,0x6c,0x0,0x65,0x0,0x3d,0x0,0x22,0x0,0x20,0x0,0x66,0x0,
  0x6f,0x0,0x6e,0x0,0x74,0x0,0x2d,0x0,0x77,0x0,0x65,0x0,0x69,0x0,0x67,0x0,
  0x68,0x0,0x74,0x0,0x3a,0x0,0x36,0x0,0x30,0x0,0x30,0x0,0x3b,0x0,0x22,0x0,
  0x3e,0x0,0x4d,0x0,0x69,0x0,0x6e,0x0,0x64,0x0,0x65,0x0,0x73,0x0,0x74,0x0,
  0x65,0x0,0x6e,0x0,0x73,0x0,0x20,0x0,0x65,0x0,0x69,0x0,0x6e,0x0,0x73,0x0,
  0x3c,0x0,0x2f,0x0,0x73,0x0,0x70,0x0,0x61,0x0,0x6e,0x0,0x3e,0x0,0x20,0x0,
  0x6d,0x0,0x69,0x0,0x74,0x0,0x20,0x0,0x3c,0x0,0x69,0x0,0x6d,0x0,0x67,0x0,
  0x20,0x0,0x73,0x0,0x72,0x0,0x63,0x0,0x3d,0x0,0x22,0x0,0x3a,0x0,0x2f,0x0,
  0x69,0x0,0x63,0x0,0x6f,0x0,0x6e,0x0,0x73,0x0,0x2f,0x0,0x63,0x0,0x68,0x0,
  0x65,0x0,0x63,0x0,0x6b,0x0,0x5f,0x0,0x69,0x0,0x6e,0x0,0x63,0x0,0x6c,0x0,
  0x75,0x0,0x64,0x0,0x65,0x0,0x2e,0x0,0x70,0x0,0x6e,0x0,0x67,0x0,0x22,0x0,
  0x2f,0x0,0x3e,0x0,0x2c,0x0,0x20,0x0,0x3c,0x0,0x73,0x0,0x70,0x0,0x61,0x0,
  0x6e,0x0,0x20,0x0,0x73,0x0,0x74,0x0,0x79,0x0,0x6c,0x0,0x65,0x0,0x3d,0x0,
  0x22,0x0,0x20,0x0,0x66,0x0,0x6f,0x0,0x6e,0x0,0x74,0x0,0x2d,0x0,0x77,0x0,
  0x65,0x0,0x69,0x0,0x67,0x0,0x68,0x0,0x74,0x0,0x3a,0x0,0x36,0x0,0x30,0x0,
  0x30,0x0,0x3b,0x0,0x22,0x0,0x3e,0x0,0x62,0x0,0x65,0x0,0x6c,0x0,0x69,0x0,
  0x65,0x0,0x62,0x0,0x69,0x0,0x67,0x0,0x65,0x0,0x3c,0x0,0x2f,0x0,0x73,0x0,
  0x70,0x0,0x61,0x0,0x6e,0x0,0x3e,0x0,0x20,0x0,0x6d,0x0,0x69,0x0,0x74,0x0,
  0x20,0x0,0x3c,0x0,0x69,0x0,0x6d,0x0,0x67,0x0,0x20,0x0,0x73,0x0,0x72,0x0,
  0x63,0x0,0x3d,0x0,0x22,0x0,0x3a,0x0,0x2f,0x0,0x69,0x0,0x63,0x0,0x6f,0x0,
  0x6e,0x0,0x73,0x0,0x2f,0x0,0x63,0x0,0x68,0x0,0x65,0x0,0x63,0x0,0x6b,0x0,
  0x5f,0x0,0x75,0x0,0x6e,0x0,0x63,0x0,0x68,0x0,0x65,0x0,0x63,0x0,0x6b,0x0,
  0x65,0x0,0x64,0x0,0x2e,0x0,0x70,0x0,0x6e,0x0,0x67,0x0,0x22,0x0,0x2f,0x0,
  0x3e,0x0,0x2c,0x0,0x20,0x0,0x3c,0x0,0x73,0x0,0x70,0x0,0x61,0x0,0x6e,0x0,
  0x20,0x0,0x73,0x0,0x74,0x0,0x79,0x0,0x6c,0x0,0x65,0x0,0x3d,0x0,0x22,0x0,
  0x20,0x0,0x66,0x0,0x6f,0x0,0x6e,0x0,0x74,0x0,0x2d,0x0,0x77,0x0,0x65,0x0,
  0x69,0x0,0x67,0x0,0x68,0x0,0x74,0x0,0x3a,0x0,0x36,0x0,0x30,0x0,0x30,0x0,
  0x3b,0x0,0x22,0x0,0x3e,0x0,0x6b,0x0,0x65,0x0,0x69,0x0,0x6e,0x0,0x65,0x0,
  0x3c,0x0,0x2f,0x0,0x73,0x0,0x70,0x0,0x61,0x0,0x6e,0x0,0x3e,0x0,0x20,0x0,
  0x6d,0x0,0x69,0x0,0x74,0x0,0x20,0x0,0x3c,0x0,0x69,0x0,0x6d,0x0,0x67,0x0,
  0x20,0x0,0x73,0x0,0x72,0x0,0x63,0x0,0x3d,0x0,0x22,0x0,0x3a,0x0,0x2f,0x0,
  0x69,0x0,0x63,0x0,0x6f,0x0,0x6e,0x0,0x73,0x0,0x2f,0x0,0x63,0x0,0x68,0x0,
  0x65,0x0,0x63,0x0,0x6b,0x0,0x5f,0x0,0x65,0x0,0x78,0x0,0x63,0x0,0x6c,0x0,
  0x75,0x0,0x64,0x0,0x65,0x0,0x2e,0x0,0x70,0x0,0x6e,0x0,0x67,0x0,0x22,0x0,
  0x2f,0x0,0x3e,0x0,0x29,0x0,0x3a,0x0,0x3c,0x0,0x2f,0x0,0x70,0x0,0x3e,0x0,
  0x3c,0x0,0x2f,0x0,0x62,0x0,0x6f,0x0,0x64,0x0,0x79,0x0,0x3e,0x0,0x3c,0x0,
  0x2f,0x0,0x68,0x0,0x74,0x0,0x6d,0x0,0x6c,0x0,0x3e,0x8,0x0,0x0,0x0,0x0,
  0x6,0x0,0x0,0x1,0x4e,0x3c,0x68,0x74,0x6d,0x6c,0x3e,0x3c,0x68,0x65,0x61,0x64,
  0x2f,0x3e,0x3c,0x62,0x6f,0x64,0x79,0x3e,0x3c,0x70,0x3e,0x52,0x65,0x73,0x75,0x6c,
  0x74,0x69,0x6e,0x67,0x20,0x62,0x69,0x6f,0x6d,0x65,0x73,0x20,0x28,0x3c,0x73,0x70,
  0x61,0x6e,0x20,0x73,0x74,0x79,0x6c,0x65,0x3d,0x22,0x20,0x66,0x6f,0x6e,0x74,0x2d,
  0x77,0x65,0x69,0x67,0x68,0x74,0x3a,0x36,0x30,0x30,0x3b,0x22,0x3e,0x61,0x74,0x20,
  0x6c,0x65,0x61,0x73,0x74,0x20,0x6f,0x6e,0x65,0x3c,0x2f,0x73,0x70,0x61,0x6e,0x3e,
  0x20,0x77,0x69,0x74,0x68,0x20,0x3c,0x69,0x6d,0x67,0x20,0x73,0x72,0x63,0x3d,0x22,
  0x3a,0x2f,0x69,0x63,0x6f,0x6e,0x73,0x2f,0x63,0x68,0x65,0x63,0x6b,0x5f,0x69,0x6e,
  0x63,0x6c,0x75,0x64,0x65,0x2e,0x70,0x6e,0x67,0x22,0x2f,0x3e,0x2c,0x20,0x3c,0x73,
  0x70,0x61,0x6e,0x20,0x73,0x74,0x79,0x6c,0x65,0x3d,0x22,0x20,0x66,0x6f,0x6e,0x74,
  0x2d,0x77,0x65,0x69,0x67,0x68,0x74,0x3a,0x36,0x30,0x30,0x3b,0x22,0x3e,0x61,0x6e,
  0x79,0x3c,0x2f,0x73,0x70,0x61,0x6e,0x3e,0x20,0x77,0x69,0x74,0x68,0x20,0x3c,0x69,
  0x6d,0x67,0x20,0x73,0x72,0x63,0x3d,0x22,0x3a,0x2f,0x69,0x63,0x6f,0x6e,0x73,0x2f,
  0x63,0x68,0x65,0x63,0x6b,0x5f,0x75,0x6e,0x63,0x68,0x65,0x63,0x6b,0x65,0x64,0x2e,
  0x70,0x6e,0x67,0x22,0x2f,0x3e,0x2c,0x20,0x3c,0x73,0x70,0x61,0x6e,0x20,0x73,0x74,
  0x79,0x6c,0x65,0x3d,0x22,0x20,0x66,0x6f,0x6e,0x74,0x2d,0x77,0x65,0x69,0x67,0x68,
  0x74,0x3a,0x36,0x30,0x30,0x3b,0x22,0x3e,0x6e,0x6f,0x6e,0x65,0x3c,0x2f,0x73,0x70,
  0x61,0x6e,0x3e,0x20,0x77,0x69,0x74,0x68,0x20,0x3c,0x69,0x6d,0x67,0x20,0x73,0x72,
  0x63,0x3d,0x22,0x3a,0x2f,0x69,0x63,0x6f,0x6e,0x73,0x2f,0x63,0x68,0x65,0x63,0x6b,
  0x5f,0x65,0x78,0x63,0x6c,0x75,0x64,0x65,0x2e,0x70,0x6e,0x67,0x22,0x2f,0x3e,0x29,
  0x3a,0x3c,0x2f,0x70,0x3e,0x3c,0x2f,0x62,0x6f,0x64,0x79,0x3e,0x3c,0x2f,0x68,0x74,
  0x6d,0x6c,0x3e,0x7,0x0,0x0,0x0,0xf,0x43,0x6f,0x6e,0x64,0x69,0x74,0x69,0x6f,
  0x6e,0x44,0x69,0x61,0x6c,0x6f,0x67,0x1,0x3,0x0,0x0,0x1,0xa2,0x0,0x3c,0x0,
  0x68,0x0,0x74,0x0,0x6d,0x0,0x6c,0x0,0x3e,0x0,0x3c,0x0,0x68,0x0,0x65,0x0,
  0x61,0x0,0x64,0x0,0x2f,0x0,0x3e,0x0,0x3c,0x0,0x62,0x0,0x6f,0x0,0x64,0x0,
  0x79,0x0,0x3e,0x0,0x3c,0x0,0x70,0x0,0x3e,0x0,0x44,0x0,0x61,0x0,0x73,0x0,
  0x20,0x0,0x4b,0x0,0x6c,0x0,0x69,0x0,0x6d,0x0,0x61,0x0,0x20,0x0,0x6d,0x0,
  0x75,0x0,0x73,0x0,0x73,0x0,0x20,0x0,0x69,0x0,0x6e,0x0,0x20,0x0,0x64,0x0,
  0x69,0x0,0x65,0x0,0x20,0x0,0x47,0x0,0x72,0x0,0x65,0x0,0x6e,0x0,0x7a,0x0,
  0x65,0x0,0x6e,0x0,0x20,0x0,0x65,0x0,0x69,0x0,0x6e,0x0,0x74,0x0,0x72,0x0,
  0x65,0x0,0x74,0x0,0x65,0x0,0x6e,0x0,0x3c,0x0,0x2f,0x0,0x70,0x0,0x3e,0x0,
  0x3c,0x0,0x70,0x0,0x3e,0x0,0x4d,0x0,0x69,0x0,0x74,0x0,0x20,0x0,0x64,0x0,
  0x65,0x0,0x72,0x0,0x20,0x0,0x3c,0x0,0x73,0x0,0x70,0x0,0x61,0x0,0x6e,0x0,
  0x20,0x0,0x73,0x0,0x74,0x0,0x79,0x0,0x6c,0x0,0x65,0x0,0x3d,0x0,0x22,0x0,
  0x20,0x0,0x66,0x0,0x6f,0x0,0x6e,0x0,0x74,0x0,0x2d,0x0,0x73,0x0,0x74,0x0,
  0x79,0x0,0x6c,0x0,0x65,0x0,0x3a,0x0,0x69,0x0,0x74,0x0,0x61,0x0,0x6c,0x0,
  0x69,0x0,0x63,0x0,0x3b,0x0,0x22,0x0,0x3e,0x0,0x76,0x0,0x6f,0x0,0x6c,0x0,
  0x6c,0x0,0x73,0x0,0x74,0x0,0xe4,0x0,0x6e,0x0,0x64,0x0,0x69,0x0,0x67,0x0,
  0x3c,0x0,0x2f,0x0,0x73,0x0,0x70,0x0,0x61,0x0,0x6e,0x0,0x3e,0x0,0x20,0x0,
  0x4f,0x0,0x70,0x0,0x74,0x0,0x69,0x0,0x6f,0x0,0x6e,0x0,0x20,0x0,0x6d,0x0,
  0x75,0x0,0x73,0x0,0x73,0x0,0x20,0x0,0x64,0x0,0x65,0x0,0x72,0x0,0x20,0x0,
  0x67,0x0,0x61,0x0,0x6e,0x0,0x7a,0x0,0x65,0x0,0x20,0x0,0x57,0x0,0x65,0x0,
  0x72,0x0,0x74,0x0,0x65,0x0,0x62,0x0,0x65,0x0,0x72,0x0,0x69,0x0,0x63,0x0,
  0x68,0x0,0x20,0x0,0x69,0x0,0x6e,0x0,0x6e,0x0,0x65,0x0,0x72,0x0,0x68,0x0,
  0x61,0x0,0x6c,0x0,0x62,0x0,0x20,0x0,0x64,0x0,0x65,0x0,0x72,0x0,0x20,0x0,
  0x47,0x0,0x72,0x0,0x65,0x0,0x6e,0x0,0x7a,0x0,0x65,0x0,0x6e,0x0,0x20,0x0,
  0x6c,0x0,0x69,0x0,0x65,0x0,0x67,0x0,0x65,0x0,0x6e,0x0,0x3c,0x0,0x2f,0x0,
  0x70,0x0,0x3e,0x0,0x3c,0x0,0x2f,0x0,0x62,0x0,0x6f,0x0,0x64,0x0,0x79,0x0,
  0x3e,0x0,0x3c,0x0,0x2f,0x0,0x68,0x0,0x74,0x0,0x6d,0x0,0x6c,0x0,0x3e,0x8,
  0x0,0x0,0x0,0x0,0x6,0x0,0x0,0x0,0xbf,0x3c,0x68,0x74,0x6d,0x6c,0x3e,0x3c,
  0x68,0x65,0x61,0x64,0x2f,0x3e,0x3c,0x62,0x6f,0x64,0x79,0x3e,0x3c,0x70,0x3e,0x54,
  0x68,0x65,0x20,0x63,0x6c,0x69,0x6d,0x61,0x74,0x65,0x20,0x68,0x61,0x73,0x20,0x74,
  0x6f,0x20,0x65,0x6e,0x74,0x65,0x72,0x20,0x74,0x68,0x65,0x20,0x72,0x65,0x71,0x75,
  0x69,0x72,0x65,0x64,0x20,0x72,0x61,0x6e,0x67,0x65,0x3c,0x2f,0x70,0x3e,0x3c,0x70,
  0x3e,0x57,0x69,0x74,0x68,0x20,0x74,0x68,0x65,0x20,0x3c,0x73,0x70,0x61,0x6e,0x20,
  0x73,0x74,0x79,0x6c,0x65,0x3d,0x22,0x20,0x66,0x6f,0x6e,0x74,0x2d,0x73,0x74,0x79,
  0x6c,0x65,0x3a,0x69,0x74,0x61,0x6c,0x69,0x63,0x3b,0x22,0x3e,0x63,0x6f,0x6d,0x70,
  0x6c,0x65,0x74,0x65,0x3c,0x2f,0x73,0x70,0x61,0x6e,0x3e,0x20,0x6d,0x6f,0x64,0x69,
  0x66,0x69,0x65,0x72,0x2c,0x20,0x74,0x68,0x65,0x20,0x65,0x6e,0x74,0x69,0x72,0x65,
  0x20,0x72,0x61,0x6e,0x67,0x65,0x20,0x6d,0x75,0x73,0x74,0x20,0x62,0x65,0x20,0x63,
  0x6f,0x76,0x65,0x72,0x65,0x64,0x3c,0x2f,0x70,0x3e,0x3c,0x2f,0x62,0x6f,0x64,0x79,
  0x3e,0x3c,0x2f,0x68,0x74,0x6d,0x6c,0x3e,0x7,0x0,0x0,0x0,0xf,0x43,0x6f,0x6e,
  0x64,0x69,0x74,0x69,0x6f,0x6e,0x44,0x69,0x61,0x6c,0x6f,0x67,0x1,0x3,0x0,0x0,
  0x0,0xa8,0x0,0x3c,0x0,0x68,0x0,0x74,0x0,0x6d,0x0,0x6c,0x0,0x3e,0x0,0x3c,
  0x0,0x68,0x0,0x65,0x0,0x61,0x0,0x64,0x0,0x2f,0x0,0x3e,0x0,0x3c,0x0,0x62,
  0x0,0x6f,0x0,0x64,0x0,0x79,0x0,0x3e,0x0,0x3c,0x0,0x70,0x0,0x3e,0x0,0x44,
  0x0,0x61,0x0,0x73,0x0,0x20,0x0,0x4b,0x0,0x6c,0x0,0x69,0x0,0x6d,0x0,0x61,
  0x0,0x20,0x0,0x6d,0x0,0x75,0x0,0x73,0x0,0x73,0x0,0x20,0x0,0x69,0x0,0x6e,
  0x0,0x6e,0x0,0x65,0x0,0x72,0x0,0x68,0x0,0x61,0x0,0x6c,0x0,0x62,0x0,0x20,
  0x0,0x64,0x0,0x65,0x0,0x72,0x0,0x20,0x0,0x47,0x0,0x72,0x0,0x65,0x0,0x6e,
  0x0,0x7a,0x0,0x65,0x0,0x6e,0x0,0x20,0x0,0x62,0x0,0x6c,0x0,0x65,0x0,0x69,
  0x0,0x62,0x0,0x65,0x0,0x6e,0x0,0x3c,0x0,0x2f,0x0,0x70,0x0,0x3e,0x0,0x3c,
  0x0,0x2f,0x0,0x62,0x0,0x6f,0x0,0x64,0x0,0x79,0x0,0x3e,0x0,0x3c,0x0,0x2f,
  0x0,0x68,0x0,0x74,0x0,0x6d,0x0,0x6c,0x0,0x3e,0x8,0x0,0x0,0x0,0x0,0x6,
  0x0,0x0,0x0,0x5c,0x3c,0x68,0x74,0x6d,0x6c,0x3e,0x3c,0x68,0x65,0x61,0x64,0x2f,
  0x3e,0x3c,0x62,0x6f,0x64,0x79,0x3e,0x3c,0x70,0x3e,0x54,0x68,0x65,0x20,0x63,0x6c,
  0x69,0x6d,0x61,0x74,0x65,0x20,0x6d,0x75,0x73,0x74,0x20,0x72,0x65,0x6d,0x61,0x69,
  0x6e,0x20,0x69,0x6e,0x73,0x69,0x64,0x65,0x20,0x74,0x68,0x65,0x20,0x63,0x6f,0x6e,
  0x66,0x69,0x6e,0x65,0x6d,0x65,0x6e,0x74,0x20,0x72,0x61,0x6e,0x67,0x65,0x3c,0x2f,
  0x70,0x3e,0x3c,0x2f,0x62,0x6f,0x64,0x79,0x3e,0x3c,0x2f,0x68,0x74,0x6d,0x6c,0x3e,
  0x7,0x0,0x0,0x0,0xf,0x43,0x6f,0x6e,0x64,0x69,0x74,0x69,0x6f,0x6e,0x44,0x69,
  0x61,0x6c,0x6f,0x67,0x1,0x3,0x0,0x0,0x0,0x8a,0x0,0x3c,0x0,0x68,0x0,0x74,
  0x0,0x6d,0x0,0x6c,0x0,0x3e,0x0,0x3c,0x0,0x68,0x0,0x65,0x0,0x61,0x0,0x64,
  0x0,0x2f,0x0,0x3e,0x0,0x3c,0x0,0x62,0x0,0x6f,0x0,0x64,0x0,0x79,0x0,0x3e,
  0x0,0x3c,0x0,0x70,0x0,0x3e,0x0,0x55,0x0,0x6e,0x0,0x74,0x0,0x65,0x0,0x72,
  0x0,0x65,0x0,0x20,0x0,0x47,0x0,0x72,0x0,0x65,0x0,0x6e,0x0,0x7a,0x0,0x65,
  0x0,0x20,0x0,0x28,0x0,0x61,0x0,0x62,0x0,0x67,0x0,0x65,0x0,0x73,0x0,0x63,
  0x0,0x68,0x0,0x6c,0x0,0x6f,0x0,0x73,0x0,0x73,0x0,0x65,0x0,0x6e,0x0,0x29,
  0x0,0x3c,0x0,0x2f,0x0,0x70,0x0,0x3e,0x0,0x3c,0x0,0x2f,0x0,0x62,0x0,0x6f,
  0x0,0x64,0x0,0x79,0x0,0x3e,0x0,0x3c,0x0,0x2f,0x0,0x68,0x0,0x74,0x0,0x6d,
  0x0,0x6c,0x0,0x3e,0x8,0x0,0x0,0x0,0x0,0x6,0x0,0x0,0x0,0x3f,0x3c,0x68,
  0x74,0x6d,0x6c,0x3e,0x3c,0x68,0x65,0x61,0x64,0x2f,0x3e,0x3c,0x62,0x6f,0x64,0x79,
  0x3e,0x3c,0x70,0x3e,0x55,0x70,0x70,0x65,0x72,0x20,0x62,0x6f,0x75,0x6e,0x64,0x20,
  0x28,0x69,0x6e,0x63,0x6c,0x75,0x73,0x69,0x76,0x65,0x29,0x3c,0x2f,0x70,0x3e,0x3c,
  0x2f,0x62,0x6f,0x64,0x79,0x3e,0x3c,0x2f,0x68,0x74,0x6d,0x6c,0x3e,0x7,0x0,0x0,
  0x0,0xf,0x43,0x6f,0x6e,0x64,0x69,0x74,0x69,0x6f,0x6e,0x44,0x69,0x61,0x6c,0x6f,
  0x67,0x1,0x3,0x0,0x0,0x0,0x12,0x0,0x56,0x0,0x65,0x0,0x72,0x0,0x6c,0x0,
  0x61,0x0,0x73,0x0,0x73,0x0,0x65,0x0,0x6e,0x8,0x0,0x0,0x0,0x0,0x6,0x0,
  0x0,0x0,0x9,0x41,0x62,0x61,0x6e,0x64,0x6f,0x6e,0x65,0x64,0x7,0x0,0x0,0x0,
  0xf,0x43,0x6f,0x6e,0x64,0x69,0x74,0x69,0x6f,0x6e,0x44,0x69,0x61,0x6c,0x6f,0x67,
  0x1,0x3,0x0,0x0,0x0,0x22,0x0,0x41,0x0,0x6c,0x0,0x67,0x0,0x6f,0x0,0x72,
  0x0,0x69,0x0,0x74,0x0,0x68,0x0,0x6d,0x0,0x65,0x0,0x6e,0x0,0x68,0x0,0x65,
  0x0,0x6c,0x0,0x66,0x0,0x65,0x0,0x72,0x8,0x0,0x0,0x0,0x0,0x6,0x0,0x0,
  0x0,0x11,0x41,0x6c,0x67,0x6f,0x72,0x69,0x74,0x68,0x6d,0x20,0x68,0x65,0x6c,0x70,
  0x65,0x72,0x73,0x7,0x0,0x0,0x0,0xf,0x43,0x6f,0x6e,0x64,0x69,0x74,0x69,0x6f,
  0x6e,0x44,0x69,0x61,0x6c,0x6f,0x67,0x1,0x3,0x0,0x0,0x0,0x88,0x0,0x4e,0x0,
  0x75,0x0,0x72,0x0,0x20,0x0,0x53,0x0,0x74,0x0,0x72,0x0,0x75,0x0,0x6b,0x0,
  0x74,0x0,0x75,0x0,0x72,0x0,0x65,0x0,0x6e,0x0,0x20,0x0,0x77,0x0,0x65,0x0,
  0x6c,0x0,0x63,0x0,0x68,0x0,0x65,0x0,0x20,0x0,0x6d,0x0,0x69,0x0,0x74,0x0,
  0x20,0x0,0x65,0x0,0x69,0x0,0x6e,0x0,0x65,0x0,0x72,0x0,0x20,0x0,0x64,0x0,
  0x65,0x0,0x72,0x0,0x20,0x0,0x67,0x0,0x65,0x0,0x77,0x0,0xe4,0x0,0x68,0x0,
  0x6c,0x0,0x74,0x0,0x65,0x0,0x6e,0x0,0x20,0x0,0x4b,0x0,0x6f,0x0,0x6e,0x0,
  0x73,0x0,0x74,0x0,0x72,0x0,0x75,0x0,0x6b,0x0,0x74,0x0,0x69,0x0,0x6f,0x0,
  0x6e,0x0,0x65,0x0,0x6e,0x0,0x20,0x0,0x62,0x0,0x65,0x0,0x67,0x0,0x69,0x0,
  0x6e,0x0,0x6e,0x0,0x74,0x8,0x0,0x0,0x0,0x0,0x6,0x0,0x0,0x0,0x40,0x41,
  0x6c,0x6c,0x6f,0x77,0x20,0x6f,0x6e,0x6c,0x79,0x20,0x73,0x74,0x72,0x75,0x63,0x74,
  0x75,0x72,0x65,0x73,0x20,0x74,0x68,0x61,0x74,0x20,0x73,0x74,0x61,0x72,0x74,0x20,
  0x77,0x69,0x74,0x68,0x20,0x6f,0x6e,0x65,0x20,0x6f,0x66,0x20,0x74,0x68,0x65,0x20,
  0x73,0x65,0x6c,0x65,0x63,0x74,0x65,0x64,0x20,0x70,0x69,0x65,0x63,0x65,0x73,0x7,
  0x0,0x0,0x0,0xf,0x43,0x6f,0x6e,0x64,0x69,0x74,0x69,0x6f,0x6e,0x44,0x69,0x61,
  0x6c,0x6f,0x67,0x1,0x3,0x0,0x0,0x0,0x1a,0x0,0x41,0x0,0x70,0x0,0x70,0x0,
  0x72,0x0,0x6f,0x0,0x78,0x0,0x69,0x0,0x6d,0x0,0x69,0x0,0x65,0x0,0x72,0x0,
  0x65,0x0,0x6e,0x8,0x0,0x0,0x0,0x0,0x6,0x0,0x0,0x0,0xb,0x41,0x70,0x70,
  0x72,0x6f,0x78,0x69,0x6d,0x61,0x74,0x65,0x7,0x0,0x0,0x0,0xf,0x43,0x6f,0x6e,
  0x64,0x69,0x74,0x69,0x6f,0x6e,0x44,0x69,0x61,0x6c,0x6f,0x67,0x1,0x3,0x0,0x0,
  0x0,0x36,0x0,0x41,0x0,0x70,0x0,0x70,0x0,0x72,0x0,0x6f,0x0,0x78,0x0,0x6d,
  0x0,0x69,0x0,0x65,0x0,0x72,0x0,0x74,0x0,0x65,0x0,0x20,0x0,0x4f,0x0,0x62,
  0x0,0x65,0x0,0x72,0x0,0x66,0x0,0xe4,0x0,0x63,0x0,0x68,0x0,0x65,0x0,0x6e,
  0x0,0x68,0x0,0x6f,0x0,0x68,0x0,0x65,0x8,0x0,0x0,0x0,0x0,0x6,0x0,0x0,
  0x0,0x1a,0x41,0x70,0x70,0x72,0x6f,0x78,0x69,0x6d,0x61,0x74,0x65,0x20,0x73,0x75,
  0x72,0x66,0x61,0x63,0x65,0x20,0x68,0x65,0x69,0x67,0x68,0x74,0x7,0x0,0x0,0x0,
  0xf,0x43,0x6f,0x6e,0x64,0x69,0x74,0x69,0x6f,0x6e,0x44,0x69,0x61,0x6c,0x6f,0x67,
  0x1,0x3,0x0,0x0,0x0,0x28,0x0,0x42,0x0,0x65,0x0,0x72,0x0,0x65,0x0,0x69,
  0x0,0x63,0x0,0x68,0x0,0x20,0x0,0x69,0x0,0x73,0x0,0x74,0x0,0x20,0x0,0x7a,
  0x0,0x75,0x0,0x20,0x0,0x6b,0x0,0x6c,0x0,0x65,0x0,0x69,0x0,0x6e,0x8,0x0,
  0x0,0x0,0x0,0x6,0x0,0x0,0x0,0x11,0x41,0x72,0x65,0x61,0x20,0x49,0x6e,0x73,
  0x75,0x66,0x66,0x69,0x63,0x69,0x65,0x6e,0x74,0x7,0x0,0x0,0x0,0xf,0x43,0x6f,
  0x6e,0x64,0x69,0x74,0x69,0x6f,0x6e,0x44,0x69,0x61,0x6c,0x6f,0x67,0x1,0x3,0x0,
  0x0,0x0,0x5e,0x0,0x53,0x0,0x63,0x0,0x68,0x0,0x6c,0x0,0x65,0x0,0x63,0x0,
  0x68,0x0,0x74,0x0,0x65,0x0,0x20,0x0,0x46,0x0,0x6c,0x0,0xe4,0x0,0x63,0x0,
  0x68,0x0,0x65,0x0,0x6e,0x0,0x64,0x0,0x65,0x0,0x66,0x0,0x69,0x0,0x6e,0x0,
  0x69,0x0,0x74,0x0,0x69,0x0,0x6f,0x0,0x6e,0x0,0x20,0x0,0x66,0x0,0xfc,0x0,
  0x72,0x0,0x20,0x0,0x51,0x0,0x75,0x0,0x61,0x0,0x64,0x0,0x2d,0x0,0x53,0x0,
  0x74,0x0,0x72,0x0,0x75,0x0,0x6b,0x0,0x74,0x0,0x75,0x0,0x72,0x0,0x65,0x0,
  0x6e,0x8,0x0,0x0,0x0,0x0,0x6,0x0,0x0,0x0,0x1b,0x42,0x61,0x64,0x20,0x41,
  0x72,0x65,0x61,0x20,0x66,0x6f,0x72,0x20,0x51,0x75,0x61,0x64,0x2d,0x53,0x74,0x72,
  0x75,0x63,0x74,0x75,0x72,0x65,0x7,0x0,0x0,0x0,0xf,0x43,0x6f,0x6e,0x64,0x69,
  0x74,0x69,0x6f,0x6e,0x44,0x69,0x61,0x6c,0x6f,0x67,0x1,0x3,0x0,0x0,0x0,0x2c,
  0x0,0x53,0x0,0x63,0x0,0x68,0x0,0x6c,0x0,0x65,0x0,0x63,0x0,0x68,0x0,0x74,
  0x0,0x65,0x0,0x20,0x0,0x4b,0x0,0x6c,0x0,0x69,0x0,0x6d,0x0,0x61,0x0,0x67,
  0x0,0x72,0x0,0x65,0x0,0x6e,0x0,0x7a,0x0,0x65,0x0,0x6e,0x8,0x0,0x0,0x0,
  0x0,0x6,0x0,0x0,0x0,0x11,0x42,0x61,0x64,0x20,0x43,0x6c,0x69,0x6d,0x61,0x74,
  0x65,0x20,0x52,0x61,0x6e,0x67,0x65,0x7,0x0,0x0,0x0,0xf,0x43,0x6f,0x6e,0x64,
  0x69,0x74,0x69,0x6f,0x6e,0x44,0x69,0x61,0x6c,0x6f,0x67,0x1,0x3,0x0,0x0,0x0,
  0x32,0x0,0x53,0x0,0x63,0x0,0x68,0x0,0x6c,0x0,0x65,0x0,0x63,0x0,0x68,0x0,
  0x74,0x0,0x65,0x0,0x20,0x0,0x4f,0x0,0x62,0x0,0x65,0x0,0x72,0x0,0x66,0x0,
  0x6c,0x0,0xe4,0x0,0x63,0x0,0x68,0x0,0x65,0x0,0x6e,0x0,0x68,0x0,0xf6,0x0,
  0x68,0x0,0x65,0x8,0x0,0x0,0x0,0x0,0x6,0x0,0x0,0x0,0x12,0x42,0x61,0x64,
  0x20,0x53,0x75,0x72,0x66,0x61,0x63,0x65,0x20,0x48,0x65,0x69,0x67,0x68,0x74,0x7,
  0x0,0x0,0x0,0xf,0x43,0x6f,0x6e,0x64,0x69,0x74,0x69,0x6f,0x6e,0x44,0x69,0x61,
  0x6c,0x6f,0x67,0x1,0x3,0x0,0x0,0x0,0xc,0x0,0x4b,0x0,0x65,0x0,0x6c,0x0,
  0x6c,0x0,0x65,0x0,0x72,0x8,0x0,0x0,0x0,0x0,0x6,0x0,0x0,0x0,0x8,0x42,
  0x61,0x73,0x65,0x6d,0x65,0x6e,0x74,0x7,0x0,0x0,0x0,0xf,0x43,0x6f,0x6e,0x64,
  0x69,0x74,0x69,0x6f,0x6e,0x44,0x69,0x61,0x6c,0x6f,0x67,0x1,0x3,0x0,0x0,0x0,
  0x20,0x0,0x42,0x0,0x61,0x0,0x73,0x0,0x74,0x0,0x69,0x0,0x6f,0x0,0x6e,0x0,
  0x76,0x0,0x61,0x0,0x72,0x0,0x69,0x0,0x61,0x0,0x6e,0x0,0x74,0x0,0x65,0x0,
  0x6e,0x8,0x0,0x0,0x0,0x0,0x6,0x0,0x0,0x0,0x10,0x42,0x61,0x73,0x74,0x69,
  0x6f,0x6e,0x20,0x76,0x61,0x72,0x69,0x61,0x6e,0x74,0x73,0x7,0x0,0x0,0x0,0xf,
  0x43,0x6f,0x6e,0x64,0x69,0x74,0x69,0x6f,0x6e,0x44,0x69,0x61,0x6c,0x6f,0x67,0x1,
  0x3,0x0,0x0,0x0,0x18,0x0,0x42,0x0,0x69,0x0,0x6f,0x0,0x6d,0x0,0x6d,0x0,
  0x61,0x0,0xdf,0x0,0x73,0x0,0x74,0x0,0x61,0x0,0x62,0x0,0x3a,0x8,0x0,0x0,
  0x0,0x0,0x6,0x0,0x0,0x0,0xc,0x42,0x69,0x6f,0x6d,0x65,0x20,0x73,0x63,0x61,
  0x6c,0x65,0x3a,0x7,0x0,0x0,0x0,0xf,0x43,0x6f,0x6e,0x64,0x69,0x74,0x69,0x6f,
  0x6e,0x44,0x69,0x61,0x6c,0x6f,0x67,0x1,0x3,0x0,0x0,0x0,0xa,0x0,0x42,0x0,
  0x69,0x0,0x6f,0x0,0x6d,0x0,0x3a,0x8,0x0,0x0,0x0,0x0,0x6,0x0,0x0,0x0,
  0x6,0x42,0x69,0x6f,0x6d,0x65,0x3a,0x7,0x0,0x0,0x0,0xf,0x43,0x6f,0x6e,0x64,
  0x69,0x74,0x69,0x6f,0x6e,0x44,0x69,0x61,0x6c,0x6f,0x67,0x1,0x3,0x0,0x0,0x0,
  0xa,0x0,0x42,0x0,0x69,0x0,0x6f,0x0,0x6d,0x0,0x65,0x8,0x0,0x0,0x0,0x0,
  0x6,0x0,0x0,0x0,0x6,0x42,0x69,0x6f,0x6d,0x65,0x73,0x7,0x0,0x0,0x0,0xf,
  0x43,0x6f,0x6e,0x64,0x69,0x74,0x69,0x6f,0x6e,0x44,0x69,0x61,0x6c,0x6f,0x67,0x1,
  0x3,0x0,0x0,0x0,0x34,0x0,0x54,0x0,0x6f,0x0,0x6c,0x0,0x65,0x0,0x72,0x0,
  0x61,0x0,0x6e,0x0,0x7a,0x0,0x20,0x0,0x66,0x0,0xfc,0x0,0x72,0x0,0x20,0x0,
  0x64,0x0,0x65,0x0,0x6e,0x0,0x20,0x0,0x42,0x0,0x69,0x0,0x6f,0x0,0x6d,0x0,
  0x72,0x0,0x61,0x0,0x6e,0x0,0x64,0x0,0x3a,0x8,0x0,0x0,0x0,0x0,0x6,0x0,
  0x0,0x0,0x11,0x42,0x6f,0x72,0x64,0x65,0x72,0x20,0x74,0x6f,0x6c,0x65,0x72,0x61,
  0x6e,0x63,0x65,0x3a,0x7,0x0,0x0,0x0,0xf,0x43,0x6f,0x6e,0x64,0x69,0x74,0x69,
  0x6f,0x6e,0x44,0x69,0x61,0x6c,0x6f,0x67,0x1,0x3,0x0,0x0,0x0,0xc0,0x0,0x55,
  0x0,0x6e,0x0,0x74,0x0,0x65,0x0,0x72,0x0,0x69,0x0,0x72,0x0,0x64,0x0,0x69,
  0x0,0x73,0x0,0x63,0x0,0x68,0x0,0x65,0x0,0x20,0x0,0x42,0x0,0x69,0x0,0x6f,
  0x0,0x6d,0x0,0x65,0x0,0x20,0x0,0x67,0x0,0x65,0x0,0x6e,0x0,0x65,0x0,0x72,
  0x0,0x69,0x0,0x65,0x0,0x72,0x0,0x65,0x0,0x6e,0x0,0x20,0x0,0x6e,0x0,0x69,
  0x0,0x63,0x0,0x68,0x0,0x74,0x0,0x20,0x0,0xfc,0x0,0x62,0x0,0x65,0x0,0x72,
  0x0,0x20,0x0,0x59,0x0,0x20,0x0,0x3d,0x0,0x20,0x0,0x32,0x0,0x34,0x0,0x36,
  0x0,0x2e,0x0,0xa,0x0,0x44,0x0,0x69,0x0,0x65,0x0,0x20,0x0,0x45,0x0,0x76,
  0x0,0x61,0x0,0x6c,0x0,0x75,0x0,0x69,0x0,0x65,0x0,0x72,0x0,0x75,0x0,0x6e,
  0x0,0x67,0x0,0x73,0x0,0x68,0x0,0xf6,0x0,0x68,0x0,0x65,0x0,0x20,0x0,0x73,
  0x0,0x6f,0x0,0x6c,0x0,0x6c,0x0,0x74,0x0,0x65,0x0,0x20,0x0,0x61,0x0,0x6e,
  0x0,0x67,0x0,0x65,0x0,0x70,0x0,0x61,0x0,0x73,0x0,0x73,0x0,0x74,0x0,0x20,
  0x0,0x77,0x0,0x65,0x0,0x72,0x0,0x64,0x0,0x65,0x0,0x6e,0x0,0x2e,0x8,0x0,
  0x0,0x0,0x0,0x6,0x0,0x0,0x0,0x51,0x43,0x61,0x76,0x65,0x20,0x62,0x69,0x6f,
  0x6d,0x65,0x73,0x20,0x64,0x6f,0x20,0x6e,0x6f,0x74,0x20,0x67,0x65,0x6e,0x65,0x72,
  0x61,0x74,0x65,0x20,0x61,0x62,0x6f,0x76,0x65,0x20,0x59,0x20,0x3d,0x20,0x32,0x34,
  0x36,0x2e,0xa,0x54,0x68,0x65,0x20,0x73,0x61,0x6d,0x70,0x6c,0x69,0x6e,0x67,0x20,
  0x68,0x65,0x69,0x67,0x68,0x74,0x20,0x73,0x68,0x6f,0x75,0x6c,0x64,0x20,0x62,0x65,
  0x20,0x6c,0x6f,0x77,0x65,0x72,0x65,0x64,0x2e,0x7,0x0,0x0,0x0,0xf,0x43,0x6f,
  0x6e,0x64,0x69,0x74,0x69,0x6f,0x6e,0x44,0x69,0x61,0x6c,0x6f,0x67,0x1,0x3,0x0,
  0x0,0x0,0xa,0x0,0x4b,0x0,0x6c,0x0,0x69,0x0,0x6d,0x0,0x61,0x8,0x0,0x0,
  0x0,0x0,0x6,0x0,0x0,0x0,0x7,0x43,0x6c,0x69,0x6d,0x61,0x74,0x65,0x7,0x0,
  0x0,0x0,0xf,0x43,0x6f,0x6e,0x64,0x69,0x74,0x69,0x6f,0x6e,0x44,0x69,0x61,0x6c,
  0x6f,0x67,0x1,0x3,0x0,0x0,0x0,0x20,0x0,0x4b,0x0,0x6c,0x0,0x69,0x0,0x6d,
  0x0,0x61,0x0,0x70,0x0,0x61,0x0,0x72,0x0,0x61,0x0,0x6d,0x0,0x65,0x0,0x74,
  0x0,0x65,0x0,0x72,0x0,0x3a,0x0,0x20,0x8,0x0,0x0,0x0,0x0,0x6,0x0,0x0,
  0x0,0x13,0x43,0x6c,0x69,0x6d,0x61,0x74,0x65,0x20,0x70,0x61,0x72,0x61,0x6d,0x65,
  0x74,0x65,0x72,0x3a,0x20,0x7,0x0,0x0,0x0,0xf,0x43,0x6f,0x6e,0x64,0x69,0x74,
  0x69,0x6f,0x6e,0x44,0x69,0x61,0x6c,0x6f,0x67,0x1,0x3,0x0,0x0,0x0,0x1c,0x0,
  0x4b,0x0,0x6c,0x0,0x69,0x0,0x6d,0x0,0x61,0x0,0x70,0x0,0x61,0x0,0x72,0x0,
  0x61,0x0,0x6d,0x0,0x65,0x0,0x74,0x0,0x65,0x0,0x72,0x8,0x0,0x0,0x0,0x0,
  0x6,0x0,0x0,0x0,0x12,0x43,0x6c,0x69,0x6d,0x61,0x74,0x65,0x20,0x70,0x61,0x72,
  0x61,0x6d,0x65,0x74,0x65,0x72,0x73,0x7,0x0,0x0,0x0,0xf,0x43,0x6f,0x6e,0x64,
  0x69,0x74,0x69,0x6f,0x6e,0x44,0x69,0x61,0x6c,0x6f,0x67,0x1,0x3,0x0,0x0,0x0,
  0x8,0x0,0x4b,0x0,0x61,0x0,0x6c,0x0,0x74,0x8,0x0,0x0,0x0,0x0,0x6,0x0,
  0x0,0x0,0x4,0x43,0x6f,0x6c,0x64,0x7,0x0,0x0,0x0,0xf,0x43,0x6f,0x6e,0x64,
  0x69,0x74,0x69,0x6f,0x6e,0x44,0x69,0x61,0x6c,0x6f,0x67,0x1,0x3,0x0,0x0,0x0,
  0x36,0x0,0x45,0x0,0x64,0x0,0x69,0x0,0x74,0x0,0x69,0x0,0x65,0x0,0x72,0x0,
  0x65,0x0,0x6e,0x0,0x20,0x0,0x64,0x0,0x65,0x0,0x72,0x0,0x20,0x0,0x53,0x0,
  0x75,0x0,0x63,0x0,0x68,0x0,0x62,0x0,0x65,0x0,0x64,0x0,0x69,0x0,0x6e,0x0,
  0x67,0x0,0x75,0x0,0x6e,0x0,0x67,0x8,0x0,0x0,0x0,0x0,0x6,0x0,0x0,0x0,
  0x10,0x43,0x6f,0x6e,0x64,0x69,0x74,0x69,0x6f,0x6e,0x20,0x45,0x64,0x69,0x74,0x6f,
  0x72,0x7,0x0,0x0,0x0,0xf,0x43,0x6f,0x6e,0x64,0x69,0x74,0x69,0x6f,0x6e,0x44,
  0x69,0x61,0x6c,0x6f,0x67,0x1,0x3,0x0,0x0,0x0,0x1e,0x0,0x42,0x0,0x65,0x0,
  0x64,0x0,0x69,0x0,0x6e,0x0,0x67,0x0,0x75,0x0,0x6e,0x0,0x67,0x0,0x20,0x0,
  0x61,0x0,0x6b,0x0,0x74,0x0,0x69,0x0,0x76,0x8,0x0,0x0,0x0,0x0,0x6,0x0,
  0x0,0x0,0x11,0x43,0x6f,0x6e,0x64,0x69,0x74,0x69,0x6f,0x6e,0x20,0x65,0x6e,0x61,
  0x62,0x6c,0x65,0x64,0x7,0x0,0x0,0x0,0xf,0x43,0x6f,0x6e,0x64,0x69,0x74,0x69,
  0x6f,0x6e,0x44,0x69,0x61,0x6c,0x6f,0x67,0x1,0x3,0x0,0x0,0x0,0x1c,0x0,0x42,
  0x0,0x65,0x0,0x64,0x0,0x69,0x0,0x6e,0x0,0x67,0x0,0x75,0x0,0x6e,0x0,0x67,
  0x0,0x73,0x0,0x74,0x0,0x79,0x0,0x70,0x0,0x3a,0x8,0x0,0x0,0x0,0x0,0x6,
  0x0,0x0,0x0,0xf,0x43,0x6f,0x6e,0x64,0x69,0x74,0x69,0x6f,0x6e,0x20,0x74,0x79,
  0x70,0x65,0x3a,0x7,0x0,0x0,0x0,0xf,0x43,0x6f,0x6e,0x64,0x69,0x74,0x69,0x6f,
  0x6e,0x44,0x69,0x61,0x6c,0x6f,0x67,0x1,0x3,0x0,0x0,0x0,0x38,0x0,0x53,0x0,
  0x74,0x0,0x61,0x0,0x74,0x0,0x69,0x0,0x73,0x0,0x74,0x0,0x69,0x0,0x73,0x0,
  0x63,0x0,0x68,0x0,0x65,0x0,0x20,0x0,0x53,0x0,0x69,0x0,0x63,0x0,0x68,0x0,
  0x65,0x0,0x72,0x0,0x68,0x0,0x65,0x0,0x69,0x0,0x74,0x0,0x20,0x0,0x28,0x0,
  0x25,0x0,0x29,0x0,0x3a,0x8,0x0,0x0,0x0,0x0,0x6,0x0,0x0,0x0,0xf,0x43,
  0x6f,0x6e,0x66,0x69,0x64,0x65,0x6e,0x63,0x65,0x20,0x28,0x25,0x29,0x3a,0x7,0x0,
  0x0,0x0,0xf,0x43,0x6f,0x6e,0x64,0x69,0x74,0x69,0x6f,0x6e,0x44,0x69,0x61,0x6c,
  0x6f,0x67,0x1,0x3,0x0,0x0,0x0,0x16,0x0,0x42,0x0,0x65,0x0,0x67,0x0,0x72,
  0x0,0x65,0x0,0x6e,0x0,0x7a,0x0,0x75,0x0,0x6e,0x0,0x67,0x0,0x3a,0x8,0x0,
  0x0,0x0,0x0,0x6,0x0,0x0,0x0,0x9,0x43,0x6f,0x6e,0x66,0x69,0x6e,0x65,0x64,
  0x3a,0x7,0x0,0x0,0x0,0xf,0x43,0x6f,0x6e,0x64,0x69,0x74,0x69,0x6f,0x6e,0x44,
  0x69,0x61,0x6c,0x6f,0x67,0x1,0x3,0x0,0x0,0x0,0x1e,0x0,0x4b,0x0,0x6f,0x0,
  0x6e,0x0,0x74,0x0,0x69,0x0,0x6e,0x0,0x65,0x0,0x6e,0x0,0x74,0x0,0x61,0x0,
  0x6c,0x0,0x68,0x0,0x65,0x0,0x69,0x0,0x74,0x8,0x0,0x0,0x0,0x0,0x6,0x0,
  0x0,0x0,0xf,0x43,0x6f,0x6e,0x74,0x69,0x6e,0x65,0x6e,0x74,0x61,0x6c,0x6e,0x65,
  0x73,0x73,0x7,0x0,0x0,0x0,0xf,0x43,0x6f,0x6e,0x64,0x69,0x74,0x69,0x6f,0x6e,
  0x44,0x69,0x61,0x6c,0x6f,0x67,0x1,0x3,0x0,0x0,0x0,0x28,0x0,0x54,0x0,0x72,
  0x0,0x6f,0x0,0x74,0x0,0x7a,0x0,0x64,0x0,0x65,0x0,0x6d,0x0,0x20,0x0,0x66,
  0x0,0x6f,0x0,0x72,0x0,0x74,0x0,0x66,0x0,0x61,0x0,0x68,0x0,0x72,0x0,0x65,
  0x0,0x6e,0x0,0x3f,0x8,0x0,0x0,0x0,0x0,0x6,0x0,0x0,0x0,0x10,0x43,0x6f,
  0x6e,0x74,0x69,0x6e,0x75,0x65,0x20,0x61,0x6e,0x79,0x77,0x61,0x79,0x3f,0x7,0x0,
  0x0,0x0,0xf,0x43,0x6f,0x6e,0x64,0x69,0x74,0x69,0x6f,0x6e,0x44,0x69,0x61,0x6c,
  0x6f,0x67,0x1,0x3,0x0,0x0,0x0,0x24,0x0,0x42,0x0,0x65,0x0,0x6e,0x0,0x75,
  0x0,0x74,0x0,0x7a,0x0,0x65,0x0,0x72,0x0,0x64,0x0,0x65,0x0,0x66,0x0,0x69,
  0x0,0x6e,0x0,0x69,0x0,0x65,0x0,0x72,0x0,0x74,0x0,0x3a,0x8,0x0,0x0,0x0,
  0x0,0x6,0x0,0x0,0x0,0x7,0x43,0x75,0x73,0x74,0x6f,0x6d,0x3a,0x7,0x0,0x0,
  0x0,0xf,0x43,0x6f,0x6e,0x64,0x69,0x74,0x69,0x6f,0x6e,0x44,0x69,0x61,0x6c,0x6f,
  0x67,0x1,0x3,0x0,0x0,0x0,0xa,0x0,0x54,0x0,0x69,0x0,0x65,0x0,0x66,0x0,
  0x65,0x8,0x0,0x0,0x0,0x0,0x6,0x0,0x0,0x0,0x5,0x44,0x65,0x70,0x74,0x68,
  0x7,0x0,0x0,0x0,0xf,0x43,0x6f,0x6e,0x64,0x69,0x74,0x69,0x6f,0x6e,0x44,0x69,
  0x61,0x6c,0x6f,0x67,0x1,0x3,0x0,0x0,0x0,0x28,0x0,0x42,0x0,0x65,0x0,0x73,
  0x0,0x63,0x0,0x68,0x0,0x72,0x0,0x65,0x0,0x69,0x0,0x62,0x0,0x75,0x0,0x6e,
  0x0,0x67,0x0,0x2f,0x0,0x4e,0x0,0x6f,0x0,0x74,0x0,0x69,0x0,0x7a,0x0,0x65,
  0x0,0x6e,0x8,0x0,0x0,0x0,0x0,0x6,0x0,0x0,0x0,0x11,0x44,0x65,0x73,0x63,
  0x72,0x69,0x70,0x74,0x69,0x6f,0x6e,0x2f,0x4e,0x6f,0x74,0x65,0x73,0x7,0x0,0x0,
  0x0,0xf,0x43,0x6f,0x6e,0x64,0x69,0x74,0x69,0x6f,0x6e,0x44,0x69,0x61,0x6c,0x6f,
  0x67,0x1,0x3,0x0,0x0,0x0,0xe,0x0,0x44,0x0,0x65,0x0,0x74,0x0,0x61,0x0,
  0x69,0x0,0x6c,0x0,0x73,0x8,0x0,0x0,0x0,0x0,0x6,0x0,0x0,0x0,0x7,0x44,
  0x65,0x74,0x61,0x69,0x6c,0x73,0x7,0x0,0x0,0x0,0xf,0x43,0x6f,0x6e,0x64,0x69,
  0x74,0x69,0x6f,0x6e,0x44,0x69,0x61,0x6c,0x6f,0x67,0x1,0x3,0x0,0x0,0x0,0x48,
  0x0,0x55,0x0,0x6e,0x0,0x67,0x0,0x65,0x0,0x73,0x0,0x70,0x0,0x65,0x0,0x69,
  0x0,0x63,0x0,0x68,0x0,0x65,0x0,0x72,0x0,0x74,0x0,0x65,0x0,0x20,0x0,0xc4,
  0x0,0x6e,0x0,0x64,0x0,0x65,0x0,0x72,0x0,0x75,0x0,0x6e,0x0,0x67,0x0,0x65,
  0x0,0x6e,0x0,0x20,0x0,0x76,0x0,0x65,0x0,0x72,0x0,0x77,0x0,0x65,0x0,0x72,
  0x0,0x66,0x0,0x65,0x0,0x6e,0x0,0x3f,0x8,0x0,0x0,0x0,0x0,0x6,0x0,0x0,
  0x0,0x18,0x44,0x69,0x73,0x63,0x61,0x72,0x64,0x20,0x75,0x6e,0x73,0x61,0x76,0x65,
  0x64,0x20,0x63,0x68,0x61,0x6e,0x67,0x65,0x73,0x3f,0x7,0x0,0x0,0x0,0xf,0x43,
  0x6f,0x6e,0x64,0x69,0x74,0x69,0x6f,0x6e,0x44,0x69,0x61,0x6c,0x6f,0x67,0x1,0x3,
  0x0,0x0,0x0,0x14,0x0,0x42,0x0,0x65,0x0,0x61,0x0,0x72,0x0,0x62,0x0,0x65,
  0x0,0x69,0x0,0x74,0x0,0x65,0x0,0x6e,0x8,0x0,0x0,0x0,0x0,0x6,0x0,0x0,
  0x0,0x4,0x45,0x64,0x69,0x74,0x7,0x0,0x0,0x0,0xf,0x43,0x6f,0x6e,0x64,0x69,
  0x74,0x69,0x6f,0x6e,0x44,0x69,0x61,0x6c,0x6f,0x67,0x1,0x3,0x0,0x0,0x0,0x28,
  0x0,0x4c,0x0,0x65,0x0,0x65,0x0,0x72,0x0,0x65,0x0,0x20,0x0,0x63,0x0,0x68,
  0x0,0x65,0x0,0x63,0x0,0x6b,0x0,0x20,0x0,0x46,0x0,0x75,0x0,0x6e,0x0,0x6b,
  0x0,0x74,0x0,0x69,0x0,0x6f,0x0,0x6e,0x8,0x0,0x0,0x0,0x0,0x6,0x0,0x0,
  0x0,0x15,0x45,0x6d,0x70,0x74,0x79,0x20,0x63,0x68,0x65,0x63,0x6b,0x20,0x66,0x75,
  0x6e,0x63,0x74,0x69,0x6f,0x6e,0x73,0x7,0x0,0x0,0x0,0xf,0x43,0x6f,0x6e,0x64,
  0x69,0x74,0x69,0x6f,0x6e,0x44,0x69,0x61,0x6c,0x6f,0x67,0x1,0x3,0x0,0x0,0x0,
  0x6c,0x0,0x45,0x0,0x72,0x0,0x6c,0x0,0x61,0x0,0x75,0x0,0x62,0x0,0x65,0x0,
  0x20,0x0,0x61,0x0,0x75,0x0,0x73,0x0,0x74,0x0,0x61,0x0,0x75,0x0,0x73,0x0,
  0x63,0x0,0x68,0x0,0x20,0x0,0x76,0x0,0x6f,0x0,0x6e,0x0,0x20,0x0,0x47,0x0,
  0x65,0x0,0x6e,0x0,0x61,0x0,0x75,0x0,0x69,0x0,0x67,0x0,0x6b,0x0,0x65,0x0,
  0x69,0x0,0x74,0x0,0x20,0x0,0x66,0x0,0xfc,0x0,0x72,0x0,0x20,0x0,0x47,0x0,
  0x65,0x0,0x73,0x0,0x63,0x0,0x68,0x0,0x77,0x0,0x69,0x0,0x6e,0x0,0x64,0x0,
  0x69,0x0,0x6e,0x0,0x67,0x0,0x6b,0x0,0x65,0x0,0x69,0x0,0x74,0x8,0x0,0x0,
  0x0,0x0,0x6,0x0,0x0,0x0,0x38,0x45,0x6e,0x61,0x62,0x6c,0x65,0x73,0x20,0x6f,
  0x70,0x74,0x69,0x6d,0x69,0x7a,0x61,0x74,0x69,0x6f,0x6e,0x73,0x20,0x74,0x68,0x61,
  0x74,0x20,0x74,0x72,0x61,0x64,0x65,0x20,0x73,0x6f,0x6d,0x65,0x20,0x61,0x63,0x63,
  0x75,0x72,0x61,0x63,0x79,0x20,0x66,0x6f,0x72,0x20,0x73,0x70,0x65,0x65,0x64,0x7,
  0x0,0x0,0x0,0xf,0x43,0x6f,0x6e,0x64,0x69,0x74,0x69,0x6f,0x6e,0x44,0x69,0x61,
  0x6c,0x6f,0x67,0x1,0x3,0x0,0x0,0x0,0x2a,0x0,0x45,0x0,0x6e,0x0,0x64,0x0,
  0x73,0x0,0x69,0x0,0x65,0x0,0x64,0x0,0x6c,0x0,0x75,0x0,0x6e,0x0,0x67,0x0,
  0x73,0x0,0x76,0x0,0x61,0x0,0x72,0x0,0x69,0x0,0x61,0x0,0x6e,0x0,0x74,0x0,
  0x65,0x0,0x6e,0x8,0x0,0x0,0x0,0x0,0x6,0x0,0x0,0x0,0x11,0x45,0x6e,0x64,
  0x20,0x63,0x69,0x74,0x79,0x20,0x76,0x61,0x72,0x69,0x61,0x6e,0x74,0x73,0x7,0x0,
  0x0,0x0,0xf,0x43,0x6f,0x6e,0x64,0x69,0x74,0x69,0x6f,0x6e,0x44,0x69,0x61,0x6c,
  0x6f,0x67,0x1,0x3,0x0,0x0,0x0,0xc,0x0,0x53,0x0,0x63,0x0,0x68,0x0,0x69,
  0x0,0x66,0x0,0x66,0x8,0x0,0x0,0x0,0x0,0x6,0x0,0x0,0x0,0x8,0x45,0x6e,
  0x64,0x20,0x73,0x68,0x69,0x70,0x7,0x0,0x0,0x0,0xf,0x43,0x6f,0x6e,0x64,0x69,
  0x74,0x69,0x6f,0x6e,0x44,0x69,0x61,0x6c,0x6f,0x67,0x1,0x3,0x0,0x0,0x0,0xe,
  0x0,0x45,0x0,0x72,0x0,0x6f,0x0,0x73,0x0,0x69,0x0,0x6f,0x0,0x6e,0x8,0x0,
  0x0,0x0,0x0,0x6,0x0,0x0,0x0,0x7,0x45,0x72,0x6f,0x73,0x69,0x6f,0x6e,0x7,
  0x0,0x0,0x0,0xf,0x43,0x6f,0x6e,0x64,0x69,0x74,0x69,0x6f,0x6e,0x44,0x69,0x61,
  0x6c,0x6f,0x67,0x1,0x3,0x0,0x0,0x0,0xc,0x0,0x46,0x0,0x65,0x0,0x68,0x0,
  0x6c,0x0,0x65,0x0,0x72,0x8,0x0,0x0,0x0,0x0,0x6,0x0,0x0,0x0,0x6,0x45,
  0x72,0x72,0x6f,0x72,0x73,0x7,0x0,0x0,0x0,0xf,0x43,0x6f,0x6e,0x64,0x69,0x74,
  0x69,0x6f,0x6e,0x44,0x69,0x61,0x6c,0x6f,0x67,0x1,0x3,0x0,0x0,0x0,0x14,0x0,
  0x45,0x0,0x78,0x0,0x61,0x0,0x6d,0x0,0x70,0x0,0x6c,0x0,0x65,0x0,0x2e,0x0,
  0x2e,0x0,0x2e,0x8,0x0,0x0,0x0,0x0,0x6,0x0,0x0,0x0,0xb,0x45,0x78,0x61,
  0x6d,0x70,0x6c,0x65,0x73,0x2e,0x2e,0x2e,0x7,0x0,0x0,0x0,0xf,0x43,0x6f,0x6e,
  0x64,0x69,0x74,0x69,0x6f,0x6e,0x44,0x69,0x61,0x6c,0x6f,0x67,0x1,0x3,0x0,0x0,
  0x0,0x22,0x0,0x4b,0x0,0x6f,0x0,0x6e,0x0,0x73,0x0,0x74,0x0,0x75,0x0,0x6b,
  0x0,0x74,0x0,0x69,0x0,0x6f,0x0,0x6e,0x0,0x73,0x0,0x73,0x0,0x74,0x0,0x61,
  0x0,0x72,0x0,0x74,0x8,0x0,0x0,0x0,0x0,0x6,0x0,0x0,0x0,0x15,0x46,0x69,
  0x6c,0x74,0x65,0x72,0x20,0x73,0x74,0x61,0x72,0x74,0x69,0x6e,0x67,0x20,0x70,0x69,
  0x65,0x63,0x65,0x7,0x0,0x0,0x0,0xf,0x43,0x6f,0x6e,0x64,0x69,0x74,0x69,0x6f,
  0x6e,0x44,0x69,0x61,0x6c,0x6f,0x67,0x1,0x3,0x0,0x0,0x0,0x22,0x0,0x46,0x0,
  0x65,0x0,0x73,0x0,0x74,0x0,0x75,0x0,0x6e,0x0,0x67,0x0,0x73,0x0,0x76,0x0,
  0x61,0x0,0x72,0x0,0x69,0x0,0x61,0x0,0x6e,0x0,0x74,0x0,0x65,0x0,0x6e,0x8,
  0x0,0x0,0x0,0x0,0x6,0x0,0x0,0x0,0xf,0x46,0x6f,0x72,0x74,0x72,0x65,0x73,
  0x73,0x20,0x70,0x69,0x65,0x63,0x65,0x73,0x7,0x0,0x0,0x0,0xf,0x43,0x6f,0x6e,
  0x64,0x69,0x74,0x69,0x6f,0x6e,0x44,0x69,0x61,0x6c,0x6f,0x67,0x1,0x3,0x0,0x0,
  0x0,0xa,0x0,0x46,0x0,0x72,0x0,0x6f,0x0,0x73,0x0,0x74,0x8,0x0,0x0,0x0,
  0x0,0x6,0x0,0x0,0x0,0x8,0x46,0x72,0x65,0x65,0x7a,0x69,0x6e,0x67,0x7,0x0,
  0x0,0x0,0xf,0x43,0x6f,0x6e,0x64,0x69,0x74,0x69,0x6f,0x6e,0x44,0x69,0x61,0x6c,
  0x6f,0x67,0x1,0x3,0x0,0x0,0x0,0x7e,0x0,0x56,0x0,0x6f,0x0,0x6e,0x0,0x20,
  0x0,0x66,0x0,0x6c,0x0,0x6f,0x0,0x6f,0x0,0x72,0x0,0x28,0x0,0x2d,0x0,0x78,
  0x0,0x2f,0x0,0x32,0x0,0x29,0x0,0x20,0x0,0x62,0x0,0x69,0x0,0x73,0x0,0x20,
  0x0,0x66,0x0,0x6c,0x0,0x6f,0x0,0x6f,0x0,0x72,0x0,0x28,0x0,0x78,0x0,0x2f,
  0x0,0x32,0x0,0x29,0x0,0x20,0x0,0x61,0x0,0x75,0x0,0x66,0x0,0x20,0x0,0x62,
  0x0,0x65,0x0,0x69,0x0,0x64,0x0,0x65,0x0,0x6e,0x0,0x20,0x0,0x41,0x0,0x78,
  0x0,0x65,0x0,0x6e,0x0,0x20,0x0,0x28,0x0,0x65,0x0,0x69,0x0,0x6e,0x0,0x73,
  0x0,0x63,0x0,0x68,0x0,0x6c,0x0,0x69,0x0,0x65,0x0,0xdf,0x0,0x6c,0x0,0x69,
  0x0,0x63,0x0,0x68,0x0,0x29,0x8,0x0,0x0,0x0,0x0,0x6,0x0,0x0,0x0,0x37,
  0x46,0x72,0x6f,0x6d,0x20,0x66,0x6c,0x6f,0x6f,0x72,0x28,0x2d,0x78,0x2f,0x32,0x29,
  0x20,0x74,0x6f,0x20,0x66,0x6c,0x6f,0x6f,0x72,0x28,0x78,0x2f,0x32,0x29,0x20,0x6f,
  0x6e,0x20,0x62,0x6f,0x74,0x68,0x20,0x61,0x78,0x65,0x73,0x20,0x28,0x69,0x6e,0x63,
  0x6c,0x75,0x73,0x69,0x76,0x65,0x29,0x7,0x0,0x0,0x0,0xf,0x43,0x6f,0x6e,0x64,
  0x69,0x74,0x69,0x6f,0x6e,0x44,0x69,0x61,0x6c,0x6f,0x67,0x1,0x3,0x0,0x0,0x0,
  0x24,0x0,0x53,0x0,0x69,0x0,0x63,0x0,0x68,0x0,0x74,0x0,0x62,0x0,0x61,0x0,
  0x72,0x0,0x65,0x0,0x72,0x0,0x20,0x0,0x42,0x0,0x65,0x0,0x72,0x0,0x65,0x0,
  0x69,0x0,0x63,0x0,0x68,0x8,0x0,0x0,0x0,0x0,0x6,0x0,0x0,0x0,0xc,0x46,
  0x72,0x6f,0x6d,0x20,0x76,0x69,0x73,0x69,0x62,0x6c,0x65,0x7,0x0,0x0,0x0,0xf,
  0x43,0x6f,0x6e,0x64,0x69,0x74,0x69,0x6f,0x6e,0x44,0x69,0x61,0x6c,0x6f,0x67,0x1,
  0x3,0x0,0x0,0x0,0x14,0x0,0x47,0x0,0x65,0x0,0x6e,0x0,0x65,0x0,0x72,0x0,
  0x65,0x0,0x6c,0x0,0x6c,0x0,0x65,0x0,0x73,0x8,0x0,0x0,0x0,0x0,0x6,0x0,
  0x0,0x0,0x7,0x47,0x65,0x6e,0x65,0x72,0x61,0x6c,0x7,0x0,0x0,0x0,0xf,0x43,
  0x6f,0x6e,0x64,0x69,0x74,0x69,0x6f,0x6e,0x44,0x69,0x61,0x6c,0x6f,0x67,0x1,0x3,
  0x0,0x0,0x0,0x1e,0x0,0x42,0x0,0x69,0x0,0x73,0x0,0x20,0x0,0x7a,0x0,0x75,
  0x0,0x72,0x0,0x20,0x0,0x4f,0x0,0x6b,0x0,0x74,0x0,0x61,0x0,0x76,0x0,0x65,
  0x0,0x3a,0x8,0x0,0x0,0x0,0x0,0x6,0x0,0x0,0x0,0x16,0x47,0x65,0x6e,0x65,
  0x72,0x61,0x74,0x65,0x20,0x75,0x70,0x20,0x74,0x6f,0x20,0x6f,0x63,0x74,0x61,0x76,
  0x65,0x3a,0x7,0x0,0x0,0x0,0xf,0x43,0x6f,0x6e,0x64,0x69,0x74,0x69,0x6f,0x6e,
  0x44,0x69,0x61,0x6c,0x6f,0x67,0x1,0x3,0x0,0x0,0x0,0x30,0x0,0x47,0x0,0x65,
  0x0,0x6e,0x0,0x65,0x0,0x72,0x0,0x69,0x0,0x65,0x0,0x72,0x0,0x74,0x0,0x20,
  0x0,0x62,0x0,0x65,0x0,0x6c,0x0,0x69,0x0,0x65,0x0,0x62,0x0,0x69,0x0,0x67,
  0x0,0x65,0x0,0x20,0x0,0x76,0x0,0x6f,0x0,0x6e,0x0,0x3a,0x8,0x0,0x0,0x0,
  0x0,0x6,0x0,0x0,0x0,0x11,0x47,0x65,0x6e,0x65,0x72,0x61,0x74,0x65,0x73,0x20,
  0x61,0x6e,0x79,0x20,0x6f,0x66,0x3a,0x7,0x0,0x0,0x0,0xf,0x43,0x6f,0x6e,0x64,
  0x69,0x74,0x69,0x6f,0x6e,0x44,0x69,0x61,0x6c,0x6f,0x67,0x1,0x3,0x0,0x0,0x0,
  0x1e,0x0,0x47,0x0,0x65,0x0,0x6e,0x0,0x65,0x0,0x72,0x0,0x61,0x0,0x74,0x0,
  0x6f,0x0,0x72,0x0,0x20,0x0,0x4c,0x0,0x61,0x0,0x67,0x0,0x65,0x0,0x3a,0x8,
  0x0,0x0,0x0,0x0,0x6,0x0,0x0,0x0,0x11,0x47,0x65,0x6e,0x65,0x72,0x61,0x74,
  0x69,0x6f,0x6e,0x20,0x6c,0x61,0x79,0x65,0x72,0x3a,0x7,0x0,0x0,0x0,0xf,0x43,
  0x6f,0x6e,0x64,0x69,0x74,0x69,0x6f,0x6e,0x44,0x69,0x61,0x6c,0x6f,0x67,0x1,0x3,
  0x0,0x0,0x0,0x1c,0x0,0x48,0x0,0xf6,0x0,0x68,0x0,0x65,0x0,0x20,0x0,0x28,
  0x0,0x59,0x0,0x2d,0x0,0x4c,0x0,0x65,0x0,0x76,0x0,0x65,0x0,0x6c,0x0,0x29,
  0x8,0x0,0x0,0x0,0x0,0x6,0x0,0x0,0x0,0x10,0x48,0x65,0x69,0x67,0x68,0x74,
  0x20,0x28,0x59,0x2d,0x6c,0x65,0x76,0x65,0x6c,0x29,0x7,0x0,0x0,0x0,0xf,0x43,
  0x6f,0x6e,0x64,0x69,0x74,0x69,0x6f,0x6e,0x44,0x69,0x61,0x6c,0x6f,0x67,0x1,0x3,
  0x0,0x0,0x0,0x22,0x0,0x48,0x0,0x69,0x0,0x6c,0x0,0x66,0x0,0x65,0x0,0x3a,
  0x0,0x20,0x0,0x4c,0x0,0x75,0x0,0x61,0x0,0x20,0x0,0x53,0x0,0x6b,0x0,0x72,
  0x0,0x69,0x0,0x70,0x0,0x74,0x8,0x0,0x0,0x0,0x0,0x6,0x0,0x0,0x0,0x10,
  0x48,0x65,0x6c,0x70,0x3a,0x20,0x4c,0x75,0x61,0x20,0x73,0x63,0x72,0x69,0x70,0x74,
  0x7,0x0,0x0,0x0,0xf,0x43,0x6f,0x6e,0x64,0x69,0x74,0x69,0x6f,0x6e,0x44,0x69,
  0x61,0x6c,0x6f,0x67,0x1,0x3,0x0,0x0,0x0,0x2c,0x0,0x48,0x0,0x69,0x0,0x6c,
  0x0,0x66,0x0,0x65,0x0,0x3a,0x0,0x20,0x0,0x42,0x0,0x65,0x0,0x72,0x0,0x65,
  0x0,0x69,0x0,0x63,0x0,0x68,0x0,0x73,0x0,0x65,0x0,0x69,0x0,0x6e,0x0,0x67,
  0x0,0x61,0x0,0x62,0x0,0x65,0x8,0x0,0x0,0x0,0x0,0x6,0x0,0x0,0x0,0x10,
  0x48,0x65,0x6c,0x70,0x3a,0x20,0x61,0x72,0x65,0x61,0x20,0x65,0x6e,0x74,0x72,0x79,
  0x7,0x0,0x0,0x0,0xf,0x43,0x6f,0x6e,0x64,0x69,0x74,0x69,0x6f,0x6e,0x44,0x69,
  0x61,0x6c,0x6f,0x67,0x1,0x3,0x0,0x0,0x0,0x18,0x0,0x46,0x0,0x65,0x0,0x75,
  0x0,0x63,0x0,0x68,0x0,0x74,0x0,0x69,0x0,0x67,0x0,0x6b,0x0,0x65,0x0,0x69,
  0x0,0x74,0x8,0x0,0x0,0x0,0x0,0x6,0x0,0x0,0x0,0x8,0x48,0x75,0x6d,0x69,
  0x64,0x69,0x74,0x79,0x7,0x0,0x0,0x0,0xf,0x43,0x6f,0x6e,0x64,0x69,0x74,0x69,
  0x6f,0x6e,0x44,0x69,0x61,0x6c,0x6f,0x67,0x1,0x3,0x0,0x0,0x0,0x3e,0x0,0x57,
  0x0,0x65,0x0,0x6e,0x0,0x6e,0x0,0x20,0x0,0x64,0x0,0x65,0x0,0x72,0x0,0x20,
  0x0,0x57,0x0,0x65,0x0,0x72,0x0,0x74,0x0,0x20,0x0,0x69,0x0,0x6d,0x0,0x20,
  0x0,0x42,0x0,0x65,0x0,0x72,0x0,0x65,0x0,0x69,0x0,0x63,0x0,0x68,0x0,0x20,
  0x0,0x6c,0x0,0x69,0x0,0x65,0x0,0x67,0x0,0x74,0x0,0x3a,0x8,0x0,0x0,0x0,
  0x0,0x6,0x0,0x0,0x0,0x15,0x49,0x66,0x20,0x76,0x61,0x6c,0x75,0x65,0x20,0x69,
  0x73,0x20,0x69,0x6e,0x20,0x72,0x61,0x6e,0x67,0x65,0x3a,0x7,0x0,0x0,0x0,0xf,
  0x43,0x6f,0x6e,0x64,0x69,0x74,0x69,0x6f,0x6e,0x44,0x69,0x61,0x6c,0x6f,0x67,0x1,
  0x3,0x0,0x0,0x0,0x1a,0x0,0x49,0x0,0x67,0x0,0x6c,0x0,0x75,0x0,0x76,0x0,
  0x61,0x0,0x72,0x0,0x69,0x0,0x61,0x0,0x6e,0x0,0x74,0x0,0x65,0x0,0x6e,0x8,
  0x0,0x0,0x0,0x0,0x6,0x0,0x0,0x0,0xe,0x49,0x67,0x6c,0x6f,0x6f,0x20,0x76,
  0x61,0x72,0x69,0x61,0x6e,0x74,0x73,0x7,0x0,0x0,0x0,0xf,0x43,0x6f,0x6e,0x64,
  0x69,0x74,0x69,0x6f,0x6e,0x44,0x69,0x61,0x6c,0x6f,0x67,0x1,0x3,0x0,0x0,0x0,
  0x26,0x0,0x52,0x0,0x65,0x0,0x66,0x0,0x65,0x0,0x72,0x0,0x65,0x0,0x6e,0x0,
  0x7a,0x0,0x20,0x0,0x69,0x0,0x67,0x0,0x6e,0x0,0x6f,0x0,0x72,0x0,0x69,0x0,
  0x65,0x0,0x72,0x0,0x65,0x0,0x6e,0x8,0x0,0x0,0x0,0x0,0x6,0x0,0x0,0x0,
  0x10,0x49,0x67,0x6e,0x6f,0x72,0x65,0x20,0x72,0x65,0x66,0x65,0x72,0x65,0x6e,0x63,
  0x65,0x7,0x0,0x0,0x0,0xf,0x43,0x6f,0x6e,0x64,0x69,0x74,0x69,0x6f,0x6e,0x44,
  0x69,0x61,0x6c,0x6f,0x67,0x1,0x3,0x0,0x0,0x0,0x2c,0x0,0x49,0x0,0x6e,0x0,
  0x6e,0x0,0x65,0x0,0x72,0x0,0x68,0x0,0x61,0x0,0x6c,0x0,0x62,0x0,0x20,0x0,
  0x64,0x0,0x65,0x0,0x72,0x0,0x20,0x0,0x47,0x0,0x72,0x0,0x65,0x0,0x6e,0x0,
  0x7a,0x0,0x65,0x0,0x6e,0x0,0x3a,0x8,0x0,0x0,0x0,0x0,0x6,0x0,0x0,0x0,
  0xd,0x49,0x6e,0x73,0x69,0x64,0x65,0x20,0x72,0x61,0x6e,0x67,0x65,0x3a,0x7,0x0,
  0x0,0x0,0xf,0x43,0x6f,0x6e,0x64,0x69,0x74,0x69,0x6f,0x6e,0x44,0x69,0x61,0x6c,
  0x6f,0x67,0x1,0x3,0x0,0x0,0x0,0x2a,0x0,0x49,0x0,0x6e,0x0,0x73,0x0,0x74,
  0x0,0x61,0x0,0x6e,0x0,0x7a,0x0,0x65,0x0,0x6e,0x0,0x20,0x0,0x69,0x0,0x6d,
  0x0,0x20,0x0,0x42,0x0,0x65,0x0,0x72,0x0,0x65,0x0,0x69,0x0,0x63,0x0,0x68,
  0x0,0x3a,0x8,0x0,0x0,0x0,0x0,0x6,0x0,0x0,0x0,0x16,0x49,0x6e,0x73,0x74,
  0x61,0x6e,0x63,0x65,0x73,0x20,0x77,0x69,0x74,0x68,0x69,0x6e,0x20,0x61,0x72,0x65,
  0x61,0x3a,0x7,0x0,0x0,0x0,0xf,0x43,0x6f,0x6e,0x64,0x69,0x74,0x69,0x6f,0x6e,
  0x44,0x69,0x61,0x6c,0x6f,0x67,0x1,0x3,0x0,0x0,0x0,0xd0,0x0,0x41,0x0,0x6e,
  0x0,0x73,0x0,0x74,0x0,0x65,0x0,0x6c,0x0,0x6c,0x0,0x65,0x0,0x20,0x0,0x64,
  0x0,0x61,0x0,0x73,0x0,0x20,0x0,0x5a,0x0,0x65,0x0,0x6e,0x0,0x74,0x0,0x72,
  0x0,0x75,0x0,0x6d,0x0,0x20,0x0,0x64,0x0,0x65,0x0,0x72,0x0,0x20,0x0,0x65,
  0x0,0x72,0x0,0x6c,0x0,0x61,0x0,0x75,0x0,0x62,0x0,0x74,0x0,0x65,0x0,0x6e,
  0x0,0x20,0x0,0x42,0x0,0x69,0x0,0x6f,0x0,0x6d,0x0,0x65,0x0,0x20,0x0,0x7a,
  0x0,0x75,0x0,0x20,0x0,0x65,0x0,0x72,0x0,0x6d,0x0,0x69,0x0,0x74,0x0,0x74,
  0x0,0x65,0x0,0x6c,0x0,0x6e,0x0,0xa,0x0,0x77,0x0,0x65,0x0,0x72,0x0,0x64,
  0x0,0x65,0x0,0x6e,0x0,0x20,0x0,0x64,0x0,0x69,0x0,0x65,0x0,0x20,0x0,0x53,
  0x0,0x74,0x0,0x69,0x0,0x63,0x0,0x68,0x0,0x70,0x0,0x72,0x0,0x6f,0x0,0x62,
  0x0,0x65,0x0,0x6e,0x0,0x70,0x0,0x75,0x0,0x6e,0x0,0x6b,0x0,0x74,0x0,0x65,
  0x0,0x20,0x0,0x65,0x0,0x69,0x0,0x6e,0x0,0x7a,0x0,0x65,0x0,0x6c,0x0,0x6e,
  0x0,0x20,0x0,0x77,0x0,0x65,0x0,0x69,0x0,0x74,0x0,0x65,0x0,0x72,0x0,0x67,
  0x0,0x65,0x0,0x67,0x0,0x65,0x0,0x62,0x0,0x65,0x0,0x6e,0x8,0x0,0x0,0x0,
  0x0,0x6,0x0,0x0,0x0,0x64,0x49,0x6e,0x73,0x74,0x65,0x61,0x64,0x20,0x6f,0x66,
  0x20,0x65,0x73,0x74,0x69,0x6d,0x61,0x74,0x69,0x6e,0x67,0x20,0x74,0x68,0x65,0x20,
  0x63,0x65,0x6e,0x74,0x65,0x72,0x20,0x6f,0x66,0x20,0x74,0x68,0x65,0x20,0x61,0x6c,
  0x6c,0x6f,0x77,0x65,0x64,0x20,0x62,0x69,0x6f,0x6d,0x65,0x20,0x61,0x72,0x65,0x61,
  0x2c,0xa,0x79,0x69,0x65,0x6c,0x64,0x20,0x65,0x61,0x63,0x68,0x20,0x73,0x61,0x6d,
  0x70,0x6c,0x65,0x64,0x20,0x70,0x6f,0x73,0x69,0x74,0x69,0x6f,0x6e,0x20,0x69,0x6e,
  0x64,0x69,0x76,0x69,0x64,0x75,0x61,0x6c,0x6c,0x79,0x7,0x0,0x0,0x0,0xf,0x43,
  0x6f,0x6e,0x64,0x69,0x74,0x69,0x6f,0x6e,0x44,0x69,0x61,0x6c,0x6f,0x67,0x1,0x3,
  0x0,0x0,0x0,0x26,0x0,0x47,0x0,0x72,0x0,0x65,0x0,0x6e,0x0,0x7a,0x0,0x65,
  0x0,0x6e,0x0,0x20,0x0,0x69,0x0,0x6e,0x0,0x76,0x0,0x65,0x0,0x72,0x0,0x74,
  0x0,0x69,0x0,0x65,0x0,0x72,0x0,0x65,0x0,0x6e,0x8,0x0,0x0,0x0,0x0,0x6,
  0x0,0x0,0x0,0xc,0x49,0x6e,0x76,0x65,0x72,0x74,0x20,0x72,0x61,0x6e,0x67,0x65,
  0x7,0x0,0x0,0x0,0xf,0x43,0x6f,0x6e,0x64,0x69,0x74,0x69,0x6f,0x6e,0x44,0x69,
  0x61,0x6c,0x6f,0x67,0x1,0x3,0x0,0x0,0x0,0x1a,0x0,0x42,0x0,0x65,0x0,0x73,
  0x0,0x63,0x0,0x68,0x0,0x72,0x0,0x65,0x0,0x69,0x0,0x62,0x0,0x75,0x0,0x6e,
  0x0,0x67,0x0,0x3a,0x8,0x0,0x0,0x0,0x0,0x6,0x0,0x0,0x0,0x6,0x4c,0x61,
  0x62,0x65,0x6c,0x3a,0x7,0x0,0x0,0x0,0xf,0x43,0x6f,0x6e,0x64,0x69,0x74,0x69,
  0x6f,0x6e,0x44,0x69,0x61,0x6c,0x6f,0x67,0x1,0x3,0x0,0x0,0x0,0x22,0x0,0x42,
  0x0,0x69,0x0,0x6f,0x0,0x6d,0x0,0x20,0x0,0x6c,0x0,0x6f,0x0,0x6b,0x0,0x61,
  0x0,0x6c,0x0,0x69,0x0,0x73,0x0,0x69,0x0,0x65,0x0,0x72,0x0,0x65,0x0,0x6e,
  0x8,0x0,0x0,0x0,0x0,0x6,0x0,0x0,0x0,0x13,0x4c,0x6f,0x63,0x61,0x74,0x65,
  0x20,0x62,0x69,0x6f,0x6d,0x65,0x20,0x63,0x65,0x6e,0x74,0x65,0x72,0x7,0x0,0x0,
  0x0,0xf,0x43,0x6f,0x6e,0x64,0x69,0x74,0x69,0x6f,0x6e,0x44,0x69,0x61,0x6c,0x6f,
  0x67,0x1,0x3,0x0,0x0,0x0,0x40,0x0,0x4b,0x0,0x6c,0x0,0x69,0x0,0x6d,0x0,
  0x61,0x0,0x20,0x0,0x4d,0x0,0x69,0x0,0x6e,0x0,0x69,0x0,0x6d,0x0,0x61,0x0,
  0x2f,0x0,0x4d,0x0,0x61,0x0,0x78,0x0,0x69,0x0,0x6d,0x0,0x61,0x0,0x20,0x0,
  0x6c,0x0,0x6f,0x0,0x6b,0x0,0x61,0x0,0x6c,0x0,0x69,0x0,0x7a,0x0,0x69,0x0,
  0x65,0x0,0x72,0x0,0x65,0x0,0x6e,0x8,0x0,0x0,0x0,0x0,0x6,0x0,0x0,0x0,
  0x1e,0x4c,0x6f,0x63,0x61,0x74,0x65,0x20,0x63,0x6c,0x69,0x6d,0x61,0x74,0x65,0x20,
  0x6d,0x69,0x6e,0x69,0x6d,0x75,0x6d,0x2f,0x6d,0x61,0x78,0x69,0x6d,0x75,0x6d,0x7,
  0x0,0x0,0x0,0xf,0x43,0x6f,0x6e,0x64,0x69,0x74,0x69,0x6f,0x6e,0x44,0x69,0x61,
  0x6c,0x6f,0x67,0x1,0x3,0x0,0x0,0x0,0x6,0x0,0x4f,0x0,0x72,0x0,0x74,0x8,
  0x0,0x0,0x0,0x0,0x6,0x0,0x0,0x0,0x8,0x4c,0x6f,0x63,0x61,0x74,0x69,0x6f,
  0x6e,0x7,0x0,0x0,0x0,0xf,0x43,0x6f,0x6e,0x64,0x69,0x74,0x69,0x6f,0x6e,0x44,
  0x69,0x61,0x6c,0x6f,0x67,0x1,0x3,0x0,0x0,0x0,0x30,0x0,0x50,0x0,0x6f,0x0,
  0x73,0x0,0x69,0x0,0x74,0x0,0x69,0x0,0x6f,0x0,0x6e,0x0,0x20,0x0,0x69,0x0,
  0x73,0x0,0x74,0x0,0x20,0x0,0x72,0x0,0x65,0x0,0x6c,0x0,0x61,0x0,0x74,0x0,
  0x69,0x0,0x76,0x0,0x20,0x0,0x7a,0x0,0x75,0x0,0x3a,0x8,0x0,0x0,0x0,0x0,
  0x6,0x0,0x0,0x0,0x18,0x4c,0x6f,0x63,0x61,0x74,0x69,0x6f,0x6e,0x20,0x69,0x73,
  0x20,0x72,0x65,0x6c,0x61,0x74,0x69,0x76,0x65,0x20,0x74,0x6f,0x3a,0x7,0x0,0x0,
  0x0,0xf,0x43,0x6f,0x6e,0x64,0x69,0x74,0x69,0x6f,0x6e,0x44,0x69,0x61,0x6c,0x6f,
  0x67,0x1,0x3,0x0,0x0,0x0,0x3c,0x0,0x55,0x0,0x6e,0x0,0x74,0x0,0x65,0x0,
  0x72,0x0,0x65,0x0,0x20,0x0,0x47,0x0,0x72,0x0,0x65,0x0,0x6e,0x0,0x7a,0x0,
  0x65,0x0,0x20,0x0,0x28,0x0,0x65,0x0,0x69,0x0,0x6e,0x0,0x73,0x0,0x63,0x0,
  0x68,0x0,0x6c,0x0,0x69,0x0,0x65,0x0,0xdf,0x0,0x6c,0x0,0x69,0x0,0x63,0x0,
  0x68,0x0,0x29,0x8,0x0,0x0,0x0,0x0,0x6,0x0,0x0,0x0,0x17,0x4c,0x6f,0x77,
  0x65,0x72,0x20,0x62,0x6f,0x75,0x6e,0x64,0x20,0x28,0x69,0x6e,0x63,0x6c,0x75,0x73,
  0x69,0x76,0x65,0x29,0x7,0x0,0x0,0x0,0xf,0x43,0x6f,0x6e,0x64,0x69,0x74,0x69,
  0x6f,0x6e,0x44,0x69,0x61,0x6c,0x6f,0x67,0x1,0x3,0x0,0x0,0x0,0x1a,0x0,0x4c,
  0x0,0x75,0x0,0x61,0x0,0x20,0x0,0x42,0x0,0x65,0x0,0x69,0x0,0x73,0x0,0x70,
  0x0,0x69,0x0,0x65,0x0,0x6c,0x0,0x65,0x8,0x0,0x0,0x0,0x0,0x6,0x0,0x0,
  0x0,0xc,0x4c,0x75,0x61,0x20,0x65,0x78,0x61,0x6d,0x70,0x6c,0x65,0x73,0x7,0x0,
  0x0,0x0,0xf,0x43,0x6f,0x6e,0x64,0x69,0x74,0x69,0x6f,0x6e,0x44,0x69,0x61,0x6c,
  0x6f,0x67,0x1,0x3,0x0,0x0,0x0,0x24,0x0,0x4c,0x0,0x75,0x0,0x61,0x0,0x20,
  0x0,0x53,0x0,0x6b,0x0,0x72,0x0,0x69,0x0,0x70,0x0,0x74,0x0,0x20,0x0,0x28,
  0x0,0x2a,0x0,0x2e,0x0,0x6c,0x0,0x75,0x0,0x61,0x0,0x29,0x8,0x0,0x0,0x0,
  0x0,0x6,0x0,0x0,0x0,0x12,0x4c,0x75,0x61,0x20,0x73,0x63,0x72,0x69,0x70,0x74,
  0x20,0x28,0x2a,0x2e,0x6c,0x75,0x61,0x29,0x7,0x0,0x0,0x0,0xf,0x43,0x6f,0x6e,
  0x64,0x69,0x74,0x69,0x6f,0x6e,0x44,0x69,0x61,0x6c,0x6f,0x67,0x1,0x3,0x0,0x0,
  0x0,0x16,0x0,0x4c,0x0,0x75,0x0,0x61,0x0,0x20,0x0,0x53,0x0,0x6b,0x0,0x72,
  0x0,0x69,0x0,0x70,0x0,0x74,0x0,0x3a,0x8,0x0,0x0,0x0,0x0,0x6,0x0,0x0,
  0x0,0xb,0x4c,0x75,0x61,0x20,0x73,0x63,0x72,0x69,0x70,0x74,0x3a,0x7,0x0,0x0,
  0x0,0xf,0x43,0x6f,0x6e,0x64,0x69,0x74,0x69,0x6f,0x6e,0x44,0x69,0x61,0x6c,0x6f,
  0x67,0x1,0x3,0x0,0x0,0x0,0xa,0x0,0xdc,0x0,0x70,0x0,0x70,0x0,0x69,0x0,
  0x67,0x8,0x0,0x0,0x0,0x0,0x6,0x0,0x0,0x0,0x4,0x4c,0x75,0x73,0x68,0x7,
  0x0,0x0,0x0,0xf,0x43,0x6f,0x6e,0x64,0x69,0x74,0x69,0x6f,0x6e,0x44,0x69,0x61,
  0x6c,0x6f,0x67,0x1,0x3,0xff,0xff,0xff,0xff,0x8,0x0,0x0,0x0,0x0,0x6,0x0,
  0x0,0x0,0x5,0x4d,0x43,0x20,0x25,0x31,0x7,0x0,0x0,0x0,0xf,0x43,0x6f,0x6e,
  0x64,0x69,0x74,0x69,0x6f,0x6e,0x44,0x69,0x61,0x6c,0x6f,0x67,0x1,0x3,0xff,0xff,
  0xff,0xff,0x8,0x0,0x0,0x0,0x0,0x6,0x0,0x0,0x0,0x7,0x4d,0x43,0x3a,0x20,
  0x31,0x2e,0x58,0x7,0x0,0x0,0x0,0xf,0x43,0x6f,0x6e,0x64,0x69,0x74,0x69,0x6f,
  0x6e,0x44,0x69,0x61,0x6c,0x6f,0x67,0x1,0x3,0x0,0x0,0x0,0x12,0x0,0x42,0x0,
  0x65,0x0,0x6c,0x0,0x69,0x0,0x65,0x0,0x62,0x0,0x69,0x0,0x67,0x0,0x65,0x8,
  0x0,0x0,0x0,0x0,0x6,0x0,0x0,0x0,0x9,0x4d,0x61,0x74,0x63,0x68,0x20,0x61,
  0x6e,0x79,0x7,0x0,0x0,0x0,0xf,0x43,0x6f,0x6e,0x64,0x69,0x74,0x69,0x6f,0x6e,
  0x44,0x69,0x61,0x6c,0x6f,0x67,0x1,0x3,0x0,0x0,0x0,0xe,0x0,0x4d,0x0,0x61,
  0x0,0x78,0x0,0x69,0x0,0x6d,0x0,0x75,0x0,0x6d,0x8,0x0,0x0,0x0,0x0,0x6,
  0x0,0x0,0x0,0x7,0x4d,0x61,0x78,0x69,0x6d,0x75,0x6d,0x7,0x0,0x0,0x0,0xf,
  0x43,0x6f,0x6e,0x64,0x69,0x74,0x69,0x6f,0x6e,0x44,0x69,0x61,0x6c,0x6f,0x67,0x1,
  0x3,0x0,0x0,0x0,0xe,0x0,0x4d,0x0,0x69,0x0,0x6e,0x0,0x69,0x0,0x6d,0x0,
  0x75,0x0,0x6d,0x8,0x0,0x0,0x0,0x0,0x6,0x0,0x0,0x0,0x7,0x4d,0x69,0x6e,
  0x69,0x6d,0x75,0x6d,0x7,0x0,0x0,0x0,0xf,0x43,0x6f,0x6e,0x64,0x69,0x74,0x69,
  0x6f,0x6e,0x44,0x69,0x61,0x6c,0x6f,0x67,0x1,0x3,0x0,0x0,0x0,0x20,0x0,0x4d,
  0x0,0x69,0x0,0x6e,0x0,0x69,0x0,0x6d,0x0,0x61,0x0,0x6c,0x0,0x65,0x0,0x20,
  0x0,0x46,0x0,0x6c,0x0,0xe4,0x0,0x63,0x0,0x68,0x0,0x65,0x0,0x3a,0x8,0x0,
  0x0,0x0,0x0,0x6,0x0,0x0,0x0,0xd,0x4d,0x69,0x6e,0x69,0x6d,0x75,0x6d,0x20,
  0x61,0x72,0x65,0x61,0x3a,0x7,0x0,0x0,0x0,0xf,0x43,0x6f,0x6e,0x64,0x69,0x74,
  0x69,0x6f,0x6e,0x44,0x69,0x61,0x6c,0x6f,0x67,0x1,0x3,0x0,0x0,0x0,0x2e,0x0,
  0x4b,0x0,0x65,0x0,0x69,0x0,0x6e,0x0,0x20,0x0,0x4b,0x0,0x6f,0x0,0x6e,0x0,
  0x73,0x0,0x74,0x0,0x72,0x0,0x75,0x0,0x6b,0x0,0x74,0x0,0x69,0x0,0x6f,0x0,
  0x6e,0x0,0x73,0x0,0x73,0x0,0x74,0x0,0x61,0x0,0x72,0x0,0x74,0x8,0x0,0x0,
  0x0,0x0,0x6,0x0,0x0,0x0,0x13,0x4d,0x69,0x73,0x73,0x69,0x6e,0x67,0x20,0x53,
  0x74,0x61,0x72,0x74,0x20,0x50,0x69,0x65,0x63,0x65,0x7,0x0,0x0,0x0,0xf,0x43,
  0x6f,0x6e,0x64,0x69,0x74,0x69,0x6f,0x6e,0x44,0x69,0x61,0x6c,0x6f,0x67,0x1,0x3,
  0x0,0x0,0x0,0x2a,0x0,0x4b,0x0,0x65,0x0,0x69,0x0,0x6e,0x0,0x65,0x0,0x20,
  0x0,0x45,0x0,0x72,0x0,0x6c,0x0,0x61,0x0,0x75,0x0,0x62,0x0,0x74,0x0,0x65,
  0x0,0x6e,0x0,0x20,0x0,0x42,0x0,0x69,0x0,0x6f,0x0,0x6d,0x0,0x65,0x8,0x0,
  0x0,0x0,0x0,0x6,0x0,0x0,0x0,0x11,0x4e,0x6f,0x20,0x41,0x6c,0x6c,0x6f,0x77,
  0x65,0x64,0x20,0x42,0x69,0x6f,0x6d,0x65,0x73,0x7,0x0,0x0,0x0,0xf,0x43,0x6f,
  0x6e,0x64,0x69,0x74,0x69,0x6f,0x6e,0x44,0x69,0x61,0x6c,0x6f,0x67,0x1,0x3,0x0,
  0x0,0x0,0x88,0x0,0x4b,0x0,0x65,0x0,0x69,0x0,0x6e,0x0,0x20,0x0,0x65,0x0,
  0x72,0x0,0x6c,0x0,0x61,0x0,0x75,0x0,0x62,0x0,0x74,0x0,0x65,0x0,0x72,0x0,
  0x20,0x0,0x4b,0x0,0x6f,0x0,0x6e,0x0,0x73,0x0,0x74,0x0,0x72,0x0,0x75,0x0,
  0x6b,0x0,0x74,0x0,0x69,0x0,0x6f,0x0,0x6e,0x0,0x73,0x0,0x73,0x0,0x74,0x0,
  0x61,0x0,0x72,0x0,0x74,0x0,0x20,0x0,0x61,0x0,0x6e,0x0,0x67,0x0,0x65,0x0,
  0x67,0x0,0x65,0x0,0x62,0x0,0x65,0x0,0x6e,0x0,0x2e,0x0,0x20,0x0,0x42,0x0,
  0x65,0x0,0x64,0x0,0x69,0x0,0x6e,0x0,0x67,0x0,0x75,0x0,0x6e,0x0,0x67,0x0,
  0x20,0x0,0x69,0x0,0x73,0x0,0x74,0x0,0x20,0x0,0x6e,0x0,0x69,0x0,0x65,0x0,
  0x20,0x0,0x77,0x0,0x61,0x0,0x68,0x0,0x72,0x0,0x2e,0x8,0x0,0x0,0x0,0x0,
  0x6,0x0,0x0,0x0,0x3f,0x4e,0x6f,0x20,0x61,0x6c,0x6c,0x6f,0x77,0x65,0x64,0x20,
  0x73,0x74,0x61,0x72,0x74,0x20,0x70,0x69,0x65,0x63,0x65,0x73,0x20,0x73,0x70,0x65,
  0x63,0x69,0x66,0x69,0x65,0x64,0x2e,0x20,0x43,0x6f,0x6e,0x64,0x69,0x74,0x69,0x6f,
  0x6e,0x20,0x63,0x61,0x6e,0x20,0x6e,0x65,0x76,0x65,0x72,0x20,0x62,0x65,0x20,0x74,
  0x72,0x75,0x65,0x2e,0x7,0x0,0x0,0x0,0xf,0x43,0x6f,0x6e,0x64,0x69,0x74,0x69,
  0x6f,0x6e,0x44,0x69,0x61,0x6c,0x6f,0x67,0x1,0x3,0x0,0x0,0x0,0xa,0x0,0x4b,
  0x0,0x65,0x0,0x69,0x0,0x6e,0x0,0x65,0x8,0x0,0x0,0x0,0x0,0x6,0x0,0x0,
  0x0,0x4,0x4e,0x6f,0x6e,0x65,0x7,0x0,0x0,0x0,0xf,0x43,0x6f,0x6e,0x64,0x69,
  0x74,0x69,0x6f,0x6e,0x44,0x69,0x61,0x6c,0x6f,0x67,0x1,0x3,0x0,0x0,0x0,0xa,
  0x0,0x4f,0x0,0x7a,0x0,0x65,0x0,0x61,0x0,0x6e,0x8,0x0,0x0,0x0,0x0,0x6,
  0x0,0x0,0x0,0x7,0x4f,0x63,0x65,0x61,0x6e,0x69,0x63,0x7,0x0,0x0,0x0,0xf,
  0x43,0x6f,0x6e,0x64,0x69,0x74,0x69,0x6f,0x6e,0x44,0x69,0x61,0x6c,0x6f,0x67,0x1,
  0x3,0x0,0x0,0x0,0x58,0x0,0x57,0x0,0x65,0x0,0x72,0x0,0x74,0x0,0x20,0x0,
  0x6d,0x0,0x75,0x0,0x73,0x0,0x73,0x0,0x20,0x0,0x61,0x0,0x75,0x0,0xdf,0x0,
  0x65,0x0,0x72,0x0,0x68,0x0,0x61,0x0,0x6c,0x0,0x62,0x0,0x20,0x0,0x64,0x0,
  0x65,0x0,0x73,0x0,0x20,0x0,0x57,0x0,0x65,0x0,0x72,0x0,0x74,0x0,0x65,0x0,
  0x62,0x0,0x65,0x0,0x72,0x0,0x65,0x0,0x69,0x0,0x63,0x0,0x68,0x0,0x73,0x0,
  0x20,0x0,0x6c,0x0,0x69,0x0,0x65,0x0,0x67,0x0,0x65,0x0,0x6e,0x8,0x0,0x0,
  0x0,0x0,0x6,0x0,0x0,0x0,0x2e,0x4f,0x6e,0x6c,0x79,0x20,0x6d,0x61,0x74,0x63,
  0x68,0x20,0x69,0x66,0x20,0x76,0x61,0x6c,0x75,0x65,0x20,0x69,0x73,0x20,0x6f,0x75,
  0x74,0x73,0x69,0x64,0x65,0x20,0x74,0x68,0x65,0x20,0x67,0x69,0x76,0x65,0x6e,0x20,
  0x72,0x61,0x6e,0x67,0x65,0x7,0x0,0x0,0x0,0xf,0x43,0x6f,0x6e,0x64,0x69,0x74,
  0x69,0x6f,0x6e,0x44,0x69,0x61,0x6c,0x6f,0x67,0x1,0x3,0x0,0x0,0x0,0x20,0x0,
  0x4f,0x0,0x72,0x0,0x64,0x0,0x6e,0x0,0x65,0x0,0x72,0x0,0x20,0x0,0xf6,0x0,
  0x66,0x0,0x66,0x0,0x6e,0x0,0x65,0x0,0x6e,0x0,0x2e,0x0,0x2e,0x0,0x2e,0x8,
  0x0,0x0,0x0,0x0,0x6,0x0,0x0,0x0,0x11,0x4f,0x70,0x65,0x6e,0x20,0x64,0x69,
  0x72,0x65,0x63,0x74,0x6f,0x72,0x79,0x2e,0x2e,0x2e,0x7,0x0,0x0,0x0,0xf,0x43,
  0x6f,0x6e,0x64,0x69,0x74,0x69,0x6f,0x6e,0x44,0x69,0x61,0x6c,0x6f,0x67,0x1,0x3,
  0x0,0x0,0x0,0xc,0x0,0x41,0x0,0x6e,0x0,0x64,0x0,0x65,0x0,0x72,0x0,0x65,
  0x8,0x0,0x0,0x0,0x0,0x6,0x0,0x0,0x0,0x5,0x4f,0x74,0x68,0x65,0x72,0x7,
  0x0,0x0,0x0,0xf,0x43,0x6f,0x6e,0x64,0x69,0x74,0x69,0x6f,0x6e,0x44,0x69,0x61,
  0x6c,0x6f,0x67,0x1,0x3,0x0,0x0,0x0,0x2c,0x0,0x41,0x0,0x75,0x0,0xdf,0x0,
  0x65,0x0,0x72,0x0,0x68,0x0,0x61,0x0,0x6c,0x0,0x62,0x0,0x20,0x0,0x64,0x0,
  0x65,0x0,0x72,0x0,0x20,0x0,0x47,0x0,0x72,0x0,0x65,0x0,0x6e,0x0,0x7a,0x0,
  0x65,0x0,0x6e,0x0,0x3a,0x8,0x0,0x0,0x0,0x0,0x6,0x0,0x0,0x0,0xe,0x4f,
  0x75,0x74,0x73,0x69,0x64,0x65,0x20,0x72,0x61,0x6e,0x67,0x65,0x3a,0x7,0x0,0x0,
  0x0,0xf,0x43,0x6f,0x6e,0x64,0x69,0x74,0x69,0x6f,0x6e,0x44,0x69,0x61,0x6c,0x6f,
  0x67,0x1,0x3,0x0,0x0,0x0,0x68,0x0,0x4d,0x0,0x69,0x0,0x6e,0x0,0x64,0x0,
  0x65,0x0,0x73,0x0,0x74,0x0,0x61,0x0,0x6e,0x0,0x74,0x0,0x65,0x0,0x69,0x0,
  0x6c,0x0,0x20,0x0,0x64,0x0,0x65,0x0,0x72,0x0,0x20,0x0,0x46,0x0,0x6c,0x0,
  0xe4,0x0,0x63,0x0,0x68,0x0,0x65,0x0,0x20,0x0,0x6d,0x0,0x69,0x0,0x74,0x0,
  0x20,0x0,0x64,0x0,0x65,0x0,0x6e,0x0,0x20,0x0,0x69,0x0,0x6e,0x0,0x6b,0x0,
  0x6c,0x0,0x75,0x0,0x64,0x0,0x69,0x0,0x65,0x0,0x72,0x0,0x74,0x0,0x65,0x0,
  0x6e,0x0,0x20,0x0,0x42,0x0,0x69,0x0,0x6f,0x0,0x6d,0x0,0x65,0x0,0x6e,0x8,
  0x0,0x0,0x0,0x0,0x6,0x0,0x0,0x0,0x3c,0x50,0x72,0x6f,0x70,0x6f,0x72,0x74,
  0x69,0x6f,0x6e,0x20,0x6f,0x66,0x20,0x74,0x68,0x65,0x20,0x61,0x72,0x65,0x61,0x20,
  0x74,0x68,0x61,0x74,0x20,0x68,0x61,0x73,0x20,0x74,0x6f,0x20,0x62,0x65,0x20,0x6f,
  0x66,0x20,0x74,0x68,0x65,0x20,0x69,0x6e,0x63,0x6c,0x75,0x64,0x65,0x64,0x20,0x62,
  0x69,0x6f,0x6d,0x65,0x73,0x7,0x0,0x0,0x0,0xf,0x43,0x6f,0x6e,0x64,0x69,0x74,
  0x69,0x6f,0x6e,0x44,0x69,0x61,0x6c,0x6f,0x67,0x1,0x3,0x0,0x0,0x0,0x1a,0x0,
  0x51,0x0,0x75,0x0,0x61,0x0,0x64,0x0,0x2d,0x0,0x53,0x0,0x74,0x0,0x72,0x0,
  0x75,0x0,0x6b,0x0,0x74,0x0,0x75,0x0,0x72,0x8,0x0,0x0,0x0,0x0,0x6,0x0,
  0x0,0x0,0xe,0x51,0x75,0x61,0x64,0x2d,0x73,0x74,0x72,0x75,0x63,0x74,0x75,0x72,
  0x65,0x7,0x0,0x0,0x0,0xf,0x43,0x6f,0x6e,0x64,0x69,0x74,0x69,0x6f,0x6e,0x44,
  0x69,0x61,0x6c,0x6f,0x67,0x1,0x3,0x0,0x0,0x0,0x4e,0x0,0x44,0x0,0x65,0x0,
  0x6e,0x0,0x20,0x0,0x45,0x0,0x64,0x0,0x69,0x0,0x74,0x0,0x6f,0x0,0x72,0x0,
  0x69,0x0,0x6e,0x0,0x68,0x0,0x61,0x0,0x6c,0x0,0x74,0x0,0x20,0x0,0x6d,0x0,
  0x69,0x0,0x74,0x0,0x20,0x0,0x42,0x0,0x65,0x0,0x69,0x0,0x73,0x0,0x70,0x0,
  0x69,0x0,0x65,0x0,0x6c,0x0,0x20,0x0,0x65,0x0,0x72,0x0,0x73,0x0,0x65,0x0,
  0x74,0x0,0x7a,0x0,0x65,0x0,0x6e,0x0,0x3a,0x8,0x0,0x0,0x0,0x0,0x6,0x0,
  0x0,0x0,0x24,0x52,0x65,0x70,0x6c,0x61,0x63,0x65,0x20,0x65,0x64,0x69,0x74,0x6f,
  0x72,0x20,0x63,0x6f,0x6e,0x74,0x65,0x6e,0x74,0x20,0x77,0x69,0x74,0x68,0x20,0x65,
  0x78,0x61,0x6d,0x70,0x6c,0x65,0x3a,0x7,0x0,0x0,0x0,0xf,0x43,0x6f,0x6e,0x64,
  0x69,0x74,0x69,0x6f,0x6e,0x44,0x69,0x61,0x6c,0x6f,0x67,0x1,0x3,0x0,0x0,0x0,
  0x76,0x0,0x45,0x0,0x72,0x0,0x66,0x0,0x6f,0x0,0x72,0x0,0x64,0x0,0x65,0x0,
  0x72,0x0,0x74,0x0,0x20,0x0,0x76,0x0,0x6f,0x0,0x6c,0x0,0x6c,0x0,0x65,0x0,
  0x6e,0x0,0x20,0x0,0x47,0x0,0x72,0x0,0x65,0x0,0x6e,0x0,0x7a,0x0,0x62,0x0,
  0x65,0x0,0x72,0x0,0x65,0x0,0x69,0x0,0x63,0x0,0x68,0x0,0x20,0x0,0x61,0x0,
  0x6e,0x0,0x73,0x0,0x74,0x0,0x65,0x0,0x6c,0x0,0x6c,0x0,0x65,0x0,0x20,0x0,
  0x65,0x0,0x69,0x0,0x6e,0x0,0x65,0x0,0x72,0x0,0x20,0x0,0xdc,0x0,0x62,0x0,
  0x65,0x0,0x72,0x0,0x73,0x0,0x63,0x0,0x68,0x0,0x6e,0x0,0x65,0x0,0x69,0x0,
  0x64,0x0,0x75,0x0,0x6e,0x0,0x67,0x8,0x0,0x0,0x0,0x0,0x6,0x0,0x0,0x0,
  0x2a,0x52,0x65,0x71,0x75,0x69,0x72,0x65,0x20,0x66,0x75,0x6c,0x6c,0x20,0x72,0x61,
  0x6e,0x67,0x65,0x20,0x69,0x6e,0x73,0x74,0x65,0x61,0x64,0x20,0x6f,0x66,0x20,0x69,
  0x6e,0x74,0x65,0x72,0x73,0x65,0x63,0x74,0x69,0x6f,0x6e,0x7,0x0,0x0,0x0,0xf,
  0x43,0x6f,0x6e,0x64,0x69,0x74,0x69,0x6f,0x6e,0x44,0x69,0x61,0x6c,0x6f,0x67,0x1,
  0x3,0x0,0x0,0x0,0x32,0x0,0x45,0x0,0x72,0x0,0x66,0x0,0x6f,0x0,0x72,0x0,
  0x64,0x0,0x65,0x0,0x72,0x0,0x74,0x0,0x65,0x0,0x20,0x0,0x41,0x0,0x62,0x0,
  0x64,0x0,0x65,0x0,0x63,0x0,0x6b,0x0,0x75,0x0,0x6e,0x0,0x67,0x0,0x20,0x0,
  0x28,0x0,0x25,0x0,0x29,0x0,0x3a,0x8,0x0,0x0,0x0,0x0,0x6,0x0,0x0,0x0,
  0x16,0x52,0x65,0x71,0x75,0x69,0x72,0x65,0x64,0x20,0x63,0x6f,0x76,0x65,0x72,0x61,
  0x67,0x65,0x20,0x28,0x25,0x29,0x3a,0x7,0x0,0x0,0x0,0xf,0x43,0x6f,0x6e,0x64,
  0x69,0x74,0x69,0x6f,0x6e,0x44,0x69,0x61,0x6c,0x6f,0x67,0x1,0x3,0x0,0x0,0x0,
  0x1a,0x0,0x45,0x0,0x72,0x0,0x66,0x0,0x6f,0x0,0x72,0x0,0x64,0x0,0x65,0x0,
  0x72,0x0,0x6c,0x0,0x69,0x0,0x63,0x0,0x68,0x0,0x3a,0x8,0x0,0x0,0x0,0x0,
  0x6,0x0,0x0,0x0,0x9,0x52,0x65,0x71,0x75,0x69,0x72,0x65,0x64,0x3a,0x7,0x0,
  0x0,0x0,0xf,0x43,0x6f,0x6e,0x64,0x69,0x74,0x69,0x6f,0x6e,0x44,0x69,0x61,0x6c,
  0x6f,0x67,0x1,0x3,0x0,0x0,0x0,0x28,0x0,0x50,0x0,0x6f,0x0,0x72,0x0,0x74,
  0x0,0x61,0x0,0x6c,0x0,0x72,0x0,0x75,0x0,0x69,0x0,0x6e,0x0,0x65,0x0,0x6e,
  0x0,0x76,0x0,0x61,0x0,0x69,0x0,0x61,0x0,0x6e,0x0,0x74,0x0,0x65,0x0,0x6e,
  0x8,0x0,0x0,0x0,0x0,0x6,0x0,0x0,0x0,0x16,0x52,0x75,0x69,0x6e,0x65,0x64,
  0x20,0x70,0x6f,0x72,0x74,0x61,0x6c,0x20,0x76,0x61,0x72,0x69,0x61,0x6e,0x74,0x73,
  0x7,0x0,0x0,0x0,0xf,0x43,0x6f,0x6e,0x64,0x69,0x74,0x69,0x6f,0x6e,0x44,0x69,
  0x61,0x6c,0x6f,0x67,0x1,0x3,0x0,0x0,0x0,0x2a,0x0,0x45,0x0,0x76,0x0,0x61,
  0x0,0x6c,0x0,0x75,0x0,0x69,0x0,0x65,0x0,0x72,0x0,0x75,0x0,0x6e,0x0,0x67,
  0x0,0x73,0x0,0x68,0x0,0xf6,0x0,0x68,0x0,0x65,0x0,0x20,0x0,0x28,0x0,0x59,
  0x0,0x29,0x0,0x3a,0x8,0x0,0x0,0x0,0x0,0x6,0x0,0x0,0x0,0x15,0x53,0x61,
  0x6d,0x70,0x6c,0x65,0x20,0x61,0x74,0x20,0x68,0x65,0x69,0x67,0x68,0x74,0x20,0x28,
  0x59,0x29,0x3a,0x7,0x0,0x0,0x0,0xf,0x43,0x6f,0x6e,0x64,0x69,0x74,0x69,0x6f,
  0x6e,0x44,0x69,0x61,0x6c,0x6f,0x67,0x1,0x3,0x0,0x0,0x0,0x18,0x0,0x42,0x0,
  0x69,0x0,0x6f,0x0,0x6d,0x0,0x6d,0x0,0x61,0x0,0xdf,0x0,0x73,0x0,0x74,0x0,
  0x61,0x0,0x62,0x0,0x3a,0x8,0x0,0x0,0x0,0x0,0x6,0x0,0x0,0x0,0xf,0x53,
  0x61,0x6d,0x70,0x6c,0x69,0x6e,0x67,0x20,0x73,0x63,0x61,0x6c,0x65,0x3a,0x7,0x0,
  0x0,0x0,0xf,0x43,0x6f,0x6e,0x64,0x69,0x74,0x69,0x6f,0x6e,0x44,0x69,0x61,0x6c,
  0x6f,0x67,0x1,0x3,0x0,0x0,0x0,0x12,0x0,0x53,0x0,0x70,0x0,0x65,0x0,0x69,
  0x0,0x63,0x0,0x68,0x0,0x65,0x0,0x72,0x0,0x6e,0x8,0x0,0x0,0x0,0x0,0x6,
  0x0,0x0,0x0,0x4,0x53,0x61,0x76,0x65,0x7,0x0,0x0,0x0,0xf,0x43,0x6f,0x6e,
  0x64,0x69,0x74,0x69,0x6f,0x6e,0x44,0x69,0x61,0x6c,0x6f,0x67,0x1,0x3,0x0,0x0,
  0x0,0x20,0x0,0x53,0x0,0x70,0x0,0x65,0x0,0x69,0x0,0x63,0x0,0x68,0x0,0x65,
  0x0,0x72,0x0,0x6e,0x0,0x20,0x0,0x61,0x0,0x6c,0x0,0x73,0x0,0x2e,0x0,0x2e,
  0x0,0x2e,0x8,0x0,0x0,0x0,0x0,0x6,0x0,0x0,0x0,0xa,0x53,0x61,0x76,0x65,
  0x20,0x61,0x73,0x2e,0x2e,0x2e,0x7,0x0,0x0,0x0,0xf,0x43,0x6f,0x6e,0x64,0x69,
  0x74,0x69,0x6f,0x6e,0x44,0x69,0x61,0x6c,0x6f,0x67,0x1,0x3,0x0,0x0,0x0,0x28,
  0x0,0x4c,0x0,0x75,0x0,0x61,0x0,0x20,0x0,0x53,0x0,0x6b,0x0,0x72,0x0,0x69,
  0x0,0x70,0x0,0x74,0x0,0x20,0x0,0x73,0x0,0x70,0x0,0x65,0x0,0x69,0x0,0x63,
  0x0,0x68,0x0,0x65,0x0,0x72,0x0,0x6e,0x8,0x0,0x0,0x0,0x0,0x6,0x0,0x0,
  0x0,0xf,0x53,0x61,0x76,0x65,0x20,0x6c,0x75,0x61,0x20,0x73,0x63,0x72,0x69,0x70,
  0x74,0x7,0x0,0x0,0x0,0xf,0x43,0x6f,0x6e,0x64,0x69,0x74,0x69,0x6f,0x6e,0x44,
  0x69,0x61,0x6c,0x6f,0x67,0x1,0x3,0x0,0x0,0x0,0x26,0x0,0x4b,0x0,0x61,0x0,
  0x74,0x0,0x65,0x0,0x67,0x0,0x6f,0x0,0x72,0x0,0x69,0x0,0x65,0x0,0x20,0x0,
  0x61,0x0,0x75,0x0,0x73,0x0,0x77,0x0,0xe4,0x0,0x68,0x0,0x6c,0x0,0x65,0x0,
  0x6e,0x8,0x0,0x0,0x0,0x0,0x6,0x0,0x0,0x0,0xf,0x53,0x65,0x6c,0x65,0x63,
  0x74,0x20,0x63,0x61,0x74,0x65,0x67,0x6f,0x72,0x79,0x7,0x0,0x0,0x0,0xf,0x43,
  0x6f,0x6e,0x64,0x69,0x74,0x69,0x6f,0x6e,0x44,0x69,0x61,0x6c,0x6f,0x67,0x1,0x3,
  0x0,0x0,0x0,0xa0,0x0,0x41,0x0,0x75,0x0,0x73,0x0,0x77,0x0,0x61,0x0,0x68,
  0x0,0x6c,0x0,0x20,0x0,0x64,0x0,0x65,0x0,0x72,0x0,0x20,0x0,0x41,0x0,0x6e,
  0x0,0x7a,0x0,0x61,0x0,0x68,0x0,0x6c,0x0,0x20,0x0,0x76,0x0,0x6f,0x0,0x6e,
  0x0,0x20,0x0,0x45,0x0,0x69,0x0,0x6e,0x0,0x74,0x0,0x72,0x0,0xe4,0x0,0x67,
  0x0,0x65,0x0,0x6e,0x0,0x20,0x0,0x76,0x0,0x6f,0x0,0x6e,0x0,0x20,0x0,0x6a,
  0x0,0x65,0x0,0x64,0x0,0x65,0x0,0x72,0x0,0x20,0x0,0x54,0x0,0x65,0x0,0x70,
  0x0,0x65,0x0,0x72,0x0,0x61,0x0,0x74,0x0,0x75,0x0,0x72,0x0,0x6b,0x0,0x61,
  0x0,0x74,0x0,0x65,0x0,0x67,0x0,0x6f,0x0,0x72,0x0,0x69,0x0,0x65,0x0,0x20,
  0x0,0x65,0x0,0x72,0x0,0x66,0x0,0x6f,0x0,0x72,0x0,0x64,0x0,0x65,0x0,0x72,
  0x0,0x6c,0x0,0x69,0x0,0x63,0x0,0x68,0x0,0x20,0x0,0x73,0x0,0x69,0x0,0x6e,
  0x0,0x64,0x0,0x2e,0x8,0x0,0x0,0x0,0x0,0x6,0x0,0x0,0x0,0x42,0x53,0x65,
  0x6c,0x65,0x63,0x74,0x20,0x68,0x6f,0x77,0x20,0x6d,0x61,0x6e,0x79,0x20,0x65,0x6e,
  0x74,0x72,0x69,0x65,0x73,0x20,0x6f,0x66,0x20,0x65,0x61,0x63,0x68,0x20,0x74,0x65,
  0x6d,0x70,0x65,0x72,0x61,0x74,0x75,0x72,0x65,0x20,0x63,0x61,0x74,0x65,0x67,0x6f,
  0x72,0x79,0x20,0x61,0x72,0x65,0x20,0x72,0x65,0x71,0x75,0x69,0x72,0x65,0x64,0x2e,
  0x7,0x0,0x0,0x0,0xf,0x43,0x6f,0x6e,0x64,0x69,0x74,0x69,0x6f,0x6e,0x44,0x69,
  0x61,0x6c,0x6f,0x67,0x1,0x3,0x0,0x0,0x0,0x8a,0x0,0x41,0x0,0x75,0x0,0x73,
  0x0,0x77,0x0,0x61,0x0,0x68,0x0,0x6c,0x0,0x20,0x0,0x64,0x0,0x65,0x0,0x72,
  0x0,0x20,0x0,0x6d,0x0,0x69,0x0,0x6e,0x0,0x69,0x0,0x6d,0x0,0x61,0x0,0x6c,
  0x0,0x20,0x0,0x65,0x0,0x72,0x0,0x66,0x0,0x6f,0x0,0x72,0x0,0x64,0x0,0x65,
  0x0,0x72,0x0,0x74,0x0,0x65,0x0,0x6e,0x0,0x20,0x0,0x75,0x0,0x6e,0x0,0x64,
  0x0,0x20,0x0,0x6d,0x0,0x61,0x0,0x78,0x0,0x69,0x0,0x6d,0x0,0x61,0x0,0x6c,
  0x0,0x20,0x0,0x65,0x0,0x72,0x0,0x6c,0x0,0x61,0x0,0x75,0x0,0x62,0x0,0x74,
  0x0,0x65,0x0,0x6e,0x0,0x20,0x0,0x4b,0x0,0x6c,0x0,0x69,0x0,0x6d,0x0,0x61,
  0x0,0x70,0x0,0x61,0x0,0x72,0x0,0x61,0x0,0x6d,0x0,0x65,0x0,0x74,0x0,0x65,
  0x0,0x72,0x0,0x3a,0x8,0x0,0x0,0x0,0x0,0x6,0x0,0x0,0x0,0x43,0x53,0x65,
  0x6c,0x65,0x63,0x74,0x20,0x74,0x68,0x65,0x20,0x6d,0x69,0x6e,0x69,0x6d,0x75,0x6d,
  0x20,0x72,0x65,0x71,0x75,0x69,0x72,0x65,0x64,0x20,0x61,0x6e,0x64,0x20,0x6d,0x61,
  0x78,0x69,0x6d,0x75,0x6d,0x20,0x61,0x6c,0x6c,0x6f,0x77,0x65,0x64,0x20,0x63,0x6c,
  0x69,0x6d,0x61,0x74,0x65,0x20,0x70,0x61,0x72,0x61,0x6d,0x65,0x74,0x65,0x72,0x73,
  0x3a,0x7,0x0,0x0,0x0,0xf,0x43,0x6f,0x6e,0x64,0x69,0x74,0x69,0x6f,0x6e,0x44,
  0x69,0x61,0x6c,0x6f,0x67,0x1,0x3,0x0,0x0,0x0,0x1a,0x0,0x54,0x0,0x79,0x0,
  0x70,0x0,0x20,0x0,0x61,0x0,0x75,0x0,0x73,0x0,0x77,0x0,0xe4,0x0,0x68,0x0,
  0x6c,0x0,0x65,0x0,0x6e,0x8,0x0,0x0,0x0,0x0,0x6,0x0,0x0,0x0,0xb,0x53,
  0x65,0x6c,0x65,0x63,0x74,0x20,0x74,0x79,0x70,0x65,0x7,0x0,0x0,0x0,0xf,0x43,
  0x6f,0x6e,0x64,0x69,0x74,0x69,0x6f,0x6e,0x44,0x69,0x61,0x6c,0x6f,0x67,0x1,0x3,
  0x0,0x0,0x0,0x58,0x0,0x49,0x0,0x6e,0x0,0x73,0x0,0x74,0x0,0x61,0x0,0x6e,
  0x0,0x7a,0x0,0x65,0x0,0x6e,0x0,0x20,0x0,0x61,0x0,0x6e,0x0,0x20,0x0,0x64,
  0x0,0x65,0x0,0x72,0x0,0x20,0x0,0x52,0x0,0x65,0x0,0x66,0x0,0x65,0x0,0x72,
  0x0,0x65,0x0,0x6e,0x0,0x7a,0x0,0x70,0x0,0x6f,0x0,0x73,0x0,0x69,0x0,0x74,
  0x0,0x69,0x0,0x6f,0x0,0x6e,0x0,0x20,0x0,0x69,0x0,0x67,0x0,0x6e,0x0,0x6f,
  0x0,0x72,0x0,0x69,0x0,0x65,0x0,0x72,0x0,0x65,0x0,0x6e,0x8,0x0,0x0,0x0,
  0x0,0x6,0x0,0x0,0x0,0x39,0x53,0x6b,0x69,0x70,0x20,0x69,0x6e,0x73,0x74,0x61,
  0x6e,0x63,0x65,0x73,0x20,0x61,0x74,0x20,0x65,0x78,0x61,0x63,0x74,0x6c,0x79,0x20,
  0x74,0x68,0x65,0x20,0x72,0x65,0x6c,0x61,0x74,0x69,0x76,0x65,0x20,0x72,0x65,0x66,
  0x65,0x72,0x65,0x6e,0x63,0x65,0x20,0x6c,0x6f,0x63,0x61,0x74,0x69,0x6f,0x6e,0x7,
  0x0,0x0,0x0,0xf,0x43,0x6f,0x6e,0x64,0x69,0x74,0x69,0x6f,0x6e,0x44,0x69,0x61,
  0x6c,0x6f,0x67,0x1,0x3,0x0,0x0,0x0,0x22,0x0,0x55,0x0,0x6e,0x0,0x67,0x0,
  0x65,0x0,0x77,0x0,0x6f,0x0,0x68,0x0,0x6e,0x0,0x6c,0x0,0x69,0x0,0x63,0x0,
  0x68,0x0,0x20,0x0,0x6b,0x0,0x61,0x0,0x6c,0x0,0x74,0x8,0x0,0x0,0x0,0x0,
  0x6,0x0,0x0,0x0,0xc,0x53,0x70,0x65,0x63,0x69,0x61,0x6c,0x20,0x43,0x6f,0x6c,
  0x64,0x7,0x0,0x0,0x0,0xf,0x43,0x6f,0x6e,0x64,0x69,0x74,0x69,0x6f,0x6e,0x44,
  0x69,0x61,0x6c,0x6f,0x67,0x1,0x3,0x0,0x0,0x0,0x22,0x0,0x55,0x0,0x6e,0x0,
  0x67,0x0,0x65,0x0,0x77,0x0,0xf6,0x0,0x68,0x0,0x6c,0x0,0x69,0x0,0x63,0x0,
  0x68,0x0,0x20,0x0,0xfc,0x0,0x70,0x0,0x70,0x0,0x69,0x0,0x67,0x8,0x0,0x0,
  0x0,0x0,0x6,0x0,0x0,0x0,0xc,0x53,0x70,0x65,0x63,0x69,0x61,0x6c,0x20,0x4c,
  0x75,0x73,0x68,0x7,0x0,0x0,0x0,0xf,0x43,0x6f,0x6e,0x64,0x69,0x74,0x69,0x6f,
  0x6e,0x44,0x69,0x61,0x6c,0x6f,0x67,0x1,0x3,0x0,0x0,0x0,0x20,0x0,0x55,0x0,
  0x6e,0x0,0x67,0x0,0x65,0x0,0x77,0x0,0xf6,0x0,0x68,0x0,0x6c,0x0,0x69,0x0,
  0x63,0x0,0x68,0x0,0x20,0x0,0x77,0x0,0x61,0x0,0x72,0x0,0x6d,0x8,0x0,0x0,
  0x0,0x0,0x6,0x0,0x0,0x0,0xc,0x53,0x70,0x65,0x63,0x69,0x61,0x6c,0x20,0x57,
  0x61,0x72,0x6d,0x7,0x0,0x0,0x0,0xf,0x43,0x6f,0x6e,0x64,0x69,0x74,0x69,0x6f,
  0x6e,0x44,0x69,0x61,0x6c,0x6f,0x67,0x1,0x3,0x0,0x0,0x0,0x1e,0x0,0x53,0x0,
  0x70,0x0,0x69,0x0,0x72,0x0,0x61,0x0,0x6c,0x0,0x20,0x0,0x49,0x0,0x74,0x0,
  0x65,0x0,0x72,0x0,0x61,0x0,0x74,0x0,0x6f,0x0,0x72,0x8,0x0,0x0,0x0,0x0,
  0x6,0x0,0x0,0x0,0xf,0x53,0x70,0x69,0x72,0x61,0x6c,0x20,0x69,0x74,0x65,0x72,
  0x61,0x74,0x6f,0x72,0x7,0x0,0x0,0x0,0xf,0x43,0x6f,0x6e,0x64,0x69,0x74,0x69,
  0x6f,0x6e,0x44,0x69,0x61,0x6c,0x6f,0x67,0x1,0x3,0x0,0x0,0x0,0x70,0x0,0x53,
  0x0,0x74,0x0,0x61,0x0,0x74,0x0,0x69,0x0,0x73,0x0,0x74,0x0,0x69,0x0,0x73,
  0x0,0x63,0x0,0x68,0x0,0x65,0x0,0x20,0x0,0x73,0x0,0x69,0x0,0x63,0x0,0x68,
  0x0,0x65,0x0,0x72,0x0,0x68,0x0,0x65,0x0,0x69,0x0,0x74,0x0,0x2c,0x0,0x20,
  0x0,0x64,0x0,0x61,0x0,0x73,0x0,0x73,0x0,0x20,0x0,0x64,0x0,0x69,0x0,0x65,
  0x0,0x20,0x0,0x41,0x0,0x62,0x0,0x64,0x0,0x65,0x0,0x63,0x0,0x6b,0x0,0x75,
  0x0,0x6e,0x0,0x67,0x0,0x20,0x0,0x65,0x0,0x72,0x0,0x72,0x0,0x65,0x0,0x69,
  0x0,0x63,0x0,0x68,0x0,0x74,0x0,0x20,0x0,0x69,0x0,0x73,0x0,0x74,0x8,0x0,
  0x0,0x0,0x0,0x6,0x0,0x0,0x0,0x39,0x53,0x74,0x61,0x74,0x69,0x73,0x74,0x69,
  0x63,0x61,0x6c,0x20,0x63,0x6f,0x6e,0x66,0x69,0x64,0x65,0x6e,0x63,0x65,0x20,0x74,
  0x68,0x61,0x74,0x20,0x74,0x68,0x65,0x20,0x63,0x6f,0x76,0x65,0x72,0x61,0x67,0x65,
  0x20,0x68,0x61,0x73,0x20,0x62,0x65,0x65,0x6e,0x20,0x72,0x65,0x61,0x63,0x68,0x65,
  0x64,0x7,0x0,0x0,0x0,0xf,0x43,0x6f,0x6e,0x64,0x69,0x74,0x69,0x6f,0x6e,0x44,
  0x69,0x61,0x6c,0x6f,0x67,0x1,0x3,0x0,0x0,0x0,0x1a,0x0,0x53,0x0,0x63,0x0,
  0x68,0x0,0x72,0x0,0x69,0x0,0x74,0x0,0x74,0x0,0x67,0x0,0x72,0x0,0xf6,0x0,
  0xdf,0x0,0x65,0x0,0x3a,0x8,0x0,0x0,0x0,0x0,0x6,0x0,0x0,0x0,0xa,0x53,
  0x74,0x65,0x70,0x20,0x73,0x69,0x7a,0x65,0x3a,0x7,0x0,0x0,0x0,0xf,0x43,0x6f,
  0x6e,0x64,0x69,0x74,0x69,0x6f,0x6e,0x44,0x69,0x61,0x6c,0x6f,0x67,0x1,0x3,0x0,
  0x0,0x0,0x14,0x0,0x53,0x0,0x74,0x0,0x72,0x0,0x75,0x0,0x6b,0x0,0x74,0x0,
  0x75,0x0,0x72,0x0,0x65,0x0,0x6e,0x8,0x0,0x0,0x0,0x0,0x6,0x0,0x0,0x0,
  0xa,0x53,0x74,0x72,0x75,0x63,0x74,0x75,0x72,0x65,0x73,0x7,0x0,0x0,0x0,0xf,
  0x43,0x6f,0x6e,0x64,0x69,0x74,0x69,0x6f,0x6e,0x44,0x69,0x61,0x6c,0x6f,0x67,0x1,
  0x3,0x0,0x0,0x0,0x14,0x0,0x54,0x0,0x65,0x0,0x6d,0x0,0x70,0x0,0x65,0x0,
  0x72,0x0,0x61,0x0,0x74,0x0,0x75,0x0,0x72,0x8,0x0,0x0,0x0,0x0,0x6,0x0,
  0x0,0x0,0xb,0x54,0x65,0x6d,0x70,0x65,0x72,0x61,0x74,0x75,0x72,0x65,0x7,0x0,
  0x0,0x0,0xf,0x43,0x6f,0x6e,0x64,0x69,0x74,0x69,0x6f,0x6e,0x44,0x69,0x61,0x6c,
  0x6f,0x67,0x1,0x3,0x0,0x0,0x0,0x28,0x0,0x54,0x0,0x65,0x0,0x6d,0x0,0x65,
  0x0,0x72,0x0,0x61,0x0,0x74,0x0,0x75,0x0,0x72,0x0,0x6b,0x0,0x61,0x0,0x74,
  0x0,0x65,0x0,0x67,0x0,0x6f,0x0,0x72,0x0,0x69,0x0,0x65,0x0,0x65,0x0,0x6e,
  0x8,0x0,0x0,0x0,0x0,0x6,0x0,0x0,0x0,0x16,0x54,0x65,0x6d,0x70,0x65,0x72,
  0x61,0x74,0x75,0x72,0x65,0x20,0x63,0x61,0x74,0x65,0x67,0x6f,0x72,0x69,0x65,0x73,
  0x7,0x0,0x0,0x0,0xf,0x43,0x6f,0x6e,0x64,0x69,0x74,0x69,0x6f,0x6e,0x44,0x69,
  0x61,0x6c,0x6f,0x67,0x1,0x3,0x0,0x0,0x0,0xee,0x0,0x44,0x0,0x69,0x0,0x65,
  0x0,0x20,0x0,0x42,0x0,0x69,0x0,0x6f,0x0,0x6d,0x0,0x70,0x0,0x72,0x0,0xfc,
  0x0,0x66,0x0,0x75,0x0,0x6e,0x0,0x67,0x0,0x20,0x0,0x6d,0x0,0x69,0x0,0x74,
  0x0,0x20,0x0,0x65,0x0,0x69,0x0,0x6e,0x0,0x65,0x0,0x72,0x0,0x20,0x0,0x49,
  0x0,0x6e,0x0,0x73,0x0,0x74,0x0,0x61,0x0,0x6e,0x0,0x7a,0x0,0x20,0x0,0x76,
  0x0,0x6f,0x0,0x6e,0x0,0x20,0x0,0x47,0x0,0x72,0x0,0xf6,0x0,0xdf,0x0,0x65,
  0x0,0x20,0x0,0x25,0x0,0x31,0x0,0x20,0x0,0x6b,0x0,0x61,0x0,0x6e,0x0,0x6e,
  0x0,0x20,0x0,0x6e,0x0,0x69,0x0,0x63,0x0,0x68,0x0,0x74,0x0,0x20,0x0,0x62,
  0x0,0x65,0x0,0x69,0x0,0x20,0x0,0x64,0x0,0x69,0x0,0x65,0x0,0x73,0x0,0x65,
  0x0,0x72,0x0,0x20,0x0,0x46,0x0,0x6c,0x0,0xe4,0x0,0x63,0x0,0x68,0x0,0x65,
  0x0,0x20,0x0,0x7a,0x0,0x75,0x0,0x74,0x0,0x72,0x0,0x65,0x0,0x66,0x0,0x66,
  0x0,0x65,0x0,0x6e,0x0,0x3a,0x0,0xa,0x0,0x25,0x0,0x32,0x0,0x25,0x0,0x33,
  0x0,0x25,0x0,0x34,0x0,0x20,0x0,0x3d,0x0,0x20,0x0,0x25,0x0,0x35,0x0,0x20,
  0x0,0x3c,0x0,0x20,0x0,0x25,0x0,0x36,0x0,0x20,0x0,0x40,0x0,0x20,0x0,0x4d,
  0x0,0x61,0x0,0xdf,0x0,0x73,0x0,0x74,0x0,0x61,0x0,0x62,0x0,0x20,0x0,0x31,
  0x0,0x3a,0x0,0x25,0x0,0x37,0x0,0x2e,0x3,0x0,0x0,0x0,0xec,0x0,0x44,0x0,
  0x69,0x0,0x65,0x0,0x20,0x0,0x42,0x0,0x69,0x0,0x6f,0x0,0x6d,0x0,0x70,0x0,
  0x72,0x0,0xfc,0x0,0x66,0x0,0x75,0x0,0x6e,0x0,0x67,0x0,0x20,0x0,0x6d,0x0,
  0x69,0x0,0x74,0x0,0x20,0x0,0x25,0x0,0x6e,0x0,0x20,0x0,0x49,0x0,0x6e,0x0,
  0x73,0x0,0x74,0x0,0x61,0x0,0x6e,0x0,0x7a,0x0,0x65,0x0,0x6e,0x0,0x20,0x0,
  0x76,0x0,0x6f,0x0,0x6e,0x0,0x20,0x0,0x47,0x0,0x72,0x0,0xf6,0x0,0xdf,0x0,
  0x65,0x0,0x20,0x0,0x25,0x0,0x31,0x0,0x20,0x0,0x6b,0x0,0x61,0x0,0x6e,0x0,
  0x6e,0x0,0x20,0x0,0x6e,0x0,0x69,0x0,0x63,0x0,0x68,0x0,0x74,0x0,0x20,0x0,
  0x62,0x0,0x65,0x0,0x69,0x0,0x20,0x0,0x64,0x0,0x69,0x0,0x65,0x0,0x73,0x0,
  0x65,0x0,0x72,0x0,0x20,0x0,0x46,0x0,0x6c,0x0,0xe4,0x0,0x63,0x0,0x68,0x0,
  0x65,0x0,0x20,0x0,0x7a,0x0,0x75,0x0,0x74,0x0,0x72,0x0,0x65,0x0,0x66,0x0,
  0x66,0x0,0x65,0x0,0x6e,0x0,0x3a,0x0,0xa,0x0,0x25,0x0,0x32,0x0,0x25,0x0,
  0x33,0x0,0x25,0x0,0x34,0x0,0x20,0x0,0x3d,0x0,0x20,0x0,0x25,0x0,0x35,0x0,
  0x20,0x0,0x3c,0x0,0x20,0x0,0x25,0x0,0x36,0x0,0x20,0x0,0x40,0x0,0x20,0x0,
  0x4d,0x0,0x61,0x0,0xdf,0x0,0x73,0x0,0x74,0x0,0x61,0x0,0x62,0x0,0x20,0x0,
  0x31,0x0,0x3a,0x0,0x25,0x0,0x37,0x0,0x2e,0x8,0x0,0x0,0x0,0x0,0x6,0x0,
  0x0,0x0,0x89,0x54,0x68,0x65,0x20,0x62,0x69,0x6f,0x6d,0x65,0x20,0x6c,0x6f,0x63,
  0x61,0x74,0x6f,0x72,0x20,0x63,0x68,0x65,0x63,0x6b,0x73,0x20,0x66,0x6f,0x72,0x20,
  0x25,0x6e,0x20,0x69,0x6e,0x73,0x74,0x61,0x6e,0x63,0x65,0x28,0x73,0x29,0x2c,0x20,
  0x65,0x61,0x63,0x68,0x20,0x6f,0x66,0x20,0x73,0x69,0x7a,0x65,0x20,0x25,0x31,0x2c,
  0x20,0x77,0x68,0x69,0x63,0x68,0x20,0x63,0x61,0x6e,0x6e,0x6f,0x74,0x20,0x62,0x65,
  0x20,0x73,0x61,0x74,0x69,0x73,0x66,0x69,0x65,0x64,0x20,0x62,0x79,0x20,0x61,0x6e,
  0x20,0x61,0x72,0x65,0x61,0x20,0x6f,0x66,0x20,0x73,0x69,0x7a,0x65,0xa,0x25,0x32,
  0x25,0x33,0x25,0x34,0x20,0x3d,0x20,0x25,0x35,0x20,0x3c,0x20,0x25,0x36,0x20,0x40,
  0x20,0x73,0x63,0x61,0x6c,0x65,0x20,0x31,0x3a,0x25,0x37,0x2e,0x7,0x0,0x0,0x0,
  0xf,0x43,0x6f,0x6e,0x64,0x69,0x74,0x69,0x6f,0x6e,0x44,0x69,0x61,0x6c,0x6f,0x67,
  0x1,0x3,0x0,0x0,0x0,0xae,0x0,0x44,0x0,0x69,0x0,0x65,0x0,0x20,0x0,0x42,
  0x0,0x65,0x0,0x64,0x0,0x69,0x0,0x6e,0x0,0x67,0x0,0x75,0x0,0x6e,0x0,0x67,
  0x0,0x20,0x0,0x65,0x0,0x72,0x0,0x77,0x0,0x61,0x0,0x72,0x0,0x74,0x0,0x65,
  0x0,0x74,0x0,0x20,0x0,0x75,0x0,0x6e,0x0,0x62,0x0,0x65,0x0,0x73,0x0,0x63,
  0x0,0x68,0x0,0x72,0x0,0xe4,0x0,0x6e,0x0,0x6b,0x0,0x74,0x0,0x65,0x0,0x20,
  0x0,0x4b,0x0,0x6c,0x0,0x69,0x0,0x6d,0x0,0x61,0x0,0x67,0x0,0x72,0x0,0x65,
  0x0,0x6e,0x0,0x7a,0x0,0x65,0x0,0x6e,0x0,0x20,0x0,0x61,0x0,0x73,0x0,0x20,
  0x0,0x67,0x0,0x65,0x0,0x66,0x0,0x6f,0x0,0x72,0x0,0x64,0x0,0x65,0x0,0x72,
  0x0,0x74,0x0,0x2c,0x0,0x20,0x0,0x77,0x0,0x61,0x0,0x73,0x0,0x20,0x0,0x6e,
  0x0,0x69,0x0,0x65,0x0,0x20,0x0,0x7a,0x0,0x75,0x0,0x74,0x0,0x72,0x0,0x65,
  0x0,0x66,0x0,0x66,0x0,0x65,0x0,0x6e,0x0,0x20,0x0,0x6b,0x0,0x61,0x0,0x6e,
  0x0,0x6e,0x0,0x2e,0x8,0x0,0x0,0x0,0x0,0x6,0x0,0x0,0x0,0x75,0x54,0x68,
  0x65,0x20,0x63,0x6f,0x6e,0x64,0x69,0x74,0x69,0x6f,0x6e,0x20,0x63,0x6f,0x6e,0x74,
  0x61,0x69,0x6e,0x73,0x20,0x61,0x20,0x63,0x6c,0x69,0x6d,0x61,0x74,0x65,0x20,0x72,
  0x61,0x6e,0x67,0x65,0x20,0x77,0x68,0x69,0x63,0x68,0x20,0x69,0x73,0x20,0x75,0x6e,
  0x62,0x6f,0x75,0x6e,0x64,0x65,0x64,0x20,0x77,0x69,0x74,0x68,0x20,0x74,0x68,0x65,
  0x20,0x66,0x75,0x6c,0x6c,0x20,0x72,0x61,0x6e,0x67,0x65,0x20,0x72,0x65,0x71,0x75,
  0x69,0x72,0x65,0x64,0x2c,0x20,0x77,0x68,0x69,0x63,0x68,0x20,0x63,0x61,0x6e,0x20,
  0x6e,0x65,0x76,0x65,0x72,0x20,0x62,0x65,0x20,0x73,0x61,0x74,0x69,0x73,0x66,0x69,
  0x65,0x64,0x2e,0x7,0x0,0x0,0x0,0xf,0x43,0x6f,0x6e,0x64,0x69,0x74,0x69,0x6f,
  0x6e,0x44,0x69,0x61,0x6c,0x6f,0x67,0x1,0x3,0x0,0x0,0x0,0x9e,0x0,0x44,0x0,
  0x69,0x0,0x65,0x0,0x20,0x0,0x61,0x0,0x75,0x0,0x73,0x0,0x67,0x0,0x65,0x0,
  0x77,0x0,0xe4,0x0,0x68,0x0,0x6c,0x0,0x74,0x0,0x65,0x0,0x20,0x0,0x46,0x0,
  0x6c,0x0,0xe4,0x0,0x63,0x0,0x68,0x0,0x65,0x0,0x20,0x0,0x65,0x0,0x6e,0x0,
  0x74,0x0,0x68,0x0,0xe4,0x0,0x6c,0x0,0x74,0x0,0x20,0x0,0x6b,0x0,0x65,0x0,
  0x69,0x0,0x6e,0x0,0x20,0x0,0x49,0x0,0x6e,0x0,0x74,0x0,0x65,0x0,0x72,0x0,
  0x76,0x0,0x61,0x0,0x6c,0x0,0x6c,0x0,0x20,0x0,0x69,0x0,0x6e,0x0,0x20,0x0,
  0x64,0x0,0x65,0x0,0x72,0x0,0x20,0x0,0x51,0x0,0x75,0x0,0x61,0x0,0x64,0x0,
  0x2d,0x0,0x53,0x0,0x74,0x0,0x72,0x0,0x75,0x0,0x6b,0x0,0x74,0x0,0x75,0x0,
  0x72,0x0,0x65,0x0,0x6e,0x0,0x20,0x0,0x76,0x0,0x6f,0x0,0x72,0x0,0x6b,0x0,
  0x6f,0x0,0x6d,0x0,0x6d,0x0,0x65,0x0,0x6e,0x0,0x2e,0x8,0x0,0x0,0x0,0x0,
  0x6,0x0,0x0,0x0,0x4f,0x54,0x68,0x65,0x20,0x73,0x65,0x6c,0x65,0x63,0x74,0x65,
  0x64,0x20,0x61,0x72,0x65,0x61,0x20,0x64,0x6f,0x65,0x73,0x20,0x6e,0x6f,0x74,0x20,
  0x63,0x6f,0x6e,0x74,0x61,0x69,0x6e,0x20,0x61,0x20,0x72,0x61,0x6e,0x67,0x65,0x20,
  0x77,0x68,0x65,0x72,0x65,0x20,0x61,0x20,0x71,0x75,0x61,0x64,0x2d,0x73,0x74,0x72,
  0x75,0x63,0x74,0x75,0x72,0x65,0x20,0x63,0x61,0x6e,0x20,0x67,0x65,0x6e,0x65,0x72,
  0x61,0x74,0x65,0x2e,0x7,0x0,0x0,0x0,0xf,0x43,0x6f,0x6e,0x64,0x69,0x74,0x69,
  0x6f,0x6e,0x44,0x69,0x61,0x6c,0x6f,0x67,0x1,0x3,0x0,0x0,0x0,0xd8,0x0,0x44,
  0x0,0x69,0x0,0x65,0x0,0x20,0x0,0x4d,0x0,0x65,0x0,0x6e,0x0,0x67,0x0,0x65,
  0x0,0x20,0x0,0x76,0x0,0x6f,0x0,0x6e,0x0,0x20,0x0,0x65,0x0,0x72,0x0,0x6c,
  0x0,0x61,0x0,0x75,0x0,0x62,0x0,0x74,0x0,0x65,0x0,0x6e,0x0,0x20,0x0,0x42,
  0x0,0x69,0x0,0x6f,0x0,0x6d,0x0,0x65,0x0,0x6e,0x0,0x20,0x0,0x69,0x0,0x73,
  0x0,0x74,0x0,0x20,0x0,0x6c,0x0,0x65,0x0,0x65,0x0,0x72,0x0,0x2e,0x0,0x20,
  0x0,0x42,0x0,0x69,0x0,0x74,0x0,0x74,0x0,0x65,0x0,0x20,0x0,0x6d,0x0,0x69,
  0x0,0x6e,0x0,0x64,0x0,0x65,0x0,0x73,0x0,0x74,0x0,0x65,0x0,0x6e,0x0,0x73,
  0x0,0x20,0x0,0x65,0x0,0x69,0x0,0x6e,0x0,0x20,0x0,0x42,0x0,0x69,0x0,0x6f,
  0x0,0x6d,0x0,0x20,0x0,0x66,0x0,0xfc,0x0,0x72,0x0,0x20,0x0,0x64,0x0,0x69,
  0x0,0x65,0x0,0x20,0x0,0x65,0x0,0x72,0x0,0x66,0x0,0x6f,0x0,0x72,0x0,0x64,
  0x0,0x65,0x0,0x72,0x0,0x74,0x0,0x65,0x0,0x20,0x0,0x41,0x0,0x62,0x0,0x64,
  0x0,0x65,0x0,0x63,0x0,0x6b,0x0,0x75,0x0,0x6e,0x0,0x67,0x0,0x20,0x0,0x69,
  0x0,0x6e,0x0,0x6b,0x0,0x6c,0x0,0x75,0x0,0x64,0x0,0x69,0x0,0x65,0x0,0x72,
  0x0,0x65,0x0,0x6e,0x0,0x2e,0x8,0x0,0x0,0x0,0x0,0x6,0x0,0x0,0x0,0x79,
  0x54,0x68,0x65,0x20,0x73,0x65,0x74,0x20,0x6f,0x66,0x20,0x61,0x6c,0x6c,0x6f,0x77,
  0x65,0x64,0x20,0x62,0x69,0x6f,0x6d,0x65,0x73,0x20,0x69,0x73,0x20,0x65,0x6d,0x70,
  0x74,0x79,0x2c,0x20,0x77,0x68,0x69,0x63,0x68,0x20,0x63,0x61,0x6e,0x20,0x6e,0x65,
  0x76,0x65,0x72,0x20,0x62,0x65,0x20,0x73,0x61,0x74,0x69,0x73,0x66,0x69,0x65,0x64,
  0x2e,0x20,0x50,0x6c,0x65,0x61,0x73,0x65,0x20,0x69,0x6e,0x63,0x6c,0x75,0x64,0x65,
  0x20,0x73,0x6f,0x6d,0x65,0x20,0x62,0x69,0x6f,0x6d,0x65,0x73,0x20,0x66,0x6f,0x72,
  0x20,0x74,0x68,0x65,0x20,0x72,0x65,0x71,0x75,0x69,0x72,0x65,0x64,0x20,0x70,0x72,
  0x6f,0x70,0x6f,0x72,0x74,0x69,0x6f,0x6e,0x2e,0x7,0x0,0x0,0x0,0xf,0x43,0x6f,
  0x6e,0x64,0x69,0x74,0x69,0x6f,0x6e,0x44,0x69,0x61,0x6c,0x6f,0x67,0x1,0x3,0x0,
  0x0,0x0,0x32,0x0,0x55,0x0,0x6e,0x0,0x67,0x0,0x65,0x0,0x73,0x0,0x70,0x0,
  0x65,0x0,0x69,0x0,0x63,0x0,0x68,0x0,0x65,0x0,0x72,0x0,0x74,0x0,0x65,0x0,
  0x20,0x0,0xc4,0x0,0x6e,0x0,0x64,0x0,0x65,0x0,0x72,0x0,0x75,0x0,0x6e,0x0,
  0x67,0x0,0x65,0x0,0x6e,0x8,0x0,0x0,0x0,0x0,0x6,0x0,0x0,0x0,0xf,0x55,
  0x6e,0x73,0x61,0x76,0x65,0x64,0x20,0x63,0x68,0x61,0x6e,0x67,0x65,0x73,0x7,0x0,
  0x0,0x0,0xf,0x43,0x6f,0x6e,0x64,0x69,0x74,0x69,0x6f,0x6e,0x44,0x69,0x61,0x6c,
  0x6f,0x67,0x1,0x3,0x0,0x0,0x0,0x3a,0x0,0x4f,0x0,0x62,0x0,0x65,0x0,0x72,
  0x0,0x65,0x0,0x20,0x0,0x47,0x0,0x72,0x0,0x65,0x0,0x6e,0x0,0x7a,0x0,0x65,
  0x0,0x20,0x0,0x28,0x0,0x65,0x0,0x69,0x0,0x6e,0x0,0x73,0x0,0x63,0x0,0x68,
  0x0,0x6c,0x0,0x69,0x0,0x65,0x0,0xdf,0x0,0x6c,0x0,0x69,0x0,0x63,0x0,0x68,
  0x0,0x29,0x8,0x0,0x0,0x0,0x0,0x6,0x0,0x0,0x0,0x17,0x55,0x70,0x70,0x65,
  0x72,0x20,0x62,0x6f,0x75,0x6e,0x64,0x20,0x28,0x69,0x6e,0x63,0x6c,0x75,0x73,0x69,
  0x76,0x65,0x29,0x7,0x0,0x0,0x0,0xf,0x43,0x6f,0x6e,0x64,0x69,0x74,0x69,0x6f,
  0x6e,0x44,0x69,0x61,0x6c,0x6f,0x67,0x1,0x3,0xff,0xff,0xff,0xff,0x8,0x0,0x0,
  0x0,0x0,0x6,0x0,0x0,0x0,0x21,0x56,0x69,0x6c,0x6c,0x61,0x67,0x65,0x20,0x61,
  0x6c,0x6f,0x6e,0x67,0x20,0x74,0x68,0x65,0x20,0x77,0x61,0x79,0x20,0x66,0x72,0x6f,
  0x6d,0x20,0x41,0x20,0x74,0x6f,0x20,0x42,0x7,0x0,0x0,0x0,0xf,0x43,0x6f,0x6e,
  0x64,0x69,0x74,0x69,0x6f,0x6e,0x44,0x69,0x61,0x6c,0x6f,0x67,0x1,0x3,0x0,0x0,
  0x0,0x1a,0x0,0x44,0x0,0x6f,0x0,0x72,0x0,0x66,0x0,0x76,0x0,0x61,0x0,0x72,
  0x0,0x69,0x0,0x61,0x0,0x6e,0x0,0x74,0x0,0x65,0x0,0x6e,0x8,0x0,0x0,0x0,
  0x0,0x6,0x0,0x0,0x0,0x10,0x56,0x69,0x6c,0x6c,0x61,0x67,0x65,0x20,0x76,0x61,
  0x72,0x69,0x61,0x6e,0x74,0x73,0x7,0x0,0x0,0x0,0xf,0x43,0x6f,0x6e,0x64,0x69,
  0x74,0x69,0x6f,0x6e,0x44,0x69,0x61,0x6c,0x6f,0x67,0x1,0x3,0x0,0x0,0x0,0x8,
  0x0,0x57,0x0,0x61,0x0,0x72,0x0,0x6d,0x8,0x0,0x0,0x0,0x0,0x6,0x0,0x0,
  0x0,0x4,0x57,0x61,0x72,0x6d,0x7,0x0,0x0,0x0,0xf,0x43,0x6f,0x6e,0x64,0x69,
  0x74,0x69,0x6f,0x6e,0x44,0x69,0x61,0x6c,0x6f,0x67,0x1,0x3,0x0,0x0,0x0,0x18,
  0x0,0x56,0x0,0x65,0x0,0x72,0x0,0x72,0x0,0xfc,0x0,0x63,0x0,0x6b,0x0,0x74,
  0x0,0x68,0x0,0x65,0x0,0x69,0x0,0x74,0x8,0x0,0x0,0x0,0x0,0x6,0x0,0x0,
  0x0,0x9,0x57,0x65,0x69,0x72,0x64,0x6e,0x65,0x73,0x73,0x7,0x0,0x0,0x0,0xf,
  0x43,0x6f,0x6e,0x64,0x69,0x74,0x69,0x6f,0x6e,0x44,0x69,0x61,0x6c,0x6f,0x67,0x1,
  0x3,0x0,0x0,0x0,0x7a,0x0,0x4d,0x0,0x69,0x0,0x74,0x0,0x20,0x0,0x32,0x0,
  0x78,0x0,0x32,0x0,0x20,0x0,0x41,0x0,0x6e,0x0,0x6f,0x0,0x72,0x0,0x64,0x0,
  0x75,0x0,0x6e,0x0,0x67,0x0,0x20,0x0,0x76,0x0,0x6f,0x0,0x6e,0x0,0x20,0x0,
  0x53,0x0,0x74,0x0,0x61,0x0,0x72,0x0,0x74,0x0,0x2d,0x0,0x20,0x0,0x6f,0x0,
  0x64,0x0,0x65,0x0,0x72,0x0,0x20,0x0,0x42,0x0,0x72,0x0,0xfc,0x0,0x63,0x0,
  0x6b,0x0,0x65,0x0,0x6e,0x0,0x6b,0x0,0x72,0x0,0x65,0x0,0x75,0x0,0x7a,0x0,
  0x75,0x0,0x6e,0x0,0x67,0x0,0x73,0x0,0x6b,0x0,0x6f,0x0,0x6e,0x0,0x73,0x0,
  0x74,0x0,0x72,0x0,0x75,0x0,0x6b,0x0,0x74,0x0,0x69,0x0,0x6f,0x0,0x6e,0x8,
  0x0,0x0,0x0,0x0,0x6,0x0,0x0,0x0,0x37,0x57,0x69,0x74,0x68,0x20,0x32,0x78,
  0x32,0x20,0x61,0x72,0x72,0x61,0x6e,0x67,0x65,0x6d,0x65,0x6e,0x74,0x20,0x6f,0x66,
  0x20,0x62,0x72,0x69,0x64,0x67,0x65,0x20,0x63,0x72,0x6f,0x73,0x73,0x69,0x6e,0x67,
  0x73,0x20,0x6f,0x72,0x20,0x73,0x74,0x61,0x72,0x74,0x20,0x70,0x69,0x65,0x63,0x65,
  0x7,0x0,0x0,0x0,0xf,0x43,0x6f,0x6e,0x64,0x69,0x74,0x69,0x6f,0x6e,0x44,0x69,
  0x61,0x6c,0x6f,0x67,0x1,0x3,0x0,0x0,0x0,0x30,0x0,0x51,0x0,0x75,0x0,0x61,
  0x0,0x64,0x0,0x72,0x0,0x61,0x0,0x74,0x0,0x20,0x0,0x6d,0x0,0x69,0x0,0x74,
  0x0,0x20,0x0,0x53,0x0,0x65,0x0,0x69,0x0,0x74,0x0,0x65,0x0,0x6e,0x0,0x6c,
  0x0,0xe4,0x0,0x6e,0x0,0x67,0x0,0x65,0x0,0x3a,0x8,0x0,0x0,0x0,0x0,0x6,
  0x0,0x0,0x0,0x1e,0x57,0x69,0x74,0x68,0x69,0x6e,0x20,0x63,0x65,0x6e,0x74,0x72,
  0x65,0x64,0x20,0x73,0x71,0x75,0x61,0x72,0x65,0x20,0x6f,0x66,0x20,0x73,0x69,0x64,
  0x65,0x3a,0x7,0x0,0x0,0x0,0xf,0x43,0x6f,0x6e,0x64,0x69,0x74,0x69,0x6f,0x6e,
  0x44,0x69,0x61,0x6c,0x6f,0x67,0x1,0x3,0x0,0x0,0x0,0x36,0x0,0x49,0x0,0x6e,
  0x0,0x6e,0x0,0x65,0x0,0x72,0x0,0x68,0x0,0x61,0x0,0x6c,0x0,0x62,0x0,0x20,
  0x0,0x72,0x0,0x61,0x0,0x64,0x0,0x69,0x0,0x61,0x0,0x6c,0x0,0x65,0x0,0x72,
  0x0,0x20,0x0,0x44,0x0,0x69,0x0,0x73,0x0,0x74,0x0,0x61,0x0,0x6e,0x0,0x7a,
  0x0,0x3a,0x8,0x0,0x0,0x0,0x0,0x6,0x0,0x0,0x0,0x17,0x57,0x69,0x74,0x68,
  0x69,0x6e,0x20,0x72,0x61,0x64,0x69,0x61,0x6c,0x20,0x64,0x69,0x73,0x74,0x61,0x6e,
  0x63,0x65,0x3a,0x7,0x0,0x0,0x0,0xf,0x43,0x6f,0x6e,0x64,0x69,0x74,0x69,0x6f,
  0x6e,0x44,0x69,0x61,0x6c,0x6f,0x67,0x1,0x3,0x0,0x0,0x0,0x1c,0x0,0x55,0x0,
  0x72,0x0,0x73,0x0,0x70,0x0,0x72,0x0,0x75,0x0,0x6e,0x0,0x67,0x0,0x20,0x0,
  0x28,0x0,0x30,0x0,0x2c,0x0,0x30,0x0,0x29,0x8,0x0,0x0,0x0,0x0,0x6,0x0,
  0x0,0x0,0xc,0x57,0x6f,0x72,0x6c,0x64,0x20,0x6f,0x72,0x69,0x67,0x69,0x6e,0x7,
  0x0,0x0,0x0,0xf,0x43,0x6f,0x6e,0x64,0x69,0x74,0x69,0x6f,0x6e,0x44,0x69,0x61,
  0x6c,0x6f,0x67,0x1,0x3,0xff,0xff,0xff,0xff,0x8,0x0,0x0,0x0,0x0,0x6,0x0,
  0x0,0x0,0xe,0x58,0x3c,0x73,0x75,0x62,0x3e,0x31,0x3c,0x2f,0x73,0x75,0x62,0x3e,
  0x3a,0x7,0x0,0x0,0x0,0xf,0x43,0x6f,0x6e,0x64,0x69,0x74,0x69,0x6f,0x6e,0x44,
  0x69,0x61,0x6c,0x6f,0x67,0x1,0x3,0xff,0xff,0xff,0xff,0x8,0x0,0x0,0x0,0x0,
  0x6,0x0,0x0,0x0,0xe,0x58,0x3c,0x73,0x75,0x62,0x3e,0x32,0x3c,0x2f,0x73,0x75,
  0x62,0x3e,0x3a,0x7,0x0,0x0,0x0,0xf,0x43,0x6f,0x6e,0x64,0x69,0x74,0x69,0x6f,
  0x6e,0x44,0x69,0x61,0x6c,0x6f,0x67,0x1,0x3,0x0,0x0,0x0,0x4,0x0,0x59,0x0,
  0x3a,0x8,0x0,0x0,0x0,0x0,0x6,0x0,0x0,0x0,0x2,0x59,0x3a,0x7,0x0,0x0,
  0x0,0xf,0x43,0x6f,0x6e,0x64,0x69,0x74,0x69,0x6f,0x6e,0x44,0x69,0x61,0x6c,0x6f,
  0x67,0x1,0x3,0x0,0x0,0x0,0x2c,0x0,0x45,0x0,0x69,0x0,0x6e,0x0,0x7a,0x0,
  0x65,0x0,0x6c,0x0,0x6e,0x0,0x65,0x0,0x20,0x0,0x4f,0x0,0x72,0x0,0x74,0x0,
  0x65,0x0,0x20,0x0,0x61,0x0,0x75,0x0,0x66,0x0,0x6c,0x0,0xf6,0x0,0x73,0x0,
  0x65,0x0,0x6e,0x8,0x0,0x0,0x0,0x0,0x6,0x0,0x0,0x0,0x18,0x59,0x69,0x65,
  0x6c,0x64,0x20,0x69,0x6e,0x64,0x69,0x76,0x69,0x64,0x75,0x61,0x6c,0x20,0x73,0x61,
  0x6d,0x70,0x6c,0x65,0x73,0x7,0x0,0x0,0x0,0xf,0x43,0x6f,0x6e,0x64,0x69,0x74,
  0x69,0x6f,0x6e,0x44,0x69,0x61,0x6c,0x6f,0x67,0x1,0x3,0x0,0x0,0x0,0x38,0x0,
  0x4b,0x0,0x6f,0x0,0x6f,0x0,0x72,0x0,0x64,0x0,0x69,0x0,0x6e,0x0,0x61,0x0,
  0x74,0x0,0x65,0x0,0x6e,0x0,0x20,0x0,0x7a,0x0,0x75,0x0,0x72,0x0,0xfc,0x0,
  0x63,0x0,0x6b,0x0,0x67,0x0,0x65,0x0,0x62,0x0,0x65,0x0,0x6e,0x0,0x20,0x0,
  0x76,0x0,0x6f,0x0,0x6d,0x0,0x3a,0x8,0x0,0x0,0x0,0x0,0x6,0x0,0x0,0x0,
  0x12,0x59,0x69,0x65,0x6c,0x64,0x20,0x70,0x6f,0x73,0x69,0x74,0x69,0x6f,0x6e,0x20,
  0x6f,0x66,0x3a,0x7,0x0,0x0,0x0,0xf,0x43,0x6f,0x6e,0x64,0x69,0x74,0x69,0x6f,
  0x6e,0x44,0x69,0x61,0x6c,0x6f,0x67,0x1,0x3,0xff,0xff,0xff,0xff,0x8,0x0,0x0,
  0x0,0x0,0x6,0x0,0x0,0x0,0xe,0x5a,0x3c,0x73,0x75,0x62,0x3e,0x31,0x3c,0x2f,
  0x73,0x75,0x62,0x3e,0x3a,0x7,0x0,0x0,0x0,0xf,0x43,0x6f,0x6e,0x64,0x69,0x74,
  0x69,0x6f,0x6e,0x44,0x69,0x61,0x6c,0x6f,0x67,0x1,0x3,0xff,0xff,0xff,0xff,0x8,
  0x0,0x0,0x0,0x0,0x6,0x0,0x0,0x0,0xe,0x5a,0x3c,0x73,0x75,0x62,0x3e,0x32,
  0x3c,0x2f,0x73,0x75,0x62,0x3e,0x3a,0x7,0x0,0x0,0x0,0xf,0x43,0x6f,0x6e,0x64,
  0x69,0x74,0x69,0x6f,0x6e,0x44,0x69,0x61,0x6c,0x6f,0x67,0x1,0x3,0x0,0x0,0x0,
  0x2e,0x0,0x5b,0x0,0x53,0x0,0x6b,0x0,0x72,0x0,0x69,0x0,0x70,0x0,0x74,0x0,
  0x20,0x0,0x6e,0x0,0x69,0x0,0x63,0x0,0x68,0x0,0x74,0x0,0x20,0x0,0x67,0x0,
  0x65,0x0,0x66,0x0,0x75,0x0,0x6e,0x0,0x64,0x0,0x65,0x0,0x6e,0x0,0x5d,0x8,
  0x0,0x0,0x0,0x0,0x6,0x0,0x0,0x0,0x12,0x5b,0x73,0x63,0x72,0x69,0x70,0x74,
  0x20,0x6e,0x6f,0x74,0x20,0x66,0x6f,0x75,0x6e,0x64,0x5d,0x7,0x0,0x0,0x0,0xf,
  0x43,0x6f,0x6e,0x64,0x69,0x74,0x69,0x6f,0x6e,0x44,0x69,0x61,0x6c,0x6f,0x67,0x1,
  0x3,0x0,0x0,0x0,0x20,0x0,0x41,0x0,0x6c,0x0,0x6c,0x0,0x65,0x0,0x20,0x0,
  0x45,0x0,0x78,0x0,0x6b,0x0,0x6c,0x0,0x75,0x0,0x64,0x0,0x69,0x0,0x65,0x0,
  0x72,0x0,0x65,0x0,0x6e,0x8,0x0,0x0,0x0,0x0,0x6,0x0,0x0,0x0,0xb,0x65,
  0x78,0x63,0x6c,0x75,0x64,0x65,0x20,0x61,0x6c,0x6c,0x7,0x0,0x0,0x0,0xf,0x43,
  0x6f,0x6e,0x64,0x69,0x74,0x69,0x6f,0x6e,0x44,0x69,0x61,0x6c,0x6f,0x67,0x1,0x3,
  0x0,0x0,0x0,0x20,0x0,0x41,0x0,0x6c,0x0,0x6c,0x0,0x65,0x0,0x20,0x0,0x49,
  0x0,0x6e,0x0,0x6b,0x0,0x6c,0x0,0x75,0x0,0x64,0x0,0x69,0x0,0x65,0x0,0x72,
  0x0,0x65,0x0,0x6e,0x8,0x0,0x0,0x0,0x0,0x6,0x0,0x0,0x0,0xb,0x69,0x6e,
  0x63,0x6c,0x75,0x64,0x65,0x20,0x61,0x6c,0x6c,0x7,0x0,0x0,0x0,0xf,0x43,0x6f,
  0x6e,0x64,0x69,0x74,0x69,0x6f,0x6e,0x44,0x69,0x61,0x6c,0x6f,0x67,0x1,0x3,0x0,
  0x0,0x0,0x1a,0x0,0x41,0x0,0x6c,0x0,0x6c,0x0,0x65,0x0,0x20,0x0,0x61,0x0,
  0x62,0x0,0x77,0x0,0xe4,0x0,0x68,0x0,0x6c,0x0,0x65,0x0,0x6e,0x8,0x0,0x0,
  0x0,0x0,0x6,0x0,0x0,0x0,0xb,0x75,0x6e,0x63,0x68,0x65,0x63,0x6b,0x20,0x61,
  0x6c,0x6c,0x7,0x0,0x0,0x0,0xf,0x43,0x6f,0x6e,0x64,0x69,0x74,0x69,0x6f,0x6e,
  0x44,0x69,0x61,0x6c,0x6f,0x67,0x1,0x3,0xff,0xff,0xff,0xff,0x8,0x0,0x0,0x0,
  0x0,0x6,0x0,0x0,0x0,0x3,0x20,0x4d,0x42,0x7,0x0,0x0,0x0,0xc,0x43,0x6f,
  0x6e,0x66,0x69,0x67,0x44,0x69,0x61,0x6c,0x6f,0x67,0x1,0x3,0xff,0xff,0xff,0xff,
  0x8,0x0,0x0,0x0,0x0,0x6,0x0,0x0,0x0,0x4,0x20,0x6d,0x69,0x6e,0x7,0x0,
  0x0,0x0,0xc,0x43,0x6f,0x6e,0x66,0x69,0x67,0x44,0x69,0x61,0x6c,0x6f,0x67,0x1,
  0x3,0xff,0xff,0xff,0xff,0x8,0x0,0x0,0x0,0x0,0x6,0x0,0x0,0x0,0x2,0x31,
  0x30,0x7,0x0,0x0,0x0,0xc,0x43,0x6f,0x6e,0x66,0x69,0x67,0x44,0x69,0x61,0x6c,
  0x6f,0x67,0x1,0x3,0xff,0xff,0xff,0xff,0x8,0x0,0x0,0x0,0x0,0x6,0x0,0x0,
  0x0,0x1,0x32,0x7,0x0,0x0,0x0,0xc,0x43,0x6f,0x6e,0x66,0x69,0x67,0x44,0x69,
  0x61,0x6c,0x6f,0x67,0x1,0x3,0xff,0xff,0xff,0xff,0x8,0x0,0x0,0x0,0x0,0x6,
  0x0,0x0,0x0,0x1,0x34,0x7,0x0,0x0,0x0,0xc,0x43,0x6f,0x6e,0x66,0x69,0x67,
  0x44,0x69,0x61,0x6c,0x6f,0x67,0x1,0x3,0xff,0xff,0xff,0xff,0x8,0x0,0x0,0x0,
  0x0,0x6,0x0,0x0,0x0,0x1,0x35,0x7,0x0,0x0,0x0,0xc,0x43,0x6f,0x6e,0x66,
  0x69,0x67,0x44,0x69,0x61,0x6c,0x6f,0x67,0x1,0x3,0x0,0x0,0x0,0x96,0x0,0x3c,
  0x0,0x68,0x0,0x74,0x0,0x6d,0x0,0x6c,0x0,0x3e,0x0,0x3c,0x0,0x68,0x0,0x65,
  0x0,0x61,0x0,0x64,0x0,0x2f,0x0,0x3e,0x0,0x3c,0x0,0x62,0x0,0x6f,0x0,0x64,
  0x0,0x79,0x0,0x3e,0x0,0x3c,0x0,0x70,0x0,0x3e,0x0,0x4d,0x0,0x61,0x0,0x73,
  0x0,0x73,0x0,0x65,0x0,0x6e,0x0,0x74,0x0,0x72,0x0,0xe4,0x0,0x67,0x0,0x6b,
  0x0,0x65,0x0,0x69,0x0,0x74,0x0,0x20,0x0,0x64,0x0,0x65,0x0,0x72,0x0,0x20,
  0x0,0x4b,0x0,0x61,0x0,0x72,0x0,0x74,0x0,0x65,0x0,0x20,0x0,0x73,0x0,0x69,
  0x0,0x6d,0x0,0x75,0x0,0x6c,0x0,0x69,0x0,0x65,0x0,0x72,0x0,0x65,0x0,0x6e,
  0x0,0x3c,0x0,0x2f,0x0,0x70,0x0,0x3e,0x0,0x3c,0x0,0x2f,0x0,0x62,0x0,0x6f,
  0x0,0x64,0x0,0x79,0x0,0x3e,0x0,0x3c,0x0,0x2f,0x0,0x68,0x0,0x74,0x0,0x6d,
  0x0,0x6c,0x0,0x3e,0x8,0x0,0x0,0x0,0x0,0x6,0x0,0x0,0x0,0x49,0x3c,0x68,
  0x74,0x6d,0x6c,0x3e,0x3c,0x68,0x65,0x61,0x64,0x2f,0x3e,0x3c,0x62,0x6f,0x64,0x79,
  0x3e,0x3c,0x70,0x3e,0x53,0x69,0x6d,0x75,0x6c,0x61,0x74,0x65,0x20,0x69,0x6e,0x65,
  0x72,0x74,0x69,0x61,0x20,0x66,0x6f,0x72,0x20,0x74,0x68,0x65,0x20,0x6d,0x61,0x70,
  0x20,0x76,0x69,0x65,0x77,0x3c,0x2f,0x70,0x3e,0x3c,0x2f,0x62,0x6f,0x64,0x79,0x3e,
  0x3c,0x2f,0x68,0x74,0x6d,0x6c,0x3e,0x7,0x0,0x0,0x0,0xc,0x43,0x6f,0x6e,0x66,
  0x69,0x67,0x44,0x69,0x61,0x6c,0x6f,0x67,0x1,0x3,0x0,0x0,0x0,0x1e,0x0,0x41,
  0x0,0x6e,0x0,0x77,0x0,0x65,0x0,0x6e,0x0,0x64,0x0,0x75,0x0,0x6e,0x0,0x67,
  0x0,0x73,0x0,0x66,0x0,0x6f,0x0,0x6e,0x0,0x74,0x0,0x3a,0x8,0x0,0x0,0x0,
  0x0,0x6,0x0,0x0,0x0,0x11,0x41,0x70,0x70,0x6c,0x69,0x63,0x61,0x74,0x69,0x6f,
  0x6e,0x20,0x66,0x6f,0x6e,0x74,0x3a,0x7,0x0,0x0,0x0,0xc,0x43,0x6f,0x6e,0x66,
  0x69,0x67,0x44,0x69,0x61,0x6c,0x6f,0x67,0x1,0x3,0x0,0x0,0x0,0x1c,0x0,0x41,
  0x0,0x75,0x0,0x74,0x0,0x6f,0x0,0x73,0x0,0x61,0x0,0x76,0x0,0x65,0x0,0x20,
  0x0,0x6a,0x0,0x65,0x0,0x64,0x0,0x65,0x0,0x3a,0x8,0x0,0x0,0x0,0x0,0x6,
  0x0,0x0,0x0,0xf,0x41,0x75,0x74,0x6f,0x73,0x61,0x76,0x65,0x20,0x65,0x76,0x65,
  0x72,0x79,0x3a,0x7,0x0,0x0,0x0,0xc,0x43,0x6f,0x6e,0x66,0x69,0x67,0x44,0x69,
  0x61,0x6c,0x6f,0x67,0x1,0x3,0x0,0x0,0x0,0x2a,0x0,0x43,0x0,0x53,0x0,0x56,
  0x0,0x20,0x0,0x5a,0x0,0x65,0x0,0x6c,0x0,0x6c,0x0,0x65,0x0,0x6e,0x0,0x20,
  0x0,0x71,0x0,0x75,0x0,0x6f,0x0,0x74,0x0,0x69,0x0,0x65,0x0,0x72,0x0,0x65,
  0x0,0x6e,0x0,0x3a,0x8,0x0,0x0,0x0,0x0,0x6,0x0,0x0,0x0,0x13,0x43,0x53,
  0x56,0x20,0x63,0x65,0x6c,0x6c,0x20,0x71,0x75,0x6f,0x74,0x61,0x74,0x69,0x6f,0x6e,
  0x3a,0x7,0x0,0x0,0x0,0xc,0x43,0x6f,0x6e,0x66,0x69,0x67,0x44,0x69,0x61,0x6c,
  0x6f,0x67,0x1,0x3,0x0,0x0,0x0,0x28,0x0,0x43,0x0,0x53,0x0,0x56,0x0,0x20,
  0x0,0x53,0x0,0x70,0x0,0x61,0x0,0x6c,0x0,0x74,0x0,0x65,0x0,0x6e,0x0,0x74,
  0x0,0x72,0x0,0x65,0x0,0x6e,0x0,0x6e,0x0,0x75,0x0,0x6e,0x0,0x67,0x0,0x3a,
  0x8,0x0,0x0,0x0,0x0,0x6,0x0,0x0,0x0,0x15,0x43,0x53,0x56,0x20,0x63,0x6f,
  0x6c,0x75,0x6d,0x6e,0x20,0x73,0x65,0x70,0x61,0x72,0x61,0x74,0x6f,0x72,0x3a,0x7,
  0x0,0x0,0x0,0xc,0x43,0x6f,0x6e,0x66,0x69,0x67,0x44,0x69,0x61,0x6c,0x6f,0x67,
  0x1,0x3,0x0,0x0,0x0,0x48,0x0,0x50,0x0,0x72,0x0,0xfc,0x0,0x66,0x0,0x65,
  0x0,0x20,0x0,0x47,0x0,0x69,0x0,0x74,0x0,0x48,0x0,0x75,0x0,0x62,0x0,0x20,
  0x0,0x62,0x0,0x65,0x0,0x69,0x0,0x6d,0x0,0x20,0x0,0x53,0x0,0x74,0x0,0x61,
  0x0,0x72,0x0,0x74,0x0,0x20,0x0,0x6e,0x0,0x61,0x0,0x63,0x0,0x68,0x0,0x20,
  0x0,0x55,0x0,0x70,0x0,0x64,0x0,0x61,0x0,0x74,0x0,0x65,0x0,0x73,0x8,0x0,
  0x0,0x0,0x0,0x6,0x0,0x0,0x0,0x23,0x43,0x68,0x65,0x63,0x6b,0x20,0x47,0x69,
  0x74,0x48,0x75,0x62,0x20,0x66,0x6f,0x72,0x20,0x75,0x70,0x64,0x61,0x74,0x65,0x73,
  0x20,0x61,0x74,0x20,0x73,0x74,0x61,0x72,0x74,0x75,0x70,0x7,0x0,0x0,0x0,0xc,
  0x43,0x6f,0x6e,0x66,0x69,0x67,0x44,0x69,0x61,0x6c,0x6f,0x67,0x1,0x3,0x0,0x0,
  0x0,0x32,0x0,0x52,0x0,0x61,0x0,0x73,0x0,0x74,0x0,0x65,0x0,0x72,0x0,0x20,
  0x0,0x53,0x0,0x6b,0x0,0x61,0x0,0x6c,0x0,0x69,0x0,0x65,0x0,0x72,0x0,0x75,
  0x0,0x6e,0x0,0x67,0x0,0x73,0x0,0x66,0x0,0x61,0x0,0x6b,0x0,0x74,0x0,0x6f,
  0x0,0x72,0x0,0x3a,0x8,0x0,0x0,0x0,0x0,0x6,0x0,0x0,0x0,0x17,0x43,0x75,
  0x73,0x74,0x6f,0x6d,0x20,0x67,0x72,0x69,0x64,0x20,0x6d,0x75,0x6c,0x74,0x69,0x70,
  0x6c,0x69,0x65,0x72,0x3a,0x7,0x0,0x0,0x0,0xc,0x43,0x6f,0x6e,0x66,0x69,0x67,
  0x44,0x69,0x61,0x6c,0x6f,0x67,0x1,0x3,0x0,0x0,0x0,0x1c,0x0,0x52,0x0,0x61,
  0x0,0x73,0x0,0x74,0x0,0x65,0x0,0x72,0x0,0x61,0x0,0x62,0x0,0x73,0x0,0x74,
  0x0,0x61,0x0,0x6e,0x0,0x64,0x0,0x3a,0x8,0x0,0x0,0x0,0x0,0x6,0x0,0x0,
  0x0,0x14,0x43,0x75,0x73,0x74,0x6f,0x6d,0x20,0x67,0x72,0x69,0x64,0x20,0x73,0x70,
  0x61,0x63,0x69,0x6e,0x67,0x3a,0x7,0x0,0x0,0x0,0xc,0x43,0x6f,0x6e,0x66,0x69,
  0x67,0x44,0x69,0x61,0x6c,0x6f,0x67,0x1,0x3,0x0,0x0,0x0,0xc,0x0,0x44,0x0,
  0x75,0x0,0x6e,0x0,0x6b,0x0,0x65,0x0,0x6c,0x8,0x0,0x0,0x0,0x0,0x6,0x0,
  0x0,0x0,0x4,0x44,0x61,0x72,0x6b,0x7,0x0,0x0,0x0,0xc,0x43,0x6f,0x6e,0x66,
  0x69,0x67,0x44,0x69,0x61,0x6c,0x6f,0x67,0x1,0x3,0x0,0x0,0x0,0x28,0x0,0x41,
  0x0,0x6e,0x0,0x66,0x0,0xfc,0x0,0x72,0x0,0x75,0x0,0x6e,0x0,0x67,0x0,0x73,
  0x0,0x7a,0x0,0x65,0x0,0x69,0x0,0x63,0x0,0x68,0x0,0x65,0x0,0x6e,0x0,0x20,
  0x0,0x28,0x0,0x22,0x0,0x29,0x8,0x0,0x0,0x0,0x0,0x6,0x0,0x0,0x0,0x11,
  0x44,0x6f,0x75,0x62,0x6c,0x65,0x20,0x71,0x75,0x6f,0x74,0x65,0x73,0x20,0x28,0x22,
  0x29,0x7,0x0,0x0,0x0,0xc,0x43,0x6f,0x6e,0x66,0x69,0x67,0x44,0x69,0x61,0x6c,
  0x6f,0x67,0x1,0x3,0x0,0x0,0x0,0xc,0x0,0x45,0x0,0x78,0x0,0x70,0x0,0x6f,
  0x0,0x72,0x0,0x74,0x8,0x0,0x0,0x0,0x0,0x6,0x0,0x0,0x0,0x6,0x45,0x78,
  0x70,0x6f,0x72,0x74,0x7,0x0,0x0,0x0,0xc,0x43,0x6f,0x6e,0x66,0x69,0x67,0x44,
  0x69,0x61,0x6c,0x6f,0x67,0x1,0x3,0x0,0x0,0x0,0x14,0x0,0x47,0x0,0x55,0x0,
  0x49,0x0,0x20,0x0,0x53,0x0,0x74,0x0,0x79,0x0,0x6c,0x0,0x65,0x0,0x3a,0x8,
  0x0,0x0,0x0,0x0,0x6,0x0,0x0,0x0,0xa,0x47,0x55,0x49,0x20,0x73,0x74,0x79,
  0x6c,0x65,0x3a,0x7,0x0,0x0,0x0,0xc,0x43,0x6f,0x6e,0x66,0x69,0x67,0x44,0x69,
  0x61,0x6c,0x6f,0x67,0x1,0x3,0x0,0x0,0x0,0x22,0x0,0x53,0x0,0x79,0x0,0x6d,
  0x0,0x62,0x0,0x6f,0x0,0x6c,0x0,0x73,0x0,0x6b,0x0,0x61,0x0,0x6c,0x0,0x69,
  0x0,0x65,0x0,0x72,0x0,0x75,0x0,0x6e,0x0,0x67,0x0,0x3a,0x8,0x0,0x0,0x0,
  0x0,0x6,0x0,0x0,0x0,0xb,0x49,0x63,0x6f,0x6e,0x20,0x73,0x63,0x61,0x6c,0x65,
  0x3a,0x7,0x0,0x0,0x0,0xc,0x43,0x6f,0x6e,0x66,0x69,0x67,0x44,0x69,0x61,0x6c,
  0x6f,0x67,0x1,0x3,0x0,0x0,0x0,0x14,0x0,0x4f,0x0,0x62,0x0,0x65,0x0,0x72,
  0x0,0x66,0x0,0x6c,0x0,0xe4,0x0,0x63,0x0,0x68,0x0,0x65,0x8,0x0,0x0,0x0,
  0x0,0x6,0x0,0x0,0x0,0x9,0x49,0x6e,0x74,0x65,0x72,0x66,0x61,0x63,0x65,0x7,
  0x0,0x0,0x0,0xc,0x43,0x6f,0x6e,0x66,0x69,0x67,0x44,0x69,0x61,0x6c,0x6f,0x67,
  0x1,0x3,0x0,0x0,0x0,0x10,0x0,0x53,0x0,0x70,0x0,0x72,0x0,0x61,0x0,0x63,
  0x0,0x68,0x0,0x65,0x0,0x3a,0x8,0x0,0x0,0x0,0x0,0x6,0x0,0x0,0x0,0x9,
  0x4c,0x61,0x6e,0x67,0x75,0x61,0x67,0x65,0x3a,0x7,0x0,0x0,0x0,0xc,0x43,0x6f,
  0x6e,0x66,0x69,0x67,0x44,0x69,0x61,0x6c,0x6f,0x67,0x1,0x3,0x0,0x0,0x0,0xa,
  0x0,0x4b,0x0,0x61,0x0,0x72,0x0,0x74,0x0,0x65,0x8,0x0,0x0,0x0,0x0,0x6,
  0x0,0x0,0x0,0x8,0x4d,0x61,0x70,0x20,0x56,0x69,0x65,0x77,0x7,0x0,0x0,0x0,
  0xc,0x43,0x6f,0x6e,0x66,0x69,0x67,0x44,0x69,0x61,0x6c,0x6f,0x67,0x1,0x3,0x0,
  0x0,0x0,0x20,0x0,0x43,0x0,0x61,0x0,0x63,0x0,0x68,0x0,0x65,0x0,0x20,0x0,
  0x66,0x0,0xfc,0x0,0x72,0x0,0x20,0x0,0x4b,0x0,0x61,0x0,0x72,0x0,0x74,0x0,
  0x65,0x0,0x3a,0x8,0x0,0x0,0x0,0x0,0x6,0x0,0x0,0x0,0xf,0x4d,0x61,0x70,
  0x20,0x63,0x61,0x63,0x68,0x65,0x20,0x73,0x69,0x7a,0x65,0x3a,0x7,0x0,0x0,0x0,
  0xc,0x43,0x6f,0x6e,0x66,0x69,0x67,0x44,0x69,0x61,0x6c,0x6f,0x67,0x1,0x3,0x0,
  0x0,0x0,0x46,0x0,0x4d,0x0,0x61,0x0,0x78,0x0,0x69,0x0,0x6d,0x0,0x61,0x0,
  0x6c,0x0,0x65,0x0,0x20,0x0,0x41,0x0,0x6e,0x0,0x7a,0x0,0x61,0x0,0x68,0x0,
  0x6c,0x0,0x20,0x0,0x76,0x0,0x6f,0x0,0x6e,0x0,0x20,0x0,0x45,0x0,0x72,0x0,
  0x67,0x0,0x65,0x0,0x62,0x0,0x6e,0x0,0x69,0x0,0x73,0x0,0x20,0x0,0x53,0x0,
  0x65,0x0,0x65,0x0,0x64,0x0,0x73,0x0,0x3a,0x8,0x0,0x0,0x0,0x0,0x6,0x0,
  0x0,0x0,0x21,0x4d,0x61,0x78,0x69,0x6d,0x75,0x6d,0x20,0x6e,0x75,0x6d,0x62,0x65,
  0x72,0x20,0x6f,0x66,0x20,0x6d,0x61,0x74,0x63,0x68,0x69,0x6e,0x67,0x20,0x73,0x65,
  0x65,0x64,0x73,0x3a,0x7,0x0,0x0,0x0,0xc,0x43,0x6f,0x6e,0x66,0x69,0x67,0x44,
  0x69,0x61,0x6c,0x6f,0x67,0x1,0x3,0x0,0x0,0x0,0xe,0x0,0x41,0x0,0x6e,0x0,
  0x64,0x0,0x65,0x0,0x72,0x0,0x65,0x0,0x73,0x8,0x0,0x0,0x0,0x0,0x6,0x0,
  0x0,0x0,0xd,0x4d,0x69,0x73,0x63,0x65,0x6c,0x6c,0x61,0x6e,0x65,0x6f,0x75,0x73,
  0x7,0x0,0x0,0x0,0xc,0x43,0x6f,0x6e,0x66,0x69,0x67,0x44,0x69,0x61,0x6c,0x6f,
  0x67,0x1,0x3,0x0,0x0,0x0,0x1c,0x0,0x4d,0x0,0x6f,0x0,0x6e,0x0,0x6f,0x0,
  0x73,0x0,0x70,0x0,0x61,0x0,0x63,0x0,0x65,0x0,0x66,0x0,0x6f,0x0,0x6e,0x0,
  0x74,0x0,0x3a,0x8,0x0,0x0,0x0,0x0,0x6,0x0,0x0,0x0,0xf,0x4d,0x6f,0x6e,
  0x6f,0x73,0x70,0x61,0x63,0x65,0x20,0x66,0x6f,0x6e,0x74,0x3a,0x7,0x0,0x0,0x0,
  0xc,0x43,0x6f,0x6e,0x66,0x69,0x67,0x44,0x69,0x61,0x6c,0x6f,0x67,0x1,0x3,0x0,
  0x0,0x0,0xa,0x0,0x4b,0x0,0x65,0x0,0x69,0x0,0x6e,0x0,0x65,0x8,0x0,0x0,
  0x0,0x0,0x6,0x0,0x0,0x0,0x4,0x4e,0x6f,0x6e,0x65,0x7,0x0,0x0,0x0,0xc,
  0x43,0x6f,0x6e,0x66,0x69,0x67,0x44,0x69,0x61,0x6c,0x6f,0x67,0x1,0x3,0x0,0x0,
  0x0,0x40,0x0,0x42,0x0,0x65,0x0,0x6b,0x0,0x61,0x0,0x6e,0x0,0x6e,0x0,0x74,
  0x0,0x65,0x0,0x20,0x0,0x42,0x0,0x6f,0x0,0x75,0x0,0x6e,0x0,0x64,0x0,0x69,
  0x0,0x6e,0x0,0x67,0x0,0x20,0x0,0x42,0x0,0x6f,0x0,0x78,0x0,0x65,0x0,0x73,
  0x0,0x20,0x0,0x7a,0x0,0x65,0x0,0x69,0x0,0x63,0x0,0x68,0x0,0x6e,0x0,0x65,
  0x0,0x6e,0x8,0x0,0x0,0x0,0x0,0x6,0x0,0x0,0x0,0x1c,0x4f,0x75,0x74,0x6c,
  0x69,0x6e,0x65,0x20,0x6b,0x6e,0x6f,0x77,0x6e,0x20,0x62,0x6f,0x75,0x6e,0x64,0x69,
  0x6e,0x67,0x20,0x62,0x6f,0x78,0x65,0x73,0x7,0x0,0x0,0x0,0xc,0x43,0x6f,0x6e,
  0x66,0x69,0x67,0x44,0x69,0x61,0x6c,0x6f,0x67,0x1,0x3,0x0,0x0,0x0,0x1a,0x0,
  0x45,0x0,0x69,0x0,0x6e,0x0,0x73,0x0,0x74,0x0,0x65,0x0,0x6c,0x0,0x6c,0x0,
  0x75,0x0,0x6e,0x0,0x67,0x0,0x65,0x0,0x6e,0x8,0x0,0x0,0x0,0x0,0x6,0x0,
  0x0,0x0,0xb,0x50,0x72,0x65,0x66,0x65,0x72,0x65,0x6e,0x63,0x65,0x73,0x7,0x0,
  0x0,0x0,0xc,0x43,0x6f,0x6e,0x66,0x69,0x67,0x44,0x69,0x61,0x6c,0x6f,0x67,0x1,
  0x3,0x0,0x0,0x0,0x5a,0x0,0x56,0x0,0x6f,0x0,0x72,0x0,0x68,0x0,0x65,0x0,
  0x72,0x0,0x69,0x0,0x67,0x0,0x65,0x0,0x20,0x0,0x53,0x0,0x69,0x0,0x74,0x0,
  0x7a,0x0,0x75,0x0,0x6e,0x0,0x67,0x0,0x20,0x0,0x62,0x0,0x65,0x0,0x69,0x0,
  0x6d,0x0,0x20,0x0,0x53,0x0,0x74,0x0,0x61,0x0,0x72,0x0,0x74,0x0,0x20,0x0,
  0x77,0x0,0x69,0x0,0x65,0x0,0x64,0x0,0x65,0x0,0x72,0x0,0x68,0x0,0x65,0x0,
  0x72,0x0,0x73,0x0,0x74,0x0,0x65,0x0,0x6c,0x0,0x6c,0x0,0x65,0x0,0x6e,0x8,
  0x0,0x0,0x0,0x0,0x6,0x0,0x0,0x0,0x22,0x52,0x65,0x73,0x74,0x6f,0x72,0x65,
  0x20,0x70,0x72,0x65,0x76,0x69,0x6f,0x75,0x73,0x20,0x73,0x65,0x73,0x73,0x69,0x6f,
  0x6e,0x20,0x61,0x74,0x20,0x6c,0x61,0x75,0x6e,0x63,0x68,0x7,0x0,0x0,0x0,0xc,
  0x43,0x6f,0x6e,0x66,0x69,0x67,0x44,0x69,0x61,0x6c,0x6f,0x67,0x1,0x3,0x0,0x0,
  0x0,0x40,0x0,0x46,0x0,0x65,0x0,0x6e,0x0,0x73,0x0,0x74,0x0,0x65,0x0,0x72,
  0x0,0x70,0x0,0x6f,0x0,0x73,0x0,0x69,0x0,0x74,0x0,0x69,0x0,0x6f,0x0,0x6e,
  0x0,0x20,0x0,0x77,0x0,0x69,0x0,0x65,0x0,0x64,0x0,0x65,0x0,0x72,0x0,0x68,
  0x0,0x65,0x0,0x72,0x0,0x73,0x0,0x74,0x0,0x65,0x0,0x6c,0x0,0x6c,0x0,0x65,
  0x0,0x6e,0x8,0x0,0x0,0x0,0x0,0x6,0x0,0x0,0x0,0x17,0x52,0x65,0x73,0x74,
  0x6f,0x72,0x65,0x20,0x77,0x69,0x6e,0x64,0x6f,0x77,0x20,0x70,0x6f,0x73,0x69,0x74,
  0x69,0x6f,0x6e,0x7,0x0,0x0,0x0,0xc,0x43,0x6f,0x6e,0x66,0x69,0x67,0x44,0x69,
  0x61,0x6c,0x6f,0x67,0x1,0x3,0x0,0x0,0x0,0xa,0x0,0x53,0x0,0x75,0x0,0x63,
  0x0,0x68,0x0,0x65,0x8,0x0,0x0,0x0,0x0,0x6,0x0,0x0,0x0,0x6,0x53,0x65,
  0x61,0x72,0x63,0x68,0x7,0x0,0x0,0x0,0xc,0x43,0x6f,0x6e,0x66,0x69,0x67,0x44,
  0x69,0x61,0x6c,0x6f,0x67,0x1,0x3,0x0,0x0,0x0,0xe,0x0,0x53,0x0,0x69,0x0,
  0x74,0x0,0x7a,0x0,0x75,0x0,0x6e,0x0,0x67,0x8,0x0,0x0,0x0,0x0,0x6,0x0,
  0x0,0x0,0x7,0x53,0x65,0x73,0x73,0x69,0x6f,0x6e,0x7,0x0,0x0,0x0,0xc,0x43,
  0x6f,0x6e,0x66,0x69,0x67,0x44,0x69,0x61,0x6c,0x6f,0x67,0x1,0x3,0x0,0x0,0x0,
  0x3c,0x0,0x45,0x0,0x69,0x0,0x6e,0x0,0x66,0x0,0x61,0x0,0x63,0x0,0x68,0x0,
  0x65,0x0,0x20,0x0,0x41,0x0,0x6e,0x0,0x66,0x0,0xfc,0x0,0x68,0x0,0x72,0x0,
  0x75,0x0,0x6e,0x0,0x67,0x0,0x73,0x0,0x7a,0x0,0x65,0x0,0x69,0x0,0x63,0x0,
  0x68,0x0,0x65,0x0,0x6e,0x0,0x20,0x0,0x28,0x0,0x27,0x0,0x29,0x8,0x0,0x0,
  0x0,0x0,0x6,0x0,0x0,0x0,0x11,0x53,0x69,0x6e,0x67,0x6c,0x65,0x20,0x71,0x75,
  0x6f,0x74,0x65,0x73,0x20,0x28,0x27,0x29,0x7,0x0,0x0,0x0,0xc,0x43,0x6f,0x6e,
  0x66,0x69,0x67,0x44,0x69,0x61,0x6c,0x6f,0x67,0x1,0x3,0x0,0x0,0x0,0x36,0x0,
  0x47,0x0,0x6c,0x0,0x65,0x0,0x69,0x0,0x63,0x0,0x68,0x0,0x6d,0x0,0xe4,0x0,
  0xdf,0x0,0x69,0x0,0x67,0x0,0x65,0x0,0x20,0x0,0x4b,0x0,0x61,0x0,0x72,0x0,
  0x74,0x0,0x65,0x0,0x6e,0x0,0x62,0x0,0x65,0x0,0x77,0x0,0x65,0x0,0x67,0x0,
  0x75,0x0,0x6e,0x0,0x67,0x8,0x0,0x0,0x0,0x0,0x6,0x0,0x0,0x0,0x11,0x53,
  0x6d,0x6f,0x6f,0x74,0x68,0x20,0x6d,0x61,0x70,0x20,0x6d,0x6f,0x74,0x69,0x6f,0x6e,
  0x7,0x0,0x0,0x0,0xc,0x43,0x6f,0x6e,0x66,0x69,0x67,0x44,0x69,0x61,0x6c,0x6f,
  0x67,0x1,0x3,0x0,0x0,0x0,0xc,0x0,0x53,0x0,0x79,0x0,0x73,0x0,0x74,0x0,
  0x65,0x0,0x6d,0x8,0x0,0x0,0x0,0x0,0x6,0x0,0x0,0x0,0x6,0x53,0x79,0x73,
  0x74,0x65,0x6d,0x7,0x0,0x0,0x0,0xc,0x43,0x6f,0x6e,0x66,0x69,0x67,0x44,0x69,
  0x61,0x6c,0x6f,0x67,0x1,0x3,0x0,0x0,0x0,0x2c,0x0,0x54,0x0,0x68,0x0,0x72,
  0x0,0x65,0x0,0x61,0x0,0x64,0x0,0x73,0x0,0x20,0x0,0x66,0x0,0xfc,0x0,0x72,
  0x0,0x20,0x0,0x64,0x0,0x69,0x0,0x65,0x0,0x20,0x0,0x4b,0x0,0x61,0x0,0x72,
  0x0,0x74,0x0,0x65,0x0,0x3a,0x8,0x0,0x0,0x0,0x0,0x6,0x0,0x0,0x0,0x10,
  0x54,0x68,0x72,0x65,0x61,0x64,0x73,0x20,0x66,0x6f,0x72,0x20,0x6d,0x61,0x70,0x3a,
  0x7,0x0,0x0,0x0,0xc,0x43,0x6f,0x6e,0x66,0x69,0x67,0x44,0x69,0x61,0x6c,0x6f,
  0x67,0x1,0x3,0x0,0x0,0x0,0xf4,0x0,0x4d,0x0,0x61,0x0,0x6e,0x0,0x75,0x0,
  0x65,0x0,0x6c,0x0,0x6c,0x0,0x65,0x0,0x72,0x0,0x20,0x0,0x52,0x0,0x61,0x0,
  0x73,0x0,0x74,0x0,0x65,0x0,0x72,0x0,0x61,0x0,0x62,0x0,0x73,0x0,0x74,0x0,
  0x61,0x0,0x6e,0x0,0x64,0x0,0x2c,0x0,0x20,0x0,0x61,0x0,0x6e,0x0,0x73,0x0,
  0x6f,0x0,0x6e,0x0,0x73,0x0,0x74,0x0,0x65,0x0,0x6e,0x0,0x20,0x0,0x77,0x0,
  0x69,0x0,0x72,0x0,0x64,0x0,0x20,0x0,0x65,0x0,0x69,0x0,0x6e,0x0,0x20,0x0,
  0x55,0x0,0x6d,0x0,0x72,0x0,0x69,0x0,0x73,0x0,0x73,0x0,0x20,0x0,0x75,0x0,
  0x6d,0x0,0x20,0x0,0x6a,0x0,0x65,0x0,0x64,0x0,0x65,0x0,0x73,0x0,0x20,0x0,
  0x4b,0x0,0x61,0x0,0x72,0x0,0x74,0x0,0x65,0x0,0x6e,0x0,0x73,0x0,0x65,0x0,
  0x67,0x0,0x6d,0x0,0x65,0x0,0x6e,0x0,0x74,0x0,0x20,0x0,0x67,0x0,0x65,0x0,
  0x7a,0x0,0x65,0x0,0x69,0x0,0x63,0x0,0x68,0x0,0x6e,0x0,0x65,0x0,0x74,0x0,
  0xa,0x0,0x6c,0x0,0x65,0x0,0x65,0x0,0x72,0x0,0x20,0x0,0x6c,0x0,0x61,0x0,
  0x73,0x0,0x73,0x0,0x65,0x0,0x6e,0x0,0x20,0x0,0x66,0x0,0xfc,0x0,0x72,0x0,
  0x20,0x0,0x64,0x0,0x61,0x0,0x73,0x0,0x20,0x0,0x53,0x0,0x74,0x0,0x61,0x0,
  0x6e,0x0,0x64,0x0,0x61,0x0,0x72,0x0,0x64,0x0,0x76,0x0,0x65,0x0,0x72,0x0,
  0x68,0x0,0x61,0x0,0x6c,0x0,0x74,0x0,0x65,0x0,0x6e,0x8,0x0,0x0,0x0,0x0,
  0x6,0x0,0x0,0x0,0x6d,0x55,0x73,0x65,0x20,0x61,0x20,0x66,0x69,0x78,0x65,0x64,
  0x20,0x67,0x72,0x69,0x64,0x20,0x69,0x6e,0x20,0x62,0x6c,0x6f,0x63,0x6b,0x73,0x20,
  0x69,0x6e,0x73,0x74,0x65,0x61,0x64,0x20,0x6f,0x66,0x20,0x6f,0x75,0x74,0x6c,0x69,
  0x6e,0x69,0x6e,0x67,0x20,0x74,0x68,0x65,0x20,0x67,0x65,0x6e,0x65,0x72,0x61,0x74,
  0x65,0x64,0x20,0x6d,0x61,0x70,0x20,0x74,0x69,0x6c,0x65,0x73,0xa,0x4c,0x65,0x61,
  0x76,0x65,0x20,0x62,0x6c,0x61,0x6e,0x6b,0x20,0x66,0x6f,0x72,0x20,0x74,0x68,0x65,
  0x20,0x64,0x65,0x66,0x61,0x75,0x6c,0x74,0x20,0x62,0x65,0x68,0x61,0x76,0x69,0x6f,
  0x75,0x72,0x7,0x0,0x0,0x0,0xc,0x43,0x6f,0x6e,0x66,0x69,0x67,0x44,0x69,0x61,
  0x6c,0x6f,0x67,0x1,0x3,0x0,0x0,0x0,0x1c,0x0,0x57,0x0,0x65,0x0,0x6e,0x0,
  0x6e,0x0,0x20,0x0,0x6e,0x0,0x6f,0x0,0x74,0x0,0x77,0x0,0x65,0x0,0x6e,0x0,
  0x64,0x0,0x69,0x0,0x67,0x8,0x0,0x0,0x0,0x0,0x6,0x0,0x0,0x0,0xf,0x57,
  0x68,0x65,0x72,0x65,0x20,0x6e,0x65,0x63,0x65,0x73,0x73,0x61,0x72,0x79,0x7,0x0,
  0x0,0x0,0xc,0x43,0x6f,0x6e,0x66,0x69,0x67,0x44,0x69,0x61,0x6c,0x6f,0x67,0x1,
  0x3,0xff,0xff,0xff,0xff,0x8,0x0,0x0,0x0,0x0,0x6,0x0,0x0,0x0,0x5,0x25,
  0x31,0x78,0x25,0x32,0x7,0x0,0x0,0x0,0xc,0x45,0x78,0x70,0x6f,0x72,0x74,0x44,
  0x69,0x61,0x6c,0x6f,0x67,0x1,0x3,0x0,0x0,0x0,0x4c,0x0,0x25,0x0,0x53,0x0,
  0x20,0x0,0x2d,0x0,0x20,0x0,0x53,0x0,0x65,0x0,0x65,0x0,0x64,0x0,0x3b,0x0,
  0x20,0x0,0x25,0x0,0x78,0x0,0x2c,0x0,0x20,0x0,0x25,0x0,0x7a,0x0,0x20,0x0,
  0x2d,0x0,0x20,0x0,0x53,0x0,0x65,0x0,0x67,0x0,0x6d,0x0,0x65,0x0,0x6e,0x0,
  0x74,0x0,0x6b,0x0,0x6f,0x0,0x6f,0x0,0x72,0x0,0x64,0x0,0x69,0x0,0x6e,0x0,
  0x61,0x0,0x74,0x0,0x65,0x0,0x6e,0x8,0x0,0x0,0x0,0x0,0x6,0x0,0x0,0x0,
  0x24,0x25,0x53,0x20,0x2d,0x20,0x73,0x65,0x65,0x64,0x3b,0x20,0x25,0x78,0x2c,0x20,
  0x25,0x7a,0x20,0x2d,0x20,0x74,0x69,0x6c,0x65,0x20,0x63,0x6f,0x6f,0x72,0x64,0x69,
  0x6e,0x61,0x74,0x65,0x73,0x7,0x0,0x0,0x0,0xc,0x45,0x78,0x70,0x6f,0x72,0x74,
  0x44,0x69,0x61,0x6c,0x6f,0x67,0x1,0x3,0xff,0xff,0xff,0xff,0x8,0x0,0x0,0x0,
  0x0,0x6,0x0,0x0,0x0,0xc,0x25,0x53,0x5f,0x25,0x78,0x5f,0x25,0x7a,0x2e,0x70,
  0x6e,0x67,0x7,0x0,0x0,0x0,0xc,0x45,0x78,0x70,0x6f,0x72,0x74,0x44,0x69,0x61,
  0x6c,0x6f,0x67,0x1,0x3,0xff,0xff,0xff,0xff,0x8,0x0,0x0,0x0,0x0,0x6,0x0,
  0x0,0x0,0x3,0x2e,0x2e,0x2e,0x7,0x0,0x0,0x0,0xc,0x45,0x78,0x70,0x6f,0x72,
  0x74,0x44,0x69,0x61,0x6c,0x6f,0x67,0x1,0x3,0x0,0x0,0x0,0xa,0x0,0x2f,0x0,
  0x47,0x0,0x72,0x0,0x6f,0x0,0xdf,0x8,0x0,0x0,0x0,0x0,0x6,0x0,0x0,0x0,
  0x6,0x2f,0x6c,0x61,0x72,0x67,0x65,0x7,0x0,0x0,0x0,0xc,0x45,0x78,0x70,0x6f,
  0x72,0x74,0x44,0x69,0x61,0x6c,0x6f,0x67,0x1,0x3,0xff,0xff,0xff,0xff,0x8,0x0,
  0x0,0x0,0x0,0x6,0x0,0x0,0x0,0x1,0x30,0x7,0x0,0x0,0x0,0xc,0x45,0x78,
  0x70,0x6f,0x72,0x74,0x44,0x69,0x61,0x6c,0x6f,0x67,0x1,0x3,0xff,0xff,0xff,0xff,
  0x8,0x0,0x0,0x0,0x0,0x6,0x0,0x0,0x0,0x3,0x30,0x78,0x30,0x7,0x0,0x0,
  0x0,0xc,0x45,0x78,0x70,0x6f,0x72,0x74,0x44,0x69,0x61,0x6c,0x6f,0x67,0x1,0x3,
  0xff,0xff,0xff,0xff,0x8,0x0,0x0,0x0,0x0,0x6,0x0,0x0,0x0,0xd,0x31,0x2e,
  0x78,0x20,0x4f,0x76,0x65,0x72,0x77,0x6f,0x72,0x6c,0x64,0x7,0x0,0x0,0x0,0xc,
  0x45,0x78,0x70,0x6f,0x72,0x74,0x44,0x69,0x61,0x6c,0x6f,0x67,0x1,0x3,0xff,0xff,
  0xff,0xff,0x8,0x0,0x0,0x0,0x0,0x6,0x0,0x0,0x0,0x9,0x31,0x30,0x32,0x34,
  0x78,0x31,0x30,0x32,0x34,0x7,0x0,0x0,0x0,0xc,0x45,0x78,0x70,0x6f,0x72,0x74,
  0x44,0x69,0x61,0x6c,0x6f,0x67,0x1,0x3,0xff,0xff,0xff,0xff,0x8,0x0,0x0,0x0,
  0x0,0x6,0x0,0x0,0x0,0x7,0x31,0x32,0x38,0x78,0x31,0x32,0x38,0x7,0x0,0x0,
  0x0,0xc,0x45,0x78,0x70,0x6f,0x72,0x74,0x44,0x69,0x61,0x6c,0x6f,0x67,0x1,0x3,
  0xff,0xff,0xff,0xff,0x8,0x0,0x0,0x0,0x0,0x6,0x0,0x0,0x0,0x5,0x31,0x36,
  0x78,0x31,0x36,0x7,0x0,0x0,0x0,0xc,0x45,0x78,0x70,0x6f,0x72,0x74,0x44,0x69,
  0x61,0x6c,0x6f,0x67,0x1,0x3,0xff,0xff,0xff,0xff,0x8,0x0,0x0,0x0,0x0,0x6,
  0x0,0x0,0x0,0x3,0x31,0x3a,0x31,0x7,0x0,0x0,0x0,0xc,0x45,0x78,0x70,0x6f,
  0x72,0x74,0x44,0x69,0x61,0x6c,0x6f,0x67,0x1,0x3,0xff,0xff,0xff,0xff,0x8,0x0,
  0x0,0x0,0x0,0x6,0x0,0x0,0x0,0x4,0x31,0x3a,0x31,0x36,0x7,0x0,0x0,0x0,
  0xc,0x45,0x78,0x70,0x6f,0x72,0x74,0x44,0x69,0x61,0x6c,0x6f,0x67,0x1,0x3,0xff,
  0xff,0xff,0xff,0x8,0x0,0x0,0x0,0x0,0x6,0x0,0x0,0x0,0x5,0x31,0x3a,0x32,
  0x35,0x36,0x7,0x0,0x0,0x0,0xc,0x45,0x78,0x70,0x6f,0x72,0x74,0x44,0x69,0x61,
  0x6c,0x6f,0x67,0x1,0x3,0xff,0xff,0xff,0xff,0x8,0x0,0x0,0x0,0x0,0x6,0x0,
  0x0,0x0,0x3,0x31,0x3a,0x34,0x7,0x0,0x0,0x0,0xc,0x45,0x78,0x70,0x6f,0x72,
  0x74,0x44,0x69,0x61,0x6c,0x6f,0x67,0x1,0x3,0xff,0xff,0xff,0xff,0x8,0x0,0x0,
  0x0,0x0,0x6,0x0,0x0,0x0,0x4,0x31,0x3a,0x36,0x34,0x7,0x0,0x0,0x0,0xc,
  0x45,0x78,0x70,0x6f,0x72,0x74,0x44,0x69,0x61,0x6c,0x6f,0x67,0x1,0x3,0xff,0xff,
  0xff,0xff,0x8,0x0,0x0,0x0,0x0,0x6,0x0,0x0,0x0,0x9,0x32,0x30,0x34,0x38,
  0x78,0x32,0x30,0x34,0x38,0x7,0x0,0x0,0x0,0xc,0x45,0x78,0x70,0x6f,0x72,0x74,
  0x44,0x69,0x61,0x6c,0x6f,0x67,0x1,0x3,0xff,0xff,0xff,0xff,0x8,0x0,0x0,0x0,
  0x0,0x6,0x0,0x0,0x0,0x7,0x32,0x35,0x36,0x78,0x32,0x35,0x36,0x7,0x0,0x0,
  0x0,0xc,0x45,0x78,0x70,0x6f,0x72,0x74,0x44,0x69,0x61,0x6c,0x6f,0x67,0x1,0x3,
  0xff,0xff,0xff,0xff,0x8,0x0,0x0,0x0,0x0,0x6,0x0,0x0,0x0,0x5,0x33,0x32,
  0x78,0x33,0x32,0x7,0x0,0x0,0x0,0xc,0x45,0x78,0x70,0x6f,0x72,0x74,0x44,0x69,
  0x61,0x6c,0x6f,0x67,0x1,0x3,0xff,0xff,0xff,0xff,0x8,0x0,0x0,0x0,0x0,0x6,
  0x0,0x0,0x0,0x9,0x34,0x30,0x39,0x36,0x78,0x34,0x30,0x39,0x36,0x7,0x0,0x0,
  0x0,0xc,0x45,0x78,0x70,0x6f,0x72,0x74,0x44,0x69,0x61,0x6c,0x6f,0x67,0x1,0x3,
  0xff,0xff,0xff,0xff,0x8,0x0,0x0,0x0,0x0,0x6,0x0,0x0,0x0,0x7,0x35,0x31,
  0x32,0x78,0x35,0x31,0x32,0x7,0x0,0x0,0x0,0xc,0x45,0x78,0x70,0x6f,0x72,0x74,
  0x44,0x69,0x61,0x6c,0x6f,0x67,0x1,0x3,0xff,0xff,0xff,0xff,0x8,0x0,0x0,0x0,
  0x0,0x6,0x0,0x0,0x0,0x5,0x36,0x34,0x78,0x36,0x34,0x7,0x0,0x0,0x0,0xc,
  0x45,0x78,0x70,0x6f,0x72,0x74,0x44,0x69,0x61,0x6c,0x6f,0x67,0x1,0x3,0x0,0x0,
  0x0,0xe,0x0,0x41,0x0,0x62,0x0,0x62,0x0,0x72,0x0,0x75,0x0,0x63,0x0,0x68,
  0x8,0x0,0x0,0x0,0x0,0x6,0x0,0x0,0x0,0x5,0x41,0x62,0x6f,0x72,0x74,0x7,
  0x0,0x0,0x0,0xc,0x45,0x78,0x70,0x6f,0x72,0x74,0x44,0x69,0x61,0x6c,0x6f,0x67,
  0x1,0x3,0x0,0x0,0x0,0x54,0x0,0x42,0x0,0x65,0x0,0x72,0x0,0x65,0x0,0x69,
  0x0,0x63,0x0,0x68,0x0,0x20,0x0,0x69,0x0,0x6e,0x0,0x20,0x0,0x42,0x0,0x6c,
  0x0,0xf6,0x0,0x63,0x0,0x6b,0x0,0x65,0x0,0x6e,0x0,0x20,0x0,0x28,0x0,0x47,
  0x0,0x72,0x0,0x65,0x0,0x6e,0x0,0x7a,0x0,0x65,0x0,0x6e,0x0,0x20,0x0,0x65,
  0x0,0x69,0x0,0x6e,0x0,0x73,0x0,0x63,0x0,0x68,0x0,0x6c,0x0,0x6f,0x0,0x73,
  0x0,0x73,0x0,0x65,0x0,0x6e,0x0,0x29,0x0,0x3a,0x8,0x0,0x0,0x0,0x0,0x6,
  0x0,0x0,0x0,0x25,0x41,0x72,0x65,0x61,0x20,0x69,0x6e,0x20,0x62,0x6c,0x6f,0x63,
  0x6b,0x73,0x20,0x28,0x62,0x6f,0x75,0x6e,0x64,0x73,0x20,0x61,0x72,0x65,0x20,0x69,
  0x6e,0x63,0x6c,0x75,0x64,0x65,0x64,0x29,0x3a,0x7,0x0,0x0,0x0,0xc,0x45,0x78,
  0x70,0x6f,0x72,0x74,0x44,0x69,0x61,0x6c,0x6f,0x67,0x1,0x3,0x0,0x0,0x0,0x22,
  0x0,0x48,0x0,0x69,0x0,0x6e,0x0,0x74,0x0,0x65,0x0,0x72,0x0,0x67,0x0,0x72,
  0x0,0x75,0x0,0x6e,0x0,0x64,0x0,0x66,0x0,0x61,0x0,0x72,0x0,0x62,0x0,0x65,
  0x0,0x3a,0x8,0x0,0x0,0x0,0x0,0x6,0x0,0x0,0x0,0x11,0x42,0x61,0x63,0x6b,
  0x67,0x72,0x6f,0x75,0x6e,0x64,0x20,0x63,0x6f,0x6c,0x6f,0x72,0x3a,0x7,0x0,0x0,
  0x0,0xc,0x45,0x78,0x70,0x6f,0x72,0x74,0x44,0x69,0x61,0x6c,0x6f,0x67,0x1,0x3,
  0x0,0x0,0x0,0x1e,0x0,0x42,0x0,0x69,0x0,0x6f,0x0,0x6d,0x0,0x20,0x0,0x42,
  0x0,0x69,0x0,0x6c,0x0,0x64,0x0,0x65,0x0,0x78,0x0,0x70,0x0,0x6f,0x0,0x72,
  0x0,0x74,0x8,0x0,0x0,0x0,0x0,0x6,0x0,0x0,0x0,0x12,0x42,0x69,0x6f,0x6d,
  0x65,0x20,0x49,0x6d,0x61,0x67,0x65,0x20,0x45,0x78,0x70,0x6f,0x72,0x74,0x7,0x0,
  0x0,0x0,0xc,0x45,0x78,0x70,0x6f,0x72,0x74,0x44,0x69,0x61,0x6c,0x6f,0x67,0x1,
  0x3,0x0,0x0,0x0,0xe,0x0,0x53,0x0,0x63,0x0,0x68,0x0,0x77,0x0,0x61,0x0,
  0x72,0x0,0x7a,0x8,0x0,0x0,0x0,0x0,0x6,0x0,0x0,0x0,0x5,0x42,0x6c,0x61,
  0x63,0x6b,0x7,0x0,0x0,0x0,0xc,0x45,0x78,0x70,0x6f,0x72,0x74,0x44,0x69,0x61,
  0x6c,0x6f,0x67,0x1,0x3,0x0,0x0,0x0,0x84,0x0,0x45,0x0,0x73,0x0,0x20,0x0,
  0x77,0x0,0x69,0x0,0x72,0x0,0x64,0x0,0x20,0x0,0x76,0x0,0x6f,0x0,0x72,0x0,
  0x67,0x0,0x65,0x0,0x73,0x0,0x63,0x0,0x68,0x0,0x6c,0x0,0x61,0x0,0x67,0x0,
  0x65,0x0,0x6e,0x0,0x20,0x0,0x67,0x0,0x72,0x0,0x6f,0x0,0xdf,0x0,0x65,0x0,
  0x20,0x0,0x42,0x0,0x69,0x0,0x6c,0x0,0x64,0x0,0x65,0x0,0x72,0x0,0x20,0x0,
  0x69,0x0,0x6e,0x0,0x20,0x0,0x6b,0x0,0x6c,0x0,0x65,0x0,0x69,0x0,0x6e,0x0,
  0x65,0x0,0x72,0x0,0x65,0x0,0x20,0x0,0x53,0x0,0x65,0x0,0x67,0x0,0x6d,0x0,
  0x65,0x0,0x6e,0x0,0x74,0x0,0x65,0x0,0x20,0x0,0x7a,0x0,0x75,0x0,0x20,0x0,
  0x74,0x0,0x65,0x0,0x69,0x0,0x6c,0x0,0x65,0x0,0x6e,0x0,0x2e,0x8,0x0,0x0,
  0x0,0x0,0x6,0x0,0x0,0x0,0x38,0x43,0x6f,0x6e,0x73,0x69,0x64,0x65,0x72,0x20,
  0x74,0x69,0x6c,0x69,0x6e,0x67,0x20,0x76,0x65,0x72,0x79,0x20,0x6c,0x61,0x72,0x67,
  0x65,0x20,0x69,0x6d,0x61,0x67,0x65,0x73,0x20,0x69,0x6e,0x74,0x6f,0x20,0x73,0x6d,
  0x61,0x6c,0x6c,0x65,0x72,0x20,0x73,0x65,0x63,0x74,0x69,0x6f,0x6e,0x73,0x2e,0x7,
  0x0,0x0,0x0,0xc,0x45,0x78,0x70,0x6f,0x72,0x74,0x44,0x69,0x61,0x6c,0x6f,0x67,
  0x1,0x3,0x0,0x0,0x0,0x3a,0x0,0x46,0x0,0x6f,0x0,0x72,0x0,0x74,0x0,0x66,
  0x0,0x61,0x0,0x68,0x0,0x72,0x0,0x65,0x0,0x6e,0x0,0x20,0x0,0x75,0x0,0x6e,
  0x0,0x64,0x0,0x20,0x0,0xfc,0x0,0x62,0x0,0x65,0x0,0x72,0x0,0x73,0x0,0x63,
  0x0,0x68,0x0,0x72,0x0,0x65,0x0,0x69,0x0,0x62,0x0,0x65,0x0,0x6e,0x0,0x3f,
  0x8,0x0,0x0,0x0,0x0,0x6,0x0,0x0,0x0,0x17,0x43,0x6f,0x6e,0x74,0x69,0x6e,
  0x75,0x65,0x20,0x61,0x6e,0x64,0x20,0x6f,0x76,0x65,0x72,0x77,0x72,0x69,0x74,0x65,
  0x3f,0x7,0x0,0x0,0x0,0xc,0x45,0x78,0x70,0x6f,0x72,0x74,0x44,0x69,0x61,0x6c,
  0x6f,0x67,0x1,0x3,0x0,0x0,0x0,0x16,0x0,0x46,0x0,0x6f,0x0,0x72,0x0,0x74,
  0x0,0x66,0x0,0x61,0x0,0x68,0x0,0x72,0x0,0x65,0x0,0x6e,0x0,0x3f,0x8,0x0,
  0x0,0x0,0x0,0x6,0x0,0x0,0x0,0x9,0x43,0x6f,0x6e,0x74,0x69,0x6e,0x75,0x65,
  0x3f,0x7,0x0,0x0,0x0,0xc,0x45,0x78,0x70,0x6f,0x72,0x74,0x44,0x69,0x61,0x6c,
  0x6f,0x67,0x1,0x3,0x0,0x0,0x0,0x16,0x0,0x48,0x0,0xf6,0x0,0x68,0x0,0x65,
  0x0,0x6e,0x0,0x6c,0x0,0x69,0x0,0x6e,0x0,0x69,0x0,0x65,0x0,0x6e,0x8,0x0,
  0x0,0x0,0x0,0x6,0x0,0x0,0x0,0x8,0x43,0x6f,0x6e,0x74,0x6f,0x75,0x72,0x73,
  0x7,0x0,0x0,0x0,0xc,0x45,0x78,0x70,0x6f,0x72,0x74,0x44,0x69,0x61,0x6c,0x6f,
  0x67,0x1,0x3,0x0,0x0,0x0,0x1a,0x0,0x41,0x0,0x6b,0x0,0x74,0x0,0x75,0x0,
  0x65,0x0,0x6c,0x0,0x6c,0x0,0x65,0x0,0x20,0x0,0x53,0x0,0x65,0x0,0x65,0x0,
  0x64,0x8,0x0,0x0,0x0,0x0,0x6,0x0,0x0,0x0,0xc,0x43,0x75,0x72,0x72,0x65,
  0x6e,0x74,0x20,0x73,0x65,0x65,0x64,0x7,0x0,0x0,0x0,0xc,0x45,0x78,0x70,0x6f,
  0x72,0x74,0x44,0x69,0x61,0x6c,0x6f,0x67,0x1,0x3,0x0,0x0,0x0,0x16,0x0,0x45,
  0x0,0x78,0x0,0x70,0x0,0x6f,0x0,0x72,0x0,0x74,0x0,0x69,0x0,0x65,0x0,0x72,
  0x0,0x65,0x0,0x6e,0x8,0x0,0x0,0x0,0x0,0x6,0x0,0x0,0x0,0x6,0x45,0x78,
  0x70,0x6f,0x72,0x74,0x7,0x0,0x0,0x0,0xc,0x45,0x78,0x70,0x6f,0x72,0x74,0x44,
  0x69,0x61,0x6c,0x6f,0x67,0x1,0x3,0x0,0x0,0x0,0x24,0x0,0x45,0x0,0x78,0x0,
  0x70,0x0,0x6f,0x0,0x72,0x0,0x74,0x0,0x76,0x0,0x65,0x0,0x72,0x0,0x7a,0x0,
  0x65,0x0,0x69,0x0,0x63,0x0,0x68,0x0,0x6e,0x0,0x69,0x0,0x73,0x0,0x3a,0x8,
  0x0,0x0,0x0,0x0,0x6,0x0,0x0,0x0,0x11,0x45,0x78,0x70,0x6f,0x72,0x74,0x20,
  0x64,0x69,0x72,0x65,0x63,0x74,0x6f,0x72,0x79,0x3a,0x7,0x0,0x0,0x0,0xc,0x45,
  0x78,0x70,0x6f,0x72,0x74,0x44,0x69,0x61,0x6c,0x6f,0x67,0x1,0x3,0x0,0x0,0x0,
  0xb2,0x0,0x42,0x0,0x65,0x0,0x69,0x0,0x20,0x0,0x42,0x0,0x69,0x0,0x6c,0x0,
  0x64,0x0,0x73,0x0,0x65,0x0,0x67,0x0,0x6d,0x0,0x65,0x0,0x6e,0x0,0x74,0x0,
  0x65,0x0,0x6e,0x0,0x20,0x0,0x6d,0x0,0x75,0x0,0x73,0x0,0x73,0x0,0x20,0x0,
  0x64,0x0,0x61,0x0,0x73,0x0,0x20,0x0,0x44,0x0,0x61,0x0,0x74,0x0,0x65,0x0,
  0x69,0x0,0x6d,0x0,0x75,0x0,0x73,0x0,0x74,0x0,0x65,0x0,0x72,0x0,0x20,0x0,
  0x64,0x0,0x69,0x0,0x65,0x0,0x20,0x0,0x22,0x0,0x25,0x0,0x78,0x0,0x22,0x0,
  0x20,0x0,0x75,0x0,0x6e,0x0,0x64,0x0,0x20,0x0,0x22,0x0,0x25,0x0,0x7a,0x0,
  0x22,0x0,0x20,0x0,0x46,0x0,0x6f,0x0,0x72,0x0,0x6d,0x0,0x61,0x0,0x74,0x0,
  0x73,0x0,0x70,0x0,0x65,0x0,0x7a,0x0,0x69,0x0,0x66,0x0,0x69,0x0,0x7a,0x0,
  0x69,0x0,0x65,0x0,0x72,0x0,0x75,0x0,0x6e,0x0,0x67,0x0,0x65,0x0,0x6e,0x0,
  0x20,0x0,0x65,0x0,0x6e,0x0,0x74,0x0,0x61,0x0,0x6c,0x0,0x74,0x0,0x65,0x0,
  0x6e,0x0,0x2e,0x8,0x0,0x0,0x0,0x0,0x6,0x0,0x0,0x0,0x83,0x45,0x78,0x70,
  0x6f,0x72,0x74,0x69,0x6e,0x67,0x20,0x61,0x73,0x20,0x74,0x69,0x6c,0x65,0x64,0x20,
  0x69,0x6d,0x61,0x67,0x65,0x73,0x20,0x72,0x65,0x71,0x75,0x69,0x72,0x65,0x73,0x20,
  0x62,0x6f,0x74,0x68,0x20,0x74,0x68,0x65,0x20,0x22,0x25,0x78,0x22,0x20,0x61,0x6e,
  0x64,0x20,0x22,0x25,0x7a,0x22,0x20,0x66,0x6f,0x72,0x6d,0x61,0x74,0x20,0x73,0x70,
  0x65,0x63,0x69,0x66,0x69,0x65,0x72,0x73,0x20,0x69,0x6e,0x20,0x74,0x68,0x65,0x20,
  0x66,0x69,0x6c,0x65,0x20,0x70,0x61,0x74,0x74,0x65,0x72,0x6e,0x2c,0x20,0x72,0x65,
  0x70,0x72,0x65,0x73,0x65,0x6e,0x74,0x69,0x6e,0x67,0x20,0x74,0x68,0x65,0x20,0x74,
  0x69,0x6c,0x65,0x20,0x63,0x6f,0x6f,0x72,0x64,0x69,0x6e,0x61,0x74,0x65,0x73,0x2e,
  0x7,0x0,0x0,0x0,0xc,0x45,0x78,0x70,0x6f,0x72,0x74,0x44,0x69,0x61,0x6c,0x6f,
  0x67,0x1,0x3,0x0,0x0,0x0,0x3e,0x0,0x42,0x0,0x69,0x0,0x6f,0x0,0x6d,0x0,
  0x62,0x0,0x69,0x0,0x6c,0x0,0x64,0x0,0x65,0x0,0x72,0x0,0x20,0x0,0x77,0x0,
  0x65,0x0,0x72,0x0,0x64,0x0,0x65,0x0,0x6e,0x0,0x20,0x0,0x65,0x0,0x78,0x0,
  0x70,0x0,0x6f,0x0,0x72,0x0,0x74,0x0,0x69,0x0,0x65,0x0,0x72,0x0,0x74,0x0,
  0x2e,0x0,0x2e,0x0,0x2e,0x8,0x0,0x0,0x0,0x0,0x6,0x0,0x0,0x0,0x19,0x45,
  0x78,0x70,0x6f,0x72,0x74,0x69,0x6e,0x67,0x20,0x62,0x69,0x6f,0x6d,0x65,0x20,0x69,
  0x6d,0x61,0x67,0x65,0x73,0x2e,0x2e,0x2e,0x7,0x0,0x0,0x0,0xc,0x45,0x78,0x70,
  0x6f,0x72,0x74,0x44,0x69,0x61,0x6c,0x6f,0x67,0x1,0x3,0x0,0x0,0x0,0x18,0x0,
  0x44,0x0,0x61,0x0,0x74,0x0,0x65,0x0,0x69,0x0,0x6d,0x0,0x75,0x0,0x73,0x0,
  0x74,0x0,0x65,0x0,0x72,0x0,0x3a,0x8,0x0,0x0,0x0,0x0,0x6,0x0,0x0,0x0,
  0xd,0x46,0x69,0x6c,0x65,0x20,0x70,0x61,0x74,0x74,0x65,0x72,0x6e,0x3a,0x7,0x0,
  0x0,0x0,0xc,0x45,0x78,0x70,0x6f,0x72,0x74,0x44,0x69,0x61,0x6c,0x6f,0x67,0x1,
  0x3,0x0,0x0,0x0,0x48,0x0,0x42,0x0,0x65,0x0,0x72,0x0,0x65,0x0,0x69,0x0,
  0x63,0x0,0x68,0x0,0x20,0x0,0x61,0x0,0x75,0x0,0x66,0x0,0x20,0x0,0x76,0x0,
  0x6f,0x0,0x6c,0x0,0x6c,0x0,0x65,0x0,0x20,0x0,0x53,0x0,0x65,0x0,0x67,0x0,
  0x6d,0x0,0x65,0x0,0x6e,0x0,0x74,0x0,0x65,0x0,0x20,0x0,0x65,0x0,0x72,0x0,
  0x77,0x0,0x65,0x0,0x69,0x0,0x74,0x0,0x65,0x0,0x72,0x0,0x6e,0x8,0x0,0x0,
  0x0,0x0,0x6,0x0,0x0,0x0,0x21,0x46,0x69,0x6c,0x6c,0x20,0x62,0x61,0x63,0x6b,
  0x67,0x72,0x6f,0x75,0x6e,0x64,0x20,0x62,0x79,0x20,0x65,0x78,0x70,0x61,0x6e,0x64,
  0x69,0x6e,0x67,0x20,0x61,0x72,0x65,0x61,0x7,0x0,0x0,0x0,0xc,0x45,0x78,0x70,
  0x6f,0x72,0x74,0x44,0x69,0x61,0x6c,0x6f,0x67,0x1,0x3,0x0,0x0,0x0,0x34,0x0,
  0x41,0x0,0x75,0x0,0x73,0x0,0x20,0x0,0x64,0x0,0x65,0x0,0x72,0x0,0x20,0x0,
  0x45,0x0,0x72,0x0,0x67,0x0,0x65,0x0,0x62,0x0,0x6e,0x0,0x69,0x0,0x73,0x0,
  0x20,0x0,0x53,0x0,0x65,0x0,0x65,0x0,0x64,0x0,0x6c,0x0,0x69,0x0,0x73,0x0,
  0x74,0x0,0x65,0x8,0x0,0x0,0x0,0x0,0x6,0x0,0x0,0x0,0x18,0x46,0x72,0x6f,
  0x6d,0x20,0x6d,0x61,0x74,0x63,0x68,0x69,0x6e,0x67,0x20,0x73,0x65,0x65,0x64,0x73,
  0x20,0x6c,0x69,0x73,0x74,0x7,0x0,0x0,0x0,0xc,0x45,0x78,0x70,0x6f,0x72,0x74,
  0x44,0x69,0x61,0x6c,0x6f,0x67,0x1,0x3,0x0,0x0,0x0,0x24,0x0,0x53,0x0,0x69,
  0x0,0x63,0x0,0x68,0x0,0x74,0x0,0x62,0x0,0x61,0x0,0x72,0x0,0x65,0x0,0x72,
  0x0,0x20,0x0,0x42,0x0,0x65,0x0,0x72,0x0,0x65,0x0,0x69,0x0,0x63,0x0,0x68,
  0x8,0x0,0x0,0x0,0x0,0x6,0x0,0x0,0x0,0xc,0x46,0x72,0x6f,0x6d,0x20,0x76,
  0x69,0x73,0x69,0x62,0x6c,0x65,0x7,0x0,0x0,0x0,0xc,0x45,0x78,0x70,0x6f,0x72,
  0x74,0x44,0x69,0x61,0x6c,0x6f,0x67,0x1,0x3,0x0,0x0,0x0,0x14,0x0,0x47,0x0,
  0x72,0x0,0x61,0x0,0x75,0x0,0x73,0x0,0x74,0x0,0x75,0x0,0x66,0x0,0x65,0x0,
  0x6e,0x8,0x0,0x0,0x0,0x0,0x6,0x0,0x0,0x0,0x9,0x47,0x72,0x61,0x79,0x73,
  0x63,0x61,0x6c,0x65,0x7,0x0,0x0,0x0,0xc,0x45,0x78,0x70,0x6f,0x72,0x74,0x44,
  0x69,0x61,0x6c,0x6f,0x67,0x1,0x3,0x0,0x0,0x0,0x12,0x0,0x48,0x0,0xf6,0x0,
  0x68,0x0,0x65,0x0,0x20,0x0,0x28,0x0,0x59,0x0,0x29,0x0,0x3a,0x8,0x0,0x0,
  0x0,0x0,0x6,0x0,0x0,0x0,0xb,0x48,0x65,0x69,0x67,0x68,0x74,0x20,0x28,0x59,
  0x29,0x3a,0x7,0x0,0x0,0x0,0xc,0x45,0x78,0x70,0x6f,0x72,0x74,0x44,0x69,0x61,
  0x6c,0x6f,0x67,0x1,0x3,0x0,0x0,0x0,0x14,0x0,0x48,0x0,0x65,0x0,0x69,0x0,
  0x67,0x0,0x68,0x0,0x74,0x0,0x6d,0x0,0x61,0x0,0x70,0x0,0x3a,0x8,0x0,0x0,
  0x0,0x0,0x6,0x0,0x0,0x0,0xa,0x48,0x65,0x69,0x67,0x68,0x74,0x6d,0x61,0x70,
  0x3a,0x7,0x0,0x0,0x0,0xc,0x45,0x78,0x70,0x6f,0x72,0x74,0x44,0x69,0x61,0x6c,
  0x6f,0x67,0x1,0x3,0x0,0x0,0x0,0x26,0x0,0x55,0x0,0x6e,0x0,0x67,0x0,0xfc,
  0x0,0x6c,0x0,0x74,0x0,0x69,0x0,0x67,0x0,0x65,0x0,0x72,0x0,0x20,0x0,0x42,
  0x0,0x65,0x0,0x72,0x0,0x65,0x0,0x69,0x0,0x63,0x0,0x68,0x0,0x2e,0x8,0x0,
  0x0,0x0,0x0,0x6,0x0,0x0,0x0,0xd,0x49,0x6e,0x76,0x61,0x6c,0x69,0x64,0x20,
  0x61,0x72,0x65,0x61,0x2e,0x7,0x0,0x0,0x0,0xc,0x45,0x78,0x70,0x6f,0x72,0x74,
  0x44,0x69,0x61,0x6c,0x6f,0x67,0x1,0x3,0x0,0x0,0x0,0x3c,0x0,0x55,0x0,0x6e,
  0x0,0x74,0x0,0x65,0x0,0x72,0x0,0x65,0x0,0x20,0x0,0x47,0x0,0x72,0x0,0x65,
  0x0,0x6e,0x0,0x7a,0x0,0x65,0x0,0x20,0x0,0x28,0x0,0x65,0x0,0x69,0x0,0x6e,
  0x0,0x73,0x0,0x63,0x0,0x68,0x0,0x6c,0x0,0x69,0x0,0x65,0x0,0xdf,0x0,0x6c,
  0x0,0x69,0x0,0x63,0x0,0x68,0x0,0x29,0x8,0x0,0x0,0x0,0x0,0x6,0x0,0x0,
  0x0,0x17,0x4c,0x6f,0x77,0x65,0x72,0x20,0x62,0x6f,0x75,0x6e,0x64,0x20,0x28,0x69,
  0x6e,0x63,0x6c,0x75,0x73,0x69,0x76,0x65,0x29,0x7,0x0,0x0,0x0,0xc,0x45,0x78,
  0x70,0x6f,0x72,0x74,0x44,0x69,0x61,0x6c,0x6f,0x67,0x1,0x3,0x0,0x0,0x0,0xc,
  0x0,0x4e,0x0,0x65,0x0,0x74,0x0,0x68,0x0,0x65,0x0,0x72,0x8,0x0,0x0,0x0,
  0x0,0x6,0x0,0x0,0x0,0x6,0x4e,0x65,0x74,0x68,0x65,0x72,0x7,0x0,0x0,0x0,
  0xc,0x45,0x78,0x70,0x6f,0x72,0x74,0x44,0x69,0x61,0x6c,0x6f,0x67,0x1,0x3,0x0,
  0x0,0x0,0xa,0x0,0x4b,0x0,0x65,0x0,0x69,0x0,0x6e,0x0,0x65,0x8,0x0,0x0,
  0x0,0x0,0x6,0x0,0x0,0x0,0x4,0x4e,0x6f,0x6e,0x65,0x7,0x0,0x0,0x0,0xc,
  0x45,0x78,0x70,0x6f,0x72,0x74,0x44,0x69,0x61,0x6c,0x6f,0x67,0x1,0x3,0x0,0x0,
  0x0,0x24,0x0,0x41,0x0,0x6e,0x0,0x7a,0x0,0x61,0x0,0x68,0x0,0x6c,0x0,0x20,
  0x0,0x64,0x0,0x65,0x0,0x72,0x0,0x20,0x0,0x42,0x0,0x69,0x0,0x6c,0x0,0x64,
  0x0,0x65,0x0,0x72,0x0,0x3a,0x8,0x0,0x0,0x0,0x0,0x6,0x0,0x0,0x0,0x11,
  0x4e,0x75,0x6d,0x62,0x65,0x72,0x20,0x6f,0x66,0x20,0x69,0x6d,0x61,0x67,0x65,0x73,
  0x3a,0x7,0x0,0x0,0x0,0xc,0x45,0x78,0x70,0x6f,0x72,0x74,0x44,0x69,0x61,0x6c,
  0x6f,0x67,0x1,0x3,0x0,0x0,0x0,0x22,0x0,0x41,0x0,0x6e,0x0,0x7a,0x0,0x61,
  0x0,0x68,0x0,0x6c,0x0,0x20,0x0,0x64,0x0,0x65,0x0,0x72,0x0,0x20,0x0,0x53,
  0x0,0x65,0x0,0x65,0x0,0x64,0x0,0x73,0x0,0x3a,0x8,0x0,0x0,0x0,0x0,0x6,
  0x0,0x0,0x0,0x10,0x4e,0x75,0x6d,0x62,0x65,0x72,0x20,0x6f,0x66,0x20,0x73,0x65,
  0x65,0x64,0x73,0x3a,0x7,0x0,0x0,0x0,0xc,0x45,0x78,0x70,0x6f,0x72,0x74,0x44,
  0x69,0x61,0x6c,0x6f,0x67,0x1,0x3,0x0,0x0,0x0,0x58,0x0,0x45,0x0,0x69,0x0,
  0x6e,0x0,0x65,0x0,0x20,0x0,0x6f,0x0,0x64,0x0,0x65,0x0,0x72,0x0,0x20,0x0,
  0x6d,0x0,0x65,0x0,0x68,0x0,0x65,0x0,0x72,0x0,0x65,0x0,0x20,0x0,0x44,0x0,
  0x61,0x0,0x74,0x0,0x65,0x0,0x69,0x0,0x65,0x0,0x6e,0x0,0x20,0x0,0x65,0x0,
  0x78,0x0,0x69,0x0,0x73,0x0,0x74,0x0,0x69,0x0,0x65,0x0,0x72,0x0,0x65,0x0,
  0x6e,0x0,0x20,0x0,0x62,0x0,0x65,0x0,0x72,0x0,0x65,0x0,0x69,0x0,0x74,0x0,
  0x73,0x0,0x2e,0x8,0x0,0x0,0x0,0x0,0x6,0x0,0x0,0x0,0x23,0x4f,0x6e,0x65,
  0x20,0x6f,0x72,0x20,0x6d,0x6f,0x72,0x65,0x20,0x6f,0x66,0x20,0x66,0x69,0x6c,0x65,
  0x73,0x20,0x61,0x6c,0x72,0x65,0x61,0x64,0x79,0x20,0x65,0x78,0x69,0x73,0x74,0x2e,
  0x7,0x0,0x0,0x0,0xc,0x45,0x78,0x70,0x6f,0x72,0x74,0x44,0x69,0x61,0x6c,0x6f,
  0x67,0x1,0x3,0x0,0x0,0x0,0x12,0x0,0xdc,0x0,0x62,0x0,0x65,0x0,0x72,0x0,
  0x73,0x0,0x69,0x0,0x63,0x0,0x68,0x0,0x74,0x8,0x0,0x0,0x0,0x0,0x6,0x0,
  0x0,0x0,0x8,0x4f,0x76,0x65,0x72,0x76,0x69,0x65,0x77,0x7,0x0,0x0,0x0,0xc,
  0x45,0x78,0x70,0x6f,0x72,0x74,0x44,0x69,0x61,0x6c,0x6f,0x67,0x1,0x3,0x0,0x0,
  0x0,0x10,0x0,0x4f,0x0,0x62,0x0,0x65,0x0,0x72,0x0,0x77,0x0,0x65,0x0,0x6c,
  0x0,0x74,0x8,0x0,0x0,0x0,0x0,0x6,0x0,0x0,0x0,0x9,0x4f,0x76,0x65,0x72,
  0x77,0x6f,0x72,0x6c,0x64,0x7,0x0,0x0,0x0,0xc,0x45,0x78,0x70,0x6f,0x72,0x74,
  0x44,0x69,0x61,0x6c,0x6f,0x67,0x1,0x3,0x0,0x0,0x0,0x2e,0x0,0x4d,0x0,0x61,
  0x0,0xdf,0x0,0x73,0x0,0x74,0x0,0x61,0x0,0x62,0x0,0x20,0x0,0x28,0x0,0x50,
  0x0,0x69,0x0,0x78,0x0,0x65,0x0,0x6c,0x0,0x3a,0x0,0x42,0x0,0x6c,0x0,0xf6,
  0x0,0x63,0x0,0x6b,0x0,0x65,0x0,0x29,0x0,0x3a,0x8,0x0,0x0,0x0,0x0,0x6,
  0x0,0x0,0x0,0x15,0x53,0x63,0x61,0x6c,0x65,0x20,0x28,0x70,0x69,0x78,0x65,0x6c,
  0x3a,0x62,0x6c,0x6f,0x63,0x6b,0x73,0x29,0x3a,0x7,0x0,0x0,0x0,0xc,0x45,0x78,
  0x70,0x6f,0x72,0x74,0x44,0x69,0x61,0x6c,0x6f,0x67,0x1,0x3,0xff,0xff,0xff,0xff,
  0x8,0x0,0x0,0x0,0x0,0x6,0x0,0x0,0x0,0x8,0x53,0x65,0x65,0x64,0x28,0x73,
  0x29,0x3a,0x7,0x0,0x0,0x0,0xc,0x45,0x78,0x70,0x6f,0x72,0x74,0x44,0x69,0x61,
  0x6c,0x6f,0x67,0x1,0x3,0x0,0x0,0x0,0x22,0x0,0x45,0x0,0x78,0x0,0x70,0x0,
  0x6f,0x0,0x72,0x0,0x74,0x0,0x76,0x0,0x65,0x0,0x72,0x0,0x7a,0x0,0x65,0x0,
  0x69,0x0,0x63,0x0,0x68,0x0,0x6e,0x0,0x69,0x0,0x73,0x8,0x0,0x0,0x0,0x0,
  0x6,0x0,0x0,0x0,0x17,0x53,0x65,0x6c,0x65,0x63,0x74,0x20,0x45,0x78,0x70,0x6f,
  0x72,0x74,0x20,0x44,0x69,0x72,0x65,0x63,0x74,0x6f,0x72,0x79,0x7,0x0,0x0,0x0,
  0xc,0x45,0x78,0x70,0x6f,0x72,0x74,0x44,0x69,0x61,0x6c,0x6f,0x67,0x1,0x3,0x0,
  0x0,0x0,0x18,0x0,0x53,0x0,0x63,0x0,0x68,0x0,0x61,0x0,0x74,0x0,0x74,0x0,
  0x69,0x0,0x65,0x0,0x72,0x0,0x75,0x0,0x6e,0x0,0x67,0x8,0x0,0x0,0x0,0x0,
  0x6,0x0,0x0,0x0,0x7,0x53,0x68,0x61,0x64,0x69,0x6e,0x67,0x7,0x0,0x0,0x0,
  0xc,0x45,0x78,0x70,0x6f,0x72,0x74,0x44,0x69,0x61,0x6c,0x6f,0x67,0x1,0x3,0x0,
  0x0,0x0,0x36,0x0,0x53,0x0,0x68,0x0,0x61,0x0,0x74,0x0,0x74,0x0,0x69,0x0,
  0x65,0x0,0x72,0x0,0x75,0x0,0x6e,0x0,0x67,0x0,0x20,0x0,0x6d,0x0,0x69,0x0,
  0x74,0x0,0x20,0x0,0x48,0x0,0xf6,0x0,0x68,0x0,0x65,0x0,0x6e,0x0,0x6c,0x0,
  0x69,0x0,0x6e,0x0,0x69,0x0,0x65,0x0,0x6e,0x8,0x0,0x0,0x0,0x0,0x6,0x0,
  0x0,0x0,0x15,0x53,0x68,0x61,0x64,0x69,0x6e,0x67,0x20,0x77,0x69,0x74,0x68,0x20,
  0x63,0x6f,0x6e,0x74,0x6f,0x75,0x72,0x73,0x7,0x0,0x0,0x0,0xc,0x45,0x78,0x70,
  0x6f,0x72,0x74,0x44,0x69,0x61,0x6c,0x6f,0x67,0x1,0x3,0x0,0x0,0x0,0x26,0x0,
  0x47,0x0,0x72,0x0,0xf6,0x0,0xdf,0x0,0x65,0x0,0x20,0x0,0x6a,0x0,0x65,0x0,
  0x64,0x0,0x65,0x0,0x73,0x0,0x20,0x0,0x42,0x0,0x69,0x0,0x6c,0x0,0x64,0x0,
  0x65,0x0,0x73,0x0,0x3a,0x8,0x0,0x0,0x0,0x0,0x6,0x0,0x0,0x0,0x13,0x53,
  0x69,0x7a,0x65,0x20,0x6f,0x66,0x20,0x65,0x61,0x63,0x68,0x20,0x69,0x6d,0x61,0x67,
  0x65,0x3a,0x7,0x0,0x0,0x0,0xc,0x45,0x78,0x70,0x6f,0x72,0x74,0x44,0x69,0x61,
  0x6c,0x6f,0x67,0x1,0x3,0x0,0x0,0x0,0x2e,0x0,0x47,0x0,0x72,0x0,0xf6,0x0,
  0xdf,0x0,0x65,0x0,0x20,0x0,0x64,0x0,0x65,0x0,0x72,0x0,0x20,0x0,0x42,0x0,
  0x69,0x0,0x6c,0x0,0x64,0x0,0x73,0x0,0x65,0x0,0x67,0x0,0x6d,0x0,0x65,0x0,
  0x6e,0x0,0x74,0x0,0x65,0x0,0x3a,0x8,0x0,0x0,0x0,0x0,0x6,0x0,0x0,0x0,
  0x14,0x53,0x69,0x7a,0x65,0x20,0x6f,0x66,0x20,0x69,0x6d,0x61,0x67,0x65,0x20,0x74,
  0x69,0x6c,0x65,0x73,0x3a,0x7,0x0,0x0,0x0,0xc,0x45,0x78,0x70,0x6f,0x72,0x74,
  0x44,0x69,0x61,0x6c,0x6f,0x67,0x1,0x3,0x0,0x0,0x0,0x34,0x0,0x42,0x0,0x69,
  0x0,0x6c,0x0,0x64,0x0,0x20,0x0,0x69,0x0,0x6e,0x0,0x20,0x0,0x53,0x0,0x65,
  0x0,0x67,0x0,0x6d,0x0,0x65,0x0,0x6e,0x0,0x74,0x0,0x65,0x0,0x20,0x0,0x7a,
  0x0,0x65,0x0,0x72,0x0,0x74,0x0,0x65,0x0,0x69,0x0,0x6c,0x0,0x65,0x0,0x6e,
  0x8,0x0,0x0,0x0,0x0,0x6,0x0,0x0,0x0,0x16,0x53,0x70,0x6c,0x69,0x74,0x20,
  0x69,0x6d,0x61,0x67,0x65,0x20,0x69,0x6e,0x74,0x6f,0x20,0x74,0x69,0x6c,0x65,0x73,
  0x7,0x0,0x0,0x0,0xc,0x45,0x78,0x70,0x6f,0x72,0x74,0x44,0x69,0x61,0x6c,0x6f,
  0x67,0x1,0x3,0x0,0x0,0x0,0x10,0x0,0x44,0x0,0x61,0x0,0x73,0x0,0x20,0x0,
  0x45,0x0,0x6e,0x0,0x64,0x0,0x65,0x8,0x0,0x0,0x0,0x0,0x6,0x0,0x0,0x0,
  0x7,0x54,0x68,0x65,0x20,0x45,0x6e,0x64,0x7,0x0,0x0,0x0,0xc,0x45,0x78,0x70,
  0x6f,0x72,0x74,0x44,0x69,0x61,0x6c,0x6f,0x67,0x1,0x3,0x0,0x0,0x0,0x16,0x0,
  0x54,0x0,0x72,0x0,0x61,0x0,0x6e,0x0,0x73,0x0,0x70,0x0,0x61,0x0,0x72,0x0,
  0x65,0x0,0x6e,0x0,0x74,0x8,0x0,0x0,0x0,0x0,0x6,0x0,0x0,0x0,0xb,0x54,
  0x72,0x61,0x6e,0x73,0x70,0x61,0x72,0x65,0x6e,0x74,0x7,0x0,0x0,0x0,0xc,0x45,
  0x78,0x70,0x6f,0x72,0x74,0x44,0x69,0x61,0x6c,0x6f,0x67,0x1,0x3,0x0,0x0,0x0,
  0x3a,0x0,0x4f,0x0,0x62,0x0,0x65,0x0,0x72,0x0,0x65,0x0,0x20,0x0,0x47,0x0,
  0x72,0x0,0x65,0x0,0x6e,0x0,0x7a,0x0,0x65,0x0,0x20,0x0,0x28,0x0,0x65,0x0,
  0x69,0x0,0x6e,0x0,0x73,0x0,0x63,0x0,0x68,0x0,0x6c,0x0,0x69,0x0,0x65,0x0,
  0xdf,0x0,0x6c,0x0,0x69,0x0,0x63,0x0,0x68,0x0,0x29,0x8,0x0,0x0,0x0,0x0,
  0x6,0x0,0x0,0x0,0x17,0x55,0x70,0x70,0x65,0x72,0x20,0x62,0x6f,0x75,0x6e,0x64,
  0x20,0x28,0x69,0x6e,0x63,0x6c,0x75,0x73,0x69,0x76,0x65,0x29,0x7,0x0,0x0,0x0,
  0xc,0x45,0x78,0x70,0x6f,0x72,0x74,0x44,0x69,0x61,0x6c,0x6f,0x67,0x1,0x3,0x0,
  0x0,0x0,0xe,0x0,0x57,0x0,0x61,0x0,0x72,0x0,0x6e,0x0,0x75,0x0,0x6e,0x0,
  0x67,0x8,0x0,0x0,0x0,0x0,0x6,0x0,0x0,0x0,0x7,0x57,0x61,0x72,0x6e,0x69,
  0x6e,0x67,0x7,0x0,0x0,0x0,0xc,0x45,0x78,0x70,0x6f,0x72,0x74,0x44,0x69,0x61,
  0x6c,0x6f,0x67,0x1,0x3,0x0,0x0,0x0,0xa0,0x0,0x42,0x0,0x65,0x0,0x69,0x0,
  0x20,0x0,0x6d,0x0,0x65,0x0,0x68,0x0,0x72,0x0,0x65,0x0,0x72,0x0,0x65,0x0,
  0x6e,0x0,0x20,0x0,0x53,0x0,0x65,0x0,0x65,0x0,0x64,0x0,0x73,0x0,0x20,0x0,
  0x6d,0x0,0x75,0x0,0x73,0x0,0x73,0x0,0x20,0x0,0x64,0x0,0x61,0x0,0x73,0x0,
  0x20,0x0,0x44,0x0,0x61,0x0,0x74,0x0,0x65,0x0,0x69,0x0,0x6d,0x0,0x75,0x0,
  0x73,0x0,0x74,0x0,0x65,0x0,0x72,0x0,0x20,0x0,0x64,0x0,0x69,0x0,0x65,0x0,
  0x20,0x0,0x22,0x0,0x25,0x0,0x53,0x0,0x22,0x0,0x20,0x0,0x46,0x0,0x6f,0x0,
  0x72,0x0,0x6d,0x0,0x61,0x0,0x74,0x0,0x73,0x0,0x70,0x0,0x65,0x0,0x7a,0x0,
  0x69,0x0,0x66,0x0,0x69,0x0,0x7a,0x0,0x69,0x0,0x65,0x0,0x72,0x0,0x75,0x0,
  0x6e,0x0,0x67,0x0,0x20,0x0,0x65,0x0,0x6e,0x0,0x74,0x0,0x68,0x0,0x61,0x0,
  0x6c,0x0,0x74,0x0,0x65,0x0,0x6e,0x0,0x2e,0x8,0x0,0x0,0x0,0x0,0x6,0x0,
  0x0,0x0,0x71,0x57,0x68,0x65,0x6e,0x20,0x65,0x78,0x70,0x6f,0x72,0x74,0x69,0x6e,
  0x67,0x20,0x6d,0x6f,0x72,0x65,0x20,0x74,0x68,0x61,0x6e,0x20,0x6f,0x6e,0x65,0x20,
  0x73,0x65,0x65,0x64,0x2c,0x20,0x74,0x68,0x65,0x20,0x66,0x69,0x6c,0x65,0x20,0x70,
  0x61,0x74,0x74,0x65,0x72,0x6e,0x20,0x68,0x61,0x73,0x20,0x74,0x6f,0x20,0x69,0x6e,
  0x63,0x6c,0x75,0x64,0x65,0x20,0x74,0x68,0x65,0x20,0x22,0x25,0x53,0x22,0x20,0x66,
  0x6f,0x72,0x6d,0x61,0x74,0x20,0x73,0x70,0x65,0x63,0x69,0x66,0x69,0x65,0x72,0x20,
  0x66,0x6f,0x72,0x20,0x74,0x68,0x65,0x20,0x73,0x65,0x65,0x64,0x20,0x6e,0x75,0x6d,
  0x62,0x65,0x72,0x2e,0x7,0x0,0x0,0x0,0xc,0x45,0x78,0x70,0x6f,0x72,0x74,0x44,
  0x69,0x61,0x6c,0x6f,0x67,0x1,0x3,0x0,0x0,0x0,0x1c,0x0,0x57,0x0,0x65,0x0,
  0x6c,0x0,0x74,0x0,0x67,0x0,0x65,0x0,0x6e,0x0,0x65,0x0,0x72,0x0,0x61,0x0,
  0x74,0x0,0x6f,0x0,0x72,0x0,0x3a,0x8,0x0,0x0,0x0,0x0,0x6,0x0,0x0,0x0,
  0x10,0x57,0x6f,0x72,0x6c,0x64,0x20,0x67,0x65,0x6e,0x65,0x72,0x61,0x74,0x6f,0x72,
  0x3a,0x7,0x0,0x0,0x0,0xc,0x45,0x78,0x70,0x6f,0x72,0x74,0x44,0x69,0x61,0x6c,
  0x6f,0x67,0x1,0x3,0xff,0xff,0xff,0xff,0x8,0x0,0x0,0x0,0x0,0x6,0x0,0x0,
  0x0,0xe,0x58,0x3c,0x73,0x75,0x62,0x3e,0x31,0x3c,0x2f,0x73,0x75,0x62,0x3e,0x3d,
  0x7,0x0,0x0,0x0,0xc,0x45,0x78,0x70,0x6f,0x72,0x74,0x44,0x69,0x61,0x6c,0x6f,
  0x67,0x1,0x3,0xff,0xff,0xff,0xff,0x8,0x0,0x0,0x0,0x0,0x6,0x0,0x0,0x0,
  0xe,0x58,0x3c,0x73,0x75,0x62,0x3e,0x32,0x3c,0x2f,0x73,0x75,0x62,0x3e,0x3d,0x7,
  0x0,0x0,0x0,0xc,0x45,0x78,0x70,0x6f,0x72,0x74,0x44,0x69,0x61,0x6c,0x6f,0x67,
  0x1,0x3,0xff,0xff,0xff,0xff,0x8,0x0,0x0,0x0,0x0,0x6,0x0,0x0,0x0,0xe,
  0x5a,0x3c,0x73,0x75,0x62,0x3e,0x31,0x3c,0x2f,0x73,0x75,0x62,0x3e,0x3d,0x7,0x0,
  0x0,0x0,0xc,0x45,0x78,0x70,0x6f,0x72,0x74,0x44,0x69,0x61,0x6c,0x6f,0x67,0x1,
  0x3,0xff,0xff,0xff,0xff,0x8,0x0,0x0,0x0,0x0,0x6,0x0,0x0,0x0,0xe,0x5a,
  0x3c,0x73,0x75,0x62,0x3e,0x32,0x3c,0x2f,0x73,0x75,0x62,0x3e,0x3d,0x7,0x0,0x0,
  0x0,0xc,0x45,0x78,0x70,0x6f,0x72,0x74,0x44,0x69,0x61,0x6c,0x6f,0x67,0x1,0x3,
  0x0,0x0,0x0,0x46,0x0,0x45,0x0,0x78,0x0,0x70,0x0,0x65,0x0,0x72,0x0,0x69,
  0x0,0x6d,0x0,0x65,0x0,0x6e,0x0,0x74,0x0,0x65,0x0,0x6c,0x0,0x6c,0x0,0x65,
  0x0,0x20,0x0,0x56,0x0,0x65,0x0,0x72,0x0,0x73,0x0,0x69,0x0,0x6f,0x0,0x6e,
  0x0,0x65,0x0,0x6e,0x0,0x20,0x0,0x61,0x0,0x6b,0x0,0x74,0x0,0x69,0x0,0x76,
  0x0,0x69,0x0,0x65,0x0,0x72,0x0,0x65,0x0,0x6e,0x8,0x0,0x0,0x0,0x0,0x6,
  0x0,0x0,0x0,0x28,0x45,0x6e,0x61,0x62,0x6c,0x65,0x20,0x65,0x78,0x70,0x65,0x72,
  0x69,0x6d,0x65,0x6e,0x74,0x61,0x6c,0x6c,0x79,0x20,0x73,0x75,0x70,0x70,0x6f,0x72,
  0x74,0x65,0x64,0x20,0x76,0x65,0x72,0x73,0x69,0x6f,0x6e,0x73,0x7,0x0,0x0,0x0,
  0xc,0x45,0x78,0x74,0x47,0x65,0x6e,0x44,0x69,0x61,0x6c,0x6f,0x67,0x1,0x3,0x0,
  0x0,0x0,0x34,0x0,0x47,0x0,0x65,0x0,0x6c,0x0,0xe4,0x0,0x6e,0x0,0x64,0x0,
  0x65,0x0,0x20,0x0,0x65,0x0,0x73,0x0,0x74,0x0,0x69,0x0,0x6d,0x0,0x69,0x0,
  0x65,0x0,0x72,0x0,0x65,0x0,0x6e,0x0,0x20,0x0,0x28,0x0,0x31,0x0,0x2e,0x0,
  0x31,0x0,0x38,0x0,0x2b,0x0,0x29,0x8,0x0,0x0,0x0,0x0,0x6,0x0,0x0,0x0,
  0x18,0x45,0x73,0x74,0x69,0x6d,0x61,0x74,0x65,0x20,0x74,0x65,0x72,0x72,0x61,0x69,
  0x6e,0x20,0x28,0x31,0x2e,0x31,0x38,0x2b,0x29,0x7,0x0,0x0,0x0,0xc,0x45,0x78,
  0x74,0x47,0x65,0x6e,0x44,0x69,0x61,0x6c,0x6f,0x67,0x1,0x3,0x0,0x0,0x0,0x36,
  0x0,0x53,0x0,0x74,0x0,0x72,0x0,0x75,0x0,0x6b,0x0,0x74,0x0,0x75,0x0,0x72,
  0x0,0x20,0x0,0x53,0x0,0x61,0x0,0x6c,0x0,0x74,0x0,0x20,0x0,0xfc,0x0,0x62,
  0x0,0x65,0x0,0x72,0x0,0x73,0x0,0x63,0x0,0x68,0x0,0x72,0x0,0x65,0x0,0x69,
  0x0,0x62,0x0,0x65,0x0,0x6e,0x8,0x0,0x0,0x0,0x0,0x6,0x0,0x0,0x0,0x17,
  0x4f,0x76,0x65,0x72,0x72,0x69,0x64,0x65,0x20,0x73,0x74,0x72,0x75,0x63,0x74,0x75,
  0x72,0x65,0x20,0x73,0x61,0x6c,0x74,0x7,0x0,0x0,0x0,0xc,0x45,0x78,0x74,0x47,
  0x65,0x6e,0x44,0x69,0x61,0x6c,0x6f,0x67,0x1,0x3,0x0,0x0,0x0,0x22,0x0,0x57,
  0x0,0x65,0x0,0x6c,0x0,0x74,0x0,0x65,0x0,0x69,0x0,0x6e,0x0,0x73,0x0,0x74,
  0x0,0x65,0x0,0x6c,0x0,0x6c,0x0,0x75,0x0,0x6e,0x0,0x67,0x0,0x65,0x0,0x6e,
  0x8,0x0,0x0,0x0,0x0,0x6,0x0,0x0,0x0,0xe,0x57,0x6f,0x72,0x6c,0x64,0x20,
  0x53,0x65,0x74,0x74,0x69,0x6e,0x67,0x73,0x7,0x0,0x0,0x0,0xc,0x45,0x78,0x74,
  0x47,0x65,0x6e,0x44,0x69,0x61,0x6c,0x6f,0x67,0x1,0x3,0x0,0x0,0x0,0x8,0x0,
  0x4d,0x0,0x69,0x0,0x6e,0x0,0x65,0x8,0x0,0x0,0x0,0x0,0x6,0x0,0x0,0x0,
  0x13,0x41,0x62,0x61,0x6e,0x64,0x6f,0x6e,0x65,0x64,0x20,0x6d,0x69,0x6e,0x65,0x73,
  0x68,0x61,0x66,0x74,0x7,0x0,0x0,0x0,0x6,0x46,0x69,0x6c,0x74,0x65,0x72,0x1,
  0x3,0x0,0x0,0x0,0x18,0x0,0x41,0x0,0x6e,0x0,0x74,0x0,0x69,0x0,0x6b,0x0,
  0x65,0x0,0x20,0x0,0x53,0x0,0x74,0x0,0x61,0x0,0x64,0x0,0x74,0x8,0x0,0x0,
  0x0,0x0,0x6,0x0,0x0,0x0,0xc,0x41,0x6e,0x63,0x69,0x65,0x6e,0x74,0x20,0x63,
  0x69,0x74,0x79,0x7,0x0,0x0,0x0,0x6,0x46,0x69,0x6c,0x74,0x65,0x72,0x1,0x3,
  0x0,0x0,0x0,0x1a,0x0,0x42,0x0,0x61,0x0,0x73,0x0,0x74,0x0,0x69,0x0,0x6f,
  0x0,0x6e,0x0,0x73,0x0,0x72,0x0,0x75,0x0,0x69,0x0,0x6e,0x0,0x65,0x8,0x0,
  0x0,0x0,0x0,0x6,0x0,0x0,0x0,0xf,0x42,0x61,0x73,0x74,0x69,0x6f,0x6e,0x20,
  0x72,0x65,0x6d,0x6e,0x61,0x6e,0x74,0x7,0x0,0x0,0x0,0x6,0x46,0x69,0x6c,0x74,
  0x65,0x72,0x1,0x3,0x0,0x0,0x0,0x2a,0x0,0x42,0x0,0x69,0x0,0x6f,0x0,0x6d,
  0x0,0x6c,0x0,0x61,0x0,0x67,0x0,0x65,0x0,0x20,0x0,0x31,0x0,0x3a,0x0,0x32,
  0x0,0x35,0x0,0x36,0x0,0x20,0x0,0x4f,0x0,0x2e,0x0,0x54,0x0,0x45,0x0,0x4d,
  0x0,0x50,0x8,0x0,0x0,0x0,0x0,0x6,0x0,0x0,0x0,0x18,0x42,0x69,0x6f,0x6d,
  0x65,0x20,0x6c,0x61,0x79,0x65,0x72,0x20,0x31,0x3a,0x32,0x35,0x36,0x20,0x4f,0x2e,
  0x54,0x45,0x4d,0x50,0x7,0x0,0x0,0x0,0x6,0x46,0x69,0x6c,0x74,0x65,0x72,0x1,
  0x3,0x0,0x0,0x0,0x24,0x0,0x42,0x0,0x69,0x0,0x6f,0x0,0x6d,0x0,0x6c,0x0,
  0x61,0x0,0x67,0x0,0x65,0x0,0x20,0x0,0x31,0x0,0x3a,0x0,0x34,0x0,0x20,0x0,
  0x52,0x0,0x49,0x0,0x56,0x0,0x45,0x0,0x52,0x8,0x0,0x0,0x0,0x0,0x6,0x0,
  0x0,0x0,0x15,0x42,0x69,0x6f,0x6d,0x65,0x20,0x6c,0x61,0x79,0x65,0x72,0x20,0x31,
  0x3a,0x34,0x20,0x52,0x49,0x56,0x45,0x52,0x7,0x0,0x0,0x0,0x6,0x46,0x69,0x6c,
  0x74,0x65,0x72,0x1,0x3,0x0,0x0,0x0,0x20,0x0,0x42,0x0,0x69,0x0,0x6f,0x0,
  0x6d,0x0,0x20,0x0,0x53,0x0,0x74,0x0,0x69,0x0,0x63,0x0,0x68,0x0,0x70,0x0,
  0x72,0x0,0x6f,0x0,0x62,0x0,0x65,0x0,0x6e,0x8,0x0,0x0,0x0,0x0,0x6,0x0,
  0x0,0x0,0xd,0x42,0x69,0x6f,0x6d,0x65,0x20,0x73,0x61,0x6d,0x70,0x6c,0x65,0x73,
  0x7,0x0,0x0,0x0,0x6,0x46,0x69,0x6c,0x74,0x65,0x72,0x1,0x3,0x0,0x0,0x0,
  0x24,0x0,0x56,0x0,0x65,0x0,0x72,0x0,0x67,0x0,0x72,0x0,0x61,0x0,0x62,0x0,
  0x65,0x0,0x6e,0x0,0x65,0x0,0x72,0x0,0x20,0x0,0x53,0x0,0x63,0x0,0x68,0x0,
  0x61,0x0,0x74,0x0,0x7a,0x8,0x0,0x0,0x0,0x0,0x6,0x0,0x0,0x0,0xf,0x42,
  0x75,0x72,0x69,0x65,0x64,0x20,0x74,0x72,0x65,0x61,0x73,0x75,0x72,0x65,0x7,0x0,
  0x0,0x0,0x6,0x46,0x69,0x6c,0x74,0x65,0x72,0x1,0x3,0x0,0x0,0x0,0x22,0x0,
  0x4b,0x0,0x6c,0x0,0x69,0x0,0x6d,0x0,0x61,0x0,0x20,0x0,0x53,0x0,0x74,0x0,
  0x69,0x0,0x63,0x0,0x68,0x0,0x70,0x0,0x72,0x0,0x6f,0x0,0x62,0x0,0x65,0x0,
  0x6e,0x8,0x0,0x0,0x0,0x0,0x6,0x0,0x0,0x0,0x15,0x43,0x6c,0x69,0x6d,0x61,
  0x74,0x65,0x20,0x6e,0x6f,0x69,0x73,0x65,0x20,0x73,0x61,0x6d,0x70,0x6c,0x65,0x73,
  0x7,0x0,0x0,0x0,0x6,0x46,0x69,0x6c,0x74,0x65,0x72,0x1,0x3,0x0,0x0,0x0,
  0x1c,0x0,0x4b,0x0,0x6c,0x0,0x69,0x0,0x6d,0x0,0x61,0x0,0x70,0x0,0x61,0x0,
  0x72,0x0,0x61,0x0,0x6d,0x0,0x65,0x0,0x74,0x0,0x65,0x0,0x72,0x8,0x0,0x0,
  0x0,0x0,0x6,0x0,0x0,0x0,0x12,0x43,0x6c,0x69,0x6d,0x61,0x74,0x65,0x20,0x70,
  0x61,0x72,0x61,0x6d,0x65,0x74,0x65,0x72,0x73,0x7,0x0,0x0,0x0,0x6,0x46,0x69,
  0x6c,0x74,0x65,0x72,0x1,0x3,0x0,0x0,0x0,0x1c,0x0,0x42,0x0,0x65,0x0,0x64,
  0x0,0x69,0x0,0x6e,0x0,0x67,0x0,0x75,0x0,0x6e,0x0,0x67,0x0,0x20,0x0,0x25,
  0x0,0x31,0x0,0x3a,0x0,0xa,0x8,0x0,0x0,0x0,0x0,0x6,0x0,0x0,0x0,0xe,
  0x43,0x6f,0x6e,0x64,0x69,0x74,0x69,0x6f,0x6e,0x20,0x25,0x31,0x3a,0xa,0x7,0x0,
  0x0,0x0,0x6,0x46,0x69,0x6c,0x74,0x65,0x72,0x1,0x3,0x0,0x0,0x0,0x16,0x0,
  0x42,0x0,0x65,0x0,0x64,0x0,0x69,0x0,0x6e,0x0,0x67,0x0,0x75,0x0,0x6e,0x0,
  0x67,0x0,0x65,0x0,0x6e,0x8,0x0,0x0,0x0,0x0,0x6,0x0,0x0,0x0,0xa,0x43,
  0x6f,0x6e,0x64,0x69,0x74,0x69,0x6f,0x6e,0x73,0x7,0x0,0x0,0x0,0x6,0x46,0x69,
  0x6c,0x74,0x65,0x72,0x1,0x3,0x0,0x0,0x0,0x1e,0x0,0x4b,0x0,0x6f,0x0,0x6f,
  0x0,0x72,0x0,0x64,0x0,0x69,0x0,0x6e,0x0,0x61,0x0,0x74,0x0,0x65,0x0,0x6e,
  0x0,0x20,0x0,0x78,0x0,0x2a,0x0,0x38,0x8,0x0,0x0,0x0,0x0,0x6,0x0,0x0,
  0x0,0x15,0x43,0x6f,0x6f,0x72,0x64,0x69,0x6e,0x61,0x74,0x65,0x20,0x66,0x61,0x63,
  0x74,0x6f,0x72,0x20,0x78,0x2a,0x38,0x7,0x0,0x0,0x0,0x6,0x46,0x69,0x6c,0x74,
  0x65,0x72,0x1,0x3,0x0,0x0,0x0,0x1e,0x0,0x4b,0x0,0x6f,0x0,0x6f,0x0,0x72,
  0x0,0x64,0x0,0x69,0x0,0x6e,0x0,0x61,0x0,0x74,0x0,0x65,0x0,0x6e,0x0,0x20,
  0x0,0x78,0x0,0x2f,0x0,0x38,0x8,0x0,0x0,0x0,0x0,0x6,0x0,0x0,0x0,0x15,
  0x43,0x6f,0x6f,0x72,0x64,0x69,0x6e,0x61,0x74,0x65,0x20,0x66,0x61,0x63,0x74,0x6f,
  0x72,0x20,0x78,0x2f,0x38,0x7,0x0,0x0,0x0,0x6,0x46,0x69,0x6c,0x74,0x65,0x72,
  0x1,0x3,0x0,0x0,0x0,0x18,0x0,0x57,0x0,0xfc,0x0,0x73,0x0,0x74,0x0,0x65,
  0x0,0x6e,0x0,0x74,0x0,0x65,0x0,0x6d,0x0,0x70,0x0,0x65,0x0,0x6c,0x8,0x0,
  0x0,0x0,0x0,0x6,0x0,0x0,0x0,0xe,0x44,0x65,0x73,0x65,0x72,0x74,0x20,0x70,
  0x79,0x72,0x61,0x6d,0x69,0x64,0x7,0x0,0x0,0x0,0x6,0x46,0x69,0x6c,0x74,0x65,
  0x72,0x1,0x3,0x0,0x0,0x0,0x1a,0x0,0x57,0x0,0xfc,0x0,0x73,0x0,0x74,0x0,
  0x65,0x0,0x6e,0x0,0x62,0x0,0x72,0x0,0x75,0x0,0x6e,0x0,0x6e,0x0,0x65,0x0,
  0x6e,0x8,0x0,0x0,0x0,0x0,0x6,0x0,0x0,0x0,0xb,0x44,0x65,0x73,0x65,0x72,
  0x74,0x20,0x77,0x65,0x6c,0x6c,0x7,0x0,0x0,0x0,0x6,0x46,0x69,0x6c,0x74,0x65,
  0x72,0x1,0x3,0x0,0x0,0x0,0x20,0x0,0x45,0x0,0x6e,0x0,0x64,0x0,0x65,0x0,
  0x20,0x0,0x62,0x0,0x65,0x0,0x69,0x0,0x20,0x0,0x4d,0x0,0x61,0x0,0xdf,0x0,
  0x73,0x0,0x74,0x0,0x61,0x0,0x62,0x8,0x0,0x0,0x0,0x0,0x6,0x0,0x0,0x0,
  0xc,0x45,0x6e,0x64,0x20,0x61,0x74,0x20,0x73,0x63,0x61,0x6c,0x65,0x7,0x0,0x0,
  0x0,0x6,0x46,0x69,0x6c,0x74,0x65,0x72,0x1,0x3,0x0,0x0,0x0,0x16,0x0,0x45,
  0x0,0x6e,0x0,0x64,0x0,0x73,0x0,0x69,0x0,0x65,0x0,0x64,0x0,0x6c,0x0,0x75,
  0x0,0x6e,0x0,0x67,0x8,0x0,0x0,0x0,0x0,0x6,0x0,0x0,0x0,0x8,0x45,0x6e,
  0x64,0x20,0x63,0x69,0x74,0x79,0x7,0x0,0x0,0x0,0x6,0x46,0x69,0x6c,0x74,0x65,
  0x72,0x1,0x3,0x0,0x0,0x0,0x20,0x0,0x45,0x0,0x6e,0x0,0x64,0x0,0x74,0x0,
  0x72,0x0,0x61,0x0,0x6e,0x0,0x73,0x0,0x69,0x0,0x74,0x0,0x70,0x0,0x6f,0x0,
  0x72,0x0,0x74,0x0,0x61,0x0,0x6c,0x8,0x0,0x0,0x0,0x0,0x6,0x0,0x0,0x0,
  0xb,0x45,0x6e,0x64,0x20,0x67,0x61,0x74,0x65,0x77,0x61,0x79,0x7,0x0,0x0,0x0,
  0x6,0x46,0x69,0x6c,0x74,0x65,0x72,0x1,0x3,0x0,0x0,0x0,0x1a,0x0,0x45,0x0,
  0x72,0x0,0x73,0x0,0x74,0x0,0x65,0x0,0x20,0x0,0x46,0x0,0x65,0x0,0x73,0x0,
  0x74,0x0,0x75,0x0,0x6e,0x0,0x67,0x8,0x0,0x0,0x0,0x0,0x6,0x0,0x0,0x0,
  0x10,0x46,0x69,0x72,0x73,0x74,0x20,0x73,0x74,0x72,0x6f,0x6e,0x67,0x68,0x6f,0x6c,
  0x64,0x7,0x0,0x0,0x0,0x6,0x46,0x69,0x6c,0x74,0x65,0x72,0x1,0x3,0x0,0x0,
  0x0,0x8,0x0,0x49,0x0,0x67,0x0,0x6c,0x0,0x75,0x8,0x0,0x0,0x0,0x0,0x6,
  0x0,0x0,0x0,0x5,0x49,0x67,0x6c,0x6f,0x6f,0x7,0x0,0x0,0x0,0x6,0x46,0x69,
  0x6c,0x74,0x65,0x72,0x1,0x3,0x0,0x0,0x0,0x1e,0x0,0x44,0x0,0x73,0x0,0x63,
  0x0,0x68,0x0,0x75,0x0,0x6e,0x0,0x67,0x0,0x65,0x0,0x6c,0x0,0x74,0x0,0x65,
  0x0,0x6d,0x0,0x70,0x0,0x65,0x0,0x6c,0x8,0x0,0x0,0x0,0x0,0x6,0x0,0x0,
  0x0,0xd,0x4a,0x75,0x6e,0x67,0x6c,0x65,0x20,0x74,0x65,0x6d,0x70,0x6c,0x65,0x7,
  0x0,0x0,0x0,0x6,0x46,0x69,0x6c,0x74,0x65,0x72,0x1,0x3,0x0,0x0,0x0,0x30,
  0x0,0x42,0x0,0x69,0x0,0x6f,0x0,0x6d,0x0,0x7a,0x0,0x65,0x0,0x6e,0x0,0x74,
  0x0,0x72,0x0,0x75,0x0,0x6d,0x0,0x20,0x0,0x4c,0x0,0x6f,0x0,0x6b,0x0,0x61,
  0x0,0x6c,0x0,0x69,0x0,0x73,0x0,0x69,0x0,0x65,0x0,0x72,0x0,0x65,0x0,0x6e,
  0x8,0x0,0x0,0x0,0x0,0x6,0x0,0x0,0x0,0x13,0x4c,0x6f,0x63,0x61,0x74,0x65,
  0x20,0x62,0x69,0x6f,0x6d,0x65,0x20,0x63,0x65,0x6e,0x74,0x65,0x72,0x7,0x0,0x0,
  0x0,0x6,0x46,0x69,0x6c,0x74,0x65,0x72,0x1,0x3,0x0,0x0,0x0,0x3c,0x0,0x42,
  0x0,0x69,0x0,0x6f,0x0,0x6d,0x0,0x7a,0x0,0x65,0x0,0x6e,0x0,0x74,0x0,0x72,
  0x0,0x75,0x0,0x6d,0x0,0x20,0x0,0x4c,0x0,0x6f,0x0,0x6b,0x0,0x61,0x0,0x6c,
  0x0,0x69,0x0,0x73,0x0,0x69,0x0,0x65,0x0,0x72,0x0,0x65,0x0,0x6e,0x0,0x20,
  0x0,0x31,0x0,0x3a,0x0,0x32,0x0,0x35,0x0,0x36,0x8,0x0,0x0,0x0,0x0,0x6,
  0x0,0x0,0x0,0x19,0x4c,0x6f,0x63,0x61,0x74,0x65,0x20,0x62,0x69,0x6f,0x6d,0x65,
  0x20,0x63,0x65,0x6e,0x74,0x65,0x72,0x20,0x31,0x3a,0x32,0x35,0x36,0x7,0x0,0x0,
  0x0,0x6,0x46,0x69,0x6c,0x74,0x65,0x72,0x1,0x3,0x0,0x0,0x0,0x30,0x0,0x4b,
  0x0,0x6c,0x0,0x69,0x0,0x6d,0x0,0x61,0x0,0x65,0x0,0x78,0x0,0x74,0x0,0x72,
  0x0,0x65,0x0,0x6d,0x0,0x20,0x0,0x4c,0x0,0x6f,0x0,0x6b,0x0,0x61,0x0,0x6c,
  0x0,0x69,0x0,0x73,0x0,0x69,0x0,0x65,0x0,0x72,0x0,0x65,0x0,0x6e,0x8,0x0,
  0x0,0x0,0x0,0x6,0x0,0x0,0x0,0x16,0x4c,0x6f,0x63,0x61,0x74,0x65,0x20,0x63,
  0x6c,0x69,0x6d,0x61,0x74,0x65,0x20,0x65,0x78,0x74,0x72,0x65,0x6d,0x65,0x7,0x0,
  0x0,0x0,0x6,0x46,0x69,0x6c,0x74,0x65,0x72,0x1,0x3,0x0,0x0,0x0,0x40,0x0,
  0x4b,0x0,0x6c,0x0,0x69,0x0,0x6d,0x0,0x61,0x0,0x20,0x0,0x4d,0x0,0x69,0x0,
  0x6e,0x0,0x69,0x0,0x6d,0x0,0x61,0x0,0x2f,0x0,0x4d,0x0,0x61,0x0,0x78,0x0,
  0x69,0x0,0x6d,0x0,0x61,0x0,0x20,0x0,0x6c,0x0,0x6f,0x0,0x6b,0x0,0x61,0x0,
  0x6c,0x0,0x69,0x0,0x7a,0x0,0x69,0x0,0x65,0x0,0x72,0x0,0x65,0x0,0x6e,0x8,
  0x0,0x0,0x0,0x0,0x6,0x0,0x0,0x0,0x1e,0x4c,0x6f,0x63,0x61,0x74,0x65,0x20,
  0x63,0x6c,0x69,0x6d,0x61,0x74,0x65,0x20,0x6d,0x69,0x6e,0x69,0x6d,0x75,0x6d,0x2f,
  0x6d,0x61,0x78,0x69,0x6d,0x75,0x6d,0x7,0x0,0x0,0x0,0x6,0x46,0x69,0x6c,0x74,
  0x65,0x72,0x1,0x3,0x0,0x0,0x0,0x6,0x0,0x4c,0x0,0x75,0x0,0x61,0x8,0x0,
  0x0,0x0,0x0,0x6,0x0,0x0,0x0,0x3,0x4c,0x75,0x61,0x7,0x0,0x0,0x0,0x6,
  0x46,0x69,0x6c,0x74,0x65,0x72,0x1,0x3,0x0,0x0,0x0,0x12,0x0,0x4e,0x0,0x4f,
  0x0,0x54,0x0,0x20,0x0,0x4c,0x0,0x6f,0x0,0x67,0x0,0x69,0x0,0x6b,0x8,0x0,
  0x0,0x0,0x0,0x6,0x0,0x0,0x0,0xe,0x4e,0x4f,0x54,0x20,0x6c,0x6f,0x67,0x69,
  0x63,0x20,0x67,0x61,0x74,0x65,0x7,0x0,0x0,0x0,0x6,0x46,0x69,0x6c,0x74,0x65,
  0x72,0x1,0x3,0x0,0x0,0x0,0x24,0x0,0x4e,0x0,0x65,0x0,0x74,0x0,0x68,0x0,
  0x65,0x0,0x72,0x0,0x20,0x0,0x62,0x0,0x65,0x0,0x69,0x0,0x20,0x0,0x4d,0x0,
  0x61,0x0,0xdf,0x0,0x73,0x0,0x74,0x0,0x61,0x0,0x62,0x8,0x0,0x0,0x0,0x0,
  0x6,0x0,0x0,0x0,0xf,0x4e,0x65,0x74,0x68,0x65,0x72,0x20,0x61,0x74,0x20,0x73,
  0x63,0x61,0x6c,0x65,0x7,0x0,0x0,0x0,0x6,0x46,0x69,0x6c,0x74,0x65,0x72,0x1,
  0x3,0x0,0x0,0x0,0x1a,0x0,0x4e,0x0,0x65,0x0,0x74,0x0,0x68,0x0,0x65,0x0,
  0x72,0x0,0x66,0x0,0x65,0x0,0x73,0x0,0x74,0x0,0x75,0x0,0x6e,0x0,0x67,0x8,
  0x0,0x0,0x0,0x0,0x6,0x0,0x0,0x0,0xf,0x4e,0x65,0x74,0x68,0x65,0x72,0x20,
  0x66,0x6f,0x72,0x74,0x72,0x65,0x73,0x73,0x7,0x0,0x0,0x0,0x6,0x46,0x69,0x6c,
  0x74,0x65,0x72,0x1,0x3,0x0,0x0,0x0,0x10,0x0,0x4f,0x0,0x52,0x0,0x20,0x0,
  0x4c,0x0,0x6f,0x0,0x67,0x0,0x69,0x0,0x6b,0x8,0x0,0x0,0x0,0x0,0x6,0x0,
  0x0,0x0,0xd,0x4f,0x52,0x20,0x6c,0x6f,0x67,0x69,0x63,0x20,0x67,0x61,0x74,0x65,
  0x7,0x0,0x0,0x0,0x6,0x46,0x69,0x6c,0x74,0x65,0x72,0x1,0x3,0x0,0x0,0x0,
  0x1a,0x0,0x4f,0x0,0x7a,0x0,0x65,0x0,0x61,0x0,0x6e,0x0,0x6d,0x0,0x6f,0x0,
  0x6e,0x0,0x75,0x0,0x6d,0x0,0x65,0x0,0x6e,0x0,0x74,0x8,0x0,0x0,0x0,0x0,
  0x6,0x0,0x0,0x0,0xe,0x4f,0x63,0x65,0x61,0x6e,0x20,0x6d,0x6f,0x6e,0x75,0x6d,
  0x65,0x6e,0x74,0x7,0x0,0x0,0x0,0x6,0x46,0x69,0x6c,0x74,0x65,0x72,0x1,0x3,
  0x0,0x0,0x0,0x14,0x0,0x4f,0x0,0x7a,0x0,0x65,0x0,0x61,0x0,0x6e,0x0,0x72,
  0x0,0x75,0x0,0x69,0x0,0x6e,0x0,0x65,0x8,0x0,0x0,0x0,0x0,0x6,0x0,0x0,
  0x0,0xa,0x4f,0x63,0x65,0x61,0x6e,0x20,0x72,0x75,0x69,0x6e,0x7,0x0,0x0,0x0,
  0x6,0x46,0x69,0x6c,0x74,0x65,0x72,0x1,0x3,0x0,0x0,0x0,0x28,0x0,0x4f,0x0,
  0x62,0x0,0x65,0x0,0x72,0x0,0x77,0x0,0x65,0x0,0x6c,0x0,0x74,0x0,0x20,0x0,
  0x62,0x0,0x65,0x0,0x69,0x0,0x20,0x0,0x4d,0x0,0x61,0x0,0xdf,0x0,0x73,0x0,
  0x74,0x0,0x61,0x0,0x62,0x8,0x0,0x0,0x0,0x0,0x6,0x0,0x0,0x0,0x12,0x4f,
  0x76,0x65,0x72,0x77,0x6f,0x72,0x6c,0x64,0x20,0x61,0x74,0x20,0x73,0x63,0x61,0x6c,
  0x65,0x7,0x0,0x0,0x0,0x6,0x46,0x69,0x6c,0x74,0x65,0x72,0x1,0x3,0x0,0x0,
  0x0,0x2a,0x0,0x50,0x0,0x6c,0x0,0xfc,0x0,0x6e,0x0,0x64,0x0,0x65,0x0,0x72,
  0x0,0x65,0x0,0x72,0x0,0x2d,0x0,0x41,0x0,0x75,0x0,0xdf,0x0,0x65,0x0,0x6e,
  0x0,0x70,0x0,0x6f,0x0,0x73,0x0,0x74,0x0,0x65,0x0,0x6e,0x8,0x0,0x0,0x0,
  0x0,0x6,0x0,0x0,0x0,0x10,0x50,0x69,0x6c,0x6c,0x61,0x67,0x65,0x72,0x20,0x6f,
  0x75,0x74,0x70,0x6f,0x73,0x74,0x7,0x0,0x0,0x0,0x6,0x46,0x69,0x6c,0x74,0x65,
  0x72,0x1,0x3,0x0,0x0,0x0,0x24,0x0,0x51,0x0,0x75,0x0,0x61,0x0,0x64,0x0,
  0x2d,0x0,0x48,0x0,0x75,0x0,0x74,0x0,0x20,0x0,0x28,0x0,0x44,0x0,0xfc,0x0,
  0x72,0x0,0x66,0x0,0x74,0x0,0x69,0x0,0x67,0x0,0x29,0x8,0x0,0x0,0x0,0x0,
  0x6,0x0,0x0,0x0,0x11,0x51,0x75,0x61,0x64,0x2d,0x68,0x75,0x74,0x20,0x28,0x62,
  0x61,0x72,0x65,0x6c,0x79,0x29,0x7,0x0,0x0,0x0,0x6,0x46,0x69,0x6c,0x74,0x65,
  0x72,0x1,0x3,0x0,0x0,0x0,0x28,0x0,0x51,0x0,0x75,0x0,0x61,0x0,0x64,0x0,
  0x2d,0x0,0x48,0x0,0x75,0x0,0x74,0x0,0x20,0x0,0x28,0x0,0x4b,0x0,0x6c,0x0,
  0x61,0x0,0x73,0x0,0x73,0x0,0x69,0x0,0x73,0x0,0x63,0x0,0x68,0x0,0x29,0x8,
  0x0,0x0,0x0,0x0,0x6,0x0,0x0,0x0,0x12,0x51,0x75,0x61,0x64,0x2d,0x68,0x75,
  0x74,0x20,0x28,0x63,0x6c,0x61,0x73,0x73,0x69,0x63,0x29,0x7,0x0,0x0,0x0,0x6,
  0x46,0x69,0x6c,0x74,0x65,0x72,0x1,0x3,0x0,0x0,0x0,0x20,0x0,0x51,0x0,0x75,
  0x0,0x61,0x0,0x64,0x0,0x2d,0x0,0x48,0x0,0x75,0x0,0x74,0x0,0x20,0x0,0x28,
  0x0,0x49,0x0,0x64,0x0,0x65,0x0,0x61,0x0,0x6c,0x0,0x29,0x8,0x0,0x0,0x0,
  0x0,0x6,0x0,0x0,0x0,0x10,0x51,0x75,0x61,0x64,0x2d,0x68,0x75,0x74,0x20,0x28,
  0x69,0x64,0x65,0x61,0x6c,0x29,0x7,0x0,0x0,0x0,0x6,0x46,0x69,0x6c,0x74,0x65,
  0x72,0x1,0x3,0x0,0x0,0x0,0x22,0x0,0x51,0x0,0x75,0x0,0x61,0x0,0x64,0x0,
  0x2d,0x0,0x48,0x0,0x75,0x0,0x74,0x0,0x20,0x0,0x28,0x0,0x4e,0x0,0x6f,0x0,
  0x72,0x0,0x6d,0x0,0x61,0x0,0x6c,0x0,0x29,0x8,0x0,0x0,0x0,0x0,0x6,0x0,
  0x0,0x0,0x11,0x51,0x75,0x61,0x64,0x2d,0x68,0x75,0x74,0x20,0x28,0x6e,0x6f,0x72,
  0x6d,0x61,0x6c,0x29,0x7,0x0,0x0,0x0,0x6,0x46,0x69,0x6c,0x74,0x65,0x72,0x1,
  0x3,0x0,0x0,0x0,0x28,0x0,0x51,0x0,0x75,0x0,0x61,0x0,0x64,0x0,0x2d,0x0,
  0x4d,0x0,0x6f,0x0,0x6e,0x0,0x75,0x0,0x6d,0x0,0x65,0x0,0x6e,0x0,0x74,0x0,
  0x20,0x0,0x28,0x0,0x3e,0x0,0x39,0x0,0x30,0x0,0x25,0x0,0x29,0x8,0x0,0x0,
  0x0,0x0,0x6,0x0,0x0,0x0,0x1a,0x51,0x75,0x61,0x64,0x2d,0x6f,0x63,0x65,0x61,
  0x6e,0x2d,0x6d,0x6f,0x6e,0x75,0x6d,0x65,0x6e,0x74,0x20,0x28,0x3e,0x39,0x30,0x25,
  0x29,0x7,0x0,0x0,0x0,0x6,0x46,0x69,0x6c,0x74,0x65,0x72,0x1,0x3,0x0,0x0,
  0x0,0x28,0x0,0x51,0x0,0x75,0x0,0x61,0x0,0x64,0x0,0x2d,0x0,0x4d,0x0,0x6f,
  0x0,0x6e,0x0,0x75,0x0,0x6d,0x0,0x65,0x0,0x6e,0x0,0x74,0x0,0x20,0x0,0x28,
  0x0,0x3e,0x0,0x39,0x0,0x35,0x0,0x25,0x0,0x29,0x8,0x0,0x0,0x0,0x0,0x6,
  0x0,0x0,0x0,0x1a,0x51,0x75,0x61,0x64,0x2d,0x6f,0x63,0x65,0x61,0x6e,0x2d,0x6d,
  0x6f,0x6e,0x75,0x6d,0x65,0x6e,0x74,0x20,0x28,0x3e,0x39,0x35,0x25,0x29,0x7,0x0,
  0x0,0x0,0x6,0x46,0x69,0x6c,0x74,0x65,0x72,0x1,0x3,0x0,0x0,0x0,0x28,0x0,
  0x50,0x0,0x6f,0x0,0x72,0x0,0x74,0x0,0x61,0x0,0x6c,0x0,0x72,0x0,0x75,0x0,
  0x69,0x0,0x6e,0x0,0x65,0x0,0x20,0x0,0x28,0x0,0x4e,0x0,0x65,0x0,0x74,0x0,
  0x68,0x0,0x65,0x0,0x72,0x0,0x29,0x8,0x0,0x0,0x0,0x0,0x6,0x0,0x0,0x0,
  0x16,0x52,0x75,0x69,0x6e,0x65,0x64,0x20,0x70,0x6f,0x72,0x74,0x61,0x6c,0x20,0x28,
  0x6e,0x65,0x74,0x68,0x65,0x72,0x29,0x7,0x0,0x0,0x0,0x6,0x46,0x69,0x6c,0x74,
  0x65,0x72,0x1,0x3,0x0,0x0,0x0,0x2c,0x0,0x50,0x0,0x6f,0x0,0x72,0x0,0x74,
  0x0,0x61,0x0,0x6c,0x0,0x72,0x0,0x75,0x0,0x69,0x0,0x6e,0x0,0x65,0x0,0x20,
  0x0,0x28,0x0,0x4f,0x0,0x62,0x0,0x65,0x0,0x72,0x0,0x77,0x0,0x65,0x0,0x6c,
  0x0,0x74,0x0,0x29,0x8,0x0,0x0,0x0,0x0,0x6,0x0,0x0,0x0,0x19,0x52,0x75,
  0x69,0x6e,0x65,0x64,0x20,0x70,0x6f,0x72,0x74,0x61,0x6c,0x20,0x28,0x6f,0x76,0x65,
  0x72,0x77,0x6f,0x72,0x6c,0x64,0x29,0x7,0x0,0x0,0x0,0x6,0x46,0x69,0x6c,0x74,
  0x65,0x72,0x1,0x3,0x0,0x0,0x0,0x18,0x0,0x53,0x0,0x63,0x0,0x68,0x0,0x69,
  0x0,0x66,0x0,0x66,0x0,0x73,0x0,0x77,0x0,0x72,0x0,0x61,0x0,0x63,0x0,0x6b,
  0x8,0x0,0x0,0x0,0x0,0x6,0x0,0x0,0x0,0x9,0x53,0x68,0x69,0x70,0x77,0x72,
  0x65,0x63,0x6b,0x7,0x0,0x0,0x0,0x6,0x46,0x69,0x6c,0x74,0x65,0x72,0x1,0x3,
  0xff,0xff,0xff,0xff,0x8,0x0,0x0,0x0,0x0,0x6,0x0,0x0,0x0,0xb,0x53,0x6c,
  0x69,0x6d,0x65,0x20,0x63,0x68,0x75,0x6e,0x6b,0x7,0x0,0x0,0x0,0x6,0x46,0x69,
  0x6c,0x74,0x65,0x72,0x1,0x3,0x0,0x0,0x0,0x14,0x0,0x53,0x0,0x70,0x0,0x61,
  0x0,0x77,0x0,0x6e,0x0,0x70,0x0,0x75,0x0,0x6e,0x0,0x6b,0x0,0x74,0x8,0x0,
  0x0,0x0,0x0,0x6,0x0,0x0,0x0,0x5,0x53,0x70,0x61,0x77,0x6e,0x7,0x0,0x0,
  0x0,0x6,0x46,0x69,0x6c,0x74,0x65,0x72,0x1,0x3,0x0,0x0,0x0,0x1e,0x0,0x53,
  0x0,0x70,0x0,0x69,0x0,0x72,0x0,0x61,0x0,0x6c,0x0,0x20,0x0,0x49,0x0,0x74,
  0x0,0x65,0x0,0x72,0x0,0x61,0x0,0x74,0x0,0x6f,0x0,0x72,0x8,0x0,0x0,0x0,
  0x0,0x6,0x0,0x0,0x0,0xf,0x53,0x70,0x69,0x72,0x61,0x6c,0x20,0x69,0x74,0x65,
  0x72,0x61,0x74,0x6f,0x72,0x7,0x0,0x0,0x0,0x6,0x46,0x69,0x6c,0x74,0x65,0x72,
  0x1,0x3,0x0,0x0,0x0,0xe,0x0,0x46,0x0,0x65,0x0,0x73,0x0,0x74,0x0,0x75,
  0x0,0x6e,0x0,0x67,0x8,0x0,0x0,0x0,0x0,0x6,0x0,0x0,0x0,0xa,0x53,0x74,
  0x72,0x6f,0x6e,0x67,0x68,0x6f,0x6c,0x64,0x7,0x0,0x0,0x0,0x6,0x46,0x69,0x6c,
  0x74,0x65,0x72,0x1,0x3,0x0,0x0,0x0,0x1e,0x0,0x4f,0x0,0x62,0x0,0x65,0x0,
  0x72,0x0,0x66,0x0,0x6c,0x0,0xe4,0x0,0x63,0x0,0x68,0x0,0x65,0x0,0x6e,0x0,
  0x68,0x0,0xf6,0x0,0x68,0x0,0x65,0x8,0x0,0x0,0x0,0x0,0x6,0x0,0x0,0x0,
  0xe,0x53,0x75,0x72,0x66,0x61,0x63,0x65,0x20,0x68,0x65,0x69,0x67,0x68,0x74,0x7,
  0x0,0x0,0x0,0x6,0x46,0x69,0x6c,0x74,0x65,0x72,0x1,0x3,0x0,0x0,0x0,0x14,
  0x0,0x53,0x0,0x75,0x0,0x6d,0x0,0x70,0x0,0x66,0x0,0x68,0x0,0xfc,0x0,0x74,
  0x0,0x74,0x0,0x65,0x8,0x0,0x0,0x0,0x0,0x6,0x0,0x0,0x0,0x9,0x53,0x77,
  0x61,0x6d,0x70,0x20,0x68,0x75,0x74,0x7,0x0,0x0,0x0,0x6,0x46,0x69,0x6c,0x74,
  0x65,0x72,0x1,0x3,0x0,0x0,0x0,0x28,0x0,0x54,0x0,0x65,0x0,0x6d,0x0,0x65,
  0x0,0x72,0x0,0x61,0x0,0x74,0x0,0x75,0x0,0x72,0x0,0x6b,0x0,0x61,0x0,0x74,
  0x0,0x65,0x0,0x67,0x0,0x6f,0x0,0x72,0x0,0x69,0x0,0x65,0x0,0x65,0x0,0x6e,
  0x8,0x0,0x0,0x0,0x0,0x6,0x0,0x0,0x0,0x16,0x54,0x65,0x6d,0x70,0x65,0x72,
  0x61,0x74,0x75,0x72,0x65,0x20,0x63,0x61,0x74,0x65,0x67,0x6f,0x72,0x69,0x65,0x73,
  0x7,0x0,0x0,0x0,0x6,0x46,0x69,0x6c,0x74,0x65,0x72,0x1,0x3,0x0,0x0,0x0,
  0x12,0x0,0x50,0x0,0x66,0x0,0x61,0x0,0x64,0x0,0x72,0x0,0x75,0x0,0x69,0x0,
  0x6e,0x0,0x65,0x8,0x0,0x0,0x0,0x0,0x6,0x0,0x0,0x0,0xb,0x54,0x72,0x61,
  0x69,0x6c,0x20,0x72,0x75,0x69,0x6e,0x73,0x7,0x0,0x0,0x0,0x6,0x46,0x69,0x6c,
  0x74,0x65,0x72,0x1,0x3,0x0,0x0,0x0,0x1e,0x0,0x50,0x0,0x72,0x0,0xfc,0x0,
  0x66,0x0,0x75,0x0,0x6e,0x0,0x67,0x0,0x73,0x0,0x6b,0x0,0x61,0x0,0x6d,0x0,
  0x6d,0x0,0x65,0x0,0x72,0x0,0x6e,0x8,0x0,0x0,0x0,0x0,0x6,0x0,0x0,0x0,
  0xe,0x54,0x72,0x69,0x61,0x6c,0x20,0x63,0x68,0x61,0x6d,0x62,0x65,0x72,0x73,0x7,
  0x0,0x0,0x0,0x6,0x46,0x69,0x6c,0x74,0x65,0x72,0x1,0x3,0x0,0x0,0x0,0x8,
  0x0,0x44,0x0,0x6f,0x0,0x72,0x0,0x66,0x8,0x0,0x0,0x0,0x0,0x6,0x0,0x0,
  0x0,0x7,0x56,0x69,0x6c,0x6c,0x61,0x67,0x65,0x7,0x0,0x0,0x0,0x6,0x46,0x69,
  0x6c,0x74,0x65,0x72,0x1,0x3,0x0,0x0,0x0,0x16,0x0,0x57,0x0,0x61,0x0,0x6c,
  0x0,0x64,0x0,0x61,0x0,0x6e,0x0,0x77,0x0,0x65,0x0,0x73,0x0,0x65,0x0,0x6e,
  0x8,0x0,0x0,0x0,0x0,0x6,0x0,0x0,0x0,0x10,0x57,0x6f,0x6f,0x64,0x6c,0x61,
  0x6e,0x64,0x20,0x6d,0x61,0x6e,0x73,0x69,0x6f,0x6e,0x7,0x0,0x0,0x0,0x6,0x46,
  0x69,0x6c,0x74,0x65,0x72,0x1,0x3,0x0,0x0,0x0,0x1a,0x0,0x5b,0x0,0x4b,0x0,
  0x65,0x0,0x69,0x0,0x6e,0x0,0x20,0x0,0x53,0x0,0x6b,0x0,0x72,0x0,0x69,0x0,
  0x70,0x0,0x74,0x0,0x5d,0x8,0x0,0x0,0x0,0x0,0x6,0x0,0x0,0x0,0x10,0x5b,
  0x73,0x63,0x72,0x69,0x70,0x74,0x20,0x6d,0x69,0x73,0x73,0x69,0x6e,0x67,0x5d,0x7,
  0x0,0x0,0x0,0x6,0x46,0x69,0x6c,0x74,0x65,0x72,0x1,0x3,0x0,0x0,0x0,0x4c,
  0x0,0x46,0x0,0x75,0x0,0x6e,0x0,0x63,0x0,0x74,0x0,0x69,0x0,0x6f,0x0,0x6e,
  0x0,0x20,0x0,0x63,0x0,0x68,0x0,0x65,0x0,0x63,0x0,0x6b,0x0,0x28,0x0,0x29,
  0x0,0x20,0x0,0x77,0x0,0x75,0x0,0x72,0x0,0x64,0x0,0x65,0x0,0x20,0x0,0x6e,
  0x0,0x69,0x0,0x63,0x0,0x68,0x0,0x74,0x0,0x20,0x0,0x64,0x0,0x65,0x0,0x66,
  0x0,0x69,0x0,0x6e,0x0,0x69,0x0,0x65,0x0,0x72,0x0,0x74,0x8,0x0,0x0,0x0,
  0x0,0x6,0x0,0x0,0x0,0x20,0x66,0x75,0x6e,0x63,0x74,0x69,0x6f,0x6e,0x20,0x63,
  0x68,0x65,0x63,0x6b,0x28,0x29,0x20,0x77,0x61,0x73,0x20,0x6e,0x6f,0x74,0x20,0x64,
  0x65,0x66,0x69,0x6e,0x65,0x64,0x7,0x0,0x0,0x0,0x6,0x46,0x69,0x6c,0x74,0x65,
  0x72,0x1,0x3,0x0,0x0,0x0,0x42,0x0,0x46,0x0,0x65,0x0,0x68,0x0,0x6c,0x0,
  0x65,0x0,0x6e,0x0,0x64,0x0,0x65,0x0,0x72,0x0,0x20,0x0,0x53,0x0,0x6b,0x0,
  0x72,0x0,0x69,0x0,0x70,0x0,0x74,0x0,0x20,0x0,0x66,0x0,0xfc,0x0,0x72,0x0,
  0x20,0x0,0x42,0x0,0x65,0x0,0x64,0x0,0x69,0x0,0x6e,0x0,0x67,0x0,0x75,0x0,
  0x6e,0x0,0x67,0x0,0x20,0x0,0x25,0x0,0x31,0x8,0x0,0x0,0x0,0x0,0x6,0x0,
  0x0,0x0,0x1f,0x6d,0x69,0x73,0x73,0x69,0x6e,0x67,0x20,0x73,0x63,0x72,0x69,0x70,
  0x74,0x20,0x66,0x6f,0x72,0x20,0x63,0x6f,0x6e,0x64,0x69,0x74,0x69,0x6f,0x6e,0x20,
  0x25,0x31,0x7,0x0,0x0,0x0,0x6,0x46,0x69,0x6c,0x74,0x65,0x72,0x1,0x3,0x0,
  0x0,0x0,0x6,0x0,0x4e,0x0,0x65,0x0,0x75,0x8,0x0,0x0,0x0,0x0,0x6,0x0,
  0x0,0x0,0x3,0x41,0x64,0x64,0x7,0x0,0x0,0x0,0xe,0x46,0x6f,0x72,0x6d,0x43,
  0x6f,0x6e,0x64,0x69,0x74,0x69,0x6f,0x6e,0x73,0x1,0x3,0x0,0x0,0x0,0x1c,0x0,
  0x4e,0x0,0x65,0x0,0x75,0x0,0x65,0x0,0x20,0x0,0x42,0x0,0x65,0x0,0x64,0x0,
  0x69,0x0,0x6e,0x0,0x67,0x0,0x75,0x0,0x6e,0x0,0x67,0x8,0x0,0x0,0x0,0x0,
  0x6,0x0,0x0,0x0,0x11,0x41,0x64,0x64,0x20,0x6e,0x65,0x77,0x20,0x63,0x6f,0x6e,
  0x64,0x69,0x74,0x69,0x6f,0x6e,0x7,0x0,0x0,0x0,0xe,0x46,0x6f,0x72,0x6d,0x43,
  0x6f,0x6e,0x64,0x69,0x74,0x69,0x6f,0x6e,0x73,0x1,0x3,0x0,0x0,0x0,0x2a,0x0,
  0x25,0x0,0x6e,0x0,0x20,0x0,0x42,0x0,0x65,0x0,0x64,0x0,0x69,0x0,0x6e,0x0,
  0x67,0x0,0x75,0x0,0x6e,0x0,0x67,0x0,0x20,0x0,0x6b,0x0,0x6f,0x0,0x70,0x0,
  0x69,0x0,0x65,0x0,0x72,0x0,0x65,0x0,0x6e,0x3,0x0,0x0,0x0,0x2e,0x0,0x25,
  0x0,0x6e,0x0,0x20,0x0,0x42,0x0,0x65,0x0,0x64,0x0,0x69,0x0,0x6e,0x0,0x67,
  0x0,0x75,0x0,0x6e,0x0,0x67,0x0,0x65,0x0,0x6e,0x0,0x20,0x0,0x6b,0x0,0x6f,
  0x0,0x70,0x0,0x69,0x0,0x65,0x0,0x72,0x0,0x65,0x0,0x6e,0x8,0x0,0x0,0x0,
  0x0,0x6,0x0,0x0,0x0,0x14,0x43,0x6f,0x70,0x79,0x20,0x25,0x6e,0x20,0x63,0x6f,
  0x6e,0x64,0x69,0x74,0x69,0x6f,0x6e,0x28,0x73,0x29,0x7,0x0,0x0,0x0,0xe,0x46,
  0x6f,0x72,0x6d,0x43,0x6f,0x6e,0x64,0x69,0x74,0x69,0x6f,0x6e,0x73,0x1,0x3,0x0,
  0x0,0x0,0x32,0x0,0x25,0x0,0x6e,0x0,0x20,0x0,0x42,0x0,0x65,0x0,0x64,0x0,
  0x69,0x0,0x6e,0x0,0x67,0x0,0x75,0x0,0x6e,0x0,0x67,0x0,0x20,0x0,0x61,0x0,
  0x75,0x0,0x73,0x0,0x73,0x0,0x63,0x0,0x68,0x0,0x6e,0x0,0x65,0x0,0x69,0x0,
  0x64,0x0,0x65,0x0,0x6e,0x3,0x0,0x0,0x0,0x36,0x0,0x25,0x0,0x6e,0x0,0x20,
  0x0,0x42,0x0,0x65,0x0,0x64,0x0,0x69,0x0,0x6e,0x0,0x67,0x0,0x75,0x0,0x6e,
  0x0,0x67,0x0,0x65,0x0,0x6e,0x0,0x20,0x0,0x61,0x0,0x75,0x0,0x73,0x0,0x73,
  0x0,0x63,0x0,0x68,0x0,0x6e,0x0,0x65,0x0,0x69,0x0,0x64,0x0,0x65,0x0,0x6e,
  0x8,0x0,0x0,0x0,0x0,0x6,0x0,0x0,0x0,0x13,0x43,0x75,0x74,0x20,0x25,0x6e,
  0x20,0x63,0x6f,0x6e,0x64,0x69,0x74,0x69,0x6f,0x6e,0x28,0x73,0x29,0x7,0x0,0x0,
  0x0,0xe,0x46,0x6f,0x72,0x6d,0x43,0x6f,0x6e,0x64,0x69,0x74,0x69,0x6f,0x6e,0x73,
  0x1,0x3,0x0,0x0,0x0,0x1c,0x0,0x44,0x0,0x65,0x0,0x2d,0x0,0x2f,0x0,0x61,
  0x0,0x6b,0x0,0x74,0x0,0x69,0x0,0x76,0x0,0x69,0x0,0x65,0x0,0x72,0x0,0x65,
  0x0,0x6e,0x8,0x0,0x0,0x0,0x0,0x6,0x0,0x0,0x0,0xb,0x44,0x69,0x73,0x2d,
  0x2f,0x45,0x6e,0x61,0x62,0x6c,0x65,0x7,0x0,0x0,0x0,0xe,0x46,0x6f,0x72,0x6d,
  0x43,0x6f,0x6e,0x64,0x69,0x74,0x69,0x6f,0x6e,0x73,0x1,0x3,0x0,0x0,0x0,0x18,
  0x0,0x44,0x0,0x65,0x0,0x61,0x0,0x6b,0x0,0x74,0x0,0x69,0x0,0x76,0x0,0x69,
  0x0,0x65,0x0,0x72,0x0,0x65,0x0,0x6e,0x8,0x0,0x0,0x0,0x0,0x6,0x0,0x0,
  0x0,0x7,0x44,0x69,0x73,0x61,0x62,0x6c,0x65,0x7,0x0,0x0,0x0,0xe,0x46,0x6f,
  0x72,0x6d,0x43,0x6f,0x6e,0x64,0x69,0x74,0x69,0x6f,0x6e,0x73,0x1,0x3,0x0,0x0,
  0x0,0x14,0x0,0x42,0x0,0x65,0x0,0x61,0x0,0x72,0x0,0x62,0x0,0x65,0x0,0x69,
  0x0,0x74,0x0,0x65,0x0,0x6e,0x8,0x0,0x0,0x0,0x0,0x6,0x0,0x0,0x0,0x4,
  0x45,0x64,0x69,0x74,0x7,0x0,0x0,0x0,0xe,0x46,0x6f,0x72,0x6d,0x43,0x6f,0x6e,
  0x64,0x69,0x74,0x69,0x6f,0x6e,0x73,0x1,0x3,0x0,0x0,0x0,0x28,0x0,0x42,0x0,
  0x65,0x0,0x64,0x0,0x69,0x0,0x6e,0x0,0x67,0x0,0x75,0x0,0x6e,0x0,0x67,0x0,
  0x20,0x0,0x62,0x0,0x65,0x0,0x61,0x0,0x72,0x0,0x62,0x0,0x65,0x0,0x69,0x0,
  0x74,0x0,0x65,0x0,0x6e,0x8,0x0,0x0,0x0,0x0,0x6,0x0,0x0,0x0,0xe,0x45,
  0x64,0x69,0x74,0x20,0x63,0x6f,0x6e,0x64,0x69,0x74,0x69,0x6f,0x6e,0x7,0x0,0x0,
  0x0,0xe,0x46,0x6f,0x72,0x6d,0x43,0x6f,0x6e,0x64,0x69,0x74,0x69,0x6f,0x6e,0x73,
  0x1,0x3,0x0,0x0,0x0,0x14,0x0,0x41,0x0,0x6b,0x0,0x74,0x0,0x69,0x0,0x76,
  0x0,0x69,0x0,0x65,0x0,0x72,0x0,0x65,0x0,0x6e,0x8,0x0,0x0,0x0,0x0,0x6,
  0x0,0x0,0x0,0x6,0x45,0x6e,0x61,0x62,0x6c,0x65,0x7,0x0,0x0,0x0,0xe,0x46,
  0x6f,0x72,0x6d,0x43,0x6f,0x6e,0x64,0x69,0x74,0x69,0x6f,0x6e,0x73,0x1,0x3,0x0,
  0x0,0x0,0x2c,0x0,0x25,0x0,0x6e,0x0,0x20,0x0,0x42,0x0,0x65,0x0,0x64,0x0,
  0x69,0x0,0x6e,0x0,0x67,0x0,0x75,0x0,0x6e,0x0,0x67,0x0,0x20,0x0,0x65,0x0,
  0x69,0x0,0x6e,0x0,0x66,0x0,0xfc,0x0,0x68,0x0,0x67,0x0,0x65,0x0,0x6e,0x3,
  0x0,0x0,0x0,0x30,0x0,0x25,0x0,0x6e,0x0,0x20,0x0,0x42,0x0,0x65,0x0,0x64,
  0x0,0x69,0x0,0x6e,0x0,0x67,0x0,0x75,0x0,0x6e,0x0,0x67,0x0,0x65,0x0,0x6e,
  0x0,0x20,0x0,0x65,0x0,0x69,0x0,0x6e,0x0,0x66,0x0,0xfc,0x0,0x68,0x0,0x67,
  0x0,0x65,0x0,0x6e,0x8,0x0,0x0,0x0,0x0,0x6,0x0,0x0,0x0,0x15,0x50,0x61,
  0x73,0x74,0x65,0x20,0x25,0x6e,0x20,0x63,0x6f,0x6e,0x64,0x69,0x74,0x69,0x6f,0x6e,
  0x28,0x73,0x29,0x7,0x0,0x0,0x0,0xe,0x46,0x6f,0x72,0x6d,0x43,0x6f,0x6e,0x64,
  0x69,0x74,0x69,0x6f,0x6e,0x73,0x1,0x3,0x0,0x0,0x0,0xe,0x0,0x4c,0x0,0xf6,
  0x0,0x73,0x0,0x63,0x0,0x68,0x0,0x65,0x0,0x6e,0x8,0x0,0x0,0x0,0x0,0x6,
  0x0,0x0,0x0,0x6,0x52,0x65,0x6d,0x6f,0x76,0x65,0x7,0x0,0x0,0x0,0xe,0x46,
  0x6f,0x72,0x6d,0x43,0x6f,0x6e,0x64,0x69,0x74,0x69,0x6f,0x6e,0x73,0x1,0x3,0x0,
  0x0,0x0,0x28,0x0,0x25,0x0,0x6e,0x0,0x20,0x0,0x42,0x0,0x65,0x0,0x64,0x0,
  0x69,0x0,0x6e,0x0,0x67,0x0,0x75,0x0,0x6e,0x0,0x67,0x0,0x20,0x0,0x6c,0x0,
  0xf6,0x0,0x73,0x0,0x63,0x0,0x68,0x0,0x65,0x0,0x6e,0x3,0x0,0x0,0x0,0x2c,
  0x0,0x25,0x0,0x6e,0x0,0x20,0x0,0x42,0x0,0x65,0x0,0x64,0x0,0x69,0x0,0x6e,
  0x0,0x67,0x0,0x75,0x0,0x6e,0x0,0x67,0x0,0x65,0x0,0x6e,0x0,0x20,0x0,0x6c,
  0x0,0xf6,0x0,0x73,0x0,0x63,0x0,0x68,0x0,0x65,0x0,0x6e,0x8,0x0,0x0,0x0,
  0x0,0x6,0x0,0x0,0x0,0x16,0x52,0x65,0x6d,0x6f,0x76,0x65,0x20,0x25,0x6e,0x20,
  0x63,0x6f,0x6e,0x64,0x69,0x74,0x69,0x6f,0x6e,0x28,0x73,0x29,0x7,0x0,0x0,0x0,
  0xe,0x46,0x6f,0x72,0x6d,0x43,0x6f,0x6e,0x64,0x69,0x74,0x69,0x6f,0x6e,0x73,0x1,
  0x3,0x0,0x0,0x0,0x18,0x0,0x41,0x0,0x6c,0x0,0x6c,0x0,0x65,0x0,0x20,0x0,
  0x6c,0x0,0xf6,0x0,0x73,0x0,0x63,0x0,0x68,0x0,0x65,0x0,0x6e,0x8,0x0,0x0,
  0x0,0x0,0x6,0x0,0x0,0x0,0xa,0x52,0x65,0x6d,0x6f,0x76,0x65,0x20,0x61,0x6c,
  0x6c,0x7,0x0,0x0,0x0,0xe,0x46,0x6f,0x72,0x6d,0x43,0x6f,0x6e,0x64,0x69,0x74,
  0x69,0x6f,0x6e,0x73,0x1,0x3,0x0,0x0,0x0,0x14,0x0,0x55,0x0,0x6d,0x0,0x73,
  0x0,0x63,0x0,0x68,0x0,0x61,0x0,0x6c,0x0,0x74,0x0,0x65,0x0,0x6e,0x8,0x0,
  0x0,0x0,0x0,0x6,0x0,0x0,0x0,0x6,0x54,0x6f,0x67,0x67,0x6c,0x65,0x7,0x0,
  0x0,0x0,0xe,0x46,0x6f,0x72,0x6d,0x43,0x6f,0x6e,0x64,0x69,0x74,0x69,0x6f,0x6e,
  0x73,0x1,0x3,0xff,0xff,0xff,0xff,0x8,0x0,0x0,0x0,0x0,0x6,0x0,0x0,0x0,
  0x10,0x25,0x31,0x20,0x25,0x32,0x20,0x36,0x35,0x35,0x33,0x36,0x20,0x3d,0x20,0x25,
  0x33,0x7,0x0,0x0,0x0,0x9,0x46,0x6f,0x72,0x6d,0x47,0x65,0x6e,0x34,0x38,0x1,
  0x3,0xff,0xff,0xff,0xff,0x8,0x0,0x0,0x0,0x0,0x6,0x0,0x0,0x0,0x3,0x2e,
  0x2e,0x2e,0x7,0x0,0x0,0x0,0x9,0x46,0x6f,0x72,0x6d,0x47,0x65,0x6e,0x34,0x38,
  0x1,0x3,0xff,0xff,0xff,0xff,0x8,0x0,0x0,0x0,0x0,0x6,0x0,0x0,0x0,0x1,
  0x30,0x7,0x0,0x0,0x0,0x9,0x46,0x6f,0x72,0x6d,0x47,0x65,0x6e,0x34,0x38,0x1,
  0x3,0x0,0x0,0x0,0x1c,0x0,0x53,0x0,0x74,0x0,0x72,0x0,0x75,0x0,0x6b,0x0,
  0x74,0x0,0x75,0x0,0x72,0x0,0x20,0x0,0x53,0x0,0x61,0x0,0x6c,0x0,0x74,0x0,
  0x3a,0x8,0x0,0x0,0x0,0x0,0x6,0x0,0x0,0x0,0x13,0x41,0x64,0x64,0x20,0x73,
  0x74,0x72,0x75,0x63,0x74,0x75,0x72,0x65,0x20,0x73,0x61,0x6c,0x74,0x3a,0x7,0x0,
  0x0,0x0,0x9,0x46,0x6f,0x72,0x6d,0x47,0x65,0x6e,0x34,0x38,0x1,0x3,0x0,0x0,
  0x0,0x8,0x0,0x41,0x0,0x75,0x0,0x74,0x0,0x6f,0x8,0x0,0x0,0x0,0x0,0x6,
  0x0,0x0,0x0,0x4,0x41,0x75,0x74,0x6f,0x7,0x0,0x0,0x0,0x9,0x46,0x6f,0x72,
  0x6d,0x47,0x65,0x6e,0x34,0x38,0x1,0x3,0x0,0x0,0x0,0x14,0x0,0x41,0x0,0x75,
  0x0,0x74,0x0,0x6f,0x0,0x2f,0x0,0x4b,0x0,0x65,0x0,0x69,0x0,0x6e,0x0,0x65,
  0x8,0x0,0x0,0x0,0x0,0x6,0x0,0x0,0x0,0x9,0x41,0x75,0x74,0x6f,0x2f,0x4e,
  0x6f,0x6e,0x65,0x7,0x0,0x0,0x0,0x9,0x46,0x6f,0x72,0x6d,0x47,0x65,0x6e,0x34,
  0x38,0x1,0x3,0x0,0x0,0x0,0x52,0x0,0x47,0x0,0x65,0x0,0x65,0x0,0x69,0x0,
  0x67,0x0,0x6e,0x0,0x65,0x0,0x74,0x0,0x65,0x0,0x20,0x0,0x4f,0x0,0x70,0x0,
  0x74,0x0,0x69,0x0,0x6f,0x0,0x6e,0x0,0x65,0x0,0x6e,0x0,0x20,0x0,0x61,0x0,
  0x75,0x0,0x74,0x0,0x6f,0x0,0x6d,0x0,0x61,0x0,0x74,0x0,0x69,0x0,0x73,0x0,
  0x63,0x0,0x68,0x0,0x20,0x0,0x61,0x0,0x75,0x0,0x73,0x0,0x77,0x0,0xe4,0x0,
  0x68,0x0,0x6c,0x0,0x65,0x0,0x6e,0x0,0x2e,0x8,0x0,0x0,0x0,0x0,0x6,0x0,
  0x0,0x0,0x3a,0x41,0x75,0x74,0x6f,0x6d,0x61,0x74,0x69,0x63,0x61,0x6c,0x6c,0x79,
  0x20,0x73,0x65,0x6c,0x65,0x63,0x74,0x20,0x73,0x75,0x69,0x74,0x61,0x62,0x6c,0x65,
  0x20,0x6f,0x70,0x74,0x69,0x6f,0x6e,0x73,0x20,0x62,0x61,0x73,0x65,0x64,0x20,0x6f,
  0x6e,0x20,0x63,0x6f,0x6e,0x64,0x69,0x74,0x69,0x6f,0x6e,0x73,0x2e,0x7,0x0,0x0,
  0x0,0x9,0x46,0x6f,0x72,0x6d,0x47,0x65,0x6e,0x34,0x38,0x1,0x3,0x0,0x0,0x0,
  0x64,0x0,0x34,0x0,0x38,0x0,0x2d,0x0,0x42,0x0,0x69,0x0,0x74,0x0,0x20,0x0,
  0x53,0x0,0x65,0x0,0x65,0x0,0x64,0x0,0x6c,0x0,0x69,0x0,0x73,0x0,0x74,0x0,
  0x65,0x0,0x20,0x0,0x6b,0x0,0x6f,0x0,0x6e,0x0,0x6e,0x0,0x74,0x0,0x65,0x0,
  0x20,0x0,0x6e,0x0,0x69,0x0,0x63,0x0,0x68,0x0,0x74,0x0,0x20,0x0,0x67,0x0,
  0x65,0x0,0x6c,0x0,0x61,0x0,0x64,0x0,0x65,0x0,0x6e,0x0,0x20,0x0,0x77,0x0,
  0x65,0x0,0x72,0x0,0x64,0x0,0x65,0x0,0x6e,0x0,0x3a,0x0,0xa,0x0,0x22,0x0,
  0x25,0x0,0x31,0x0,0x22,0x8,0x0,0x0,0x0,0x0,0x6,0x0,0x0,0x0,0x2f,0x46,
  0x61,0x69,0x6c,0x65,0x64,0x20,0x74,0x6f,0x20,0x6c,0x6f,0x61,0x64,0x20,0x34,0x38,
  0x2d,0x62,0x69,0x74,0x20,0x73,0x65,0x65,0x64,0x20,0x6c,0x69,0x73,0x74,0x20,0x66,
  0x72,0x6f,0x6d,0x20,0x66,0x69,0x6c,0x65,0x3a,0xa,0x22,0x25,0x31,0x22,0x7,0x0,
  0x0,0x0,0x9,0x46,0x6f,0x72,0x6d,0x47,0x65,0x6e,0x34,0x38,0x1,0x3,0xff,0xff,
  0xff,0xff,0x8,0x0,0x0,0x0,0x0,0x6,0x0,0x0,0x0,0x4,0x46,0x6f,0x72,0x6d,
  0x7,0x0,0x0,0x0,0x9,0x46,0x6f,0x72,0x6d,0x47,0x65,0x6e,0x34,0x38,0x1,0x3,
  0x0,0x0,0x0,0x2e,0x0,0x34,0x0,0x38,0x0,0x2d,0x0,0x42,0x0,0x69,0x0,0x74,
  0x0,0x20,0x0,0x53,0x0,0x65,0x0,0x65,0x0,0x64,0x0,0x6c,0x0,0x69,0x0,0x73,
  0x0,0x74,0x0,0x65,0x0,0x20,0x0,0x6c,0x0,0x61,0x0,0x64,0x0,0x65,0x0,0x6e,
  0x0,0x3a,0x8,0x0,0x0,0x0,0x0,0x6,0x0,0x0,0x0,0x16,0x4c,0x6f,0x61,0x64,
  0x20,0x34,0x38,0x2d,0x62,0x69,0x74,0x20,0x73,0x65,0x65,0x64,0x20,0x6c,0x69,0x73,
  0x74,0x3a,0x7,0x0,0x0,0x0,0x9,0x46,0x6f,0x72,0x6d,0x47,0x65,0x6e,0x34,0x38,
  0x1,0x3,0x0,0x0,0x0,0x1e,0x0,0x53,0x0,0x65,0x0,0x65,0x0,0x64,0x0,0x6c,
  0x0,0x69,0x0,0x73,0x0,0x74,0x0,0x65,0x0,0x20,0x0,0x6c,0x0,0x61,0x0,0x64,
  0x0,0x65,0x0,0x6e,0x8,0x0,0x0,0x0,0x0,0x6,0x0,0x0,0x0,0xe,0x4c,0x6f,
  0x61,0x64,0x20,0x73,0x65,0x65,0x64,0x20,0x6c,0x69,0x73,0x74,0x7,0x0,0x0,0x0,
  0x9,0x46,0x6f,0x72,0x6d,0x47,0x65,0x6e,0x34,0x38,0x1,0x3,0x0,0x0,0x0,0x3c,
  0x0,0x55,0x0,0x6e,0x0,0x74,0x0,0x65,0x0,0x72,0x0,0x65,0x0,0x20,0x0,0x47,
  0x0,0x72,0x0,0x65,0x0,0x6e,0x0,0x7a,0x0,0x65,0x0,0x20,0x0,0x28,0x0,0x65,
  0x0,0x69,0x0,0x6e,0x0,0x73,0x0,0x63,0x0,0x68,0x0,0x6c,0x0,0x69,0x0,0x65,
  0x0,0xdf,0x0,0x6c,0x0,0x69,0x0,0x63,0x0,0x68,0x0,0x29,0x8,0x0,0x0,0x0,
  0x0,0x6,0x0,0x0,0x0,0x17,0x4c,0x6f,0x77,0x65,0x72,0x20,0x62,0x6f,0x75,0x6e,
  0x64,0x20,0x28,0x69,0x6e,0x63,0x6c,0x75,0x73,0x69,0x76,0x65,0x29,0x7,0x0,0x0,
  0x0,0x9,0x46,0x6f,0x72,0x6d,0x47,0x65,0x6e,0x34,0x38,0x1,0x3,0x0,0x0,0x0,
  0xe,0x0,0x4d,0x0,0x61,0x0,0x6e,0x0,0x75,0x0,0x65,0x0,0x6c,0x0,0x6c,0x8,
  0x0,0x0,0x0,0x0,0x6,0x0,0x0,0x0,0x6,0x4d,0x61,0x6e,0x75,0x61,0x6c,0x7,
  0x0,0x0,0x0,0x9,0x46,0x6f,0x72,0x6d,0x47,0x65,0x6e,0x34,0x38,0x1,0x3,0x0,
  0x0,0x0,0x2c,0x0,0x4d,0x0,0x69,0x0,0x6e,0x0,0x2e,0x0,0x20,0x0,0x4d,0x0,
  0x6f,0x0,0x6e,0x0,0x75,0x0,0x6d,0x0,0x65,0x0,0x6e,0x0,0x74,0x0,0x20,0x0,
  0x42,0x0,0x65,0x0,0x72,0x0,0x65,0x0,0x69,0x0,0x63,0x0,0x68,0x0,0x3a,0x8,
  0x0,0x0,0x0,0x0,0x6,0x0,0x0,0x0,0x13,0x4d,0x69,0x6e,0x2e,0x20,0x6d,0x6f,
  0x6e,0x75,0x6d,0x65,0x6e,0x74,0x20,0x61,0x72,0x65,0x61,0x3a,0x7,0x0,0x0,0x0,
  0x9,0x46,0x6f,0x72,0x6d,0x47,0x65,0x6e,0x34,0x38,0x1,0x3,0x0,0x0,0x1,0x30,
  0x0,0x47,0x0,0x72,0x0,0xf6,0x0,0xdf,0x0,0x65,0x0,0x20,0x0,0x64,0x0,0x65,
  0x0,0x73,0x0,0x20,0x0,0x70,0x0,0x6c,0x0,0x61,0x0,0x6e,0x0,0x61,0x0,0x72,
  0x0,0x65,0x0,0x6e,0x0,0x20,0x0,0x53,0x0,0x70,0x0,0x61,0x0,0x77,0x0,0x6e,
  0x0,0x62,0x0,0x65,0x0,0x72,0x0,0x65,0x0,0x69,0x0,0x63,0x0,0x68,0x0,0x73,
  0x0,0x20,0x0,0x69,0x0,0x6e,0x0,0x6e,0x0,0x65,0x0,0x72,0x0,0x68,0x0,0x61,
  0x0,0x6c,0x0,0x62,0x0,0x20,0x0,0x64,0x0,0x65,0x0,0x72,0x0,0x20,0x0,0x4d,
  0x0,0x6f,0x0,0x6e,0x0,0x75,0x0,0x6d,0x0,0x65,0x0,0x6e,0x0,0x74,0x0,0x65,
  0x0,0x20,0x0,0x77,0x0,0x61,0x0,0x73,0x0,0x20,0x0,0x69,0x0,0x6e,0x0,0x20,
  0x0,0x31,0x0,0x32,0x0,0x38,0x0,0x2d,0x0,0x42,0x0,0x6c,0x0,0x6f,0x0,0x63,
  0x0,0x6b,0x0,0x20,0x0,0x52,0x0,0x65,0x0,0x69,0x0,0x63,0x0,0x68,0x0,0x77,
  0x0,0x65,0x0,0x69,0x0,0x74,0x0,0x65,0x0,0x20,0x0,0x76,0x0,0x6f,0x0,0x6d,
  0x0,0x20,0x0,0x5a,0x0,0x65,0x0,0x6e,0x0,0x74,0x0,0x72,0x0,0x75,0x0,0x6d,
  0x0,0x20,0x0,0x6c,0x0,0x69,0x0,0x65,0x0,0x67,0x0,0x74,0x0,0xa,0x0,0x28,
  0x0,0x41,0x0,0x6c,0x0,0x73,0x0,0x6f,0x0,0x20,0x0,0x65,0x0,0x69,0x0,0x6e,
  0x0,0x65,0x0,0x20,0x0,0x46,0x0,0x6f,0x0,0x72,0x0,0x6d,0x0,0x20,0x0,0x76,
  0x0,0x6f,0x0,0x6e,0x0,0x20,0x0,0x51,0x0,0x75,0x0,0x61,0x0,0x6c,0x0,0x69,
  0x0,0x74,0x0,0xe4,0x0,0x74,0x0,0x73,0x0,0x6d,0x0,0x65,0x0,0x73,0x0,0x73,
  0x0,0x75,0x0,0x6e,0x0,0x67,0x0,0x20,0x0,0x61,0x0,0x75,0x0,0x73,0x0,0x20,
  0x0,0x34,0x0,0x2a,0x0,0x35,0x0,0x38,0x0,0x2a,0x0,0x35,0x0,0x38,0x0,0x29,
  0x8,0x0,0x0,0x0,0x0,0x6,0x0,0x0,0x0,0x92,0x4e,0x75,0x6d,0x62,0x65,0x72,
  0x20,0x6f,0x66,0x20,0x70,0x6c,0x61,0x6e,0x61,0x72,0x20,0x73,0x70,0x61,0x77,0x6e,
  0x69,0x6e,0x67,0x20,0x73,0x70,0x61,0x63,0x65,0x73,0x20,0x69,0x6e,0x73,0x69,0x64,
  0x65,0x20,0x6d,0x6f,0x6e,0x75,0x6d,0x65,0x6e,0x74,0x73,0x20,0x74,0x68,0x61,0x74,
  0x20,0x61,0x72,0x65,0x20,0x77,0x69,0x74,0x68,0x69,0x6e,0x20,0x31,0x32,0x38,0x20,
  0x62,0x6c,0x6f,0x63,0x6b,0x73,0x20,0x6f,0x66,0x20,0x61,0x20,0x63,0x65,0x6e,0x74,
  0x65,0x72,0x20,0x70,0x6f,0x73,0x69,0x74,0x69,0x6f,0x6e,0xa,0x28,0x69,0x2e,0x65,
  0x2e,0x20,0x74,0x68,0x69,0x73,0x20,0x69,0x73,0x20,0x61,0x20,0x6d,0x65,0x61,0x73,
  0x75,0x72,0x65,0x20,0x71,0x75,0x61,0x6c,0x69,0x74,0x79,0x2c,0x20,0x6f,0x75,0x74,
  0x20,0x6f,0x66,0x20,0x34,0x2a,0x35,0x38,0x2a,0x35,0x38,0x29,0x7,0x0,0x0,0x0,
  0x9,0x46,0x6f,0x72,0x6d,0x47,0x65,0x6e,0x34,0x38,0x1,0x3,0x0,0x0,0x0,0x1a,
  0x0,0x51,0x0,0x75,0x0,0x61,0x0,0x64,0x0,0x2d,0x0,0x53,0x0,0x74,0x0,0x72,
  0x0,0x75,0x0,0x6b,0x0,0x74,0x0,0x75,0x0,0x72,0x8,0x0,0x0,0x0,0x0,0x6,
  0x0,0x0,0x0,0xc,0x51,0x75,0x61,0x64,0x2d,0x66,0x65,0x61,0x74,0x75,0x72,0x65,
  0x7,0x0,0x0,0x0,0x9,0x46,0x6f,0x72,0x6d,0x47,0x65,0x6e,0x34,0x38,0x1,0x3,
  0x0,0x0,0x0,0x42,0x0,0x51,0x0,0x75,0x0,0x61,0x0,0x64,0x0,0x2d,0x0,0x53,
  0x0,0x74,0x0,0x72,0x0,0x75,0x0,0x6b,0x0,0x74,0x0,0x75,0x0,0x72,0x0,0x20,
  0x0,0x28,0x0,0x49,0x0,0x64,0x0,0x65,0x0,0x61,0x0,0x6c,0x0,0x2c,0x0,0x20,
  0x0,0x45,0x0,0x78,0x0,0x74,0x0,0x72,0x0,0x61,0x0,0x20,0x0,0x53,0x0,0x61,
  0x0,0x6c,0x0,0x74,0x0,0x29,0x8,0x0,0x0,0x0,0x0,0x6,0x0,0x0,0x0,0x21,
  0x51,0x75,0x61,0x64,0x2d,0x66,0x65,0x61,0x74,0x75,0x72,0x65,0x20,0x28,0x69,0x64,
  0x65,0x61,0x6c,0x2c,0x20,0x63,0x75,0x73,0x74,0x6f,0x6d,0x20,0x73,0x61,0x6c,0x74,
  0x29,0x7,0x0,0x0,0x0,0x9,0x46,0x6f,0x72,0x6d,0x47,0x65,0x6e,0x34,0x38,0x1,
  0x3,0x0,0x0,0x0,0x24,0x0,0x51,0x0,0x75,0x0,0x61,0x0,0x64,0x0,0x2d,0x0,
  0x48,0x0,0x75,0x0,0x74,0x0,0x20,0x0,0x28,0x0,0x44,0x0,0xfc,0x0,0x72,0x0,
  0x66,0x0,0x74,0x0,0x69,0x0,0x67,0x0,0x29,0x8,0x0,0x0,0x0,0x0,0x6,0x0,
  0x0,0x0,0x11,0x51,0x75,0x61,0x64,0x2d,0x68,0x75,0x74,0x20,0x28,0x62,0x61,0x72,
  0x65,0x6c,0x79,0x29,0x7,0x0,0x0,0x0,0x9,0x46,0x6f,0x72,0x6d,0x47,0x65,0x6e,
  0x34,0x38,0x1,0x3,0x0,0x0,0x0,0x28,0x0,0x51,0x0,0x75,0x0,0x61,0x0,0x64,
  0x0,0x2d,0x0,0x48,0x0,0x75,0x0,0x74,0x0,0x20,0x0,0x28,0x0,0x4b,0x0,0x6c,
  0x0,0x61,0x0,0x73,0x0,0x73,0x0,0x69,0x0,0x73,0x0,0x63,0x0,0x68,0x0,0x29,
  0x8,0x0,0x0,0x0,0x0,0x6,0x0,0x0,0x0,0x12,0x51,0x75,0x61,0x64,0x2d,0x68,
  0x75,0x74,0x20,0x28,0x63,0x6c,0x61,0x73,0x73,0x69,0x63,0x29,0x7,0x0,0x0,0x0,
  0x9,0x46,0x6f,0x72,0x6d,0x47,0x65,0x6e,0x34,0x38,0x1,0x3,0x0,0x0,0x0,0x20,
  0x0,0x51,0x0,0x75,0x0,0x61,0x0,0x64,0x0,0x2d,0x0,0x48,0x0,0x75,0x0,0x74,
  0x0,0x20,0x0,0x28,0x0,0x49,0x0,0x64,0x0,0x65,0x0,0x61,0x0,0x6c,0x0,0x29,
  0x8,0x0,0x0,0x0,0x0,0x6,0x0,0x0,0x0,0x10,0x51,0x75,0x61,0x64,0x2d,0x68,
  0x75,0x74,0x20,0x28,0x69,0x64,0x65,0x61,0x6c,0x29,0x7,0x0,0x0,0x0,0x9,0x46,
  0x6f,0x72,0x6d,0x47,0x65,0x6e,0x34,0x38,0x1,0x3,0x0,0x0,0x0,0x22,0x0,0x51,
  0x0,0x75,0x0,0x61,0x0,0x64,0x0,0x2d,0x0,0x48,0x0,0x75,0x0,0x74,0x0,0x20,
  0x0,0x28,0x0,0x4e,0x0,0x6f,0x0,0x72,0x0,0x6d,0x0,0x61,0x0,0x6c,0x0,0x29,
  0x8,0x0,0x0,0x0,0x0,0x6,0x0,0x0,0x0,0x11,0x51,0x75,0x61,0x64,0x2d,0x68,
  0x75,0x74,0x20,0x28,0x6e,0x6f,0x72,0x6d,0x61,0x6c,0x29,0x7,0x0,0x0,0x0,0x9,
  0x46,0x6f,0x72,0x6d,0x47,0x65,0x6e,0x34,0x38,0x1,0x3,0x0,0x0,0x0,0x1a,0x0,
  0x51,0x0,0x75,0x0,0x61,0x0,0x64,0x0,0x2d,0x0,0x4d,0x0,0x6f,0x0,0x6e,0x0,
  0x75,0x0,0x6d,0x0,0x65,0x0,0x6e,0x0,0x74,0x8,0x0,0x0,0x0,0x0,0x6,0x0,
  0x0,0x0,0xd,0x51,0x75,0x61,0x64,0x2d,0x6d,0x6f,0x6e,0x75,0x6d,0x65,0x6e,0x74,
  0x7,0x0,0x0,0x0,0x9,0x46,0x6f,0x72,0x6d,0x47,0x65,0x6e,0x34,0x38,0x1,0x3,
  0x0,0x0,0x0,0x42,0x0,0x44,0x0,0x61,0x0,0x74,0x0,0x65,0x0,0x69,0x0,0x70,
  0x0,0x66,0x0,0x61,0x0,0x64,0x0,0x20,0x0,0x64,0x0,0x65,0x0,0x72,0x0,0x20,
  0x0,0x4c,0x0,0x69,0x0,0x73,0x0,0x74,0x0,0x65,0x0,0x20,0x0,0x7a,0x0,0x75,
  0x0,0x72,0x0,0xfc,0x0,0x63,0x0,0x6b,0x0,0x73,0x0,0x65,0x0,0x74,0x0,0x7a,
  0x0,0x65,0x0,0x6e,0x0,0x3f,0x8,0x0,0x0,0x0,0x0,0x6,0x0,0x0,0x0,0x10,
  0x52,0x65,0x73,0x65,0x74,0x20,0x6c,0x69,0x73,0x74,0x20,0x70,0x61,0x74,0x68,0x3f,
  0x7,0x0,0x0,0x0,0x9,0x46,0x6f,0x72,0x6d,0x47,0x65,0x6e,0x34,0x38,0x1,0x3,
  0x0,0x0,0x0,0x30,0x0,0x55,0x0,0x6e,0x0,0x74,0x0,0x65,0x0,0x72,0x0,0x65,
  0x0,0x20,0x0,0x42,0x0,0x69,0x0,0x74,0x0,0x73,0x0,0x20,0x0,0x62,0x0,0x65,
  0x0,0x73,0x0,0x63,0x0,0x68,0x0,0x72,0x0,0xe4,0x0,0x6e,0x0,0x6b,0x0,0x65,
  0x0,0x6e,0x0,0x3a,0x8,0x0,0x0,0x0,0x0,0x6,0x0,0x0,0x0,0x14,0x52,0x65,
  0x73,0x74,0x72,0x69,0x63,0x74,0x20,0x6c,0x6f,0x77,0x65,0x72,0x20,0x62,0x69,0x74,
  0x73,0x3a,0x7,0x0,0x0,0x0,0x9,0x46,0x6f,0x72,0x6d,0x47,0x65,0x6e,0x34,0x38,
  0x1,0x3,0x0,0x0,0x0,0x12,0x0,0x53,0x0,0x65,0x0,0x65,0x0,0x64,0x0,0x6c,
  0x0,0x69,0x0,0x73,0x0,0x74,0x0,0x65,0x8,0x0,0x0,0x0,0x0,0x6,0x0,0x0,
  0x0,0x9,0x53,0x65,0x65,0x64,0x20,0x6c,0x69,0x73,0x74,0x7,0x0,0x0,0x0,0x9,
  0x46,0x6f,0x72,0x6d,0x47,0x65,0x6e,0x34,0x38,0x1,0x3,0x0,0x0,0x0,0x24,0x0,
  0x53,0x0,0x65,0x0,0x65,0x0,0x64,0x0,0x73,0x0,0x20,0x0,0x69,0x0,0x6d,0x0,
  0x20,0x0,0x53,0x0,0x75,0x0,0x63,0x0,0x68,0x0,0x72,0x0,0x61,0x0,0x75,0x0,
  0x6d,0x0,0x3a,0x8,0x0,0x0,0x0,0x0,0x6,0x0,0x0,0x0,0x16,0x53,0x65,0x65,
  0x64,0x73,0x20,0x69,0x6e,0x20,0x73,0x65,0x61,0x72,0x63,0x68,0x20,0x73,0x70,0x61,
  0x63,0x65,0x3a,0x7,0x0,0x0,0x0,0x9,0x46,0x6f,0x72,0x6d,0x47,0x65,0x6e,0x34,
  0x38,0x1,0x3,0x0,0x0,0x1,0x2e,0x0,0x57,0x0,0xe4,0x0,0x68,0x0,0x6c,0x0,
  0x74,0x0,0x20,0x0,0x53,0x0,0x65,0x0,0x65,0x0,0x64,0x0,0x73,0x0,0x20,0x0,
  0x62,0x0,0x65,0x0,0x69,0x0,0x20,0x0,0x77,0x0,0x65,0x0,0x6c,0x0,0x63,0x0,
  0x68,0x0,0x65,0x0,0x6e,0x0,0x20,0x0,0x64,0x0,0x69,0x0,0x65,0x0,0x20,0x0,
  0x75,0x0,0x6e,0x0,0x74,0x0,0x65,0x0,0x72,0x0,0x65,0x0,0x6e,0x0,0x20,0x0,
  0x32,0x0,0x30,0x0,0x20,0x0,0x42,0x0,0x69,0x0,0x74,0x0,0x73,0x0,0x20,0x0,
  0x65,0x0,0x69,0x0,0x6e,0x0,0x65,0x0,0x20,0x0,0x64,0x0,0x65,0x0,0x72,0x0,
  0x20,0x0,0x51,0x0,0x75,0x0,0x61,0x0,0x64,0x0,0x2d,0x0,0x53,0x0,0x74,0x0,
  0x72,0x0,0x75,0x0,0x6b,0x0,0x74,0x0,0x75,0x0,0x72,0x0,0x20,0x0,0x4b,0x0,
  0x6f,0x0,0x6e,0x0,0x73,0x0,0x74,0x0,0x65,0x0,0x6c,0x0,0x6c,0x0,0x61,0x0,
  0x74,0x0,0x69,0x0,0x6f,0x0,0x6e,0x0,0x65,0x0,0x6e,0x0,0x20,0x0,0x75,0x0,
  0x6e,0x0,0x74,0x0,0x65,0x0,0x72,0x0,0x73,0x0,0x74,0x0,0xfc,0x0,0x7a,0x0,
  0x74,0x0,0xa,0x0,0x4e,0x0,0x75,0x0,0x72,0x0,0x20,0x0,0x66,0x0,0xfc,0x0,
  0x72,0x0,0x20,0x0,0x53,0x0,0x74,0x0,0x72,0x0,0x75,0x0,0x6b,0x0,0x74,0x0,
  0x75,0x0,0x72,0x0,0x65,0x0,0x6e,0x0,0x20,0x0,0x6d,0x0,0x69,0x0,0x74,0x0,
  0x20,0x0,0x72,0x0,0x65,0x0,0x67,0x0,0x69,0x0,0x6f,0x0,0x6e,0x0,0x2d,0x0,
  0x73,0x0,0x69,0x0,0x7a,0x0,0x65,0x0,0x20,0x0,0x3d,0x0,0x20,0x0,0x33,0x0,
  0x32,0x0,0x20,0x0,0x75,0x0,0x6e,0x0,0x64,0x0,0x20,0x0,0x63,0x0,0x68,0x0,
  0x75,0x0,0x6e,0x0,0x6b,0x0,0x2d,0x0,0x67,0x0,0x61,0x0,0x70,0x0,0x20,0x0,
  0x3d,0x0,0x20,0x0,0x38,0x8,0x0,0x0,0x0,0x0,0x6,0x0,0x0,0x0,0xca,0x53,
  0x65,0x6c,0x65,0x63,0x74,0x73,0x20,0x61,0x20,0x73,0x65,0x74,0x20,0x6f,0x66,0x20,
  0x76,0x61,0x6c,0x75,0x65,0x73,0x20,0x66,0x6f,0x72,0x20,0x74,0x68,0x65,0x20,0x6c,
  0x6f,0x77,0x65,0x72,0x20,0x32,0x30,0x2d,0x62,0x69,0x74,0x73,0x20,0x6f,0x66,0x20,
  0x74,0x68,0x65,0x20,0x73,0x65,0x65,0x64,0x2c,0x20,0x63,0x6f,0x72,0x72,0x65,0x73,
  0x70,0x6f,0x6e,0x64,0x69,0x6e,0x67,0x20,0x74,0x6f,0x20,0x71,0x75,0x61,0x64,0x2d,
  0x66,0x65,0x61,0x74,0x75,0x72,0x65,0x20,0x63,0x6f,0x6e,0x73,0x74,0x65,0x6c,0x6c,
  0x61,0x74,0x69,0x6f,0x6e,0x73,0xa,0x41,0x70,0x70,0x6c,0x69,0x65,0x73,0x20,0x6f,
  0x6e,0x6c,0x79,0x20,0x74,0x6f,0x20,0x66,0x65,0x61,0x74,0x75,0x72,0x65,0x2d,0x73,
  0x74,0x72,0x75,0x63,0x74,0x75,0x72,0x65,0x73,0x20,0x6f,0x66,0x20,0x72,0x65,0x67,
  0x69,0x6f,0x6e,0x2d,0x73,0x69,0x7a,0x65,0x20,0x3d,0x20,0x33,0x32,0x20,0x61,0x6e,
  0x64,0x20,0x63,0x68,0x75,0x6e,0x6b,0x2d,0x67,0x61,0x70,0x20,0x3d,0x20,0x38,0x2c,
  0x20,0x69,0x6e,0x20,0x70,0x61,0x72,0x74,0x69,0x63,0x75,0x6c,0x61,0x72,0x20,0x73,
  0x77,0x61,0x6d,0x70,0x2d,0x68,0x75,0x74,0x73,0x7,0x0,0x0,0x0,0x9,0x46,0x6f,
  0x72,0x6d,0x47,0x65,0x6e,0x34,0x38,0x1,0x3,0x0,0x0,0x0,0x4a,0x0,0x54,0x0,
  0x65,0x0,0x78,0x0,0x74,0x0,0x64,0x0,0x61,0x0,0x74,0x0,0x65,0x0,0x69,0x0,
  0x65,0x0,0x6e,0x0,0x20,0x0,0x28,0x0,0x2a,0x0,0x2e,0x0,0x74,0x0,0x78,0x0,
  0x74,0x0,0x29,0x0,0x3b,0x0,0x3b,0x0,0x41,0x0,0x6c,0x0,0x6c,0x0,0x65,0x0,
  0x20,0x0,0x44,0x0,0x61,0x0,0x74,0x0,0x65,0x0,0x69,0x0,0x65,0x0,0x6e,0x0,
  0x20,0x0,0x28,0x0,0x2a,0x0,0x29,0x8,0x0,0x0,0x0,0x0,0x6,0x0,0x0,0x0,
  0x21,0x54,0x65,0x78,0x74,0x20,0x66,0x69,0x6c,0x65,0x73,0x20,0x28,0x2a,0x2e,0x74,
  0x78,0x74,0x29,0x3b,0x3b,0x41,0x6e,0x79,0x20,0x66,0x69,0x6c,0x65,0x73,0x20,0x28,
  0x2a,0x29,0x7,0x0,0x0,0x0,0x9,0x46,0x6f,0x72,0x6d,0x47,0x65,0x6e,0x34,0x38,
  0x1,0x3,0x0,0x0,0x0,0x48,0x0,0x52,0x0,0x65,0x0,0x67,0x0,0x69,0x0,0x6f,
  0x0,0x6e,0x0,0x20,0x0,0x74,0x0,0x72,0x0,0x61,0x0,0x6e,0x0,0x70,0x0,0x6f,
  0x0,0x6e,0x0,0x69,0x0,0x65,0x0,0x72,0x0,0x65,0x0,0x6e,0x0,0x20,0x0,0x28,
  0x0,0x73,0x0,0x6b,0x0,0x61,0x0,0x6c,0x0,0x69,0x0,0x65,0x0,0x72,0x0,0x74,
  0x0,0x20,0x0,0xd7,0x0,0x35,0x0,0x31,0x0,0x32,0x0,0x29,0x0,0x3a,0x8,0x0,
  0x0,0x0,0x0,0x6,0x0,0x0,0x0,0x2b,0x54,0x72,0x61,0x6e,0x73,0x70,0x6f,0x73,
  0x65,0x20,0x62,0x79,0x20,0x72,0x65,0x67,0x69,0x6f,0x6e,0x73,0x20,0x28,0x6d,0x75,
  0x6c,0x74,0x69,0x70,0x6c,0x69,0x65,0x64,0x20,0x62,0x79,0x20,0xc3,0x97,0x35,0x31,
  0x32,0x29,0x3a,0x7,0x0,0x0,0x0,0x9,0x46,0x6f,0x72,0x6d,0x47,0x65,0x6e,0x34,
  0x38,0x1,0x3,0x0,0x0,0x0,0x3a,0x0,0x4f,0x0,0x62,0x0,0x65,0x0,0x72,0x0,
  0x65,0x0,0x20,0x0,0x47,0x0,0x72,0x0,0x65,0x0,0x6e,0x0,0x7a,0x0,0x65,0x0,
  0x20,0x0,0x28,0x0,0x65,0x0,0x69,0x0,0x6e,0x0,0x73,0x0,0x63,0x0,0x68,0x0,
  0x6c,0x0,0x69,0x0,0x65,0x0,0xdf,0x0,0x6c,0x0,0x69,0x0,0x63,0x0,0x68,0x0,
  0x29,0x8,0x0,0x0,0x0,0x0,0x6,0x0,0x0,0x0,0x17,0x55,0x70,0x70,0x65,0x72,
  0x20,0x62,0x6f,0x75,0x6e,0x64,0x20,0x28,0x69,0x6e,0x63,0x6c,0x75,0x73,0x69,0x76,
  0x65,0x29,0x7,0x0,0x0,0x0,0x9,0x46,0x6f,0x72,0x6d,0x47,0x65,0x6e,0x34,0x38,
  0x1,0x3,0x0,0x0,0x0,0x48,0x0,0x51,0x0,0x75,0x0,0x65,0x0,0x6c,0x0,0x6c,
  0x0,0x64,0x0,0x61,0x0,0x74,0x0,0x65,0x0,0x69,0x0,0x20,0x0,0x66,0x0,0xfc,
  0x0,0x72,0x0,0x20,0x0,0x34,0x0,0x38,0x0,0x2d,0x0,0x42,0x0,0x69,0x0,0x74,
  0x0,0x20,0x0,0x53,0x0,0x65,0x0,0x65,0x0,0x64,0x0,0x6b,0x0,0x61,0x0,0x6e,
  0x0,0x64,0x0,0x69,0x0,0x64,0x0,0x61,0x0,0x74,0x0,0x65,0x0,0x6e,0x8,0x0,
  0x0,0x0,0x0,0x6,0x0,0x0,0x0,0x3b,0x55,0x73,0x65,0x20,0x61,0x20,0x63,0x75,
  0x73,0x74,0x6f,0x6d,0x20,0x73,0x65,0x65,0x64,0x20,0x6c,0x69,0x73,0x74,0x20,0x61,
  0x73,0x20,0x73,0x6f,0x75,0x72,0x63,0x65,0x20,0x66,0x6f,0x72,0x20,0x34,0x38,0x2d,
  0x62,0x69,0x74,0x20,0x73,0x65,0x65,0x64,0x20,0x63,0x61,0x6e,0x64,0x69,0x64,0x61,
  0x74,0x65,0x73,0x7,0x0,0x0,0x0,0x9,0x46,0x6f,0x72,0x6d,0x47,0x65,0x6e,0x34,
  0x38,0x1,0x3,0x0,0x0,0x0,0x62,0x0,0x41,0x0,0x64,0x0,0x64,0x0,0x69,0x0,
  0x74,0x0,0x69,0x0,0x6f,0x0,0x6e,0x0,0x73,0x0,0x77,0x0,0x65,0x0,0x72,0x0,
  0x74,0x0,0x20,0x0,0x28,0x0,0x53,0x0,0x61,0x0,0x6c,0x0,0x74,0x0,0x29,0x0,
  0x20,0x0,0x66,0x0,0xfc,0x0,0x72,0x0,0x20,0x0,0x64,0x0,0x65,0x0,0x6e,0x0,
  0x20,0x0,0x34,0x0,0x38,0x0,0x2d,0x0,0x62,0x0,0x69,0x0,0x74,0x0,0x20,0x0,
  0x53,0x0,0x65,0x0,0x65,0x0,0x64,0x0,0x67,0x0,0x65,0x0,0x6e,0x0,0x65,0x0,
  0x72,0x0,0x61,0x0,0x74,0x0,0x6f,0x0,0x72,0x8,0x0,0x0,0x0,0x0,0x6,0x0,
  0x0,0x0,0x3a,0x56,0x61,0x6c,0x75,0x65,0x20,0x28,0x73,0x75,0x63,0x68,0x20,0x61,
  0x73,0x20,0x61,0x20,0x73,0x74,0x72,0x75,0x63,0x74,0x75,0x72,0x65,0x20,0x73,0x61,
  0x6c,0x74,0x29,0x20,0x61,0x64,0x64,0x65,0x64,0x20,0x74,0x6f,0x20,0x74,0x68,0x65,
  0x20,0x34,0x38,0x2d,0x62,0x69,0x74,0x20,0x73,0x65,0x65,0x64,0x73,0x7,0x0,0x0,
  0x0,0x9,0x46,0x6f,0x72,0x6d,0x47,0x65,0x6e,0x34,0x38,0x1,0x3,0x0,0x0,0x0,
  0xe,0x0,0x57,0x0,0x61,0x0,0x72,0x0,0x6e,0x0,0x75,0x0,0x6e,0x0,0x67,0x8,
  0x0,0x0,0x0,0x0,0x6,0x0,0x0,0x0,0x7,0x57,0x61,0x72,0x6e,0x69,0x6e,0x67,
  0x7,0x0,0x0,0x0,0x9,0x46,0x6f,0x72,0x6d,0x47,0x65,0x6e,0x34,0x38,0x1,0x3,
  0xff,0xff,0xff,0xff,0x8,0x0,0x0,0x0,0x0,0x6,0x0,0x0,0x0,0xe,0x58,0x3c,
  0x73,0x75,0x62,0x3e,0x31,0x3c,0x2f,0x73,0x75,0x62,0x3e,0x3a,0x7,0x0,0x0,0x0,
  0x9,0x46,0x6f,0x72,0x6d,0x47,0x65,0x6e,0x34,0x38,0x1,0x3,0xff,0xff,0xff,0xff,
  0x8,0x0,0x0,0x0,0x0,0x6,0x0,0x0,0x0,0xe,0x58,0x3c,0x73,0x75,0x62,0x3e,
  0x32,0x3c,0x2f,0x73,0x75,0x62,0x3e,0x3a,0x7,0x0,0x0,0x0,0x9,0x46,0x6f,0x72,
  0x6d,0x47,0x65,0x6e,0x34,0x38,0x1,0x3,0xff,0xff,0xff,0xff,0x8,0x0,0x0,0x0,
  0x0,0x6,0x0,0x0,0x0,0xe,0x5a,0x3c,0x73,0x75,0x62,0x3e,0x31,0x3c,0x2f,0x73,
  0x75,0x62,0x3e,0x3a,0x7,0x0,0x0,0x0,0x9,0x46,0x6f,0x72,0x6d,0x47,0x65,0x6e,
  0x34,0x38,0x1,0x3,0xff,0xff,0xff,0xff,0x8,0x0,0x0,0x0,0x0,0x6,0x0,0x0,
  0x0,0xe,0x5a,0x3c,0x73,0x75,0x62,0x3e,0x32,0x3c,0x2f,0x73,0x75,0x62,0x3e,0x3a,
  0x7,0x0,0x0,0x0,0x9,0x46,0x6f,0x72,0x6d,0x47,0x65,0x6e,0x34,0x38,0x1,0x3,
  0x0,0x0,0x0,0x12,0x0,0x5b,0x0,0x25,0x0,0x6e,0x0,0x20,0x0,0x53,0x0,0x65,
  0x0,0x65,0x0,0x64,0x0,0x5d,0x3,0x0,0x0,0x0,0x14,0x0,0x5b,0x0,0x25,0x0,
  0x6e,0x0,0x20,0x0,0x53,0x0,0x65,0x0,0x65,0x0,0x64,0x0,0x73,0x0,0x5d,0x8,
  0x0,0x0,0x0,0x0,0x6,0x0,0x0,0x0,0xc,0x5b,0x25,0x6e,0x20,0x73,0x65,0x65,
  0x64,0x28,0x73,0x29,0x5d,0x7,0x0,0x0,0x0,0x9,0x46,0x6f,0x72,0x6d,0x47,0x65,
  0x6e,0x34,0x38,0x1,0x3,0x0,0x0,0x0,0x18,0x0,0x5b,0x0,0x25,0x0,0x6e,0x0,
  0x20,0x0,0x53,0x0,0x65,0x0,0x65,0x0,0x64,0x0,0x5d,0x0,0x20,0x0,0x25,0x0,
  0x31,0x3,0x0,0x0,0x0,0x1a,0x0,0x5b,0x0,0x25,0x0,0x6e,0x0,0x20,0x0,0x53,
  0x0,0x65,0x0,0x65,0x0,0x64,0x0,0x73,0x0,0x5d,0x0,0x20,0x0,0x25,0x0,0x31,
  0x8,0x0,0x0,0x0,0x0,0x6,0x0,0x0,0x0,0xf,0x5b,0x25,0x6e,0x20,0x73,0x65,
  0x65,0x64,0x28,0x73,0x29,0x5d,0x20,0x25,0x31,0x7,0x0,0x0,0x0,0x9,0x46,0x6f,
  0x72,0x6d,0x47,0x65,0x6e,0x34,0x38,0x1,0x3,0x0,0x0,0x0,0xe,0x0,0x5b,0x0,
  0x4b,0x0,0x65,0x0,0x69,0x0,0x6e,0x0,0x65,0x0,0x5d,0x8,0x0,0x0,0x0,0x0,
  0x6,0x0,0x0,0x0,0x6,0x5b,0x4e,0x6f,0x6e,0x65,0x5d,0x7,0x0,0x0,0x0,0x9,
  0x46,0x6f,0x72,0x6d,0x47,0x65,0x6e,0x34,0x38,0x1,0x3,0x0,0x0,0x0,0x14,0x0,
  0x5b,0x0,0x51,0x0,0x75,0x0,0x61,0x0,0x64,0x0,0x2d,0x0,0x48,0x0,0x75,0x0,
  0x74,0x0,0x5d,0x8,0x0,0x0,0x0,0x0,0x6,0x0,0x0,0x0,0xa,0x5b,0x51,0x75,
  0x61,0x64,0x2d,0x68,0x75,0x74,0x5d,0x7,0x0,0x0,0x0,0x9,0x46,0x6f,0x72,0x6d,
  0x47,0x65,0x6e,0x34,0x38,0x1,0x3,0x0,0x0,0x0,0x1e,0x0,0x5b,0x0,0x51,0x0,
  0x75,0x0,0x61,0x0,0x64,0x0,0x2d,0x0,0x4d,0x0,0x6f,0x0,0x6e,0x0,0x75,0x0,
  0x6d,0x0,0x65,0x0,0x6e,0x0,0x74,0x0,0x5d,0x8,0x0,0x0,0x0,0x0,0x6,0x0,
  0x0,0x0,0xf,0x5b,0x51,0x75,0x61,0x64,0x2d,0x6d,0x6f,0x6e,0x75,0x6d,0x65,0x6e,
  0x74,0x5d,0x7,0x0,0x0,0x0,0x9,0x46,0x6f,0x72,0x6d,0x47,0x65,0x6e,0x34,0x38,
  0x1,0x3,0x0,0x0,0x0,0x1c,0x0,0x5b,0x0,0x6b,0x0,0x65,0x0,0x69,0x0,0x6e,
  0x0,0x65,0x0,0x20,0x0,0x53,0x0,0x65,0x0,0x65,0x0,0x64,0x0,0x73,0x0,0x21,
  0x0,0x5d,0x8,0x0,0x0,0x0,0x0,0x6,0x0,0x0,0x0,0xb,0x5b,0x6e,0x6f,0x20,
  0x73,0x65,0x65,0x64,0x73,0x21,0x5d,0x7,0x0,0x0,0x0,0x9,0x46,0x6f,0x72,0x6d,
  0x47,0x65,0x6e,0x34,0x38,0x1,0x3,0x0,0x0,0x0,0x20,0x0,0x5b,0x0,0x4e,0x0,
  0x75,0x0,0x6c,0x0,0x6c,0x0,0x20,0x0,0x53,0x0,0x65,0x0,0x65,0x0,0x64,0x0,
  0x73,0x0,0x21,0x0,0x5d,0x0,0x20,0x0,0x25,0x0,0x31,0x8,0x0,0x0,0x0,0x0,
  0x6,0x0,0x0,0x0,0xe,0x5b,0x6e,0x6f,0x20,0x73,0x65,0x65,0x64,0x73,0x21,0x5d,
  0x20,0x25,0x31,0x7,0x0,0x0,0x0,0x9,0x46,0x6f,0x72,0x6d,0x47,0x65,0x6e,0x34,
  0x38,0x1,0x3,0x0,0x0,0x0,0xe,0x0,0x5b,0x0,0x6b,0x0,0x65,0x0,0x69,0x0,
  0x6e,0x0,0x65,0x0,0x5d,0x8,0x0,0x0,0x0,0x0,0x6,0x0,0x0,0x0,0x6,0x5b,
  0x6e,0x6f,0x6e,0x65,0x5d,0x7,0x0,0x0,0x0,0x9,0x46,0x6f,0x72,0x6d,0x47,0x65,
  0x6e,0x34,0x38,0x1,0x3,0x0,0x0,0x0,0x8,0x0,0x41,0x0,0x6c,0x0,0x6c,0x0,
  0x65,0x8,0x0,0x0,0x0,0x0,0x6,0x0,0x0,0x0,0x3,0x61,0x6c,0x6c,0x7,0x0,
  0x0,0x0,0x9,0x46,0x6f,0x72,0x6d,0x47,0x65,0x6e,0x34,0x38,0x1,0x3,0xff,0xff,
  0xff,0xff,0x8,0x0,0x0,0x0,0x0,0x6,0x0,0x0,0x0,0x3,0x2e,0x2e,0x2e,0x7,
  0x0,0x0,0x0,0x11,0x46,0x6f,0x72,0x6d,0x53,0x65,0x61,0x72,0x63,0x68,0x43,0x6f,
  0x6e,0x74,0x72,0x6f,0x6c,0x1,0x3,0xff,0xff,0xff,0xff,0x8,0x0,0x0,0x0,0x0,
  0x6,0x0,0x0,0x0,0x1,0x30,0x7,0x0,0x0,0x0,0x11,0x46,0x6f,0x72,0x6d,0x53,
  0x65,0x61,0x72,0x63,0x68,0x43,0x6f,0x6e,0x74,0x72,0x6f,0x6c,0x1,0x3,0x0,0x0,
  0x0,0x22,0x0,0x34,0x0,0x38,0x0,0x2d,0x0,0x42,0x0,0x69,0x0,0x74,0x0,0x20,
  0x0,0x53,0x0,0x65,0x0,0x65,0x0,0x64,0x0,0x62,0x0,0x6c,0x0,0xf6,0x0,0x63,
  0x0,0x6b,0x0,0x65,0x8,0x0,0x0,0x0,0x0,0x6,0x0,0x0,0x0,0x14,0x34,0x38,
  0x2d,0x62,0x69,0x74,0x20,0x66,0x61,0x6d,0x69,0x6c,0x79,0x20,0x62,0x6c,0x6f,0x63,
  0x6b,0x73,0x7,0x0,0x0,0x0,0x11,0x46,0x6f,0x72,0x6d,0x53,0x65,0x61,0x72,0x63,
  0x68,0x43,0x6f,0x6e,0x74,0x72,0x6f,0x6c,0x1,0x3,0x0,0x0,0x0,0x20,0x0,0x34,
  0x0,0x38,0x0,0x2d,0x0,0x42,0x0,0x69,0x0,0x74,0x0,0x20,0x0,0x54,0x0,0x65,
  0x0,0x69,0x0,0x6c,0x0,0x2d,0x0,0x53,0x0,0x65,0x0,0x65,0x0,0x64,0x8,0x0,
  0x0,0x0,0x0,0x6,0x0,0x0,0x0,0xb,0x34,0x38,0x2d,0x62,0x69,0x74,0x20,0x6f,
  0x6e,0x6c,0x79,0x7,0x0,0x0,0x0,0x11,0x46,0x6f,0x72,0x6d,0x53,0x65,0x61,0x72,
  0x63,0x68,0x43,0x6f,0x6e,0x74,0x72,0x6f,0x6c,0x1,0x3,0x0,0x0,0x2,0x10,0x0,
  0x3c,0x0,0x68,0x0,0x74,0x0,0x6d,0x0,0x6c,0x0,0x3e,0x0,0x3c,0x0,0x68,0x0,
  0x65,0x0,0x61,0x0,0x64,0x0,0x2f,0x0,0x3e,0x0,0x3c,0x0,0x62,0x0,0x6f,0x0,
  0x64,0x0,0x79,0x0,0x3e,0x0,0x3c,0x0,0x70,0x0,0x3e,0x0,0x53,0x0,0x75,0x0,
  0x63,0x0,0x68,0x0,0x61,0x0,0x6c,0x0,0x67,0x0,0x6f,0x0,0x72,0x0,0x69,0x0,
  0x74,0x0,0x68,0x0,0x6d,0x0,0x75,0x0,0x73,0x0,0x3c,0x0,0x2f,0x0,0x70,0x0,
  0x3e,0x0,0x3c,0x0,0x70,0x0,0x3e,0x0,0x69,0x0,0x6e,0x0,0x6b,0x0,0x72,0x0,
  0x65,0x0,0x6d,0x0,0x65,0x0,0x6e,0x0,0x74,0x0,0x65,0x0,0x6c,0x0,0x6c,0x0,
  0x3a,0x0,0x20,0x0,0x67,0x0,0x65,0x0,0x65,0x0,0x69,0x0,0x67,0x0,0x6e,0x0,
  0x65,0x0,0x74,0x0,0x20,0x0,0x66,0x0,0xfc,0x0,0x72,0x0,0x20,0x0,0x65,0x0,
  0x69,0x0,0x6e,0x0,0x65,0x0,0x20,0x0,0x75,0x0,0x6e,0x0,0x76,0x0,0x6f,0x0,
  0x6c,0x0,0x6c,0x0,0x73,0x0,0x74,0x0,0xe4,0x0,0x6e,0x0,0x64,0x0,0x69,0x0,
  0x67,0x0,0x65,0x0,0x20,0x0,0x42,0x0,0x69,0x0,0x6f,0x0,0x6d,0x0,0x73,0x0,
  0x75,0x0,0x63,0x0,0x68,0x0,0x65,0x0,0x3c,0x0,0x2f,0x0,0x70,0x0,0x3e,0x0,
  0x3c,0x0,0x70,0x0,0x3e,0x0,0x34,0x0,0x38,0x0,0x2d,0x0,0x42,0x0,0x69,0x0,
  0x74,0x0,0x20,0x0,0x46,0x0,0x61,0x0,0x6d,0x0,0x69,0x0,0x6c,0x0,0x69,0x0,
  0x65,0x0,0x6e,0x0,0x3a,0x0,0x20,0x0,0x67,0x0,0x65,0x0,0x65,0x0,0x69,0x0,
  0x67,0x0,0x6e,0x0,0x65,0x0,0x74,0x0,0x20,0x0,0x66,0x0,0xfc,0x0,0x72,0x0,
  0x20,0x0,0x65,0x0,0x69,0x0,0x6e,0x0,0x65,0x0,0x20,0x0,0x73,0x0,0x74,0x0,
  0x61,0x0,0x72,0x0,0x6b,0x0,0x20,0x0,0x65,0x0,0x69,0x0,0x6e,0x0,0x73,0x0,
  0x63,0x0,0x68,0x0,0x72,0x0,0xe4,0x0,0x6e,0x0,0x6b,0x0,0x65,0x0,0x6e,0x0,
  0x64,0x0,0x65,0x0,0x20,0x0,0x53,0x0,0x74,0x0,0x72,0x0,0x75,0x0,0x6b,0x0,
  0x74,0x0,0x75,0x0,0x72,0x0,0x73,0x0,0x75,0x0,0x63,0x0,0x68,0x0,0x65,0x0,
  0x3c,0x0,0x2f,0x0,0x70,0x0,0x3e,0x0,0x3c,0x0,0x70,0x0,0x3e,0x0,0x53,0x0,
  0x65,0x0,0x65,0x0,0x64,0x0,0x6c,0x0,0x69,0x0,0x73,0x0,0x74,0x0,0x65,0x0,
  0x2e,0x0,0x2e,0x0,0x2e,0x0,0x3a,0x0,0x20,0x0,0x64,0x0,0x75,0x0,0x72,0x0,
  0x63,0x0,0x68,0x0,0x73,0x0,0x75,0x0,0x63,0x0,0x68,0x0,0x74,0x0,0x20,0x0,
  0x65,0x0,0x69,0x0,0x6e,0x0,0x65,0x0,0x20,0x0,0x4c,0x0,0x69,0x0,0x73,0x0,
  0x74,0x0,0x65,0x0,0x20,0x0,0x61,0x0,0x75,0x0,0x73,0x0,0x20,0x0,0x76,0x0,
  0x6f,0x0,0x72,0x0,0x68,0x0,0x65,0x0,0x72,0x0,0x20,0x0,0x62,0x0,0x65,0x0,
  0x72,0x0,0x65,0x0,0x63,0x0,0x68,0x0,0x6e,0x0,0x65,0x0,0x74,0x0,0x65,0x0,
  0x20,0x0,0x53,0x0,0x65,0x0,0x65,0x0,0x64,0x0,0x73,0x0,0x3c,0x0,0x2f,0x0,
  0x70,0x0,0x3e,0x0,0x3c,0x0,0x2f,0x0,0x62,0x0,0x6f,0x0,0x64,0x0,0x79,0x0,
  0x3e,0x0,0x3c,0x0,0x2f,0x0,0x68,0x0,0x74,0x0,0x6d,0x0,0x6c,0x0,0x3e,0x8,
  0x0,0x0,0x0,0x0,0x6,0x0,0x0,0x1,0x18,0x3c,0x68,0x74,0x6d,0x6c,0x3e,0x3c,
  0x68,0x65,0x61,0x64,0x2f,0x3e,0x3c,0x62,0x6f,0x64,0x79,0x3e,0x3c,0x70,0x3e,0x73,
  0x65,0x61,0x72,0x63,0x68,0x69,0x6e,0x67,0x20,0x61,0x6c,0x67,0x6f,0x72,0x69,0x74,
  0x68,0x6d,0x3c,0x2f,0x70,0x3e,0x3c,0x70,0x3e,0x69,0x6e,0x63,0x72,0x65,0x6d,0x65,
  0x6e,0x74,0x61,0x6c,0x3a,0x20,0x62,0x65,0x73,0x74,0x20,0x66,0x6f,0x72,0x20,0x6e,
  0x6f,0x6e,0x2d,0x65,0x78,0x68,0x61,0x75,0x73,0x74,0x69,0x76,0x65,0x20,0x62,0x69,
  0x6f,0x6d,0x65,0x20,0x73,0x65,0x61,0x72,0x63,0x68,0x65,0x73,0x3c,0x2f,0x70,0x3e,
  0x3c,0x70,0x3e,0x34,0x38,0x2d,0x62,0x69,0x74,0x20,0x66,0x61,0x6d,0x69,0x6c,0x79,
  0x20,0x62,0x6c,0x6f,0x63,0x6b,0x73,0x3a,0x20,0x62,0x65,0x73,0x74,0x20,0x66,0x6f,
  0x72,0x20,0x73,0x65,0x61,0x72,0x63,0x68,0x65,0x73,0x20,0x77,0x69,0x74,0x68,0x20,
  0x73,0x74,0x72,0x6f,0x6e,0x67,0x20,0x73,0x74,0x72,0x75,0x63,0x74,0x75,0x72,0x65,
  0x20,0x72,0x65,0x73,0x74,0x72,0x69,0x63,0x74,0x69,0x6f,0x6e,0x73,0x3c,0x2f,0x70,
  0x3e,0x3c,0x70,0x3e,0x73,0x65,0x65,0x64,0x20,0x6c,0x69,0x73,0x74,0x20,0x66,0x72,
  0x6f,0x6d,0x20,0x66,0x69,0x6c,0x65,0x2e,0x2e,0x2e,0x3a,0x20,0x6c,0x6f,0x61,0x64,
  0x20,0x61,0x6e,0x64,0x20,0x73,0x65,0x61,0x72,0x63,0x68,0x20,0x74,0x68,0x72,0x6f,
  0x75,0x67,0x68,0x20,0x61,0x20,0x70,0x72,0x65,0x2d,0x63,0x6f,0x6d,0x70,0x75,0x74,
  0x65,0x64,0x20,0x6c,0x69,0x73,0x74,0x20,0x6f,0x66,0x20,0x73,0x65,0x65,0x64,0x3c,
  0x2f,0x70,0x3e,0x3c,0x2f,0x62,0x6f,0x64,0x79,0x3e,0x3c,0x2f,0x68,0x74,0x6d,0x6c,
  0x3e,0x7,0x0,0x0,0x0,0x11,0x46,0x6f,0x72,0x6d,0x53,0x65,0x61,0x72,0x63,0x68,
  0x43,0x6f,0x6e,0x74,0x72,0x6f,0x6c,0x1,0x3,0x0,0x0,0x0,0x1e,0x0,0x53,0x0,
  0x75,0x0,0x63,0x0,0x68,0x0,0x65,0x0,0x20,0x0,0x61,0x0,0x62,0x0,0x62,0x0,
  0x72,0x0,0x65,0x0,0x63,0x0,0x68,0x0,0x65,0x0,0x6e,0x8,0x0,0x0,0x0,0x0,
  0x6,0x0,0x0,0x0,0xc,0x41,0x62,0x6f,0x72,0x74,0x20,0x73,0x65,0x61,0x72,0x63,
  0x68,0x7,0x0,0x0,0x0,0x11,0x46,0x6f,0x72,0x6d,0x53,0x65,0x61,0x72,0x63,0x68,
  0x43,0x6f,0x6e,0x74,0x72,0x6f,0x6c,0x1,0x3,0x0,0x0,0x0,0x2c,0x0,0x53,0x0,
  0x65,0x0,0x65,0x0,0x64,0x0,0x6c,0x0,0x69,0x0,0x73,0x0,0x74,0x0,0x65,0x0,
  0x20,0x0,0x7a,0x0,0x75,0x0,0x72,0x0,0xfc,0x0,0x63,0x0,0x6b,0x0,0x73,0x0,
  0x65,0x0,0x74,0x0,0x7a,0x0,0x65,0x0,0x6e,0x8,0x0,0x0,0x0,0x0,0x6,0x0,
  0x0,0x0,0xd,0x43,0x6c,0x65,0x61,0x72,0x20,0x72,0x65,0x73,0x75,0x6c,0x74,0x73,
  0x7,0x0,0x0,0x0,0x11,0x46,0x6f,0x72,0x6d,0x53,0x65,0x61,0x72,0x63,0x68,0x43,
  0x6f,0x6e,0x74,0x72,0x6f,0x6c,0x1,0x3,0x0,0x0,0x0,0x24,0x0,0x53,0x0,0x65,
  0x0,0x65,0x0,0x64,0x0,0x6c,0x0,0x69,0x0,0x73,0x0,0x74,0x0,0x65,0x0,0x20,
  0x0,0x6b,0x0,0x6f,0x0,0x70,0x0,0x69,0x0,0x65,0x0,0x72,0x0,0x65,0x0,0x6e,
  0x8,0x0,0x0,0x0,0x0,0x6,0x0,0x0,0x0,0xe,0x43,0x6f,0x70,0x79,0x20,0x73,
  0x65,0x65,0x64,0x20,0x6c,0x69,0x73,0x74,0x7,0x0,0x0,0x0,0x11,0x46,0x6f,0x72,
  0x6d,0x53,0x65,0x61,0x72,0x63,0x68,0x43,0x6f,0x6e,0x74,0x72,0x6f,0x6c,0x1,0x3,
  0x0,0x0,0x0,0x1a,0x0,0x53,0x0,0x65,0x0,0x65,0x0,0x64,0x0,0x20,0x0,0x6b,
  0x0,0x6f,0x0,0x70,0x0,0x69,0x0,0x65,0x0,0x72,0x0,0x65,0x0,0x6e,0x8,0x0,
  0x0,0x0,0x0,0x6,0x0,0x0,0x0,0x12,0x43,0x6f,0x70,0x79,0x20,0x73,0x65,0x6c,
  0x65,0x63,0x74,0x65,0x64,0x20,0x73,0x65,0x65,0x64,0x7,0x0,0x0,0x0,0x11,0x46,
  0x6f,0x72,0x6d,0x53,0x65,0x61,0x72,0x63,0x68,0x43,0x6f,0x6e,0x74,0x72,0x6f,0x6c,
  0x1,0x3,0x0,0x0,0x0,0xc,0x0,0x46,0x0,0x65,0x0,0x72,0x0,0x74,0x0,0x69,
  0x0,0x67,0x8,0x0,0x0,0x0,0x0,0x6,0x0,0x0,0x0,0x4,0x44,0x6f,0x6e,0x65,
  0x7,0x0,0x0,0x0,0x11,0x46,0x6f,0x72,0x6d,0x53,0x65,0x61,0x72,0x63,0x68,0x43,
  0x6f,0x6e,0x74,0x72,0x6f,0x6c,0x1,0x3,0x0,0x0,0x0,0x64,0x0,0x36,0x0,0x34,
  0x0,0x2d,0x0,0x42,0x0,0x69,0x0,0x74,0x0,0x20,0x0,0x53,0x0,0x65,0x0,0x65,
  0x0,0x64,0x0,0x6c,0x0,0x69,0x0,0x73,0x0,0x74,0x0,0x65,0x0,0x20,0x0,0x6b,
  0x0,0x6f,0x0,0x6e,0x0,0x6e,0x0,0x74,0x0,0x65,0x0,0x20,0x0,0x6e,0x0,0x69,
  0x0,0x63,0x0,0x68,0x0,0x74,0x0,0x20,0x0,0x67,0x0,0x65,0x0,0x6c,0x0,0x61,
  0x0,0x64,0x0,0x65,0x0,0x6e,0x0,0x20,0x0,0x77,0x0,0x65,0x0,0x72,0x0,0x64,
  0x0,0x65,0x0,0x6e,0x0,0x3a,0x0,0xa,0x0,0x22,0x0,0x25,0x0,0x31,0x0,0x22,
  0x8,0x0,0x0,0x0,0x0,0x6,0x0,0x0,0x0,0x2f,0x46,0x61,0x69,0x6c,0x65,0x64,
  0x20,0x74,0x6f,0x20,0x6c,0x6f,0x61,0x64,0x20,0x36,0x34,0x2d,0x62,0x69,0x74,0x20,
  0x73,0x65,0x65,0x64,0x20,0x6c,0x69,0x73,0x74,0x20,0x66,0x72,0x6f,0x6d,0x20,0x66,
  0x69,0x6c,0x65,0x3a,0xa,0x22,0x25,0x31,0x22,0x7,0x0,0x0,0x0,0x11,0x46,0x6f,
  0x72,0x6d,0x53,0x65,0x61,0x72,0x63,0x68,0x43,0x6f,0x6e,0x74,0x72,0x6f,0x6c,0x1,
  0x3,0xff,0xff,0xff,0xff,0x8,0x0,0x0,0x0,0x0,0x6,0x0,0x0,0x0,0x4,0x46,
  0x6f,0x72,0x6d,0x7,0x0,0x0,0x0,0x11,0x46,0x6f,0x72,0x6d,0x53,0x65,0x61,0x72,
  0x63,0x68,0x43,0x6f,0x6e,0x74,0x72,0x6f,0x6c,0x1,0x3,0x0,0x0,0x0,0x20,0x0,
  0x48,0x0,0x69,0x0,0x6c,0x0,0x66,0x0,0x65,0x0,0x3a,0x0,0x20,0x0,0x53,0x0,
  0x75,0x0,0x63,0x0,0x68,0x0,0x6d,0x0,0x6f,0x0,0x64,0x0,0x75,0x0,0x73,0x8,
  0x0,0x0,0x0,0x0,0x6,0x0,0x0,0x0,0x12,0x48,0x65,0x6c,0x70,0x3a,0x20,0x73,
  0x65,0x61,0x72,0x63,0x68,0x20,0x74,0x79,0x70,0x65,0x73,0x7,0x0,0x0,0x0,0x11,
  0x46,0x6f,0x72,0x6d,0x53,0x65,0x61,0x72,0x63,0x68,0x43,0x6f,0x6e,0x74,0x72,0x6f,
  0x6c,0x1,0x3,0x0,0x0,0x0,0xc,0x0,0x42,0x0,0x65,0x0,0x72,0x0,0x65,0x0,
  0x69,0x0,0x74,0x8,0x0,0x0,0x0,0x0,0x6,0x0,0x0,0x0,0x4,0x49,0x64,0x6c,
  0x65,0x7,0x0,0x0,0x0,0x11,0x46,0x6f,0x72,0x6d,0x53,0x65,0x61,0x72,0x63,0x68,
  0x43,0x6f,0x6e,0x74,0x72,0x6f,0x6c,0x1,0x3,0x0,0x0,0x0,0xc,0x0,0x42,0x0,
  0x65,0x0,0x72,0x0,0x65,0x0,0x69,0x0,0x74,0x8,0x0,0x0,0x0,0xb,0x50,0x72,
  0x6f,0x67,0x72,0x65,0x73,0x73,0x62,0x61,0x72,0x6,0x0,0x0,0x0,0x4,0x49,0x64,
  0x6c,0x65,0x7,0x0,0x0,0x0,0x11,0x46,0x6f,0x72,0x6d,0x53,0x65,0x61,0x72,0x63,
  0x68,0x43,0x6f,0x6e,0x74,0x72,0x6f,0x6c,0x1,0x3,0x0,0x0,0x0,0x1e,0x0,0x53,
  0x0,0x65,0x0,0x65,0x0,0x64,0x0,0x6c,0x0,0x69,0x0,0x73,0x0,0x74,0x0,0x65,
  0x0,0x20,0x0,0x6c,0x0,0x61,0x0,0x64,0x0,0x65,0x0,0x6e,0x8,0x0,0x0,0x0,
  0x0,0x6,0x0,0x0,0x0,0xe,0x4c,0x6f,0x61,0x64,0x20,0x73,0x65,0x65,0x64,0x20,
  0x6c,0x69,0x73,0x74,0x7,0x0,0x0,0x0,0x11,0x46,0x6f,0x72,0x6d,0x53,0x65,0x61,
  0x72,0x63,0x68,0x43,0x6f,0x6e,0x74,0x72,0x6f,0x6c,0x1,0x3,0x0,0x0,0x0,0x5c,
  0x0,0x4d,0x0,0x61,0x0,0x78,0x0,0x69,0x0,0x6d,0x0,0x61,0x0,0x6c,0x0,0x65,
  0x0,0x20,0x0,0x41,0x0,0x6e,0x0,0x7a,0x0,0x61,0x0,0x68,0x0,0x6c,0x0,0x20,
  0x0,0x76,0x0,0x6f,0x0,0x6e,0x0,0x20,0x0,0x45,0x0,0x72,0x0,0x67,0x0,0x65,
  0x0,0x62,0x0,0x6e,0x0,0x69,0x0,0x73,0x0,0x73,0x0,0x65,0x0,0x6e,0x0,0x20,
  0x0,0x65,0x0,0x72,0x0,0x72,0x0,0x65,0x0,0x69,0x0,0x63,0x0,0x68,0x0,0x74,
  0x0,0x20,0x0,0x28,0x0,0x25,0x0,0x31,0x0,0x29,0x0,0x2e,0x8,0x0,0x0,0x0,
  0x0,0x6,0x0,0x0,0x0,0x27,0x4d,0x61,0x78,0x69,0x6d,0x75,0x6d,0x20,0x6e,0x75,
  0x6d,0x62,0x65,0x72,0x20,0x6f,0x66,0x20,0x72,0x65,0x73,0x75,0x6c,0x74,0x73,0x20,
  0x72,0x65,0x61,0x63,0x68,0x65,0x64,0x20,0x28,0x25,0x31,0x29,0x2e,0x7,0x0,0x0,
  0x0,0x11,0x46,0x6f,0x72,0x6d,0x53,0x65,0x61,0x72,0x63,0x68,0x43,0x6f,0x6e,0x74,
  0x72,0x6f,0x6c,0x1,0x3,0x0,0x0,0x0,0x52,0x0,0x4b,0x0,0x65,0x0,0x69,0x0,
  0x6e,0x0,0x65,0x0,0x20,0x0,0x44,0x0,0x61,0x0,0x74,0x0,0x65,0x0,0x69,0x0,
  0x20,0x0,0x66,0x0,0xfc,0x0,0x72,0x0,0x20,0x0,0x64,0x0,0x69,0x0,0x65,0x0,
  0x20,0x0,0x53,0x0,0x65,0x0,0x65,0x0,0x64,0x0,0x6c,0x0,0x69,0x0,0x73,0x0,
  0x74,0x0,0x65,0x0,0x20,0x0,0x61,0x0,0x75,0x0,0x73,0x0,0x67,0x0,0x65,0x0,
  0x77,0x0,0xe4,0x0,0x68,0x0,0x6c,0x0,0x74,0x0,0x2e,0x8,0x0,0x0,0x0,0x0,
  0x6,0x0,0x0,0x0,0x1b,0x4e,0x6f,0x20,0x73,0x65,0x65,0x64,0x20,0x6c,0x69,0x73,
  0x74,0x20,0x66,0x69,0x6c,0x65,0x20,0x73,0x65,0x6c,0x65,0x63,0x74,0x65,0x64,0x2e,
  0x7,0x0,0x0,0x0,0x11,0x46,0x6f,0x72,0x6d,0x53,0x65,0x61,0x72,0x63,0x68,0x43,
  0x6f,0x6e,0x74,0x72,0x6f,0x6c,0x1,0x3,0x0,0x0,0x0,0x20,0x0,0x25,0x0,0x6e,
  0x0,0x20,0x0,0x53,0x0,0x65,0x0,0x65,0x0,0x64,0x0,0x20,0x0,0x65,0x0,0x69,
  0x0,0x6e,0x0,0x66,0x0,0xfc,0x0,0x67,0x0,0x65,0x0,0x6e,0x3,0x0,0x0,0x0,
  0x22,0x0,0x25,0x0,0x6e,0x0,0x20,0x0,0x53,0x0,0x65,0x0,0x65,0x0,0x64,0x0,
  0x73,0x0,0x20,0x0,0x65,0x0,0x69,0x0,0x6e,0x0,0x66,0x0,0xfc,0x0,0x67,0x0,
  0x65,0x0,0x6e,0x8,0x0,0x0,0x0,0x0,0x6,0x0,0x0,0x0,0x1f,0x50,0x61,0x73,
  0x74,0x65,0x20,0x25,0x6e,0x20,0x73,0x65,0x65,0x64,0x28,0x73,0x29,0x20,0x66,0x72,
  0x6f,0x6d,0x20,0x63,0x6c,0x69,0x70,0x62,0x6f,0x61,0x72,0x64,0x7,0x0,0x0,0x0,
  0x11,0x46,0x6f,0x72,0x6d,0x53,0x65,0x61,0x72,0x63,0x68,0x43,0x6f,0x6e,0x74,0x72,
  0x6f,0x6c,0x1,0x3,0x0,0x0,0x0,0x60,0x0,0x45,0x0,0x72,0x0,0x73,0x0,0x74,
  0x0,0x20,0x0,0x42,0x0,0x65,0x0,0x64,0x0,0x69,0x0,0x6e,0x0,0x67,0x0,0x75,
  0x0,0x6e,0x0,0x67,0x0,0x65,0x0,0x6e,0x0,0x20,0x0,0x6d,0x0,0x69,0x0,0x74,
  0x0,0x20,0x0,0x64,0x0,0x65,0x0,0x72,0x0,0x20,0x0,0x22,0x0,0x4e,0x0,0x65,
  0x0,0x75,0x0,0x22,0x0,0x20,0x0,0x54,0x0,0x61,0x0,0x73,0x0,0x74,0x0,0x65,
  0x0,0x20,0x0,0x68,0x0,0x69,0x0,0x6e,0x0,0x7a,0x0,0x75,0x0,0x66,0x0,0xfc,
  0x0,0x67,0x0,0x65,0x0,0x6e,0x0,0x2e,0x8,0x0,0x0,0x0,0x0,0x6,0x0,0x0,
  0x0,0x36,0x50,0x6c,0x65,0x61,0x73,0x65,0x20,0x64,0x65,0x66,0x69,0x6e,0x65,0x20,
  0x73,0x6f,0x6d,0x65,0x20,0x63,0x6f,0x6e,0x73,0x74,0x72,0x61,0x69,0x6e,0x74,0x73,
  0x20,0x75,0x73,0x69,0x6e,0x67,0x20,0x74,0x68,0x65,0x20,0x22,0x41,0x64,0x64,0x22,
  0x20,0x62,0x75,0x74,0x74,0x6f,0x6e,0x2e,0x7,0x0,0x0,0x0,0x11,0x46,0x6f,0x72,
  0x6d,0x53,0x65,0x61,0x72,0x63,0x68,0x43,0x6f,0x6e,0x74,0x72,0x6f,0x6c,0x1,0x3,
  0x0,0x0,0x0,0x62,0x0,0x41,0x0,0x6e,0x0,0x73,0x0,0x74,0x0,0x65,0x0,0x68,
  0x0,0x65,0x0,0x6e,0x0,0x64,0x0,0x65,0x0,0x72,0x0,0x20,0x0,0x56,0x0,0x6f,
  0x0,0x72,0x0,0x74,0x0,0x73,0x0,0x63,0x0,0x68,0x0,0x72,0x0,0x69,0x0,0x74,
  0x0,0x74,0x0,0x20,0x0,0x69,0x0,0x6e,0x0,0x20,0x0,0x64,0x0,0x65,0x0,0x72,
  0x0,0x20,0x0,0x44,0x0,0x75,0x0,0x72,0x0,0x63,0x0,0x68,0x0,0x73,0x0,0x75,
  0x0,0x63,0x0,0x68,0x0,0x75,0x0,0x6e,0x0,0x67,0x0,0x73,0x0,0x6d,0x0,0x65,
  0x0,0x6e,0x0,0x67,0x0,0x65,0x8,0x0,0x0,0x0,0x0,0x6,0x0,0x0,0x0,0x25,
  0x51,0x75,0x65,0x75,0x65,0x64,0x20,0x70,0x72,0x6f,0x67,0x72,0x65,0x73,0x73,0x20,
  0x77,0x69,0x74,0x68,0x69,0x6e,0x20,0x74,0x68,0x65,0x20,0x73,0x65,0x61,0x72,0x63,
  0x68,0x20,0x73,0x65,0x74,0x7,0x0,0x0,0x0,0x11,0x46,0x6f,0x72,0x6d,0x53,0x65,
  0x61,0x72,0x63,0x68,0x43,0x6f,0x6e,0x74,0x72,0x6f,0x6c,0x1,0x3,0x0,0x0,0x0,
  0x30,0x0,0x41,0x0,0x6e,0x0,0x67,0x0,0x65,0x0,0x77,0x0,0xe4,0x0,0x68,0x0,
  0x6c,0x0,0x74,0x0,0x65,0x0,0x20,0x0,0x53,0x0,0x65,0x0,0x65,0x0,0x64,0x0,
  0x73,0x0,0x20,0x0,0x6c,0x0,0xf6,0x0,0x73,0x0,0x63,0x0,0x68,0x0,0x65,0x0,
  0x6e,0x8,0x0,0x0,0x0,0x0,0x6,0x0,0x0,0x0,0x14,0x52,0x65,0x6d,0x6f,0x76,
  0x65,0x20,0x73,0x65,0x6c,0x65,0x63,0x74,0x65,0x64,0x20,0x73,0x65,0x65,0x64,0x7,
  0x0,0x0,0x0,0x11,0x46,0x6f,0x72,0x6d,0x53,0x65,0x61,0x72,0x63,0x68,0x43,0x6f,
  0x6e,0x74,0x72,0x6f,0x6c,0x1,0x3,0x0,0x0,0x0,0x42,0x0,0x44,0x0,0x61,0x0,
  0x74,0x0,0x65,0x0,0x69,0x0,0x70,0x0,0x66,0x0,0x61,0x0,0x64,0x0,0x20,0x0,
  0x64,0x0,0x65,0x0,0x72,0x0,0x20,0x0,0x4c,0x0,0x69,0x0,0x73,0x0,0x74,0x0,
  0x65,0x0,0x20,0x0,0x7a,0x0,0x75,0x0,0x72,0x0,0xfc,0x0,0x63,0x0,0x6b,0x0,
  0x73,0x0,0x65,0x0,0x74,0x0,0x7a,0x0,0x65,0x0,0x6e,0x0,0x3f,0x8,0x0,0x0,
  0x0,0x0,0x6,0x0,0x0,0x0,0x10,0x52,0x65,0x73,0x65,0x74,0x20,0x6c,0x69,0x73,
  0x74,0x20,0x70,0x61,0x74,0x68,0x3f,0x7,0x0,0x0,0x0,0x11,0x46,0x6f,0x72,0x6d,
  0x53,0x65,0x61,0x72,0x63,0x68,0x43,0x6f,0x6e,0x74,0x72,0x6f,0x6c,0x1,0x3,0x0,
  0x0,0x0,0x18,0x0,0x47,0x0,0x65,0x0,0x73,0x0,0x74,0x0,0x61,0x0,0x72,0x0,
  0x74,0x0,0x65,0x0,0x74,0x0,0x2e,0x0,0x2e,0x0,0x2e,0x8,0x0,0x0,0x0,0x0,
  0x6,0x0,0x0,0x0,0xa,0x52,0x75,0x6e,0x6e,0x69,0x6e,0x67,0x2e,0x2e,0x2e,0x7,
  0x0,0x0,0x0,0x11,0x46,0x6f,0x72,0x6d,0x53,0x65,0x61,0x72,0x63,0x68,0x43,0x6f,
  0x6e,0x74,0x72,0x6f,0x6c,0x1,0x3,0x0,0x0,0x0,0x14,0x0,0x53,0x0,0x75,0x0,
  0x63,0x0,0x68,0x0,0x6d,0x0,0x6f,0x0,0x64,0x0,0x75,0x0,0x73,0x0,0x3a,0x8,
  0x0,0x0,0x0,0x0,0x6,0x0,0x0,0x0,0x7,0x53,0x65,0x61,0x72,0x63,0x68,0x3a,
  0x7,0x0,0x0,0x0,0x11,0x46,0x6f,0x72,0x6d,0x53,0x65,0x61,0x72,0x63,0x68,0x43,
  0x6f,0x6e,0x74,0x72,0x6f,0x6c,0x1,0x3,0x0,0x0,0x0,0xa,0x0,0x53,0x0,0x65,
  0x0,0x65,0x0,0x64,0x0,0x3a,0x8,0x0,0x0,0x0,0x0,0x6,0x0,0x0,0x0,0x5,
  0x53,0x65,0x65,0x64,0x3a,0x7,0x0,0x0,0x0,0x11,0x46,0x6f,0x72,0x6d,0x53,0x65,
  0x61,0x72,0x63,0x68,0x43,0x6f,0x6e,0x74,0x72,0x6f,0x6c,0x1,0x3,0x0,0x0,0x0,
  0x1a,0x0,0x53,0x0,0x75,0x0,0x63,0x0,0x68,0x0,0x65,0x0,0x20,0x0,0x73,0x0,
  0x74,0x0,0x61,0x0,0x72,0x0,0x74,0x0,0x65,0x0,0x6e,0x8,0x0,0x0,0x0,0x0,
  0x6,0x0,0x0,0x0,0xc,0x53,0x74,0x61,0x72,0x74,0x20,0x73,0x65,0x61,0x72,0x63,
  0x68,0x7,0x0,0x0,0x0,0x11,0x46,0x6f,0x72,0x6d,0x53,0x65,0x61,0x72,0x63,0x68,
  0x43,0x6f,0x6e,0x74,0x72,0x6f,0x6c,0x1,0x3,0x0,0x0,0x0,0x26,0x0,0x41,0x0,
  0x75,0x0,0x74,0x0,0x6f,0x0,0x6d,0x0,0x61,0x0,0x74,0x0,0x69,0x0,0x73,0x0,
  0x63,0x0,0x68,0x0,0x20,0x0,0x62,0x0,0x65,0x0,0x65,0x0,0x6e,0x0,0x64,0x0,
  0x65,0x0,0x6e,0x8,0x0,0x0,0x0,0x0,0x6,0x0,0x0,0x0,0xf,0x53,0x74,0x6f,
  0x70,0x20,0x6f,0x6e,0x20,0x72,0x65,0x73,0x75,0x6c,0x74,0x73,0x7,0x0,0x0,0x0,
  0x11,0x46,0x6f,0x72,0x6d,0x53,0x65,0x61,0x72,0x63,0x68,0x43,0x6f,0x6e,0x74,0x72,
  0x6f,0x6c,0x1,0x3,0x0,0x0,0x0,0x4a,0x0,0x54,0x0,0x65,0x0,0x78,0x0,0x74,
  0x0,0x64,0x0,0x61,0x0,0x74,0x0,0x65,0x0,0x69,0x0,0x65,0x0,0x6e,0x0,0x20,
  0x0,0x28,0x0,0x2a,0x0,0x2e,0x0,0x74,0x0,0x78,0x0,0x74,0x0,0x29,0x0,0x3b,
  0x0,0x3b,0x0,0x41,0x0,0x6c,0x0,0x6c,0x0,0x65,0x0,0x20,0x0,0x44,0x0,0x61,
  0x0,0x74,0x0,0x65,0x0,0x69,0x0,0x65,0x0,0x6e,0x0,0x20,0x0,0x28,0x0,0x2a,
  0x0,0x29,0x8,0x0,0x0,0x0,0x0,0x6,0x0,0x0,0x0,0x21,0x54,0x65,0x78,0x74,
  0x20,0x66,0x69,0x6c,0x65,0x73,0x20,0x28,0x2a,0x2e,0x74,0x78,0x74,0x29,0x3b,0x3b,
  0x41,0x6e,0x79,0x20,0x66,0x69,0x6c,0x65,0x73,0x20,0x28,0x2a,0x29,0x7,0x0,0x0,
  0x0,0x11,0x46,0x6f,0x72,0x6d,0x53,0x65,0x61,0x72,0x63,0x68,0x43,0x6f,0x6e,0x74,
  0x72,0x6f,0x6c,0x1,0x3,0x0,0x0,0x0,0x10,0x0,0x54,0x0,0x68,0x0,0x72,0x0,
  0x65,0x0,0x61,0x0,0x64,0x0,0x73,0x0,0x3a,0x8,0x0,0x0,0x0,0x0,0x6,0x0,
  0x0,0x0,0x8,0x54,0x68,0x72,0x65,0x61,0x64,0x73,0x3a,0x7,0x0,0x0,0x0,0x11,
  0x46,0x6f,0x72,0x6d,0x53,0x65,0x61,0x72,0x63,0x68,0x43,0x6f,0x6e,0x74,0x72,0x6f,
  0x6c,0x1,0x3,0x0,0x0,0x0,0xe,0x0,0x57,0x0,0x61,0x0,0x72,0x0,0x6e,0x0,
  0x75,0x0,0x6e,0x0,0x67,0x8,0x0,0x0,0x0,0x0,0x6,0x0,0x0,0x0,0x7,0x57,
  0x61,0x72,0x6e,0x69,0x6e,0x67,0x7,0x0,0x0,0x0,0x11,0x46,0x6f,0x72,0x6d,0x53,
  0x65,0x61,0x72,0x63,0x68,0x43,0x6f,0x6e,0x74,0x72,0x6f,0x6c,0x1,0x3,0x0,0x0,
  0x0,0x18,0x0,0x49,0x0,0x6e,0x0,0x6b,0x0,0x72,0x0,0x65,0x0,0x6d,0x0,0x65,
  0x0,0x6e,0x0,0x74,0x0,0x65,0x0,0x6c,0x0,0x6c,0x8,0x0,0x0,0x0,0x0,0x6,
  0x0,0x0,0x0,0xb,0x69,0x6e,0x63,0x72,0x65,0x6d,0x65,0x6e,0x74,0x61,0x6c,0x7,
  0x0,0x0,0x0,0x11,0x46,0x6f,0x72,0x6d,0x53,0x65,0x61,0x72,0x63,0x68,0x43,0x6f,
  0x6e,0x74,0x72,0x6f,0x6c,0x1,0x3,0x0,0x0,0x0,0x2c,0x0,0x53,0x0,0x65,0x0,
  0x65,0x0,0x64,0x0,0x6c,0x0,0x69,0x0,0x73,0x0,0x74,0x0,0x65,0x0,0x20,0x0,
  0x61,0x0,0x75,0x0,0x73,0x0,0x20,0x0,0x44,0x0,0x61,0x0,0x74,0x0,0x65,0x0,
  0x69,0x0,0x2e,0x0,0x2e,0x0,0x2e,0x8,0x0,0x0,0x0,0x0,0x6,0x0,0x0,0x0,
  0x16,0x73,0x65,0x65,0x64,0x20,0x6c,0x69,0x73,0x74,0x20,0x66,0x72,0x6f,0x6d,0x20,
  0x66,0x69,0x6c,0x65,0x2e,0x2e,0x2e,0x7,0x0,0x0,0x0,0x11,0x46,0x6f,0x72,0x6d,
  0x53,0x65,0x61,0x72,0x63,0x68,0x43,0x6f,0x6e,0x74,0x72,0x6f,0x6c,0x1,0x3,0x0,
  0x0,0x0,0x56,0x0,0x62,0x0,0x65,0x0,0x65,0x0,0x6e,0x0,0x64,0x0,0x65,0x0,
  0x6e,0x0,0x20,0x0,0x73,0x0,0x6f,0x0,0x62,0x0,0x61,0x0,0x6c,0x0,0x74,0x0,
  0x20,0x0,0x70,0x0,0x61,0x0,0x73,0x0,0x73,0x0,0x65,0x0,0x6e,0x0,0x64,0x0,
  0x65,0x0,0x20,0x0,0x53,0x0,0x65,0x0,0x65,0x0,0x64,0x0,0x73,0x0,0x20,0x0,
  0x67,0x0,0x65,0x0,0x66,0x0,0x75,0x0,0x6e,0x0,0x64,0x0,0x65,0x0,0x6e,0x0,
  0x20,0x0,0x73,0x0,0x69,0x0,0x6e,0x0,0x64,0x8,0x0,0x0,0x0,0x0,0x6,0x0,
  0x0,0x0,0x37,0x73,0x74,0x6f,0x70,0x20,0x61,0x73,0x20,0x73,0x6f,0x6f,0x6e,0x20,
  0x61,0x73,0x20,0x74,0x68,0x65,0x20,0x6e,0x65,0x78,0x74,0x20,0x73,0x65,0x74,0x20,
  0x6f,0x66,0x20,0x6d,0x61,0x74,0x63,0x68,0x69,0x6e,0x67,0x20,0x73,0x65,0x65,0x64,
  0x73,0x20,0x69,0x73,0x20,0x66,0x6f,0x75,0x6e,0x64,0x7,0x0,0x0,0x0,0x11,0x46,
  0x6f,0x72,0x6d,0x53,0x65,0x61,0x72,0x63,0x68,0x43,0x6f,0x6e,0x74,0x72,0x6f,0x6c,
  0x1,0x3,0x0,0x0,0x0,0x56,0x0,0x53,0x0,0x65,0x0,0x68,0x0,0x72,0x0,0x20,
  0x0,0x67,0x0,0x72,0x0,0x6f,0x0,0xdf,0x0,0x65,0x0,0x20,0x0,0x4d,0x0,0x61,
  0x0,0xdf,0x0,0x73,0x0,0x74,0x0,0xe4,0x0,0x62,0x0,0x65,0x0,0x20,0x0,0x73,
  0x0,0x69,0x0,0x6e,0x0,0x64,0x0,0x20,0x0,0x65,0x0,0x76,0x0,0x65,0x0,0x6e,
  0x0,0x74,0x0,0x75,0x0,0x65,0x0,0x6c,0x0,0x6c,0x0,0x20,0x0,0x75,0x0,0x6e,
  0x0,0x73,0x0,0x69,0x0,0x63,0x0,0x68,0x0,0x65,0x0,0x72,0x8,0x0,0x0,0x0,
  0x0,0x6,0x0,0x0,0x0,0x20,0x41,0x20,0x76,0x65,0x72,0x79,0x20,0x6c,0x61,0x72,
  0x67,0x65,0x20,0x73,0x63,0x61,0x6c,0x65,0x20,0x6d,0x61,0x79,0x20,0x62,0x65,0x20,
  0x75,0x6e,0x73,0x61,0x66,0x65,0x7,0x0,0x0,0x0,0xa,0x47,0x6f,0x74,0x6f,0x44,
  0x69,0x61,0x6c,0x6f,0x67,0x1,0x3,0x0,0x0,0x0,0x24,0x0,0x42,0x0,0x65,0x0,
  0x77,0x0,0x65,0x0,0x67,0x0,0x75,0x0,0x6e,0x0,0x67,0x0,0x20,0x0,0x61,0x0,
  0x6e,0x0,0x69,0x0,0x6d,0x0,0x69,0x0,0x65,0x0,0x72,0x0,0x65,0x0,0x6e,0x8,
  0x0,0x0,0x0,0x0,0x6,0x0,0x0,0x0,0xe,0x41,0x6e,0x69,0x6d,0x61,0x74,0x65,
  0x20,0x74,0x72,0x61,0x76,0x65,0x6c,0x7,0x0,0x0,0x0,0xa,0x47,0x6f,0x74,0x6f,
  0x44,0x69,0x61,0x6c,0x6f,0x67,0x1,0x3,0x0,0x0,0x0,0x16,0x0,0x4b,0x0,0x6f,
  0x0,0x6f,0x0,0x72,0x0,0x64,0x0,0x69,0x0,0x6e,0x0,0x61,0x0,0x74,0x0,0x65,
  0x0,0x6e,0x8,0x0,0x0,0x0,0x0,0x6,0x0,0x0,0x0,0xb,0x43,0x6f,0x6f,0x72,
  0x64,0x69,0x6e,0x61,0x74,0x65,0x73,0x7,0x0,0x0,0x0,0xa,0x47,0x6f,0x74,0x6f,
  0x44,0x69,0x61,0x6c,0x6f,0x67,0x1,0x3,0x0,0x0,0x0,0x18,0x0,0x4b,0x0,0x6f,
  0x0,0x6f,0x0,0x72,0x0,0x64,0x0,0x69,0x0,0x6e,0x0,0x61,0x0,0x74,0x0,0x65,
  0x0,0x6e,0x0,0x3a,0x8,0x0,0x0,0x0,0x0,0x6,0x0,0x0,0x0,0xc,0x43,0x6f,
  0x6f,0x72,0x64,0x69,0x6e,0x61,0x74,0x65,0x73,0x3a,0x7,0x0,0x0,0x0,0xa,0x47,
  0x6f,0x74,0x6f,0x44,0x69,0x61,0x6c,0x6f,0x67,0x1,0x3,0x0,0x0,0x0,0x10,0x0,
  0x4d,0x0,0x61,0x0,0xdf,0x0,0x73,0x0,0x74,0x0,0x61,0x0,0x62,0x0,0x3a,0x8,
  0x0,0x0,0x0,0x0,0x6,0x0,0x0,0x0,0x6,0x53,0x63,0x61,0x6c,0x65,0x3a,0x7,
  0x0,0x0,0x0,0xa,0x47,0x6f,0x74,0x6f,0x44,0x69,0x61,0x6c,0x6f,0x67,0x1,0x3,
  0x0,0x0,0x0,0x2,0x0,0x58,0x8,0x0,0x0,0x0,0x0,0x6,0x0,0x0,0x0,0x1,
  0x58,0x7,0x0,0x0,0x0,0xa,0x47,0x6f,0x74,0x6f,0x44,0x69,0x61,0x6c,0x6f,0x67,
  0x1,0x3,0x0,0x0,0x0,0x2,0x0,0x5a,0x8,0x0,0x0,0x0,0x0,0x6,0x0,0x0,
  0x0,0x1,0x5a,0x7,0x0,0x0,0x0,0xa,0x47,0x6f,0x74,0x6f,0x44,0x69,0x61,0x6c,
  0x6f,0x67,0x1,0x3,0x0,0x0,0x0,0x1e,0x0,0x4d,0x0,0x65,0x0,0x74,0x0,0x65,
  0x0,0x72,0x0,0x20,0x0,0x70,0x0,0x72,0x0,0x6f,0x0,0x20,0x0,0x50,0x0,0x69,
  0x0,0x78,0x0,0x65,0x0,0x6c,0x8,0x0,0x0,0x0,0x0,0x6,0x0,0x0,0x0,0x10,
  0x62,0x6c,0x6f,0x63,0x6b,0x73,0x20,0x70,0x65,0x72,0x20,0x70,0x69,0x78,0x65,0x6c,
  0x7,0x0,0x0,0x0,0xa,0x47,0x6f,0x74,0x6f,0x44,0x69,0x61,0x6c,0x6f,0x67,0x1,
  0x3,0x0,0x0,0x0,0x18,0x0,0x41,0x0,0x6c,0x0,0x6c,0x0,0x65,0x0,0x20,0x0,
  0x4f,0x0,0x6b,0x0,0x74,0x0,0x61,0x0,0x76,0x0,0x65,0x0,0x6e,0x8,0x0,0x0,
  0x0,0x0,0x6,0x0,0x0,0x0,0xb,0x41,0x6c,0x6c,0x20,0x6f,0x63,0x74,0x61,0x76,
  0x65,0x73,0x7,0x0,0x0,0x0,0xb,0x4c,0x61,0x79,0x65,0x72,0x44,0x69,0x61,0x6c,
  0x6f,0x67,0x1,0x3,0x0,0x0,0x0,0x36,0x0,0x45,0x0,0x73,0x0,0x74,0x0,0x69,
  0x0,0x6d,0x0,0x69,0x0,0x65,0x0,0x72,0x0,0x74,0x0,0x65,0x0,0x20,0x0,0x4f,
  0x0,0x62,0x0,0x65,0x0,0x72,0x0,0x66,0x0,0x6c,0x0,0xe4,0x0,0x63,0x0,0x68,
  0x0,0x65,0x0,0x6e,0x0,0x68,0x0,0xf6,0x0,0x68,0x0,0x65,0x0,0x3a,0x8,0x0,
  0x0,0x0,0x0,0x6,0x0,0x0,0x0,0x17,0x41,0x70,0x70,0x72,0x6f,0x78,0x2e,0x20,
  0x73,0x75,0x72,0x66,0x61,0x63,0x65,0x20,0x68,0x65,0x69,0x67,0x68,0x74,0x3a,0x7,
  0x0,0x0,0x0,0xb,0x4c,0x61,0x79,0x65,0x72,0x44,0x69,0x61,0x6c,0x6f,0x67,0x1,
  0x3,0x0,0x0,0x0,0x22,0x0,0x42,0x0,0x65,0x0,0x74,0x0,0x61,0x0,0x20,0x0,
  0x46,0x0,0x65,0x0,0x75,0x0,0x63,0x0,0x68,0x0,0x74,0x0,0x69,0x0,0x67,0x0,
  0x6b,0x0,0x65,0x0,0x69,0x0,0x74,0x8,0x0,0x0,0x0,0x0,0x6,0x0,0x0,0x0,
  0xd,0x42,0x65,0x74,0x61,0x20,0x68,0x75,0x6d,0x69,0x64,0x69,0x74,0x79,0x7,0x0,
  0x0,0x0,0xb,0x4c,0x61,0x79,0x65,0x72,0x44,0x69,0x61,0x6c,0x6f,0x67,0x1,0x3,
  0x0,0x0,0x0,0x1e,0x0,0x42,0x0,0x65,0x0,0x74,0x0,0x61,0x0,0x20,0x0,0x54,
  0x0,0x65,0x0,0x6d,0x0,0x70,0x0,0x65,0x0,0x72,0x0,0x61,0x0,0x74,0x0,0x75,
  0x0,0x72,0x8,0x0,0x0,0x0,0x0,0x6,0x0,0x0,0x0,0x10,0x42,0x65,0x74,0x61,
  0x20,0x74,0x65,0x6d,0x70,0x65,0x72,0x61,0x74,0x75,0x72,0x65,0x7,0x0,0x0,0x0,
  0xb,0x4c,0x61,0x79,0x65,0x72,0x44,0x69,0x61,0x6c,0x6f,0x67,0x1,0x3,0x0,0x0,
  0x0,0x18,0x0,0x42,0x0,0x69,0x0,0x6f,0x0,0x6d,0x0,0x6d,0x0,0x61,0x0,0xdf,
  0x0,0x73,0x0,0x74,0x0,0x61,0x0,0x62,0x0,0x3a,0x8,0x0,0x0,0x0,0x0,0x6,
  0x0,0x0,0x0,0xc,0x42,0x69,0x6f,0x6d,0x65,0x20,0x73,0x63,0x61,0x6c,0x65,0x3a,
  0x7,0x0,0x0,0x0,0xb,0x4c,0x61,0x79,0x65,0x72,0x44,0x69,0x61,0x6c,0x6f,0x67,
  0x1,0x3,0x0,0x0,0x0,0x28,0x0,0x4b,0x0,0x6f,0x0,0x6e,0x0,0x65,0x0,0x6e,
  0x0,0x74,0x0,0x61,0x0,0x6c,0x0,0x68,0x0,0x65,0x0,0x69,0x0,0x74,0x0,0x6f,
  0x0,0x6b,0x0,0x74,0x0,0x61,0x0,0x76,0x0,0x65,0x0,0x6e,0x0,0x3a,0x8,0x0,
  0x0,0x0,0x0,0x6,0x0,0x0,0x0,0x17,0x43,0x6f,0x6e,0x74,0x6e,0x65,0x6e,0x74,
  0x61,0x6c,0x6e,0x65,0x73,0x73,0x20,0x6f,0x63,0x74,0x61,0x76,0x65,0x73,0x3a,0x7,
  0x0,0x0,0x0,0xb,0x4c,0x61,0x79,0x65,0x72,0x44,0x69,0x61,0x6c,0x6f,0x67,0x1,
  0x3,0x0,0x0,0x0,0x32,0x0,0x48,0x0,0xf6,0x0,0x68,0x0,0x65,0x0,0x6e,0x0,
  0x6c,0x0,0x69,0x0,0x6e,0x0,0x69,0x0,0x65,0x0,0x6e,0x0,0x20,0x0,0x61,0x0,
  0x75,0x0,0x66,0x0,0x20,0x0,0x42,0x0,0x69,0x0,0x6f,0x0,0x6d,0x0,0x6b,0x0,
  0x61,0x0,0x72,0x0,0x74,0x0,0x65,0x8,0x0,0x0,0x0,0x0,0x6,0x0,0x0,0x0,
  0x12,0x43,0x6f,0x6e,0x74,0x6f,0x75,0x72,0x73,0x20,0x6f,0x6e,0x20,0x62,0x69,0x6f,
  0x6d,0x65,0x73,0x7,0x0,0x0,0x0,0xb,0x4c,0x61,0x79,0x65,0x72,0x44,0x69,0x61,
  0x6c,0x6f,0x67,0x1,0x3,0x0,0x0,0x0,0x6a,0x0,0x42,0x0,0x65,0x0,0x69,0x0,
  0x74,0x0,0x72,0x0,0x61,0x0,0x67,0x0,0x20,0x0,0x64,0x0,0x65,0x0,0x72,0x0,
  0x20,0x0,0x73,0x0,0x69,0x0,0x67,0x0,0x6e,0x0,0x69,0x0,0x66,0x0,0x69,0x0,
  0x6b,0x0,0x61,0x0,0x6e,0x0,0x74,0x0,0x65,0x0,0x73,0x0,0x74,0x0,0x65,0x0,
  0x6e,0x0,0x20,0x0,0x4f,0x0,0x6b,0x0,0x74,0x0,0x61,0x0,0x76,0x0,0x65,0x0,
  0x20,0x0,0x76,0x0,0x6f,0x0,0x6e,0x0,0x20,0x0,0x25,0x0,0x31,0x0,0x20,0x0,
  0x69,0x0,0x6e,0x0,0x73,0x0,0x67,0x0,0x65,0x0,0x73,0x0,0x61,0x0,0x6d,0x0,
  0x74,0x0,0x2e,0x3,0x0,0x0,0x0,0x72,0x0,0x42,0x0,0x65,0x0,0x69,0x0,0x74,
  0x0,0x72,0x0,0x61,0x0,0x67,0x0,0x20,0x0,0x64,0x0,0x65,0x0,0x72,0x0,0x20,
  0x0,0x25,0x0,0x6e,0x0,0x20,0x0,0x73,0x0,0x69,0x0,0x67,0x0,0x6e,0x0,0x69,
  0x0,0x66,0x0,0x69,0x0,0x6b,0x0,0x61,0x0,0x6e,0x0,0x74,0x0,0x65,0x0,0x73,
  0x0,0x74,0x0,0x65,0x0,0x6e,0x0,0x20,0x0,0x4f,0x0,0x6b,0x0,0x74,0x0,0x61,
  0x0,0x76,0x0,0x65,0x0,0x6e,0x0,0x20,0x0,0x76,0x0,0x6f,0x0,0x6e,0x0,0x20,
  0x0,0x25,0x0,0x31,0x0,0x20,0x0,0x69,0x0,0x6e,0x0,0x73,0x0,0x67,0x0,0x65,
  0x0,0x73,0x0,0x61,0x0,0x6d,0x0,0x74,0x0,0x2e,0x8,0x0,0x0,0x0,0x0,0x6,
  0x0,0x0,0x0,0x40,0x43,0x6f,0x6e,0x74,0x72,0x69,0x62,0x75,0x74,0x69,0x6f,0x6e,
  0x20,0x6f,0x66,0x20,0x74,0x68,0x65,0x20,0x25,0x6e,0x20,0x6d,0x6f,0x73,0x74,0x20,
  0x73,0x69,0x67,0x6e,0x69,0x66,0x69,0x63,0x61,0x6e,0x74,0x20,0x6f,0x63,0x74,0x61,
  0x76,0x65,0x73,0x20,0x6f,0x75,0x74,0x20,0x6f,0x66,0x20,0x25,0x31,0x20,0x74,0x6f,
  0x74,0x61,0x6c,0x2e,0x7,0x0,0x0,0x0,0xb,0x4c,0x61,0x79,0x65,0x72,0x44,0x69,
  0x61,0x6c,0x6f,0x67,0x1,0x3,0x0,0x0,0x0,0xa,0x0,0x54,0x0,0x69,0x0,0x65,
  0x0,0x66,0x0,0x65,0x8,0x0,0x0,0x0,0x0,0x6,0x0,0x0,0x0,0x5,0x44,0x65,
  0x70,0x74,0x68,0x7,0x0,0x0,0x0,0xb,0x4c,0x61,0x79,0x65,0x72,0x44,0x69,0x61,
  0x6c,0x6f,0x67,0x1,0x3,0x0,0x0,0x0,0x20,0x0,0x45,0x0,0x72,0x0,0x6f,0x0,
  0x73,0x0,0x69,0x0,0x6f,0x0,0x6e,0x0,0x73,0x0,0x6f,0x0,0x6b,0x0,0x74,0x0,
  0x61,0x0,0x76,0x0,0x65,0x0,0x6e,0x0,0x3a,0x8,0x0,0x0,0x0,0x0,0x6,0x0,
  0x0,0x0,0x10,0x45,0x72,0x6f,0x73,0x69,0x6f,0x6e,0x20,0x6f,0x63,0x74,0x61,0x76,
  0x65,0x73,0x3a,0x7,0x0,0x0,0x0,0xb,0x4c,0x61,0x79,0x65,0x72,0x44,0x69,0x61,
  0x6c,0x6f,0x67,0x1,0x3,0x0,0x0,0x0,0x14,0x0,0x47,0x0,0x72,0x0,0x61,0x0,
  0x75,0x0,0x73,0x0,0x74,0x0,0x75,0x0,0x66,0x0,0x65,0x0,0x6e,0x8,0x0,0x0,
  0x0,0x0,0x6,0x0,0x0,0x0,0x9,0x47,0x72,0x61,0x79,0x73,0x63,0x61,0x6c,0x65,
  0x7,0x0,0x0,0x0,0xb,0x4c,0x61,0x79,0x65,0x72,0x44,0x69,0x61,0x6c,0x6f,0x67,
  0x1,0x3,0x0,0x0,0x0,0x2a,0x0,0x46,0x0,0x65,0x0,0x75,0x0,0x63,0x0,0x68,
  0x0,0x74,0x0,0x69,0x0,0x67,0x0,0x6b,0x0,0x65,0x0,0x69,0x0,0x74,0x0,0x73,
  0x0,0x6f,0x0,0x6b,0x0,0x74,0x0,0x61,0x0,0x76,0x0,0x65,0x0,0x6e,0x0,0x3a,
  0x8,0x0,0x0,0x0,0x0,0x6,0x0,0x0,0x0,0x11,0x48,0x75,0x6d,0x69,0x64,0x69,
  0x74,0x79,0x20,0x6f,0x63,0x74,0x61,0x76,0x65,0x73,0x3a,0x7,0x0,0x0,0x0,0xb,
  0x4c,0x61,0x79,0x65,0x72,0x44,0x69,0x61,0x6c,0x6f,0x67,0x1,0x3,0x0,0x0,0x0,
  0x46,0x0,0x53,0x0,0x63,0x0,0x68,0x0,0x69,0x0,0x63,0x0,0x68,0x0,0x74,0x0,
  0x65,0x0,0x6e,0x0,0x20,0x0,0x44,0x0,0x61,0x0,0x72,0x0,0x73,0x0,0x74,0x0,
  0x65,0x0,0x6c,0x0,0x6c,0x0,0x75,0x0,0x6e,0x0,0x67,0x0,0x73,0x0,0x65,0x0,
  0x69,0x0,0x6e,0x0,0x73,0x0,0x74,0x0,0x65,0x0,0x6c,0x0,0x6c,0x0,0x75,0x0,
  0x6e,0x0,0x67,0x0,0x65,0x0,0x6e,0x8,0x0,0x0,0x0,0x0,0x6,0x0,0x0,0x0,
  0x15,0x4c,0x61,0x79,0x65,0x72,0x20,0x44,0x69,0x73,0x70,0x6c,0x61,0x79,0x20,0x4f,
  0x70,0x74,0x69,0x6f,0x6e,0x73,0x7,0x0,0x0,0x0,0xb,0x4c,0x61,0x79,0x65,0x72,
  0x44,0x69,0x61,0x6c,0x6f,0x67,0x1,0x3,0x0,0x0,0x0,0x22,0x0,0x4b,0x0,0x65,
  0x0,0x69,0x0,0x6e,0x0,0x65,0x0,0x20,0x0,0x42,0x0,0x65,0x0,0x74,0x0,0x61,
  0x0,0x2d,0x0,0x4f,0x0,0x7a,0x0,0x65,0x0,0x61,0x0,0x6e,0x0,0x65,0x8,0x0,
  0x0,0x0,0x0,0x6,0x0,0x0,0x0,0xe,0x4e,0x6f,0x20,0x62,0x65,0x74,0x61,0x20,
  0x6f,0x63,0x65,0x61,0x6e,0x73,0x7,0x0,0x0,0x0,0xb,0x4c,0x61,0x79,0x65,0x72,
  0x44,0x69,0x61,0x6c,0x6f,0x67,0x1,0x3,0x0,0x0,0x0,0x18,0x0,0x4f,0x0,0x7a,
  0x0,0x65,0x0,0x61,0x0,0x6e,0x0,0x73,0x0,0x63,0x0,0x68,0x0,0x69,0x0,0x63,
  0x0,0x68,0x0,0x74,0x8,0x0,0x0,0x0,0x0,0x6,0x0,0x0,0x0,0xb,0x4f,0x63,
  0x65,0x61,0x6e,0x20,0x6c,0x61,0x79,0x65,0x72,0x7,0x0,0x0,0x0,0xb,0x4c,0x61,
  0x79,0x65,0x72,0x44,0x69,0x61,0x6c,0x6f,0x67,0x1,0x3,0x0,0x0,0x0,0x28,0x0,
  0x4f,0x0,0x6b,0x0,0x74,0x0,0x61,0x0,0x76,0x0,0x65,0x0,0x6e,0x0,0x61,0x0,
  0x6d,0x0,0x70,0x0,0x6c,0x0,0x69,0x0,0x74,0x0,0x75,0x0,0x64,0x0,0x65,0x0,
  0x3a,0x0,0x20,0x0,0x25,0x0,0x31,0x8,0x0,0x0,0x0,0x0,0x6,0x0,0x0,0x0,
  0x14,0x4f,0x63,0x74,0x61,0x76,0x65,0x20,0x61,0x6d,0x70,0x6c,0x69,0x74,0x75,0x64,
  0x65,0x3a,0x20,0x25,0x31,0x7,0x0,0x0,0x0,0xb,0x4c,0x61,0x79,0x65,0x72,0x44,
  0x69,0x61,0x6c,0x6f,0x67,0x1,0x3,0x0,0x0,0x0,0x3a,0x0,0x4f,0x0,0x6b,0x0,
  0x74,0x0,0x61,0x0,0x76,0x0,0x65,0x0,0x6e,0x0,0x6c,0x0,0x61,0x0,0x6b,0x0,
  0x75,0x0,0x6e,0x0,0x61,0x0,0x72,0x0,0x69,0x0,0x74,0x0,0xe4,0x0,0x74,0x0,
  0x3a,0x0,0x20,0x0,0x25,0x0,0x31,0x0,0x20,0x0,0x3d,0x0,0x20,0x0,0x31,0x0,
  0x2f,0x0,0x25,0x0,0x32,0x8,0x0,0x0,0x0,0x0,0x6,0x0,0x0,0x0,0x1c,0x4f,
  0x63,0x74,0x61,0x76,0x65,0x20,0x6c,0x61,0x63,0x75,0x6e,0x61,0x72,0x69,0x74,0x79,
  0x3a,0x20,0x25,0x31,0x20,0x3d,0x20,0x31,0x2f,0x25,0x32,0x7,0x0,0x0,0x0,0xb,
  0x4c,0x61,0x79,0x65,0x72,0x44,0x69,0x61,0x6c,0x6f,0x67,0x1,0x3,0x0,0x0,0x0,
  0x18,0x0,0x46,0x0,0x6c,0x0,0x75,0x0,0x73,0x0,0x73,0x0,0x73,0x0,0x63,0x0,
  0x68,0x0,0x69,0x0,0x63,0x0,0x68,0x0,0x74,0x8,0x0,0x0,0x0,0x0,0x6,0x0,
  0x0,0x0,0xb,0x52,0x69,0x76,0x65,0x72,0x20,0x6c,0x61,0x79,0x65,0x72,0x7,0x0,
  0x0,0x0,0xb,0x4c,0x61,0x79,0x65,0x72,0x44,0x69,0x61,0x6c,0x6f,0x67,0x1,0x3,
  0x0,0x0,0x0,0x2a,0x0,0x53,0x0,0x63,0x0,0x68,0x0,0x61,0x0,0x74,0x0,0x74,
  0x0,0x69,0x0,0x65,0x0,0x72,0x0,0x74,0x0,0x65,0x0,0x20,0x0,0x42,0x0,0x69,
  0x0,0x6f,0x0,0x6d,0x0,0x6b,0x0,0x61,0x0,0x72,0x0,0x74,0x0,0x65,0x8,0x0,
  0x0,0x0,0x0,0x6,0x0,0x0,0x0,0x10,0x53,0x68,0x61,0x64,0x65,0x64,0x20,0x62,
  0x69,0x6f,0x6d,0x65,0x20,0x6d,0x61,0x70,0x7,0x0,0x0,0x0,0xb,0x4c,0x61,0x79,
  0x65,0x72,0x44,0x69,0x61,0x6c,0x6f,0x67,0x1,0x3,0x0,0x0,0x0,0x2e,0x0,0x53,
  0x0,0x63,0x0,0x68,0x0,0x61,0x0,0x74,0x0,0x74,0x0,0x69,0x0,0x65,0x0,0x72,
  0x0,0x74,0x0,0x65,0x0,0x20,0x0,0x48,0x0,0xf6,0x0,0x68,0x0,0x65,0x0,0x6e,
  0x0,0x6c,0x0,0x69,0x0,0x6e,0x0,0x69,0x0,0x65,0x0,0x6e,0x8,0x0,0x0,0x0,
  0x0,0x6,0x0,0x0,0x0,0x14,0x53,0x68,0x61,0x64,0x65,0x64,0x20,0x77,0x69,0x74,
  0x68,0x20,0x63,0x6f,0x6e,0x74,0x6f,0x75,0x72,0x73,0x7,0x0,0x0,0x0,0xb,0x4c,
  0x61,0x79,0x65,0x72,0x44,0x69,0x61,0x6c,0x6f,0x67,0x1,0x3,0x0,0x0,0x0,0x22,
  0x0,0x53,0x0,0x74,0x0,0x72,0x0,0x75,0x0,0x6b,0x0,0x74,0x0,0x75,0x0,0x72,
  0x0,0x70,0x0,0x6f,0x0,0x74,0x0,0x65,0x0,0x6e,0x0,0x7a,0x0,0x69,0x0,0x61,
  0x0,0x6c,0x8,0x0,0x0,0x0,0x0,0x6,0x0,0x0,0x0,0x13,0x53,0x74,0x72,0x75,
  0x63,0x74,0x75,0x72,0x65,0x20,0x70,0x6f,0x74,0x65,0x6e,0x74,0x69,0x61,0x6c,0x7,
  0x0,0x0,0x0,0xb,0x4c,0x61,0x79,0x65,0x72,0x44,0x69,0x61,0x6c,0x6f,0x67,0x1,
  0x3,0x0,0x0,0x0,0x24,0x0,0x54,0x0,0x65,0x0,0x6d,0x0,0x70,0x0,0x65,0x0,
  0x72,0x0,0x61,0x0,0x74,0x0,0x75,0x0,0x72,0x0,0x6f,0x0,0x6b,0x0,0x74,0x0,
  0x61,0x0,0x76,0x0,0x65,0x0,0x6e,0x0,0x3a,0x8,0x0,0x0,0x0,0x0,0x6,0x0,
  0x0,0x0,0x14,0x54,0x65,0x6d,0x70,0x65,0x72,0x61,0x74,0x75,0x72,0x65,0x20,0x6f,
  0x63,0x74,0x61,0x76,0x65,0x73,0x3a,0x7,0x0,0x0,0x0,0xb,0x4c,0x61,0x79,0x65,
  0x72,0x44,0x69,0x61,0x6c,0x6f,0x67,0x1,0x3,0x0,0x0,0x0,0x34,0x0,0x47,0x0,
  0x65,0x0,0x73,0x0,0x61,0x0,0x6d,0x0,0x74,0x0,0x65,0x0,0x72,0x0,0x20,0x0,
  0x42,0x0,0x65,0x0,0x69,0x0,0x74,0x0,0x72,0x0,0x61,0x0,0x67,0x0,0x3a,0x0,
  0x20,0x0,0x25,0x0,0x31,0x0,0x20,0x0,0x3d,0x0,0x20,0x0,0x25,0x0,0x32,0x0,
  0x25,0x8,0x0,0x0,0x0,0x0,0x6,0x0,0x0,0x0,0x1c,0x54,0x6f,0x74,0x61,0x6c,
  0x20,0x63,0x6f,0x6e,0x74,0x72,0x69,0x62,0x75,0x74,0x69,0x6f,0x6e,0x3a,0x20,0x25,
  0x31,0x20,0x3d,0x20,0x25,0x32,0x25,0x7,0x0,0x0,0x0,0xb,0x4c,0x61,0x79,0x65,
  0x72,0x44,0x69,0x61,0x6c,0x6f,0x67,0x1,0x3,0x0,0x0,0x0,0x2a,0x0,0x56,0x0,
  0x65,0x0,0x72,0x0,0x72,0x0,0xfc,0x0,0x63,0x0,0x6b,0x0,0x74,0x0,0x68,0x0,
  0x65,0x0,0x69,0x0,0x74,0x0,0x73,0x0,0x6f,0x0,0x6b,0x0,0x74,0x0,0x61,0x0,
  0x76,0x0,0x65,0x0,0x6e,0x0,0x3a,0x8,0x0,0x0,0x0,0x0,0x6,0x0,0x0,0x0,
  0x12,0x57,0x65,0x69,0x72,0x64,0x6e,0x65,0x73,0x73,0x20,0x6f,0x63,0x74,0x61,0x76,
  0x65,0x73,0x3a,0x7,0x0,0x0,0x0,0xb,0x4c,0x61,0x79,0x65,0x72,0x44,0x69,0x61,
  0x6c,0x6f,0x67,0x1,0x3,0x0,0x0,0x0,0x38,0x0,0x28,0x0,0x31,0x0,0x2e,0x0,
  0x31,0x0,0x33,0x0,0x20,0x0,0x2d,0x0,0x20,0x0,0x31,0x0,0x2e,0x0,0x31,0x0,
  0x37,0x0,0x29,0x0,0x20,0x0,0x4f,0x0,0x2e,0x0,0x20,0x0,0x54,0x0,0x65,0x0,
  0x6d,0x0,0x70,0x0,0x2e,0x0,0x20,0x0,0x31,0x0,0x3a,0x0,0x32,0x0,0x35,0x0,
  0x36,0x8,0x0,0x0,0x0,0x0,0x6,0x0,0x0,0x0,0x1c,0x28,0x31,0x2e,0x31,0x33,
  0x20,0x2d,0x20,0x31,0x2e,0x31,0x37,0x29,0x20,0x4f,0x2e,0x20,0x54,0x65,0x6d,0x70,
  0x2e,0x20,0x31,0x3a,0x32,0x35,0x36,0x7,0x0,0x0,0x0,0xa,0x4d,0x61,0x69,0x6e,
  0x57,0x69,0x6e,0x64,0x6f,0x77,0x1,0x3,0x0,0x0,0x0,0x36,0x0,0x28,0x0,0x31,
  0x0,0x2e,0x0,0x31,0x0,0x33,0x0,0x20,0x0,0x2d,0x0,0x20,0x0,0x31,0x0,0x2e,
  0x0,0x31,0x0,0x37,0x0,0x29,0x0,0x20,0x0,0x46,0x0,0x6c,0x0,0x75,0x0,0x73,
  0x0,0x73,0x0,0x20,0x0,0x4d,0x0,0x69,0x0,0x78,0x0,0x20,0x0,0x31,0x0,0x3a,
  0x0,0x34,0x8,0x0,0x0,0x0,0x0,0x6,0x0,0x0,0x0,0x1b,0x28,0x31,0x2e,0x31,
  0x33,0x20,0x2d,0x20,0x31,0x2e,0x31,0x37,0x29,0x20,0x52,0x69,0x76,0x65,0x72,0x20,
  0x4d,0x69,0x78,0x20,0x31,0x3a,0x34,0x7,0x0,0x0,0x0,0xa,0x4d,0x61,0x69,0x6e,
  0x57,0x69,0x6e,0x64,0x6f,0x77,0x1,0x3,0x0,0x0,0x0,0x2e,0x0,0x28,0x0,0x31,
  0x0,0x2e,0x0,0x31,0x0,0x38,0x0,0x2b,0x0,0x29,0x0,0x20,0x0,0x4b,0x0,0x6f,
  0x0,0x6e,0x0,0x74,0x0,0x69,0x0,0x6e,0x0,0x65,0x0,0x6e,0x0,0x74,0x0,0x61,
  0x0,0x6c,0x0,0x68,0x0,0x65,0x0,0x69,0x0,0x74,0x8,0x0,0x0,0x0,0x0,0x6,
  0x0,0x0,0x0,0x17,0x28,0x31,0x2e,0x31,0x38,0x2b,0x29,0x20,0x43,0x6f,0x6e,0x74,
  0x69,0x6e,0x65,0x6e,0x74,0x61,0x6c,0x6e,0x65,0x73,0x73,0x7,0x0,0x0,0x0,0xa,
  0x4d,0x61,0x69,0x6e,0x57,0x69,0x6e,0x64,0x6f,0x77,0x1,0x3,0x0,0x0,0x0,0x1a,
  0x0,0x28,0x0,0x31,0x0,0x2e,0x0,0x31,0x0,0x38,0x0,0x2b,0x0,0x29,0x0,0x20,
  0x0,0x54,0x0,0x69,0x0,0x65,0x0,0x66,0x0,0x65,0x8,0x0,0x0,0x0,0x0,0x6,
  0x0,0x0,0x0,0xd,0x28,0x31,0x2e,0x31,0x38,0x2b,0x29,0x20,0x44,0x65,0x70,0x74,
  0x68,0x7,0x0,0x0,0x0,0xa,0x4d,0x61,0x69,0x6e,0x57,0x69,0x6e,0x64,0x6f,0x77,
  0x1,0x3,0x0,0x0,0x0,0x1e,0x0,0x28,0x0,0x31,0x0,0x2e,0x0,0x31,0x0,0x38,
  0x0,0x2b,0x0,0x29,0x0,0x20,0x0,0x45,0x0,0x72,0x0,0x6f,0x0,0x73,0x0,0x69,
  0x0,0x6f,0x0,0x6e,0x8,0x0,0x0,0x0,0x0,0x6,0x0,0x0,0x0,0xf,0x28,0x31,
  0x2e,0x31,0x38,0x2b,0x29,0x20,0x45,0x72,0x6f,0x73,0x69,0x6f,0x6e,0x7,0x0,0x0,
  0x0,0xa,0x4d,0x61,0x69,0x6e,0x57,0x69,0x6e,0x64,0x6f,0x77,0x1,0x3,0x0,0x0,
  0x0,0x28,0x0,0x28,0x0,0x31,0x0,0x2e,0x0,0x31,0x0,0x38,0x0,0x2b,0x0,0x29,
  0x0,0x20,0x0,0x46,0x0,0x65,0x0,0x75,0x0,0x63,0x0,0x68,0x0,0x74,0x0,0x69,
  0x0,0x67,0x0,0x6b,0x0,0x65,0x0,0x69,0x0,0x74,0x8,0x0,0x0,0x0,0x0,0x6,
  0x0,0x0,0x0,0x10,0x28,0x31,0x2e,0x31,0x38,0x2b,0x29,0x20,0x48,0x75,0x6d,0x69,
  0x64,0x69,0x74,0x79,0x7,0x0,0x0,0x0,0xa,0x4d,0x61,0x69,0x6e,0x57,0x69,0x6e,
  0x64,0x6f,0x77,0x1,0x3,0x0,0x0,0x0,0x24,0x0,0x28,0x0,0x31,0x0,0x2e,0x0,
  0x31,0x0,0x38,0x0,0x2b,0x0,0x29,0x0,0x20,0x0,0x54,0x0,0x65,0x0,0x6d,0x0,
  0x70,0x0,0x65,0x0,0x72,0x0,0x61,0x0,0x74,0x0,0x75,0x0,0x72,0x8,0x0,0x0,
  0x0,0x0,0x6,0x0,0x0,0x0,0x13,0x28,0x31,0x2e,0x31,0x38,0x2b,0x29,0x20,0x54,
  0x65,0x6d,0x70,0x65,0x72,0x61,0x74,0x75,0x72,0x65,0x7,0x0,0x0,0x0,0xa,0x4d,
  0x61,0x69,0x6e,0x57,0x69,0x6e,0x64,0x6f,0x77,0x1,0x3,0x0,0x0,0x0,0x28,0x0,
  0x28,0x0,0x31,0x0,0x2e,0x0,0x31,0x0,0x38,0x0,0x2b,0x0,0x29,0x0,0x20,0x0,
  0x56,0x0,0x65,0x0,0x72,0x0,0x72,0x0,0xfc,0x0,0x63,0x0,0x6b,0x0,0x74,0x0,
  0x68,0x0,0x65,0x0,0x69,0x0,0x74,0x8,0x0,0x0,0x0,0x0,0x6,0x0,0x0,0x0,
  0x11,0x28,0x31,0x2e,0x31,0x38,0x2b,0x29,0x20,0x57,0x65,0x69,0x72,0x64,0x6e,0x65,
  0x73,0x73,0x7,0x0,0x0,0x0,0xa,0x4d,0x61,0x69,0x6e,0x57,0x69,0x6e,0x64,0x6f,
  0x77,0x1,0x3,0x0,0x0,0x0,0x2e,0x0,0x28,0x0,0x42,0x0,0x65,0x0,0x74,0x0,
  0x61,0x0,0x20,0x0,0x31,0x0,0x2e,0x0,0x37,0x0,0x29,0x0,0x20,0x0,0x46,0x0,
  0x65,0x0,0x75,0x0,0x63,0x0,0x68,0x0,0x74,0x0,0x69,0x0,0x67,0x0,0x6b,0x0,
  0x65,0x0,0x69,0x0,0x74,0x8,0x0,0x0,0x0,0x0,0x6,0x0,0x0,0x0,0x13,0x28,
  0x42,0x65,0x74,0x61,0x20,0x31,0x2e,0x37,0x29,0x20,0x48,0x75,0x6d,0x69,0x64,0x69,
  0x74,0x79,0x7,0x0,0x0,0x0,0xa,0x4d,0x61,0x69,0x6e,0x57,0x69,0x6e,0x64,0x6f,
  0x77,0x1,0x3,0x0,0x0,0x0,0x36,0x0,0x28,0x0,0x42,0x0,0x65,0x0,0x74,0x0,
  0x61,0x0,0x20,0x0,0x31,0x0,0x2e,0x0,0x37,0x0,0x29,0x0,0x20,0x0,0x4b,0x0,
  0x65,0x0,0x69,0x0,0x6e,0x0,0x65,0x0,0x20,0x0,0x42,0x0,0x65,0x0,0x74,0x0,
  0x61,0x0,0x20,0x0,0x4d,0x0,0x65,0x0,0x65,0x0,0x72,0x0,0x65,0x8,0x0,0x0,
  0x0,0x0,0x6,0x0,0x0,0x0,0x19,0x28,0x42,0x65,0x74,0x61,0x20,0x31,0x2e,0x37,
  0x29,0x20,0x4e,0x6f,0x20,0x62,0x65,0x74,0x61,0x20,0x6f,0x63,0x65,0x61,0x6e,0x73,
  0x7,0x0,0x0,0x0,0xa,0x4d,0x61,0x69,0x6e,0x57,0x69,0x6e,0x64,0x6f,0x77,0x1,
  0x3,0x0,0x0,0x0,0x2a,0x0,0x28,0x0,0x42,0x0,0x65,0x0,0x74,0x0,0x61,0x0,
  0x20,0x0,0x31,0x0,0x2e,0x0,0x37,0x0,0x29,0x0,0x20,0x0,0x54,0x0,0x65,0x0,
  0x6d,0x0,0x70,0x0,0x65,0x0,0x72,0x0,0x61,0x0,0x74,0x0,0x75,0x0,0x72,0x8,
  0x0,0x0,0x0,0x0,0x6,0x0,0x0,0x0,0x16,0x28,0x42,0x65,0x74,0x61,0x20,0x31,
  0x2e,0x37,0x29,0x20,0x54,0x65,0x6d,0x70,0x65,0x72,0x61,0x74,0x75,0x72,0x65,0x7,
  0x0,0x0,0x0,0xa,0x4d,0x61,0x69,0x6e,0x57,0x69,0x6e,0x64,0x6f,0x77,0x1,0x3,
  0xff,0xff,0xff,0xff,0x8,0x0,0x0,0x0,0x0,0x6,0x0,0x0,0x0,0x3,0x2d,0x31,
  0x36,0x7,0x0,0x0,0x0,0xa,0x4d,0x61,0x69,0x6e,0x57,0x69,0x6e,0x64,0x6f,0x77,
  0x1,0x3,0xff,0xff,0xff,0xff,0x8,0x0,0x0,0x0,0x0,0x6,0x0,0x0,0x0,0x3,
  0x2d,0x33,0x32,0x7,0x0,0x0,0x0,0xa,0x4d,0x61,0x69,0x6e,0x57,0x69,0x6e,0x64,
  0x6f,0x77,0x1,0x3,0xff,0xff,0xff,0xff,0x8,0x0,0x0,0x0,0x0,0x6,0x0,0x0,
  0x0,0x3,0x2d,0x34,0x38,0x7,0x0,0x0,0x0,0xa,0x4d,0x61,0x69,0x6e,0x57,0x69,
  0x6e,0x64,0x6f,0x77,0x1,0x3,0xff,0xff,0xff,0xff,0x8,0x0,0x0,0x0,0x0,0x6,
  0x0,0x0,0x0,0xd,0x2d,0x36,0x34,0x20,0x28,0x42,0x65,0x64,0x72,0x6f,0x63,0x6b,
  0x29,0x7,0x0,0x0,0x0,0xa,0x4d,0x61,0x69,0x6e,0x57,0x69,0x6e,0x64,0x6f,0x77,
  0x1,0x3,0xff,0xff,0xff,0xff,0x8,0x0,0x0,0x0,0x0,0x6,0x0,0x0,0x0,0x1,
  0x30,0x7,0x0,0x0,0x0,0xa,0x4d,0x61,0x69,0x6e,0x57,0x69,0x6e,0x64,0x6f,0x77,
  0x1,0x3,0x0,0x0,0x0,0x24,0x0,0x31,0x0,0x32,0x0,0x38,0x0,0x20,0x0,0x28,
  0x0,0x4e,0x0,0x65,0x0,0x74,0x0,0x68,0x0,0x65,0x0,0x72,0x0,0x20,0x0,0x44,
  0x0,0x65,0x0,0x63,0x0,0x6b,0x0,0x65,0x0,0x29,0x8,0x0,0x0,0x0,0x0,0x6,
  0x0,0x0,0x0,0x11,0x31,0x32,0x38,0x20,0x28,0x4e,0x65,0x74,0x68,0x65,0x72,0x20,
  0x52,0x6f,0x6f,0x66,0x29,0x7,0x0,0x0,0x0,0xa,0x4d,0x61,0x69,0x6e,0x57,0x69,
  0x6e,0x64,0x6f,0x77,0x1,0x3,0xff,0xff,0xff,0xff,0x8,0x0,0x0,0x0,0x0,0x6,
  0x0,0x0,0x0,0x2,0x31,0x36,0x7,0x0,0x0,0x0,0xa,0x4d,0x61,0x69,0x6e,0x57,
  0x69,0x6e,0x64,0x6f,0x77,0x1,0x3,0x0,0x0,0x0,0x20,0x0,0x32,0x0,0x35,0x0,
  0x36,0x0,0x20,0x0,0x28,0x0,0x4f,0x0,0x62,0x0,0x65,0x0,0x72,0x0,0x66,0x0,
  0x6c,0x0,0xe4,0x0,0x63,0x0,0x68,0x0,0x65,0x0,0x29,0x8,0x0,0x0,0x0,0x0,
  0x6,0x0,0x0,0x0,0xd,0x32,0x35,0x36,0x20,0x28,0x53,0x75,0x72,0x66,0x61,0x63,
  0x65,0x29,0x7,0x0,0x0,0x0,0xa,0x4d,0x61,0x69,0x6e,0x57,0x69,0x6e,0x64,0x6f,
  0x77,0x1,0x3,0xff,0xff,0xff,0xff,0x8,0x0,0x0,0x0,0x0,0x6,0x0,0x0,0x0,
  0x2,0x33,0x32,0x7,0x0,0x0,0x0,0xa,0x4d,0x61,0x69,0x6e,0x57,0x69,0x6e,0x64,
  0x6f,0x77,0x1,0x3,0xff,0xff,0xff,0xff,0x8,0x0,0x0,0x0,0x0,0x6,0x0,0x0,
  0x0,0x2,0x34,0x38,0x7,0x0,0x0,0x0,0xa,0x4d,0x61,0x69,0x6e,0x57,0x69,0x6e,
  0x64,0x6f,0x77,0x1,0x3,0x0,0x0,0x0,0x24,0x0,0x36,0x0,0x32,0x0,0x20,0x0,
  0x28,0x0,0x4d,0x0,0x65,0x0,0x65,0x0,0x72,0x0,0x65,0x0,0x73,0x0,0x73,0x0,
  0x70,0x0,0x69,0x0,0x65,0x0,0x67,0x0,0x65,0x0,0x6c,0x0,0x29,0x8,0x0,0x0,
  0x0,0x0,0x6,0x0,0x0,0x0,0xe,0x36,0x32,0x20,0x28,0x53,0x65,0x61,0x20,0x4c,
  0x65,0x76,0x65,0x6c,0x29,0x7,0x0,0x0,0x0,0xa,0x4d,0x61,0x69,0x6e,0x57,0x69,
  0x6e,0x64,0x6f,0x77,0x1,0x3,0x0,0x0,0x0,0x8,0x0,0xdc,0x0,0x62,0x0,0x65,
  0x0,0x72,0x8,0x0,0x0,0x0,0x0,0x6,0x0,0x0,0x0,0x5,0x41,0x62,0x6f,0x75,
  0x74,0x7,0x0,0x0,0x0,0xa,0x4d,0x61,0x69,0x6e,0x57,0x69,0x6e,0x64,0x6f,0x77,
  0x1,0x3,0x0,0x0,0x0,0x5c,0x0,0x53,0x0,0x68,0x0,0x61,0x0,0x64,0x0,0x6f,
  0x0,0x77,0x0,0x20,0x0,0x53,0x0,0x65,0x0,0x65,0x0,0x64,0x0,0x20,0x0,0x66,
  0x0,0xfc,0x0,0x72,0x0,0x20,0x0,0x6a,0x0,0x65,0x0,0x64,0x0,0x65,0x0,0x6e,
  0x0,0x20,0x0,0x4c,0x0,0x69,0x0,0x73,0x0,0x74,0x0,0x65,0x0,0x6e,0x0,0x65,
  0x0,0x69,0x0,0x6e,0x0,0x74,0x0,0x72,0x0,0x61,0x0,0x67,0x0,0x20,0x0,0x68,
  0x0,0x69,0x0,0x6e,0x0,0x7a,0x0,0x75,0x0,0x66,0x0,0xfc,0x0,0x67,0x0,0x65,
  0x0,0x6e,0x8,0x0,0x0,0x0,0x0,0x6,0x0,0x0,0x0,0x18,0x41,0x64,0x64,0x20,
  0x73,0x68,0x61,0x64,0x6f,0x77,0x20,0x66,0x6f,0x72,0x20,0x61,0x6c,0x6c,0x20,0x73,
  0x65,0x65,0x64,0x73,0x7,0x0,0x0,0x0,0xa,0x4d,0x61,0x69,0x6e,0x57,0x69,0x6e,
  0x64,0x6f,0x77,0x1,0x3,0x0,0x0,0x0,0x42,0x0,0x45,0x0,0x72,0x0,0x77,0x0,
  0x65,0x0,0x69,0x0,0x74,0x0,0x65,0x0,0x72,0x0,0x74,0x0,0x65,0x0,0x20,0x0,
  0x57,0x0,0x65,0x0,0x6c,0x0,0x74,0x0,0x65,0x0,0x6e,0x0,0x65,0x0,0x69,0x0,
  0x6e,0x0,0x73,0x0,0x74,0x0,0x65,0x0,0x6c,0x0,0x6c,0x0,0x75,0x0,0x6e,0x0,
  0x67,0x0,0x65,0x0,0x6e,0x0,0x2e,0x0,0x2e,0x0,0x2e,0x8,0x0,0x0,0x0,0x0,
  0x6,0x0,0x0,0x0,0x1a,0x41,0x64,0x76,0x61,0x6e,0x63,0x65,0x64,0x20,0x77,0x6f,
  0x72,0x6c,0x64,0x20,0x73,0x65,0x74,0x74,0x69,0x6e,0x67,0x73,0x2e,0x2e,0x2e,0x7,
  0x0,0x0,0x0,0xa,0x4d,0x61,0x69,0x6e,0x57,0x69,0x6e,0x64,0x6f,0x77,0x1,0x3,
  0xff,0xff,0xff,0xff,0x8,0x0,0x0,0x0,0x0,0x6,0x0,0x0,0x0,0x5,0x41,0x6c,
  0x74,0x2b,0x42,0x7,0x0,0x0,0x0,0xa,0x4d,0x61,0x69,0x6e,0x57,0x69,0x6e,0x64,
  0x6f,0x77,0x1,0x3,0xff,0xff,0xff,0xff,0x8,0x0,0x0,0x0,0x0,0x6,0x0,0x0,
  0x0,0x5,0x41,0x6c,0x74,0x2b,0x43,0x7,0x0,0x0,0x0,0xa,0x4d,0x61,0x69,0x6e,
  0x57,0x69,0x6e,0x64,0x6f,0x77,0x1,0x3,0xff,0xff,0xff,0xff,0x8,0x0,0x0,0x0,
  0x0,0x6,0x0,0x0,0x0,0x5,0x41,0x6c,0x74,0x2b,0x44,0x7,0x0,0x0,0x0,0xa,
  0x4d,0x61,0x69,0x6e,0x57,0x69,0x6e,0x64,0x6f,0x77,0x1,0x3,0xff,0xff,0xff,0xff,
  0x8,0x0,0x0,0x0,0x0,0x6,0x0,0x0,0x0,0x5,0x41,0x6c,0x74,0x2b,0x45,0x7,
  0x0,0x0,0x0,0xa,0x4d,0x61,0x69,0x6e,0x57,0x69,0x6e,0x64,0x6f,0x77,0x1,0x3,
  0xff,0xff,0xff,0xff,0x8,0x0,0x0,0x0,0x0,0x6,0x0,0x0,0x0,0x5,0x41,0x6c,
  0x74,0x2b,0x48,0x7,0x0,0x0,0x0,0xa,0x4d,0x61,0x69,0x6e,0x57,0x69,0x6e,0x64,
  0x6f,0x77,0x1,0x3,0xff,0xff,0xff,0xff,0x8,0x0,0x0,0x0,0x0,0x6,0x0,0x0,
  0x0,0x5,0x41,0x6c,0x74,0x2b,0x4f,0x7,0x0,0x0,0x0,0xa,0x4d,0x61,0x69,0x6e,
  0x57,0x69,0x6e,0x64,0x6f,0x77,0x1,0x3,0xff,0xff,0xff,0xff,0x8,0x0,0x0,0x0,
  0x0,0x6,0x0,0x0,0x0,0x5,0x41,0x6c,0x74,0x2b,0x52,0x7,0x0,0x0,0x0,0xa,
  0x4d,0x61,0x69,0x6e,0x57,0x69,0x6e,0x64,0x6f,0x77,0x1,0x3,0xff,0xff,0xff,0xff,
  0x8,0x0,0x0,0x0,0x0,0x6,0x0,0x0,0x0,0x5,0x41,0x6c,0x74,0x2b,0x53,0x7,
  0x0,0x0,0x0,0xa,0x4d,0x61,0x69,0x6e,0x57,0x69,0x6e,0x64,0x6f,0x77,0x1,0x3,
  0xff,0xff,0xff,0xff,0x8,0x0,0x0,0x0,0x0,0x6,0x0,0x0,0x0,0x5,0x41,0x6c,
  0x74,0x2b,0x54,0x7,0x0,0x0,0x0,0xa,0x4d,0x61,0x69,0x6e,0x57,0x69,0x6e,0x64,
  0x6f,0x77,0x1,0x3,0xff,0xff,0xff,0xff,0x8,0x0,0x0,0x0,0x0,0x6,0x0,0x0,
  0x0,0x5,0x41,0x6c,0x74,0x2b,0x57,0x7,0x0,0x0,0x0,0xa,0x4d,0x61,0x69,0x6e,
  0x57,0x69,0x6e,0x64,0x6f,0x77,0x1,0x3,0xff,0xff,0xff,0xff,0x8,0x0,0x0,0x0,
  0x0,0x6,0x0,0x0,0x0,0x5,0x41,0x6c,0x74,0x2b,0x59,0x7,0x0,0x0,0x0,0xa,
  0x4d,0x61,0x69,0x6e,0x57,0x69,0x6e,0x64,0x6f,0x77,0x1,0x3,0x0,0x0,0x0,0x32,
  0x0,0x55,0x0,0x6e,0x0,0x67,0x0,0x65,0x0,0x66,0x0,0xe4,0x0,0x68,0x0,0x72,
  0x0,0x65,0x0,0x20,0x0,0x4f,0x0,0x62,0x0,0x65,0x0,0x72,0x0,0x66,0x0,0x6c,
  0x0,0xe4,0x0,0x63,0x0,0x68,0x0,0x65,0x0,0x6e,0x0,0x68,0x0,0xf6,0x0,0x68,
  0x0,0x65,0x8,0x0,0x0,0x0,0x0,0x6,0x0,0x0,0x0,0x16,0x41,0x70,0x70,0x72,
  0x6f,0x78,0x2e,0x20,0x73,0x75,0x72,0x66,0x61,0x63,0x65,0x20,0x68,0x65,0x69,0x67,
  0x68,0x74,0x7,0x0,0x0,0x0,0xa,0x4d,0x61,0x69,0x6e,0x57,0x69,0x6e,0x64,0x6f,
  0x77,0x1,0x3,0x0,0x0,0x0,0x2e,0x0,0x42,0x0,0x69,0x0,0x6f,0x0,0x6d,0x0,
  0x6d,0x0,0x61,0x0,0xdf,0x0,0x73,0x0,0x74,0x0,0xe4,0x0,0x62,0x0,0x65,0x0,
  0x20,0x0,0x28,0x0,0x53,0x0,0x74,0x0,0x61,0x0,0x6e,0x0,0x64,0x0,0x61,0x0,
  0x72,0x0,0x64,0x0,0x29,0x8,0x0,0x0,0x0,0x0,0x6,0x0,0x0,0x0,0x16,0x42,
  0x69,0x6f,0x6d,0x65,0x20,0x73,0x63,0x61,0x6c,0x65,0x73,0x20,0x28,0x64,0x65,0x66,
  0x61,0x75,0x6c,0x74,0x29,0x7,0x0,0x0,0x0,0xa,0x4d,0x61,0x69,0x6e,0x57,0x69,
  0x6e,0x64,0x6f,0x77,0x1,0x3,0x0,0x0,0x0,0xa,0x0,0x42,0x0,0x69,0x0,0x6f,
  0x0,0x6d,0x0,0x65,0x8,0x0,0x0,0x0,0x0,0x6,0x0,0x0,0x0,0x6,0x42,0x69,
  0x6f,0x6d,0x65,0x73,0x7,0x0,0x0,0x0,0xa,0x4d,0x61,0x69,0x6e,0x57,0x69,0x6e,
  0x64,0x6f,0x77,0x1,0x3,0x0,0x0,0x0,0x16,0x0,0x42,0x0,0x65,0x0,0x64,0x0,
  0x69,0x0,0x6e,0x0,0x67,0x0,0x75,0x0,0x6e,0x0,0x67,0x0,0x65,0x0,0x6e,0x8,
  0x0,0x0,0x0,0x0,0x6,0x0,0x0,0x0,0xa,0x43,0x6f,0x6e,0x64,0x69,0x74,0x69,
  0x6f,0x6e,0x73,0x7,0x0,0x0,0x0,0xa,0x4d,0x61,0x69,0x6e,0x57,0x69,0x6e,0x64,
  0x6f,0x77,0x1,0x3,0x0,0x0,0x0,0x24,0x0,0x53,0x0,0x65,0x0,0x65,0x0,0x64,
  0x0,0x6c,0x0,0x69,0x0,0x73,0x0,0x74,0x0,0x65,0x0,0x20,0x0,0x6b,0x0,0x6f,
  0x0,0x70,0x0,0x69,0x0,0x65,0x0,0x72,0x0,0x65,0x0,0x6e,0x8,0x0,0x0,0x0,
  0x0,0x6,0x0,0x0,0x0,0x14,0x43,0x6f,0x70,0x79,0x20,0x73,0x65,0x65,0x64,0x73,
  0x20,0x66,0x72,0x6f,0x6d,0x20,0x6c,0x69,0x73,0x74,0x7,0x0,0x0,0x0,0xa,0x4d,
  0x61,0x69,0x6e,0x57,0x69,0x6e,0x64,0x6f,0x77,0x1,0x3,0x0,0x0,0x0,0xc,0x0,
  0x53,0x0,0x74,0x0,0x72,0x0,0x67,0x0,0x2b,0x0,0x47,0x8,0x0,0x0,0x0,0x0,
  0x6,0x0,0x0,0x0,0x6,0x43,0x74,0x72,0x6c,0x2b,0x47,0x7,0x0,0x0,0x0,0xa,
  0x4d,0x61,0x69,0x6e,0x57,0x69,0x6e,0x64,0x6f,0x77,0x1,0x3,0x0,0x0,0x0,0xc,
  0x0,0x53,0x0,0x74,0x0,0x72,0x0,0x67,0x0,0x2b,0x0,0x4f,0x8,0x0,0x0,0x0,
  0x0,0x6,0x0,0x0,0x0,0x6,0x43,0x74,0x72,0x6c,0x2b,0x4f,0x7,0x0,0x0,0x0,
  0xa,0x4d,0x61,0x69,0x6e,0x57,0x69,0x6e,0x64,0x6f,0x77,0x1,0x3,0x0,0x0,0x0,
  0xc,0x0,0x53,0x0,0x74,0x0,0x72,0x0,0x67,0x0,0x2b,0x0,0x53,0x8,0x0,0x0,
  0x0,0x0,0x6,0x0,0x0,0x0,0x6,0x43,0x74,0x72,0x6c,0x2b,0x53,0x7,0x0,0x0,
  0x0,0xa,0x4d,0x61,0x69,0x6e,0x57,0x69,0x6e,0x64,0x6f,0x77,0x1,0x3,0x0,0x0,
  0x0,0x18,0x0,0x53,0x0,0x74,0x0,0x72,0x0,0x67,0x0,0x2b,0x0,0x53,0x0,0x68,
  0x0,0x69,0x0,0x66,0x0,0x74,0x0,0x2b,0x0,0x53,0x8,0x0,0x0,0x0,0x0,0x6,
  0x0,0x0,0x0,0xc,0x43,0x74,0x72,0x6c,0x2b,0x53,0x68,0x69,0x66,0x74,0x2b,0x53,
  0x7,0x0,0x0,0x0,0xa,0x4d,0x61,0x69,0x6e,0x57,0x69,0x6e,0x64,0x6f,0x77,0x1,
  0x3,0x0,0x0,0x0,0x1e,0x0,0x43,0x0,0x75,0x0,0x62,0x0,0x69,0x0,0x6f,0x0,
  0x6d,0x0,0x65,0x0,0x73,0x0,0x20,0x0,0x56,0x0,0x69,0x0,0x65,0x0,0x77,0x0,
  0x65,0x0,0x72,0x8,0x0,0x0,0x0,0x0,0x6,0x0,0x0,0x0,0xf,0x43,0x75,0x62,
  0x69,0x6f,0x6d,0x65,0x73,0x20,0x56,0x69,0x65,0x77,0x65,0x72,0x7,0x0,0x0,0x0,
  0xa,0x4d,0x61,0x69,0x6e,0x57,0x69,0x6e,0x64,0x6f,0x77,0x1,0x3,0x0,0x0,0x0,
  0x24,0x0,0x41,0x0,0x6e,0x0,0x7a,0x0,0x65,0x0,0x69,0x0,0x67,0x0,0x65,0x0,
  0x6f,0x0,0x70,0x0,0x74,0x0,0x69,0x0,0x6f,0x0,0x6e,0x0,0x65,0x0,0x6e,0x0,
  0x2e,0x0,0x2e,0x0,0x2e,0x8,0x0,0x0,0x0,0x0,0x6,0x0,0x0,0x0,0x12,0x44,
  0x69,0x73,0x70,0x6c,0x61,0x79,0x20,0x6f,0x70,0x74,0x69,0x6f,0x6e,0x73,0x2e,0x2e,
  0x2e,0x7,0x0,0x0,0x0,0xa,0x4d,0x61,0x69,0x6e,0x57,0x69,0x6e,0x64,0x6f,0x77,
  0x1,0x3,0x0,0x0,0x0,0x14,0x0,0x42,0x0,0x65,0x0,0x61,0x0,0x72,0x0,0x62,
  0x0,0x65,0x0,0x69,0x0,0x74,0x0,0x65,0x0,0x6e,0x8,0x0,0x0,0x0,0x0,0x6,
  0x0,0x0,0x0,0x4,0x45,0x64,0x69,0x74,0x7,0x0,0x0,0x0,0xa,0x4d,0x61,0x69,
  0x6e,0x57,0x69,0x6e,0x64,0x6f,0x77,0x1,0x3,0x0,0x0,0x0,0x2e,0x0,0x42,0x0,
  0x69,0x0,0x6f,0x0,0x6d,0x0,0x66,0x0,0x61,0x0,0x72,0x0,0x62,0x0,0x65,0x0,
  0x6e,0x0,0x20,0x0,0x65,0x0,0x64,0x0,0x69,0x0,0x74,0x0,0x69,0x0,0x65,0x0,
  0x72,0x0,0x65,0x0,0x6e,0x0,0x2e,0x0,0x2e,0x0,0x2e,0x8,0x0,0x0,0x0,0x0,
  0x6,0x0,0x0,0x0,0x14,0x45,0x64,0x69,0x74,0x20,0x62,0x69,0x6f,0x6d,0x65,0x20,
  0x63,0x6f,0x6c,0x6f,0x72,0x73,0x2e,0x2e,0x2e,0x7,0x0,0x0,0x0,0xa,0x4d,0x61,
  0x69,0x6e,0x57,0x69,0x6e,0x64,0x6f,0x77,0x1,0x3,0x0,0x0,0x0,0x2c,0x0,0x57,
  0x0,0x65,0x0,0x72,0x0,0x6b,0x0,0x7a,0x0,0x65,0x0,0x75,0x0,0x67,0x0,0x65,
  0x0,0x20,0x0,0x65,0x0,0x64,0x0,0x69,0x0,0x74,0x0,0x69,0x0,0x65,0x0,0x72,
  0x0,0x65,0x0,0x6e,0x0,0x2e,0x0,0x2e,0x0,0x2e,0x8,0x0,0x0,0x0,0x0,0x6,
  0x0,0x0,0x0,0x11,0x45,0x64,0x69,0x74,0x20,0x6d,0x61,0x70,0x20,0x74,0x6f,0x6f,
  0x6c,0x73,0x2e,0x2e,0x2e,0x7,0x0,0x0,0x0,0xa,0x4d,0x61,0x69,0x6e,0x57,0x69,
  0x6e,0x64,0x6f,0x77,0x1,0x3,0x0,0x0,0x0,0x34,0x0,0x45,0x0,0x69,0x0,0x6e,
  0x0,0x73,0x0,0x74,0x0,0x65,0x0,0x6c,0x0,0x6c,0x0,0x75,0x0,0x6e,0x0,0x67,
  0x0,0x65,0x0,0x6e,0x0,0x20,0x0,0x65,0x0,0x64,0x0,0x69,0x0,0x74,0x0,0x69,
  0x0,0x65,0x0,0x72,0x0,0x65,0x0,0x6e,0x0,0x2e,0x0,0x2e,0x0,0x2e,0x8,0x0,
  0x0,0x0,0x0,0x6,0x0,0x0,0x0,0x13,0x45,0x64,0x69,0x74,0x20,0x70,0x72,0x65,
  0x66,0x65,0x72,0x65,0x6e,0x63,0x65,0x73,0x2e,0x2e,0x2e,0x7,0x0,0x0,0x0,0xa,
  0x4d,0x61,0x69,0x6e,0x57,0x69,0x6e,0x64,0x6f,0x77,0x1,0x3,0x0,0x0,0x0,0x8,
  0x0,0x45,0x0,0x6e,0x0,0x64,0x0,0x65,0x8,0x0,0x0,0x0,0x0,0x6,0x0,0x0,
  0x0,0x3,0x45,0x6e,0x64,0x7,0x0,0x0,0x0,0xa,0x4d,0x61,0x69,0x6e,0x57,0x69,
  0x6e,0x64,0x6f,0x77,0x1,0x3,0x0,0x0,0x0,0x22,0x0,0x42,0x0,0x65,0x0,0x69,
  0x0,0x73,0x0,0x70,0x0,0x69,0x0,0x65,0x0,0x6c,0x0,0x66,0x0,0x69,0x0,0x6c,
  0x0,0x74,0x0,0x65,0x0,0x72,0x0,0x2e,0x0,0x2e,0x0,0x2e,0x8,0x0,0x0,0x0,
  0x0,0x6,0x0,0x0,0x0,0x12,0x45,0x78,0x61,0x6d,0x70,0x6c,0x65,0x20,0x66,0x69,
  0x6c,0x74,0x65,0x72,0x73,0x2e,0x2e,0x2e,0x7,0x0,0x0,0x0,0xa,0x4d,0x61,0x69,
  0x6e,0x57,0x69,0x6e,0x64,0x6f,0x77,0x1,0x3,0x0,0x0,0x0,0x3a,0x0,0x42,0x0,
  0x69,0x0,0x6f,0x0,0x6d,0x0,0x65,0x0,0x20,0x0,0x61,0x0,0x6c,0x0,0x73,0x0,
  0x20,0x0,0x42,0x0,0x69,0x0,0x6c,0x0,0x64,0x0,0x20,0x0,0x65,0x0,0x78,0x0,
  0x70,0x0,0x6f,0x0,0x72,0x0,0x74,0x0,0x69,0x0,0x65,0x0,0x72,0x0,0x65,0x0,
  0x6e,0x0,0x2e,0x0,0x2e,0x0,0x2e,0x8,0x0,0x0,0x0,0x0,0x6,0x0,0x0,0x0,
  0x19,0x45,0x78,0x70,0x6f,0x72,0x74,0x20,0x62,0x69,0x6f,0x6d,0x65,0x73,0x20,0x61,
  0x73,0x20,0x69,0x6d,0x61,0x67,0x65,0x2e,0x2e,0x2e,0x7,0x0,0x0,0x0,0xa,0x4d,
  0x61,0x69,0x6e,0x57,0x69,0x6e,0x64,0x6f,0x77,0x1,0x3,0x0,0x0,0x0,0x50,0x0,
  0x44,0x0,0x61,0x0,0x74,0x0,0x65,0x0,0x69,0x0,0x20,0x0,0x6b,0x0,0x6f,0x0,
  0x6e,0x0,0x6e,0x0,0x74,0x0,0x65,0x0,0x20,0x0,0x6e,0x0,0x69,0x0,0x63,0x0,
  0x68,0x0,0x74,0x0,0x20,0x0,0x67,0x0,0x65,0x0,0xf6,0x0,0x66,0x0,0x66,0x0,
  0x6e,0x0,0x65,0x0,0x74,0x0,0x20,0x0,0x77,0x0,0x65,0x0,0x72,0x0,0x64,0x0,
  0x65,0x0,0x6e,0x0,0x3a,0x0,0xa,0x0,0x22,0x0,0x25,0x0,0x31,0x0,0x22,0x8,
  0x0,0x0,0x0,0x0,0x6,0x0,0x0,0x0,0x19,0x46,0x61,0x69,0x6c,0x65,0x64,0x20,
  0x74,0x6f,0x20,0x6f,0x70,0x65,0x6e,0x20,0x66,0x69,0x6c,0x65,0x3a,0xa,0x22,0x25,
  0x31,0x22,0x7,0x0,0x0,0x0,0xa,0x4d,0x61,0x69,0x6e,0x57,0x69,0x6e,0x64,0x6f,
  0x77,0x1,0x3,0x0,0x0,0x0,0xa,0x0,0x44,0x0,0x61,0x0,0x74,0x0,0x65,0x0,
  0x69,0x8,0x0,0x0,0x0,0x0,0x6,0x0,0x0,0x0,0x4,0x46,0x69,0x6c,0x65,0x7,
  0x0,0x0,0x0,0xa,0x4d,0x61,0x69,0x6e,0x57,0x69,0x6e,0x64,0x6f,0x77,0x1,0x3,
  0x0,0x0,0x0,0x18,0x0,0x5a,0x0,0x75,0x0,0x6d,0x0,0x20,0x0,0x55,0x0,0x72,
  0x0,0x73,0x0,0x70,0x0,0x72,0x0,0x75,0x0,0x6e,0x0,0x67,0x8,0x0,0x0,0x0,
  0x0,0x6,0x0,0x0,0x0,0xc,0x47,0x6f,0x20,0x74,0x6f,0x20,0x4f,0x72,0x69,0x67,
  0x69,0x6e,0x7,0x0,0x0,0x0,0xa,0x4d,0x61,0x69,0x6e,0x57,0x69,0x6e,0x64,0x6f,
  0x77,0x1,0x3,0x0,0x0,0x0,0x14,0x0,0x47,0x0,0x65,0x0,0x68,0x0,0x65,0x0,
  0x20,0x0,0x7a,0x0,0x75,0x0,0x2e,0x0,0x2e,0x0,0x2e,0x8,0x0,0x0,0x0,0x0,
  0x6,0x0,0x0,0x0,0x8,0x47,0x6f,0x20,0x74,0x6f,0x2e,0x2e,0x2e,0x7,0x0,0x0,
  0x0,0xa,0x4d,0x61,0x69,0x6e,0x57,0x69,0x6e,0x64,0x6f,0x77,0x1,0x3,0x0,0x0,
  0x0,0xa,0x0,0x48,0x0,0x69,0x0,0x6c,0x0,0x66,0x0,0x65,0x8,0x0,0x0,0x0,
  0x0,0x6,0x0,0x0,0x0,0x4,0x48,0x65,0x6c,0x70,0x7,0x0,0x0,0x0,0xa,0x4d,
  0x61,0x69,0x6e,0x57,0x69,0x6e,0x64,0x6f,0x77,0x1,0x3,0x0,0x0,0x0,0x24,0x0,
  0x48,0x0,0x69,0x0,0x6c,0x0,0x66,0x0,0x65,0x0,0x3a,0x0,0x20,0x0,0x42,0x0,
  0x65,0x0,0x64,0x0,0x69,0x0,0x6e,0x0,0x67,0x0,0x75,0x0,0x6e,0x0,0x67,0x0,
  0x65,0x0,0x6e,0x8,0x0,0x0,0x0,0x0,0x6,0x0,0x0,0x0,0x10,0x48,0x65,0x6c,
  0x70,0x3a,0x20,0x43,0x6f,0x6e,0x64,0x69,0x74,0x69,0x6f,0x6e,0x73,0x7,0x0,0x0,
  0x0,0xa,0x4d,0x61,0x69,0x6e,0x57,0x69,0x6e,0x64,0x6f,0x77,0x1,0x3,0x0,0x0,
  0x0,0x2a,0x0,0x48,0x0,0x69,0x0,0x6c,0x0,0x66,0x0,0x65,0x0,0x3a,0x0,0x20,
  0x0,0x50,0x0,0x61,0x0,0x73,0x0,0x73,0x0,0x65,0x0,0x6e,0x0,0x64,0x0,0x65,
  0x0,0x20,0x0,0x53,0x0,0x65,0x0,0x65,0x0,0x64,0x0,0x73,0x8,0x0,0x0,0x0,
  0x0,0x6,0x0,0x0,0x0,0x14,0x48,0x65,0x6c,0x70,0x3a,0x20,0x4d,0x61,0x74,0x63,
  0x68,0x69,0x6e,0x67,0x20,0x73,0x65,0x65,0x64,0x73,0x7,0x0,0x0,0x0,0xa,0x4d,
  0x61,0x69,0x6e,0x57,0x69,0x6e,0x64,0x6f,0x77,0x1,0x3,0x0,0x0,0x0,0x28,0x0,
  0x48,0x0,0x69,0x0,0x6c,0x0,0x66,0x0,0x65,0x0,0x3a,0x0,0x20,0x0,0x53,0x0,
  0x65,0x0,0x65,0x0,0x64,0x0,0x67,0x0,0x65,0x0,0x6e,0x0,0x65,0x0,0x72,0x0,
  0x61,0x0,0x74,0x0,0x6f,0x0,0x72,0x8,0x0,0x0,0x0,0x0,0x6,0x0,0x0,0x0,
  0x14,0x48,0x65,0x6c,0x70,0x3a,0x20,0x53,0x65,0x65,0x64,0x20,0x67,0x65,0x6e,0x65,
  0x72,0x61,0x74,0x6f,0x72,0x7,0x0,0x0,0x0,0xa,0x4d,0x61,0x69,0x6e,0x57,0x69,
  0x6e,0x64,0x6f,0x77,0x1,0x3,0x0,0x0,0x0,0x34,0x0,0x42,0x0,0x69,0x0,0x6c,
  0x0,0x64,0x0,0x65,0x0,0x72,0x0,0x20,0x0,0x28,0x0,0x2a,0x0,0x2e,0x0,0x70,
  0x0,0x6e,0x0,0x67,0x0,0x20,0x0,0x2a,0x0,0x2e,0x0,0x6a,0x0,0x70,0x0,0x67,
  0x0,0x20,0x0,0x2a,0x0,0x2e,0x0,0x70,0x0,0x70,0x0,0x6d,0x0,0x29,0x8,0x0,
  0x0,0x0,0x0,0x6,0x0,0x0,0x0,0x1a,0x49,0x6d,0x61,0x67,0x65,0x73,0x20,0x28,
  0x2a,0x2e,0x70,0x6e,0x67,0x20,0x2a,0x2e,0x6a,0x70,0x67,0x20,0x2a,0x2e,0x70,0x70,
  0x6d,0x29,0x7,0x0,0x0,0x0,0xa,0x4d,0x61,0x69,0x6e,0x57,0x69,0x6e,0x64,0x6f,
  0x77,0x1,0x3,0x0,0x0,0x0,0x16,0x0,0x47,0x0,0x72,0x0,0x6f,0x0,0xdf,0x0,
  0x65,0x0,0x20,0x0,0x42,0x0,0x69,0x0,0x6f,0x0,0x6d,0x0,0x65,0x8,0x0,0x0,
  0x0,0x0,0x6,0x0,0x0,0x0,0xc,0x4c,0x61,0x72,0x67,0x65,0x20,0x62,0x69,0x6f,
  0x6d,0x65,0x73,0x7,0x0,0x0,0x0,0xa,0x4d,0x61,0x69,0x6e,0x57,0x69,0x6e,0x64,
  0x6f,0x77,0x1,0x3,0x0,0x0,0x0,0xa,0x0,0x45,0x0,0x62,0x0,0x65,0x0,0x6e,
  0x0,0x65,0x8,0x0,0x0,0x0,0x0,0x6,0x0,0x0,0x0,0x5,0x4c,0x61,0x79,0x65,
  0x72,0x7,0x0,0x0,0x0,0xa,0x4d,0x61,0x69,0x6e,0x57,0x69,0x6e,0x64,0x6f,0x77,
  0x1,0x3,0x0,0x0,0x0,0x2c,0x0,0x46,0x0,0x69,0x0,0x6c,0x0,0x74,0x0,0x65,
  0x0,0x72,0x0,0x76,0x0,0x6f,0x0,0x72,0x0,0x6c,0x0,0x61,0x0,0x67,0x0,0x65,
  0x0,0x20,0x0,0x6c,0x0,0x61,0x0,0x64,0x0,0x65,0x0,0x6e,0x0,0x2e,0x0,0x2e,
  0x0,0x2e,0x8,0x0,0x0,0x0,0x0,0x6,0x0,0x0,0x0,0x15,0x4c,0x6f,0x61,0x64,
  0x20,0x66,0x69,0x6c,0x74,0x65,0x72,0x20,0x70,0x72,0x65,0x73,0x65,0x74,0x2e,0x2e,
  0x2e,0x7,0x0,0x0,0x0,0xa,0x4d,0x61,0x69,0x6e,0x57,0x69,0x6e,0x64,0x6f,0x77,
  0x1,0x3,0x0,0x0,0x0,0x22,0x0,0x56,0x0,0x6f,0x0,0x72,0x0,0x74,0x0,0x73,
  0x0,0x63,0x0,0x68,0x0,0x72,0x0,0x69,0x0,0x74,0x0,0x74,0x0,0x20,0x0,0x6c,
  0x0,0x61,0x0,0x64,0x0,0x65,0x0,0x6e,0x8,0x0,0x0,0x0,0x0,0x6,0x0,0x0,
  0x0,0xd,0x4c,0x6f,0x61,0x64,0x20,0x70,0x72,0x6f,0x67,0x72,0x65,0x73,0x73,0x7,
  0x0,0x0,0x0,0xa,0x4d,0x61,0x69,0x6e,0x57,0x69,0x6e,0x64,0x6f,0x77,0x1,0x3,
  0x0,0x0,0x0,0x34,0x0,0x44,0x0,0x75,0x0,0x72,0x0,0x63,0x0,0x68,0x0,0x73,
  0x0,0x75,0x0,0x63,0x0,0x68,0x0,0x65,0x0,0x20,0x0,0x53,0x0,0x65,0x0,0x65,
  0x0,0x64,0x0,0x73,0x0,0x20,0x0,0x61,0x0,0x75,0x0,0x73,0x0,0x20,0x0,0x44,
  0x0,0x61,0x0,0x74,0x0,0x65,0x0,0x69,0x8,0x0,0x0,0x0,0x0,0x6,0x0,0x0,
  0x0,0x1f,0x4c,0x6f,0x61,0x64,0x20,0x73,0x65,0x65,0x64,0x73,0x20,0x66,0x72,0x6f,
  0x6d,0x20,0x66,0x69,0x6c,0x65,0x20,0x66,0x6f,0x72,0x20,0x73,0x65,0x61,0x72,0x63,
  0x68,0x7,0x0,0x0,0x0,0xa,0x4d,0x61,0x69,0x6e,0x57,0x69,0x6e,0x64,0x6f,0x77,
  0x1,0x3,0x0,0x0,0x0,0x20,0x0,0x53,0x0,0x69,0x0,0x74,0x0,0x7a,0x0,0x75,
  0x0,0x6e,0x0,0x67,0x0,0x20,0x0,0x6c,0x0,0x61,0x0,0x64,0x0,0x65,0x0,0x6e,
  0x0,0x2e,0x0,0x2e,0x0,0x2e,0x8,0x0,0x0,0x0,0x0,0x6,0x0,0x0,0x0,0xf,
  0x4c,0x6f,0x61,0x64,0x20,0x73,0x65,0x73,0x73,0x69,0x6f,0x6e,0x2e,0x2e,0x2e,0x7,
  0x0,0x0,0x0,0xa,0x4d,0x61,0x69,0x6e,0x57,0x69,0x6e,0x64,0x6f,0x77,0x1,0x3,
  0x0,0x0,0x0,0x12,0x0,0x53,0x0,0x74,0x0,0x61,0x0,0x6e,0x0,0x64,0x0,0x6f,
  0x0,0x72,0x0,0x74,0x0,0x65,0x8,0x0,0x0,0x0,0x0,0x6,0x0,0x0,0x0,0x9,
  0x4c,0x6f,0x63,0x61,0x74,0x69,0x6f,0x6e,0x73,0x7,0x0,0x0,0x0,0xa,0x4d,0x61,
  0x69,0x6e,0x57,0x69,0x6e,0x64,0x6f,0x77,0x1,0x3,0x0,0x0,0x0,0x4,0x0,0x4d,
  0x0,0x43,0x8,0x0,0x0,0x0,0x0,0x6,0x0,0x0,0x0,0x2,0x4d,0x43,0x7,0x0,
  0x0,0x0,0xa,0x4d,0x61,0x69,0x6e,0x57,0x69,0x6e,0x64,0x6f,0x77,0x1,0x3,0x0,
  0x0,0x0,0xa,0x0,0x4b,0x0,0x61,0x0,0x72,0x0,0x74,0x0,0x65,0x8,0x0,0x0,
  0x0,0x0,0x6,0x0,0x0,0x0,0x3,0x4d,0x61,0x70,0x7,0x0,0x0,0x0,0xa,0x4d,
  0x61,0x69,0x6e,0x57,0x69,0x6e,0x64,0x6f,0x77,0x1,0x3,0x0,0x0,0x0,0x1e,0x0,
  0x4b,0x0,0x61,0x0,0x72,0x0,0x74,0x0,0x65,0x0,0x6e,0x0,0x62,0x0,0x65,0x0,
  0x64,0x0,0x69,0x0,0x65,0x0,0x6e,0x0,0x75,0x0,0x6e,0x0,0x67,0x8,0x0,0x0,
  0x0,0x0,0x6,0x0,0x0,0x0,0xc,0x4d,0x61,0x70,0x20,0x63,0x6f,0x6e,0x74,0x72,
  0x6f,0x6c,0x73,0x7,0x0,0x0,0x0,0xa,0x4d,0x61,0x69,0x6e,0x57,0x69,0x6e,0x64,
  0x6f,0x77,0x1,0x3,0x0,0x0,0x0,0x1c,0x0,0x50,0x0,0x61,0x0,0x73,0x0,0x73,
  0x0,0x65,0x0,0x6e,0x0,0x64,0x0,0x65,0x0,0x20,0x0,0x53,0x0,0x65,0x0,0x65,
  0x0,0x64,0x0,0x73,0x8,0x0,0x0,0x0,0x0,0x6,0x0,0x0,0x0,0xe,0x4d,0x61,
  0x74,0x63,0x68,0x69,0x6e,0x67,0x20,0x73,0x65,0x65,0x64,0x73,0x7,0x0,0x0,0x0,
  0xa,0x4d,0x61,0x69,0x6e,0x57,0x69,0x6e,0x64,0x6f,0x77,0x1,0x3,0x0,0x0,0x0,
  0x22,0x0,0x4d,0x0,0x69,0x0,0x6e,0x0,0x65,0x0,0x63,0x0,0x72,0x0,0x61,0x0,
  0x66,0x0,0x74,0x0,0x20,0x0,0x56,0x0,0x65,0x0,0x72,0x0,0x73,0x0,0x69,0x0,
  0x6f,0x0,0x6e,0x8,0x0,0x0,0x0,0x0,0x6,0x0,0x0,0x0,0x11,0x4d,0x69,0x6e,
  0x65,0x63,0x72,0x61,0x66,0x74,0x20,0x76,0x65,0x72,0x73,0x69,0x6f,0x6e,0x7,0x0,
  0x0,0x0,0xa,0x4d,0x61,0x69,0x6e,0x57,0x69,0x6e,0x64,0x6f,0x77,0x1,0x3,0x0,
  0x0,0x0,0xc,0x0,0x4e,0x0,0x65,0x0,0x74,0x0,0x68,0x0,0x65,0x0,0x72,0x8,
  0x0,0x0,0x0,0x0,0x6,0x0,0x0,0x0,0x6,0x4e,0x65,0x74,0x68,0x65,0x72,0x7,
  0x0,0x0,0x0,0xa,0x4d,0x61,0x69,0x6e,0x57,0x69,0x6e,0x64,0x6f,0x77,0x1,0x3,
  0x0,0x0,0x0,0x24,0x0,0x53,0x0,0x68,0x0,0x61,0x0,0x64,0x0,0x6f,0x0,0x77,
  0x0,0x20,0x0,0x53,0x0,0x65,0x0,0x65,0x0,0x64,0x0,0x20,0x0,0xf6,0x0,0x66,
  0x0,0x66,0x0,0x6e,0x0,0x65,0x0,0x6e,0x8,0x0,0x0,0x0,0x0,0x6,0x0,0x0,
  0x0,0x10,0x4f,0x70,0x65,0x6e,0x20,0x73,0x68,0x61,0x64,0x6f,0x77,0x20,0x73,0x65,
  0x65,0x64,0x7,0x0,0x0,0x0,0xa,0x4d,0x61,0x69,0x6e,0x57,0x69,0x6e,0x64,0x6f,
  0x77,0x1,0x3,0x0,0x0,0x0,0x10,0x0,0x4f,0x0,0x62,0x0,0x65,0x0,0x72,0x0,
  0x77,0x0,0x65,0x0,0x6c,0x0,0x74,0x8,0x0,0x0,0x0,0x0,0x6,0x0,0x0,0x0,
  0x9,0x4f,0x76,0x65,0x72,0x77,0x6f,0x72,0x6c,0x64,0x7,0x0,0x0,0x0,0xa,0x4d,
  0x61,0x69,0x6e,0x57,0x69,0x6e,0x64,0x6f,0x77,0x1,0x3,0x0,0x0,0x0,0x24,0x0,
  0x53,0x0,0x65,0x0,0x65,0x0,0x64,0x0,0x6c,0x0,0x69,0x0,0x73,0x0,0x74,0x0,
  0x65,0x0,0x20,0x0,0x65,0x0,0x69,0x0,0x6e,0x0,0x66,0x0,0xfc,0x0,0x67,0x0,
  0x65,0x0,0x6e,0x8,0x0,0x0,0x0,0x0,0x6,0x0,0x0,0x0,0x15,0x50,0x61,0x73,
  0x74,0x65,0x20,0x73,0x65,0x65,0x64,0x73,0x20,0x69,0x6e,0x74,0x6f,0x20,0x6c,0x69,
  0x73,0x74,0x7,0x0,0x0,0x0,0xa,0x4d,0x61,0x69,0x6e,0x57,0x69,0x6e,0x64,0x6f,
  0x77,0x1,0x3,0x0,0x0,0x0,0x36,0x0,0x45,0x0,0x69,0x0,0x6e,0x0,0x67,0x0,
  0x61,0x0,0x62,0x0,0x65,0x0,0x74,0x0,0x61,0x0,0x73,0x0,0x74,0x0,0x65,0x0,
  0x20,0x0,0x7a,0x0,0x75,0x0,0x6d,0x0,0x20,0x0,0xfc,0x0,0x62,0x0,0x65,0x0,
  0x72,0x0,0x6e,0x0,0x65,0x0,0x68,0x0,0x6d,0x0,0x65,0x0,0x6e,0x8,0x0,0x0,
  0x0,0x0,0x6,0x0,0x0,0x0,0x15,0x50,0x72,0x65,0x73,0x73,0x20,0x65,0x6e,0x74,
  0x65,0x72,0x20,0x74,0x6f,0x20,0x61,0x63,0x63,0x65,0x70,0x74,0x7,0x0,0x0,0x0,
  0xa,0x4d,0x61,0x69,0x6e,0x57,0x69,0x6e,0x64,0x6f,0x77,0x1,0x3,0x0,0x0,0x0,
  0x1e,0x0,0x56,0x0,0x6f,0x0,0x72,0x0,0x68,0x0,0x65,0x0,0x72,0x0,0x69,0x0,
  0x67,0x0,0x65,0x0,0x72,0x0,0x20,0x0,0x53,0x0,0x65,0x0,0x65,0x0,0x64,0x8,
  0x0,0x0,0x0,0x0,0x6,0x0,0x0,0x0,0xe,0x50,0x72,0x65,0x76,0x69,0x6f,0x75,
  0x73,0x20,0x73,0x65,0x65,0x64,0x73,0x7,0x0,0x0,0x0,0xa,0x4d,0x61,0x69,0x6e,
  0x57,0x69,0x6e,0x64,0x6f,0x77,0x1,0x3,0x0,0x0,0x0,0xe,0x0,0x42,0x0,0x65,
  0x0,0x65,0x0,0x6e,0x0,0x64,0x0,0x65,0x0,0x6e,0x8,0x0,0x0,0x0,0x0,0x6,
  0x0,0x0,0x0,0x4,0x51,0x75,0x69,0x74,0x7,0x0,0x0,0x0,0xa,0x4d,0x61,0x69,
  0x6e,0x57,0x69,0x6e,0x64,0x6f,0x77,0x1,0x3,0x0,0x0,0x0,0x22,0x0,0x49,0x0,
  0x44,0x0,0x73,0x0,0x20,0x0,0x6e,0x0,0x65,0x0,0x75,0x0,0x20,0x0,0x76,0x0,
  0x65,0x0,0x72,0x0,0x74,0x0,0x65,0x0,0x69,0x0,0x6c,0x0,0x65,0x0,0x6e,0x8,
  0x0,0x0,0x0,0x0,0x6,0x0,0x0,0x0,0x1a,0x52,0x65,0x64,0x69,0x73,0x74,0x72,
  0x69,0x62,0x75,0x74,0x65,0x20,0x63,0x6f,0x6e,0x64,0x69,0x74,0x69,0x6f,0x6e,0x20,
  0x49,0x44,0x73,0x7,0x0,0x0,0x0,0xa,0x4d,0x61,0x69,0x6e,0x57,0x69,0x6e,0x64,
  0x6f,0x77,0x1,0x3,0x0,0x0,0x0,0x1c,0x0,0x4b,0x0,0x61,0x0,0x72,0x0,0x74,
  0x0,0x65,0x0,0x20,0x0,0x61,0x0,0x6e,0x0,0x64,0x0,0x6f,0x0,0x63,0x0,0x6b,
  0x0,0x65,0x0,0x6e,0x8,0x0,0x0,0x0,0x0,0x6,0x0,0x0,0x0,0xa,0x52,0x65,
  0x64,0x6f,0x63,0x6b,0x20,0x6d,0x61,0x70,0x7,0x0,0x0,0x0,0xa,0x4d,0x61,0x69,
  0x6e,0x57,0x69,0x6e,0x64,0x6f,0x77,0x1,0x3,0x0,0x0,0x0,0x3e,0x0,0x46,0x0,
  0x69,0x0,0x6c,0x0,0x74,0x0,0x65,0x0,0x72,0x0,0x20,0x0,0x61,0x0,0x6c,0x0,
  0x73,0x0,0x20,0x0,0x56,0x0,0x6f,0x0,0x72,0x0,0x6c,0x0,0x61,0x0,0x67,0x0,
  0x65,0x0,0x20,0x0,0x73,0x0,0x70,0x0,0x65,0x0,0x69,0x0,0x63,0x0,0x68,0x0,
  0x65,0x0,0x72,0x0,0x6e,0x0,0x2e,0x0,0x2e,0x0,0x2e,0x8,0x0,0x0,0x0,0x0,
  0x6,0x0,0x0,0x0,0x18,0x53,0x61,0x76,0x65,0x20,0x66,0x69,0x6c,0x74,0x65,0x72,
  0x20,0x61,0x73,0x20,0x70,0x72,0x65,0x73,0x65,0x74,0x2e,0x2e,0x2e,0x7,0x0,0x0,
  0x0,0xa,0x4d,0x61,0x69,0x6e,0x57,0x69,0x6e,0x64,0x6f,0x77,0x1,0x3,0x0,0x0,
  0x0,0x2a,0x0,0x56,0x0,0x6f,0x0,0x72,0x0,0x74,0x0,0x73,0x0,0x63,0x0,0x68,
  0x0,0x72,0x0,0x69,0x0,0x74,0x0,0x74,0x0,0x20,0x0,0x73,0x0,0x70,0x0,0x65,
  0x0,0x69,0x0,0x63,0x0,0x68,0x0,0x65,0x0,0x72,0x0,0x6e,0x8,0x0,0x0,0x0,
  0x0,0x6,0x0,0x0,0x0,0xd,0x53,0x61,0x76,0x65,0x20,0x70,0x72,0x6f,0x67,0x72,
  0x65,0x73,0x73,0x7,0x0,0x0,0x0,0xa,0x4d,0x61,0x69,0x6e,0x57,0x69,0x6e,0x64,
  0x6f,0x77,0x1,0x3,0x0,0x0,0x0,0x28,0x0,0x53,0x0,0x63,0x0,0x72,0x0,0x65,
  0x0,0x65,0x0,0x6e,0x0,0x73,0x0,0x68,0x0,0x6f,0x0,0x74,0x0,0x20,0x0,0x73,
  0x0,0x70,0x0,0x65,0x0,0x69,0x0,0x63,0x0,0x68,0x0,0x65,0x0,0x72,0x0,0x6e,
  0x8,0x0,0x0,0x0,0x0,0x6,0x0,0x0,0x0,0xf,0x53,0x61,0x76,0x65,0x20,0x73,
  0x63,0x72,0x65,0x65,0x6e,0x73,0x68,0x6f,0x74,0x7,0x0,0x0,0x0,0xa,0x4d,0x61,
  0x69,0x6e,0x57,0x69,0x6e,0x64,0x6f,0x77,0x1,0x3,0x0,0x0,0x0,0x28,0x0,0x53,
  0x0,0x69,0x0,0x74,0x0,0x7a,0x0,0x75,0x0,0x6e,0x0,0x67,0x0,0x20,0x0,0x73,
  0x0,0x70,0x0,0x65,0x0,0x69,0x0,0x63,0x0,0x68,0x0,0x65,0x0,0x72,0x0,0x6e,
  0x0,0x2e,0x0,0x2e,0x0,0x2e,0x8,0x0,0x0,0x0,0x0,0x6,0x0,0x0,0x0,0xf,
  0x53,0x61,0x76,0x65,0x20,0x73,0x65,0x73,0x73,0x69,0x6f,0x6e,0x2e,0x2e,0x2e,0x7,
  0x0,0x0,0x0,0xa,0x4d,0x61,0x69,0x6e,0x57,0x69,0x6e,0x64,0x6f,0x77,0x1,0x3,
  0x0,0x0,0x0,0xa,0x0,0x53,0x0,0x75,0x0,0x63,0x0,0x68,0x0,0x65,0x8,0x0,
  0x0,0x0,0x0,0x6,0x0,0x0,0x0,0x6,0x53,0x65,0x61,0x72,0x63,0x68,0x7,0x0,
  0x0,0x0,0xa,0x4d,0x61,0x69,0x6e,0x57,0x69,0x6e,0x64,0x6f,0x77,0x1,0x3,0x0,
  0x0,0x0,0x2a,0x0,0x44,0x0,0x75,0x0,0x72,0x0,0x63,0x0,0x68,0x0,0x73,0x0,
  0x75,0x0,0x63,0x0,0x68,0x0,0x65,0x0,0x20,0x0,0x61,0x0,0x6c,0x0,0x6c,0x0,
  0x65,0x0,0x20,0x0,0x53,0x0,0x65,0x0,0x65,0x0,0x64,0x0,0x73,0x8,0x0,0x0,
  0x0,0x0,0x6,0x0,0x0,0x0,0x16,0x53,0x65,0x61,0x72,0x63,0x68,0x20,0x66,0x75,
  0x6c,0x6c,0x20,0x73,0x65,0x65,0x64,0x20,0x73,0x70,0x61,0x63,0x65,0x7,0x0,0x0,
  0x0,0xa,0x4d,0x61,0x69,0x6e,0x57,0x69,0x6e,0x64,0x6f,0x77,0x1,0x3,0x0,0x0,
  0x0,0x30,0x0,0x53,0x0,0x65,0x0,0x65,0x0,0x64,0x0,0x6c,0x0,0x69,0x0,0x73,
  0x0,0x74,0x0,0x65,0x0,0x20,0x0,0x64,0x0,0x75,0x0,0x72,0x0,0x63,0x0,0x68,
  0x0,0x73,0x0,0x75,0x0,0x63,0x0,0x68,0x0,0x65,0x0,0x6e,0x0,0x2e,0x0,0x2e,
  0x0,0x2e,0x8,0x0,0x0,0x0,0x0,0x6,0x0,0x0,0x0,0x13,0x53,0x65,0x61,0x72,
  0x63,0x68,0x20,0x73,0x65,0x65,0x64,0x20,0x6c,0x69,0x73,0x74,0x2e,0x2e,0x2e,0x7,
  0x0,0x0,0x0,0xa,0x4d,0x61,0x69,0x6e,0x57,0x69,0x6e,0x64,0x6f,0x77,0x1,0x3,
  0x0,0x0,0x0,0xa0,0x0,0x53,0x0,0x65,0x0,0x65,0x0,0x64,0x0,0x20,0x0,0x6b,
  0x0,0x61,0x0,0x6e,0x0,0x6e,0x0,0x20,0x0,0x65,0x0,0x69,0x0,0x6e,0x0,0x65,
  0x0,0x20,0x0,0x67,0x0,0x61,0x0,0x6e,0x0,0x7a,0x0,0x65,0x0,0x20,0x0,0x5a,
  0x0,0x61,0x0,0x68,0x0,0x6c,0x0,0x20,0x0,0x6f,0x0,0x64,0x0,0x65,0x0,0x72,
  0x0,0x20,0x0,0x65,0x0,0x69,0x0,0x6e,0x0,0x20,0x0,0x54,0x0,0x65,0x0,0x78,
  0x0,0x74,0x0,0x20,0x0,0x73,0x0,0x65,0x0,0x69,0x0,0x6e,0x0,0x2e,0x0,0x20,
  0x0,0x46,0x0,0x72,0x0,0x65,0x0,0x69,0x0,0x6c,0x0,0x61,0x0,0x73,0x0,0x73,
  0x0,0x65,0x0,0x6e,0x0,0x20,0x0,0x66,0x0,0xfc,0x0,0x72,0x0,0x20,0x0,0x65,
  0x0,0x69,0x0,0x6e,0x0,0x65,0x0,0x20,0x0,0x7a,0x0,0x75,0x0,0x66,0x0,0xe4,
  0x0,0x6c,0x0,0x6c,0x0,0x69,0x0,0x67,0x0,0x65,0x0,0x20,0x0,0x5a,0x0,0x61,
  0x0,0x68,0x0,0x6c,0x8,0x0,0x0,0x0,0x0,0x6,0x0,0x0,0x0,0x3d,0x53,0x65,
  0x65,0x64,0x20,0x63,0x61,0x6e,0x20,0x62,0x65,0x20,0x61,0x6e,0x20,0x69,0x6e,0x74,
  0x65,0x67,0x65,0x72,0x20,0x6f,0x72,0x20,0x74,0x65,0x78,0x74,0x2e,0x20,0x4c,0x65,
  0x61,0x76,0x65,0x20,0x65,0x6d,0x70,0x74,0x79,0x20,0x66,0x6f,0x72,0x20,0x61,0x20,
  0x72,0x61,0x6e,0x64,0x6f,0x6d,0x20,0x73,0x65,0x65,0x64,0x7,0x0,0x0,0x0,0xa,
  0x4d,0x61,0x69,0x6e,0x57,0x69,0x6e,0x64,0x6f,0x77,0x1,0x3,0x0,0x0,0x0,0x2c,
  0x0,0x53,0x0,0x65,0x0,0x65,0x0,0x64,0x0,0x67,0x0,0x65,0x0,0x6e,0x0,0x65,
  0x0,0x72,0x0,0x61,0x0,0x74,0x0,0x6f,0x0,0x72,0x0,0x20,0x0,0x28,0x0,0x34,
  0x0,0x38,0x0,0x2d,0x0,0x62,0x0,0x69,0x0,0x74,0x0,0x29,0x8,0x0,0x0,0x0,
  0x0,0x6,0x0,0x0,0x0,0x17,0x53,0x65,0x65,0x64,0x20,0x67,0x65,0x6e,0x65,0x72,
  0x61,0x74,0x6f,0x72,0x20,0x28,0x34,0x38,0x2d,0x62,0x69,0x74,0x29,0x7,0x0,0x0,
  0x0,0xa,0x4d,0x61,0x69,0x6e,0x57,0x69,0x6e,0x64,0x6f,0x77,0x1,0x3,0x0,0x0,
  0x0,0xa,0x0,0x53,0x0,0x65,0x0,0x65,0x0,0x64,0x0,0x73,0x8,0x0,0x0,0x0,
  0x0,0x6,0x0,0x0,0x0,0x5,0x53,0x65,0x65,0x64,0x73,0x7,0x0,0x0,0x0,0xa,
  0x4d,0x61,0x69,0x6e,0x57,0x69,0x6e,0x64,0x6f,0x77,0x1,0x3,0x0,0x0,0x0,0x66,
  0x0,0x53,0x0,0x69,0x0,0x74,0x0,0x7a,0x0,0x75,0x0,0x6e,0x0,0x67,0x0,0x73,
  0x0,0x64,0x0,0x61,0x0,0x74,0x0,0x65,0x0,0x69,0x0,0x65,0x0,0x6e,0x0,0x20,
  0x0,0x28,0x0,0x2a,0x0,0x2e,0x0,0x73,0x0,0x65,0x0,0x73,0x0,0x73,0x0,0x69,
  0x0,0x6f,0x0,0x6e,0x0,0x20,0x0,0x2a,0x0,0x2e,0x0,0x74,0x0,0x78,0x0,0x74,
  0x0,0x29,0x0,0x3b,0x0,0x3b,0x0,0x41,0x0,0x6c,0x0,0x6c,0x0,0x65,0x0,0x20,
  0x0,0x44,0x0,0x61,0x0,0x74,0x0,0x65,0x0,0x69,0x0,0x65,0x0,0x6e,0x0,0x20,
  0x0,0x28,0x0,0x2a,0x0,0x29,0x8,0x0,0x0,0x0,0x0,0x6,0x0,0x0,0x0,0x2e,
  0x53,0x65,0x73,0x73,0x69,0x6f,0x6e,0x20,0x66,0x69,0x6c,0x65,0x73,0x20,0x28,0x2a,
  0x2e,0x73,0x65,0x73,0x73,0x69,0x6f,0x6e,0x20,0x2a,0x2e,0x74,0x78,0x74,0x29,0x3b,
  0x3b,0x41,0x6e,0x79,0x20,0x66,0x69,0x6c,0x65,0x73,0x20,0x28,0x2a,0x29,0x7,0x0,
  0x0,0x0,0xa,0x4d,0x61,0x69,0x6e,0x57,0x69,0x6e,0x64,0x6f,0x77,0x1,0x3,0x0,
  0x0,0x0,0x16,0x0,0x25,0x0,0x31,0x0,0x20,0x0,0x61,0x0,0x6e,0x0,0x7a,0x0,
  0x65,0x0,0x69,0x0,0x67,0x0,0x65,0x0,0x6e,0x8,0x0,0x0,0x0,0x0,0x6,0x0,
  0x0,0x0,0x7,0x53,0x68,0x6f,0x77,0x20,0x25,0x31,0x7,0x0,0x0,0x0,0xa,0x4d,
  0x61,0x69,0x6e,0x57,0x69,0x6e,0x64,0x6f,0x77,0x1,0x3,0x0,0x0,0x0,0x42,0x0,
  0x4b,0x0,0x61,0x0,0x72,0x0,0x74,0x0,0x65,0x0,0x20,0x0,0x62,0x0,0x65,0x0,
  0x69,0x0,0x20,0x0,0x64,0x0,0x69,0x0,0x65,0x0,0x73,0x0,0x65,0x0,0x6d,0x0,
  0x20,0x0,0x59,0x0,0x2d,0x0,0x4c,0x0,0x65,0x0,0x76,0x0,0x65,0x0,0x6c,0x0,
  0x20,0x0,0x61,0x0,0x6e,0x0,0x7a,0x0,0x65,0x0,0x69,0x0,0x67,0x0,0x65,0x0,
  0x6e,0x8,0x0,0x0,0x0,0x0,0x6,0x0,0x0,0x0,0x19,0x53,0x68,0x6f,0x77,0x20,
  0x6d,0x61,0x70,0x20,0x66,0x6f,0x72,0x20,0x74,0x68,0x69,0x73,0x20,0x79,0x2d,0x6c,
  0x65,0x76,0x65,0x6c,0x7,0x0,0x0,0x0,0xa,0x4d,0x61,0x69,0x6e,0x57,0x69,0x6e,
  0x64,0x6f,0x77,0x1,0x3,0x0,0x0,0x0,0x34,0x0,0x53,0x0,0x74,0x0,0x72,0x0,
  0x75,0x0,0x6b,0x0,0x74,0x0,0x75,0x0,0x72,0x0,0x70,0x0,0x6f,0x0,0x74,0x0,
  0x65,0x0,0x6e,0x0,0x7a,0x0,0x69,0x0,0x61,0x0,0x6c,0x0,0x20,0x0,0x28,0x0,
  0x34,0x0,0x38,0x0,0x2d,0x0,0x62,0x0,0x69,0x0,0x74,0x0,0x29,0x8,0x0,0x0,
  0x0,0x0,0x6,0x0,0x0,0x0,0x1c,0x53,0x74,0x72,0x75,0x63,0x74,0x75,0x72,0x65,
  0x20,0x70,0x6f,0x74,0x65,0x6e,0x74,0x69,0x61,0x6c,0x20,0x28,0x34,0x38,0x2d,0x62,
  0x69,0x74,0x29,0x7,0x0,0x0,0x0,0xa,0x4d,0x61,0x69,0x6e,0x57,0x69,0x6e,0x64,
  0x6f,0x77,0x1,0x3,0x0,0x0,0x0,0x14,0x0,0x53,0x0,0x74,0x0,0x72,0x0,0x75,
  0x0,0x6b,0x0,0x74,0x0,0x75,0x0,0x72,0x0,0x65,0x0,0x6e,0x8,0x0,0x0,0x0,
  0x0,0x6,0x0,0x0,0x0,0xa,0x53,0x74,0x72,0x75,0x63,0x74,0x75,0x72,0x65,0x73,
  0x7,0x0,0x0,0x0,0xa,0x4d,0x61,0x69,0x6e,0x57,0x69,0x6e,0x64,0x6f,0x77,0x1,
  0x3,0x0,0x0,0x0,0x28,0x0,0x53,0x0,0x63,0x0,0x72,0x0,0x65,0x0,0x65,0x0,
  0x6e,0x0,0x73,0x0,0x68,0x0,0x6f,0x0,0x74,0x0,0x20,0x0,0x61,0x0,0x75,0x0,
  0x66,0x0,0x6e,0x0,0x65,0x0,0x68,0x0,0x6d,0x0,0x65,0x0,0x6e,0x8,0x0,0x0,
  0x0,0x0,0x6,0x0,0x0,0x0,0xf,0x54,0x61,0x6b,0x65,0x20,0x73,0x63,0x72,0x65,
  0x65,0x6e,0x73,0x68,0x6f,0x74,0x7,0x0,0x0,0x0,0xa,0x4d,0x61,0x69,0x6e,0x57,
  0x69,0x6e,0x64,0x6f,0x77,0x1,0x3,0x0,0x0,0x0,0x98,0x0,0x44,0x0,0x69,0x0,
  0x65,0x0,0x20,0x0,0x41,0x0,0x6e,0x0,0x77,0x0,0x65,0x0,0x6e,0x0,0x64,0x0,
  0x75,0x0,0x6e,0x0,0x67,0x0,0x20,0x0,0x6d,0x0,0x75,0x0,0x73,0x0,0x73,0x0,
  0x20,0x0,0x6e,0x0,0x65,0x0,0x75,0x0,0x67,0x0,0x65,0x0,0x73,0x0,0x74,0x0,
  0x61,0x0,0x72,0x0,0x74,0x0,0x65,0x0,0x74,0x0,0x20,0x0,0x77,0x0,0x65,0x0,
  0x72,0x0,0x64,0x0,0x65,0x0,0x6e,0x0,0x20,0x0,0x75,0x0,0x6d,0x0,0x20,0x0,
  0x61,0x0,0x6c,0x0,0x6c,0x0,0x65,0x0,0x20,0x0,0xc4,0x0,0x6e,0x0,0x64,0x0,
  0x65,0x0,0x72,0x0,0x75,0x0,0x6e,0x0,0x67,0x0,0x65,0x0,0x6e,0x0,0x20,0x0,
  0x77,0x0,0x69,0x0,0x72,0x0,0x6b,0x0,0x73,0x0,0x61,0x0,0x6d,0x0,0x20,0x0,
  0x7a,0x0,0x75,0x0,0x20,0x0,0x6d,0x0,0x61,0x0,0x63,0x0,0x68,0x0,0x65,0x0,
  0x6e,0x0,0x2e,0x8,0x0,0x0,0x0,0x0,0x6,0x0,0x0,0x0,0x4d,0x54,0x68,0x65,
  0x20,0x61,0x70,0x70,0x6c,0x69,0x63,0x61,0x74,0x69,0x6f,0x6e,0x20,0x77,0x69,0x6c,
  0x6c,0x20,0x6e,0x65,0x65,0x64,0x20,0x74,0x6f,0x20,0x62,0x65,0x20,0x72,0x65,0x73,
  0x74,0x61,0x72,0x74,0x65,0x64,0x20,0x62,0x65,0x66,0x6f,0x72,0x65,0x20,0x61,0x6c,
  0x6c,0x20,0x63,0x68,0x61,0x6e,0x67,0x65,0x73,0x20,0x63,0x61,0x6e,0x20,0x74,0x61,
  0x6b,0x65,0x20,0x65,0x66,0x66,0x65,0x63,0x74,0x2e,0x7,0x0,0x0,0x0,0xa,0x4d,
  0x61,0x69,0x6e,0x57,0x69,0x6e,0x64,0x6f,0x77,0x1,0x3,0x0,0x0,0x0,0x1e,0x0,
  0x4b,0x0,0x61,0x0,0x72,0x0,0x74,0x0,0x65,0x0,0x20,0x0,0x61,0x0,0x75,0x0,
  0x73,0x0,0x64,0x0,0x6f,0x0,0x63,0x0,0x6b,0x0,0x65,0x0,0x6e,0x8,0x0,0x0,
  0x0,0x0,0x6,0x0,0x0,0x0,0xa,0x55,0x6e,0x64,0x6f,0x63,0x6b,0x20,0x6d,0x61,
  0x70,0x7,0x0,0x0,0x0,0xa,0x4d,0x61,0x69,0x6e,0x57,0x69,0x6e,0x64,0x6f,0x77,
  0x1,0x3,0x0,0x0,0x0,0x4,0x0,0x59,0x0,0x3a,0x8,0x0,0x0,0x0,0x0,0x6,
  0x0,0x0,0x0,0x2,0x59,0x3a,0x7,0x0,0x0,0x0,0xa,0x4d,0x61,0x69,0x6e,0x57,
  0x69,0x6e,0x64,0x6f,0x77,0x1,0x3,0x0,0x0,0x0,0x14,0x0,0x56,0x0,0x65,0x0,
  0x72,0x0,0x67,0x0,0x72,0x0,0xf6,0x0,0xdf,0x0,0x65,0x0,0x72,0x0,0x6e,0x8,
  0x0,0x0,0x0,0x0,0x6,0x0,0x0,0x0,0x7,0x5a,0x6f,0x6f,0x6d,0x20,0x49,0x6e,
  0x7,0x0,0x0,0x0,0xa,0x4d,0x61,0x69,0x6e,0x57,0x69,0x6e,0x64,0x6f,0x77,0x1,
  0x3,0x0,0x0,0x0,0x16,0x0,0x56,0x0,0x65,0x0,0x72,0x0,0x6b,0x0,0x6c,0x0,
  0x65,0x0,0x69,0x0,0x6e,0x0,0x65,0x0,0x72,0x0,0x6e,0x8,0x0,0x0,0x0,0x0,
  0x6,0x0,0x0,0x0,0x8,0x5a,0x6f,0x6f,0x6d,0x20,0x4f,0x75,0x74,0x7,0x0,0x0,
  0x0,0xa,0x4d,0x61,0x69,0x6e,0x57,0x69,0x6e,0x64,0x6f,0x77,0x1,0x3,0x0,0x0,
  0x0,0x10,0x0,0x7a,0x0,0x75,0x0,0x66,0x0,0xe4,0x0,0x6c,0x0,0x6c,0x0,0x69,
  0x0,0x67,0x8,0x0,0x0,0x0,0x0,0x6,0x0,0x0,0x0,0x6,0x72,0x61,0x6e,0x64,
  0x6f,0x6d,0x7,0x0,0x0,0x0,0xa,0x4d,0x61,0x69,0x6e,0x57,0x69,0x6e,0x64,0x6f,
  0x77,0x1,0x3,0x0,0x0,0x0,0x10,0x0,0x7a,0x0,0x75,0x0,0x66,0x0,0xe4,0x0,
  0x6c,0x0,0x6c,0x0,0x69,0x0,0x67,0x8,0x0,0x0,0x0,0xf,0x53,0x65,0x65,0x64,
  0x20,0x69,0x6e,0x70,0x75,0x74,0x20,0x74,0x79,0x70,0x65,0x6,0x0,0x0,0x0,0x6,
  0x72,0x61,0x6e,0x64,0x6f,0x6d,0x7,0x0,0x0,0x0,0xa,0x4d,0x61,0x69,0x6e,0x57,
  0x69,0x6e,0x64,0x6f,0x77,0x1,0x3,0x0,0x0,0x0,0xa,0x0,0x53,0x0,0x65,0x0,
  0x65,0x0,0x64,0x0,0x3a,0x8,0x0,0x0,0x0,0x0,0x6,0x0,0x0,0x0,0x5,0x73,
  0x65,0x65,0x64,0x3a,0x7,0x0,0x0,0x0,0xa,0x4d,0x61,0x69,0x6e,0x57,0x69,0x6e,
  0x64,0x6f,0x77,0x1,0x3,0x0,0x0,0x0,0x8,0x0,0x54,0x0,0x65,0x0,0x78,0x0,
  0x74,0x8,0x0,0x0,0x0,0x0,0x6,0x0,0x0,0x0,0x4,0x74,0x65,0x78,0x74,0x7,
  0x0,0x0,0x0,0xa,0x4d,0x61,0x69,0x6e,0x57,0x69,0x6e,0x64,0x6f,0x77,0x1,0x3,
  0x0,0x0,0x0,0x1a,0x0,0x41,0x0,0x6e,0x0,0x74,0x0,0x69,0x0,0x6b,0x0,0x65,
  0x0,0x20,0x0,0x53,0x0,0x74,0x0,0xe4,0x0,0x64,0x0,0x74,0x0,0x65,0x8,0x0,
  0x0,0x0,0x0,0x6,0x0,0x0,0x0,0xc,0x41,0x6e,0x63,0x69,0x65,0x6e,0x74,0x20,
  0x43,0x69,0x74,0x79,0x7,0x0,0x0,0x0,0x3,0x4d,0x61,0x70,0x1,0x3,0x0,0x0,
  0x0,0x1a,0x0,0x42,0x0,0x61,0x0,0x73,0x0,0x69,0x0,0x6f,0x0,0x6e,0x0,0x73,
  0x0,0x72,0x0,0x75,0x0,0x69,0x0,0x6e,0x0,0x65,0x0,0x6e,0x8,0x0,0x0,0x0,
  0x0,0x6,0x0,0x0,0x0,0xf,0x42,0x61,0x73,0x74,0x69,0x6f,0x6e,0x20,0x52,0x65,
  0x6d,0x6e,0x61,0x6e,0x74,0x7,0x0,0x0,0x0,0x3,0x4d,0x61,0x70,0x1,0x3,0x0,
  0x0,0x0,0x24,0x0,0x56,0x0,0x65,0x0,0x72,0x0,0x67,0x0,0x72,0x0,0x61,0x0,
  0x62,0x0,0x65,0x0,0x6e,0x0,0x65,0x0,0x20,0x0,0x53,0x0,0x63,0x0,0x68,0x0,
  0xe4,0x0,0x74,0x0,0x7a,0x0,0x65,0x8,0x0,0x0,0x0,0x0,0x6,0x0,0x0,0x0,
  0xf,0x42,0x75,0x72,0x69,0x65,0x64,0x20,0x54,0x72,0x65,0x61,0x73,0x75,0x72,0x65,
  0x7,0x0,0x0,0x0,0x3,0x4d,0x61,0x70,0x1,0x3,0x0,0x0,0x0,0x18,0x0,0x57,
  0x0,0xfc,0x0,0x73,0x0,0x74,0x0,0x65,0x0,0x6e,0x0,0x74,0x0,0x65,0x0,0x6d,
  0x0,0x70,0x0,0x65,0x0,0x6c,0x8,0x0,0x0,0x0,0x0,0x6,0x0,0x0,0x0,0xe,
  0x44,0x65,0x73,0x65,0x72,0x74,0x20,0x50,0x79,0x72,0x61,0x6d,0x69,0x64,0x7,0x0,
  0x0,0x0,0x3,0x4d,0x61,0x70,0x1,0x3,0x0,0x0,0x0,0x1a,0x0,0x57,0x0,0xfc,
  0x0,0x73,0x0,0x74,0x0,0x65,0x0,0x6e,0x0,0x62,0x0,0x72,0x0,0x75,0x0,0x6e,
  0x0,0x6e,0x0,0x65,0x0,0x6e,0x8,0x0,0x0,0x0,0x0,0x6,0x0,0x0,0x0,0xb,
  0x44,0x65,0x73,0x65,0x72,0x74,0x20,0x57,0x65,0x6c,0x6c,0x7,0x0,0x0,0x0,0x3,
  0x4d,0x61,0x70,0x1,0x3,0x0,0x0,0x0,0x1a,0x0,0x45,0x0,0x6e,0x0,0x64,0x0,
  0x73,0x0,0x69,0x0,0x65,0x0,0x64,0x0,0x6c,0x0,0x75,0x0,0x6e,0x0,0x67,0x0,
  0x65,0x0,0x6e,0x8,0x0,0x0,0x0,0x0,0x6,0x0,0x0,0x0,0x8,0x45,0x6e,0x64,
  0x20,0x43,0x69,0x74,0x79,0x7,0x0,0x0,0x0,0x3,0x4d,0x61,0x70,0x1,0x3,0x0,
  0x0,0x0,0x22,0x0,0x45,0x0,0x6e,0x0,0x64,0x0,0x74,0x0,0x72,0x0,0x61,0x0,
  0x6e,0x0,0x73,0x0,0x69,0x0,0x74,0x0,0x70,0x0,0x6f,0x0,0x72,0x0,0x74,0x0,
  0x61,0x0,0x6c,0x0,0x65,0x8,0x0,0x0,0x0,0x0,0x6,0x0,0x0,0x0,0xb,0x45,
  0x6e,0x64,0x20,0x47,0x61,0x74,0x65,0x77,0x61,0x79,0x7,0x0,0x0,0x0,0x3,0x4d,
  0x61,0x70,0x1,0x3,0x0,0x0,0x0,0xa,0x0,0x47,0x0,0x65,0x0,0x6f,0x0,0x64,
  0x0,0x65,0x8,0x0,0x0,0x0,0x0,0x6,0x0,0x0,0x0,0x5,0x47,0x65,0x6f,0x64,
  0x65,0x7,0x0,0x0,0x0,0x3,0x4d,0x61,0x70,0x1,0x3,0x0,0x0,0x0,0xc,0x0,
  0x52,0x0,0x61,0x0,0x73,0x0,0x74,0x0,0x65,0x0,0x72,0x8,0x0,0x0,0x0,0x0,
  0x6,0x0,0x0,0x0,0x4,0x47,0x72,0x69,0x64,0x7,0x0,0x0,0x0,0x3,0x4d,0x61,
  0x70,0x1,0x3,0x0,0x0,0x0,0x8,0x0,0x49,0x0,0x67,0x0,0x6c,0x0,0x75,0x8,
  0x0,0x0,0x0,0x0,0x6,0x0,0x0,0x0,0x5,0x49,0x67,0x6c,0x6f,0x6f,0x7,0x0,
  0x0,0x0,0x3,0x4d,0x61,0x70,0x1,0x3,0x0,0x0,0x0,0x1e,0x0,0x44,0x0,0x73,
  0x0,0x63,0x0,0x68,0x0,0x75,0x0,0x6e,0x0,0x67,0x0,0x65,0x0,0x6c,0x0,0x74,
  0x0,0x65,0x0,0x6d,0x0,0x70,0x0,0x65,0x0,0x6c,0x8,0x0,0x0,0x0,0x0,0x6,
  0x0,0x0,0x0,0xd,0x4a,0x75,0x6e,0x67,0x6c,0x65,0x20,0x54,0x65,0x6d,0x70,0x6c,
  0x65,0x7,0x0,0x0,0x0,0x3,0x4d,0x61,0x70,0x1,0x3,0x0,0x0,0x0,0xa,0x0,
  0x4d,0x0,0x69,0x0,0x6e,0x0,0x65,0x0,0x6e,0x8,0x0,0x0,0x0,0x0,0x6,0x0,
  0x0,0x0,0x9,0x4d,0x69,0x6e,0x65,0x73,0x68,0x61,0x66,0x74,0x7,0x0,0x0,0x0,
  0x3,0x4d,0x61,0x70,0x1,0x3,0x0,0x0,0x0,0x1e,0x0,0x4e,0x0,0x65,0x0,0x74,
  0x0,0x68,0x0,0x65,0x0,0x72,0x0,0x66,0x0,0x65,0x0,0x73,0x0,0x74,0x0,0x75,
  0x0,0x6e,0x0,0x67,0x0,0x65,0x0,0x6e,0x8,0x0,0x0,0x0,0x0,0x6,0x0,0x0,
  0x0,0xf,0x4e,0x65,0x74,0x68,0x65,0x72,0x20,0x46,0x6f,0x72,0x74,0x72,0x65,0x73,
  0x73,0x7,0x0,0x0,0x0,0x3,0x4d,0x61,0x70,0x1,0x3,0x0,0x0,0x0,0x1c,0x0,
  0x4f,0x0,0x7a,0x0,0x65,0x0,0x61,0x0,0x6e,0x0,0x6d,0x0,0x6f,0x0,0x6e,0x0,
  0x75,0x0,0x6d,0x0,0x65,0x0,0x6e,0x0,0x74,0x0,0x65,0x8,0x0,0x0,0x0,0x0,
  0x6,0x0,0x0,0x0,0xe,0x4f,0x63,0x65,0x61,0x6e,0x20,0x4d,0x6f,0x6e,0x75,0x6d,
  0x65,0x6e,0x74,0x7,0x0,0x0,0x0,0x3,0x4d,0x61,0x70,0x1,0x3,0x0,0x0,0x0,
  0x14,0x0,0x4f,0x0,0x7a,0x0,0x65,0x0,0x61,0x0,0x6e,0x0,0x72,0x0,0x75,0x0,
  0x69,0x0,0x6e,0x0,0x65,0x8,0x0,0x0,0x0,0x0,0x6,0x0,0x0,0x0,0xa,0x4f,
  0x63,0x65,0x61,0x6e,0x20,0x52,0x75,0x69,0x6e,0x7,0x0,0x0,0x0,0x3,0x4d,0x61,
  0x70,0x1,0x3,0x0,0x0,0x0,0x28,0x0,0x50,0x0,0x6c,0x0,0xfc,0x0,0x6e,0x0,
  0x64,0x0,0x65,0x0,0x72,0x0,0x65,0x0,0x72,0x0,0x2d,0x0,0x41,0x0,0xdf,0x0,
  0x65,0x0,0x6e,0x0,0x70,0x0,0x6f,0x0,0x73,0x0,0x74,0x0,0x65,0x0,0x6e,0x8,
  0x0,0x0,0x0,0x0,0x6,0x0,0x0,0x0,0x10,0x50,0x69,0x6c,0x6c,0x61,0x67,0x65,
  0x72,0x20,0x4f,0x75,0x74,0x70,0x6f,0x73,0x74,0x7,0x0,0x0,0x0,0x3,0x4d,0x61,
  0x70,0x1,0x3,0x0,0x0,0x0,0x18,0x0,0x50,0x0,0x6f,0x0,0x72,0x0,0x74,0x0,
  0x61,0x0,0x6c,0x0,0x72,0x0,0x75,0x0,0x69,0x0,0x6e,0x0,0x65,0x0,0x6e,0x8,
  0x0,0x0,0x0,0x0,0x6,0x0,0x0,0x0,0xd,0x52,0x75,0x69,0x6e,0x65,0x64,0x20,
  0x50,0x6f,0x72,0x74,0x61,0x6c,0x7,0x0,0x0,0x0,0x3,0x4d,0x61,0x70,0x1,0x3,
  0x0,0x0,0x0,0x2a,0x0,0x50,0x0,0x6f,0x0,0x72,0x0,0x74,0x0,0x61,0x0,0x6c,
  0x0,0x72,0x0,0x75,0x0,0x69,0x0,0x6e,0x0,0x65,0x0,0x6e,0x0,0x20,0x0,0x28,
  0x0,0x4e,0x0,0x65,0x0,0x74,0x0,0x68,0x0,0x65,0x0,0x72,0x0,0x29,0x8,0x0,
  0x0,0x0,0x0,0x6,0x0,0x0,0x0,0x16,0x52,0x75,0x69,0x6e,0x65,0x64,0x20,0x50,
  0x6f,0x72,0x74,0x61,0x6c,0x20,0x28,0x4e,0x65,0x74,0x68,0x65,0x72,0x29,0x7,0x0,
  0x0,0x0,0x3,0x4d,0x61,0x70,0x1,0x3,0x0,0x0,0x0,0x18,0x0,0x53,0x0,0x63,
  0x0,0x68,0x0,0x69,0x0,0x66,0x0,0x66,0x0,0x73,0x0,0x77,0x0,0x72,0x0,0x61,
  0x0,0x63,0x0,0x6b,0x8,0x0,0x0,0x0,0x0,0x6,0x0,0x0,0x0,0x9,0x53,0x68,
  0x69,0x70,0x77,0x72,0x65,0x63,0x6b,0x7,0x0,0x0,0x0,0x3,0x4d,0x61,0x70,0x1,
  0x3,0x0,0x0,0x0,0x1c,0x0,0x53,0x0,0x63,0x0,0x68,0x0,0x6c,0x0,0x65,0x0,
  0x69,0x0,0x6d,0x0,0x2d,0x0,0x43,0x0,0x68,0x0,0x75,0x0,0x6e,0x0,0x6b,0x0,
  0x73,0x8,0x0,0x0,0x0,0x0,0x6,0x0,0x0,0x0,0xc,0x53,0x6c,0x69,0x6d,0x65,
  0x20,0x43,0x68,0x75,0x6e,0x6b,0x73,0x7,0x0,0x0,0x0,0x3,0x4d,0x61,0x70,0x1,
  0x3,0x0,0x0,0x0,0x14,0x0,0x53,0x0,0x70,0x0,0x61,0x0,0x77,0x0,0x6e,0x0,
  0x70,0x0,0x6f,0x0,0x69,0x0,0x6e,0x0,0x74,0x8,0x0,0x0,0x0,0x0,0x6,0x0,
  0x0,0x0,0x5,0x53,0x70,0x61,0x77,0x6e,0x7,0x0,0x0,0x0,0x3,0x4d,0x61,0x70,
  0x1,0x3,0x0,0x0,0x0,0xe,0x0,0x46,0x0,0x65,0x0,0x73,0x0,0x74,0x0,0x75,
  0x0,0x6e,0x0,0x67,0x8,0x0,0x0,0x0,0x0,0x6,0x0,0x0,0x0,0xa,0x53,0x74,
  0x72,0x6f,0x6e,0x67,0x68,0x6f,0x6c,0x64,0x7,0x0,0x0,0x0,0x3,0x4d,0x61,0x70,
  0x1,0x3,0x0,0x0,0x0,0x16,0x0,0x53,0x0,0x75,0x0,0x6d,0x0,0x70,0x0,0x66,
  0x0,0x68,0x0,0xfc,0x0,0x74,0x0,0x74,0x0,0x65,0x0,0x6e,0x8,0x0,0x0,0x0,
  0x0,0x6,0x0,0x0,0x0,0x9,0x53,0x77,0x61,0x6d,0x70,0x20,0x48,0x75,0x74,0x7,
  0x0,0x0,0x0,0x3,0x4d,0x61,0x70,0x1,0x3,0x0,0x0,0x0,0x12,0x0,0x50,0x0,
  0x66,0x0,0x61,0x0,0x64,0x0,0x72,0x0,0x75,0x0,0x69,0x0,0x6e,0x0,0x65,0x8,
  0x0,0x0,0x0,0x0,0x6,0x0,0x0,0x0,0xb,0x54,0x72,0x61,0x69,0x6c,0x20,0x52,
  0x75,0x69,0x6e,0x73,0x7,0x0,0x0,0x0,0x3,0x4d,0x61,0x70,0x1,0x3,0x0,0x0,
  0x0,0x1e,0x0,0x50,0x0,0x72,0x0,0xfc,0x0,0x66,0x0,0x75,0x0,0x6e,0x0,0x67,
  0x0,0x73,0x0,0x6b,0x0,0x61,0x0,0x6d,0x0,0x6d,0x0,0x65,0x0,0x72,0x0,0x6e,
  0x8,0x0,0x0,0x0,0x0,0x6,0x0,0x0,0x0,0xe,0x54,0x72,0x69,0x61,0x6c,0x20,
  0x43,0x68,0x61,0x6d,0x62,0x65,0x72,0x73,0x7,0x0,0x0,0x0,0x3,0x4d,0x61,0x70,
  0x1,0x3,0x0,0x0,0x0,0x8,0x0,0x44,0x0,0x6f,0x0,0x72,0x0,0x66,0x8,0x0,
  0x0,0x0,0x0,0x6,0x0,0x0,0x0,0x7,0x56,0x69,0x6c,0x6c,0x61,0x67,0x65,0x7,
  0x0,0x0,0x0,0x3,0x4d,0x61,0x70,0x1,0x3,0x0,0x0,0x0,0x16,0x0,0x57,0x0,
  0x61,0x0,0x6c,0x0,0x64,0x0,0x61,0x0,0x6e,0x0,0x77,0x0,0x65,0x0,0x73,0x0,
  0x65,0x0,0x6e,0x8,0x0,0x0,0x0,0x0,0x6,0x0,0x0,0x0,0x10,0x57,0x6f,0x6f,
  0x64,0x6c,0x61,0x6e,0x64,0x20,0x4d,0x61,0x6e,0x73,0x69,0x6f,0x6e,0x7,0x0,0x0,
  0x0,0x3,0x4d,0x61,0x70,0x1,0x3,0x0,0x0,0x0,0x20,0x0,0x41,0x0,0x74,0x0,
  0x6b,0x0,0x69,0x0,0x76,0x0,0x65,0x0,0x20,0x0,0x57,0x0,0x65,0x0,0x72,0x0,
  0x6b,0x0,0x7a,0x0,0x65,0x0,0x75,0x0,0x67,0x0,0x65,0x8,0x0,0x0,0x0,0x0,
  0x6,0x0,0x0,0x0,0xd,0x45,0x6e,0x61,0x62,0x6c,0x65,0x64,0x20,0x74,0x6f,0x6f,
  0x6c,0x73,0x7,0x0,0x0,0x0,0xe,0x4d,0x61,0x70,0x54,0x6f,0x6f,0x6c,0x73,0x44,
  0x69,0x61,0x6c,0x6f,0x67,0x1,0x3,0x0,0x0,0x0,0x1e,0x0,0x4b,0x0,0x61,0x0,
  0x72,0x0,0x74,0x0,0x65,0x0,0x6e,0x0,0x77,0x0,0x65,0x0,0x72,0x0,0x6b,0x0,
  0x7a,0x0,0x65,0x0,0x75,0x0,0x67,0x0,0x65,0x8,0x0,0x0,0x0,0x0,0x6,0x0,
  0x0,0x0,0x13,0x4d,0x61,0x70,0x20,0x54,0x6f,0x6f,0x6c,0x62,0x61,0x72,0x20,0x4f,
  0x70,0x74,0x69,0x6f,0x6e,0x73,0x7,0x0,0x0,0x0,0xe,0x4d,0x61,0x70,0x54,0x6f,
  0x6f,0x6c,0x73,0x44,0x69,0x61,0x6c,0x6f,0x67,0x1,0x3,0x0,0x0,0x0,0x46,0x0,
  0x4d,0x0,0x61,0x0,0x78,0x0,0x69,0x0,0x6d,0x0,0x61,0x0,0x6c,0x0,0x65,0x0,
  0x72,0x0,0x20,0x0,0x4d,0x0,0x61,0x0,0xdf,0x0,0x73,0x0,0x74,0x0,0x61,0x0,
  0x62,0x0,0xa,0x0,0x28,0x0,0x4d,0x0,0x65,0x0,0x74,0x0,0x65,0x0,0x72,0x0,
  0x20,0x0,0x70,0x0,0x72,0x0,0x6f,0x0,0x20,0x0,0x50,0x0,0x69,0x0,0x78,0x0,
  0x65,0x0,0x6c,0x0,0x29,0x8,0x0,0x0,0x0,0x0,0x6,0x0,0x0,0x0,0x28,0x4d,
  0x61,0x78,0x69,0x6d,0x75,0x6d,0x20,0x76,0x69,0x73,0x69,0x62,0x6c,0x65,0x20,0x73,
  0x63,0x61,0x6c,0x65,0xa,0x28,0x62,0x6c,0x6f,0x63,0x6b,0x73,0x20,0x70,0x65,0x72,
  0x20,0x70,0x69,0x78,0x65,0x6c,0x29,0x7,0x0,0x0,0x0,0xe,0x4d,0x61,0x70,0x54,
  0x6f,0x6f,0x6c,0x73,0x44,0x69,0x61,0x6c,0x6f,0x67,0x1,0x3,0x0,0x0,0x0,0x8,
  0x0,0x5a,0x0,0x6f,0x0,0x6f,0x0,0x6d,0x8,0x0,0x0,0x0,0x0,0x6,0x0,0x0,
  0x0,0xb,0x5a,0x6f,0x6f,0x6d,0x20,0x49,0x6e,0x2f,0x4f,0x75,0x74,0x7,0x0,0x0,
  0x0,0xe,0x4d,0x61,0x70,0x54,0x6f,0x6f,0x6c,0x73,0x44,0x69,0x61,0x6c,0x6f,0x67,
  0x1,0x3,0x0,0x0,0x0,0x1c,0x0,0x4b,0x0,0x6f,0x0,0x70,0x0,0x69,0x0,0x65,
  0x0,0x72,0x0,0x65,0x0,0x20,0x0,0x43,0x0,0x68,0x0,0x75,0x0,0x6e,0x0,0x6b,
  0x0,0x3a,0x8,0x0,0x0,0x0,0x0,0x6,0x0,0x0,0x0,0xb,0x43,0x6f,0x70,0x79,
  0x20,0x63,0x68,0x75,0x6e,0x6b,0x3a,0x7,0x0,0x0,0x0,0x7,0x4d,0x61,0x70,0x56,
  0x69,0x65,0x77,0x1,0x3,0x0,0x0,0x0,0x1c,0x0,0x4b,0x0,0x6f,0x0,0x70,0x0,
  0x69,0x0,0x65,0x0,0x72,0x0,0x65,0x0,0x20,0x0,0x42,0x0,0x6c,0x0,0x6f,0x0,
  0x63,0x0,0x6b,0x0,0x3a,0x8,0x0,0x0,0x0,0x0,0x6,0x0,0x0,0x0,0xc,0x43,
  0x6f,0x70,0x79,0x20,0x63,0x6f,0x6f,0x72,0x64,0x73,0x3a,0x7,0x0,0x0,0x0,0x7,
  0x4d,0x61,0x70,0x56,0x69,0x65,0x77,0x1,0x3,0x0,0x0,0x0,0x1e,0x0,0x4b,0x0,
  0x6f,0x0,0x70,0x0,0x69,0x0,0x65,0x0,0x72,0x0,0x65,0x0,0x20,0x0,0x52,0x0,
  0x65,0x0,0x67,0x0,0x69,0x0,0x6f,0x0,0x6e,0x0,0x3a,0x8,0x0,0x0,0x0,0x0,
  0x6,0x0,0x0,0x0,0xc,0x43,0x6f,0x70,0x79,0x20,0x72,0x65,0x67,0x69,0x6f,0x6e,
  0x3a,0x7,0x0,0x0,0x0,0x7,0x4d,0x61,0x70,0x56,0x69,0x65,0x77,0x1,0x3,0x0,
  0x0,0x0,0x1a,0x0,0x4b,0x0,0x6f,0x0,0x70,0x0,0x69,0x0,0x65,0x0,0x72,0x0,
  0x65,0x0,0x20,0x0,0x53,0x0,0x65,0x0,0x65,0x0,0x64,0x0,0x3a,0x8,0x0,0x0,
  0x0,0x0,0x6,0x0,0x0,0x0,0xa,0x43,0x6f,0x70,0x79,0x20,0x73,0x65,0x65,0x64,
  0x3a,0x7,0x0,0x0,0x0,0x7,0x4d,0x61,0x70,0x56,0x69,0x65,0x77,0x1,0x3,0x0,
  0x0,0x0,0x16,0x0,0x4b,0x0,0x6f,0x0,0x70,0x0,0x69,0x0,0x65,0x0,0x72,0x0,
  0x65,0x0,0x20,0x0,0x74,0x0,0x70,0x0,0x3a,0x8,0x0,0x0,0x0,0x0,0x6,0x0,
  0x0,0x0,0x8,0x43,0x6f,0x70,0x79,0x20,0x74,0x70,0x3a,0x7,0x0,0x0,0x0,0x7,
  0x4d,0x61,0x70,0x56,0x69,0x65,0x77,0x1,0x3,0x0,0x0,0x0,0x2e,0x0,0x4b,0x0,
  0x6f,0x0,0x6f,0x0,0x72,0x0,0x64,0x0,0x69,0x0,0x6e,0x0,0x61,0x0,0x74,0x0,
  0x65,0x0,0x6e,0x0,0x20,0x0,0x65,0x0,0x69,0x0,0x6e,0x0,0x67,0x0,0x65,0x0,
  0x62,0x0,0x65,0x0,0x6e,0x0,0x2e,0x0,0x2e,0x0,0x2e,0x8,0x0,0x0,0x0,0x0,
  0x6,0x0,0x0,0x0,0x14,0x47,0x6f,0x20,0x74,0x6f,0x20,0x63,0x6f,0x6f,0x72,0x64,
  0x69,0x6e,0x61,0x74,0x65,0x73,0x2e,0x2e,0x2e,0x7,0x0,0x0,0x0,0x7,0x4d,0x61,
  0x70,0x56,0x69,0x65,0x77,0x1,0x3,0x0,0x0,0x0,0xe,0x0,0x4c,0x0,0xf6,0x0,
  0x73,0x0,0x63,0x0,0x68,0x0,0x65,0x0,0x6e,0x8,0x0,0x0,0x0,0x0,0x6,0x0,
  0x0,0x0,0x6,0x44,0x65,0x6c,0x65,0x74,0x65,0x7,0x0,0x0,0x0,0xc,0x50,0x72,
  0x65,0x73,0x65,0x74,0x44,0x69,0x61,0x6c,0x6f,0x67,0x1,0x3,0x0,0x0,0x0,0x1e,
  0x0,0x42,0x0,0x65,0x0,0x69,0x0,0x73,0x0,0x70,0x0,0x69,0x0,0x65,0x0,0x6c,
  0x0,0x2d,0x0,0x46,0x0,0x69,0x0,0x6c,0x0,0x74,0x0,0x65,0x0,0x72,0x8,0x0,
  0x0,0x0,0x0,0x6,0x0,0x0,0x0,0x10,0x45,0x78,0x61,0x6d,0x70,0x6c,0x65,0x73,
  0x20,0x46,0x69,0x6c,0x74,0x65,0x72,0x73,0x7,0x0,0x0,0x0,0xc,0x50,0x72,0x65,
  0x73,0x65,0x74,0x44,0x69,0x61,0x6c,0x6f,0x67,0x1,0x3,0x0,0x0,0x0,0x1e,0x0,
  0x46,0x0,0x69,0x0,0x6c,0x0,0x74,0x0,0x65,0x0,0x72,0x0,0x20,0x0,0x56,0x0,
  0x6f,0x0,0x72,0x0,0x6c,0x0,0x61,0x0,0x67,0x0,0x65,0x0,0x6e,0x8,0x0,0x0,
  0x0,0x0,0x6,0x0,0x0,0x0,0xe,0x46,0x69,0x6c,0x74,0x65,0x72,0x20,0x50,0x72,
  0x65,0x73,0x65,0x74,0x73,0x7,0x0,0x0,0x0,0xc,0x50,0x72,0x65,0x73,0x65,0x74,
  0x44,0x69,0x61,0x6c,0x6f,0x67,0x1,0x3,0xff,0xff,0xff,0xff,0x8,0x0,0x0,0x0,
  0x0,0x6,0x0,0x0,0x0,0x3,0x4d,0x43,0x20,0x7,0x0,0x0,0x0,0xc,0x50,0x72,
  0x65,0x73,0x65,0x74,0x44,0x69,0x61,0x6c,0x6f,0x67,0x1,0x3,0xff,0xff,0xff,0xff,
  0x8,0x0,0x0,0x0,0x0,0x6,0x0,0x0,0x0,0x6,0x4d,0x43,0x20,0x31,0x2e,0x58,
  0x7,0x0,0x0,0x0,0xc,0x50,0x72,0x65,0x73,0x65,0x74,0x44,0x69,0x61,0x6c,0x6f,
  0x67,0x1,0x3,0x0,0x0,0x0,0x18,0x0,0x4e,0x0,0x65,0x0,0x75,0x0,0x65,0x0,
  0x20,0x0,0x56,0x0,0x6f,0x0,0x72,0x0,0x6c,0x0,0x61,0x0,0x67,0x0,0x65,0x8,
  0x0,0x0,0x0,0x0,0x6,0x0,0x0,0x0,0xa,0x4e,0x65,0x77,0x20,0x50,0x72,0x65,
  0x73,0x65,0x74,0x7,0x0,0x0,0x0,0xc,0x50,0x72,0x65,0x73,0x65,0x74,0x44,0x69,
  0x61,0x6c,0x6f,0x67,0x1,0x3,0x0,0x0,0x0,0x1a,0x0,0x56,0x0,0x6f,0x0,0x72,
  0x0,0x6c,0x0,0x61,0x0,0x67,0x0,0x65,0x0,0x6e,0x0,0x6e,0x0,0x61,0x0,0x6d,
  0x0,0x65,0x0,0x3a,0x8,0x0,0x0,0x0,0x0,0x6,0x0,0x0,0x0,0xd,0x50,0x72,
  0x65,0x73,0x65,0x74,0x20,0x74,0x69,0x74,0x6c,0x65,0x3a,0x7,0x0,0x0,0x0,0xc,
  0x50,0x72,0x65,0x73,0x65,0x74,0x44,0x69,0x61,0x6c,0x6f,0x67,0x1,0x3,0x0,0x0,
  0x0,0x30,0x0,0x41,0x0,0x6b,0x0,0x74,0x0,0x69,0x0,0x76,0x0,0x65,0x0,0x6e,
  0x0,0x20,0x0,0x46,0x0,0x69,0x0,0x6c,0x0,0x74,0x0,0x65,0x0,0x72,0x0,0x20,
  0x0,0x73,0x0,0x70,0x0,0x65,0x0,0x69,0x0,0x63,0x0,0x68,0x0,0x65,0x0,0x72,
  0x0,0x6e,0x8,0x0,0x0,0x0,0x0,0x6,0x0,0x0,0x0,0x13,0x53,0x61,0x76,0x65,
  0x20,0x43,0x75,0x72,0x72,0x65,0x6e,0x74,0x20,0x46,0x69,0x6c,0x74,0x65,0x72,0x7,
  0x0,0x0,0x0,0xc,0x50,0x72,0x65,0x73,0x65,0x74,0x44,0x69,0x61,0x6c,0x6f,0x67,
  0x1,0x3,0x0,0x0,0x0,0x26,0x0,0x47,0x0,0x65,0x0,0x73,0x0,0x70,0x0,0x65,
  0x0,0x69,0x0,0x63,0x0,0x68,0x0,0x65,0x0,0x72,0x0,0x74,0x0,0x65,0x0,0x20,
  0x0,0x46,0x0,0x69,0x0,0x6c,0x0,0x74,0x0,0x65,0x0,0x72,0x8,0x0,0x0,0x0,
  0x0,0x6,0x0,0x0,0x0,0xd,0x53,0x61,0x76,0x65,0x64,0x20,0x46,0x69,0x6c,0x74,
  0x65,0x72,0x73,0x7,0x0,0x0,0x0,0xc,0x50,0x72,0x65,0x73,0x65,0x74,0x44,0x69,
  0x61,0x6c,0x6f,0x67,0x1,0x3,0x0,0x0,0x0,0x5e,0x0,0x42,0x0,0x65,0x0,0x64,
  0x0,0x69,0x0,0x6e,0x0,0x67,0x0,0x75,0x0,0x6e,0x0,0x67,0x0,0x20,0x0,0x5b,
  0x0,0x25,0x0,0x31,0x0,0x5d,0x0,0x20,0x0,0x69,0x0,0x6e,0x0,0x20,0x0,0x5a,
  0x0,0x65,0x0,0x69,0x0,0x6c,0x0,0x65,0x0,0x20,0x0,0x25,0x0,0x32,0x0,0x20,
  0x0,0x69,0x0,0x73,0x0,0x74,0x0,0x20,0x0,0x6e,0x0,0x69,0x0,0x63,0x0,0x68,
  0x0,0x74,0x0,0x20,0x0,0x75,0x0,0x6e,0x0,0x74,0x0,0x65,0x0,0x72,0x0,0x73,
  0x0,0x74,0x0,0x7a,0x0,0x74,0x0,0x2e,0x8,0x0,0x0,0x0,0x0,0x6,0x0,0x0,
  0x0,0x2b,0x43,0x6f,0x6e,0x64,0x69,0x74,0x69,0x6f,0x6e,0x20,0x5b,0x25,0x31,0x5d,
  0x20,0x61,0x74,0x20,0x6c,0x69,0x6e,0x65,0x20,0x25,0x32,0x20,0x69,0x73,0x20,0x6e,
  0x6f,0x74,0x20,0x73,0x75,0x70,0x70,0x6f,0x72,0x74,0x65,0x64,0x2e,0x7,0x0,0x0,
  0x0,0xc,0x51,0x41,0x70,0x70,0x6c,0x69,0x63,0x61,0x74,0x69,0x6f,0x6e,0x1,0x3,
  0x0,0x0,0x0,0x28,0x0,0x54,0x0,0x72,0x0,0x6f,0x0,0x74,0x0,0x7a,0x0,0x64,
  0x0,0x65,0x0,0x6d,0x0,0x20,0x0,0x66,0x0,0x6f,0x0,0x72,0x0,0x74,0x0,0x66,
  0x0,0x61,0x0,0x68,0x0,0x72,0x0,0x65,0x0,0x6e,0x0,0x3f,0x8,0x0,0x0,0x0,
  0x0,0x6,0x0,0x0,0x0,0x10,0x43,0x6f,0x6e,0x74,0x69,0x6e,0x75,0x65,0x20,0x61,
  0x6e,0x79,0x77,0x61,0x79,0x3f,0x7,0x0,0x0,0x0,0xc,0x51,0x41,0x70,0x70,0x6c,
  0x69,0x63,0x61,0x74,0x69,0x6f,0x6e,0x1,0x3,0x0,0x0,0x0,0x36,0x0,0x56,0x0,
  0x6f,0x0,0x72,0x0,0x74,0x0,0x73,0x0,0x63,0x0,0x68,0x0,0x72,0x0,0x69,0x0,
  0x74,0x0,0x74,0x0,0x20,0x0,0x74,0x0,0x72,0x0,0x6f,0x0,0x74,0x0,0x7a,0x0,
  0x64,0x0,0x65,0x0,0x6d,0x0,0x20,0x0,0x6c,0x0,0x61,0x0,0x64,0x0,0x65,0x0,
  0x6e,0x0,0x3f,0x8,0x0,0x0,0x0,0x0,0x6,0x0,0x0,0x0,0x21,0x43,0x6f,0x6e,
  0x74,0x69,0x6e,0x75,0x65,0x20,0x6c,0x6f,0x61,0x64,0x69,0x6e,0x67,0x20,0x70,0x72,
  0x6f,0x67,0x72,0x65,0x73,0x73,0x20,0x61,0x6e,0x79,0x77,0x61,0x79,0x3f,0x7,0x0,
  0x0,0x0,0xc,0x51,0x41,0x70,0x70,0x6c,0x69,0x63,0x61,0x74,0x69,0x6f,0x6e,0x1,
  0x3,0x0,0x0,0x0,0x54,0x0,0x53,0x0,0x69,0x0,0x74,0x0,0x7a,0x0,0x75,0x0,
  0x6e,0x0,0x67,0x0,0x20,0x0,0x6b,0x0,0x6f,0x0,0x6e,0x0,0x6e,0x0,0x74,0x0,
  0x65,0x0,0x20,0x0,0x6e,0x0,0x69,0x0,0x63,0x0,0x68,0x0,0x74,0x0,0x20,0x0,
  0x67,0x0,0x65,0x0,0xf6,0x0,0x66,0x0,0x66,0x0,0x6e,0x0,0x65,0x0,0x74,0x0,
  0x20,0x0,0x77,0x0,0x65,0x0,0x72,0x0,0x64,0x0,0x65,0x0,0x6e,0x0,0x3a,0x0,
  0xa,0x0,0x22,0x0,0x25,0x0,0x31,0x0,0x22,0x8,0x0,0x0,0x0,0x0,0x6,0x0,
  0x0,0x0,0x21,0x46,0x61,0x69,0x6c,0x65,0x64,0x20,0x74,0x6f,0x20,0x6f,0x70,0x65,
  0x6e,0x20,0x73,0x65,0x73,0x73,0x69,0x6f,0x6e,0x20,0x66,0x69,0x6c,0x65,0x3a,0xa,
  0x22,0x25,0x31,0x22,0x7,0x0,0x0,0x0,0xc,0x51,0x41,0x70,0x70,0x6c,0x69,0x63,
  0x61,0x74,0x69,0x6f,0x6e,0x1,0x3,0x0,0x0,0x0,0x6e,0x0,0x5a,0x0,0x65,0x0,
  0x69,0x0,0x6c,0x0,0x65,0x0,0x20,0x0,0x25,0x0,0x31,0x0,0x20,0x0,0x6b,0x0,
  0x6f,0x0,0x6e,0x0,0x6e,0x0,0x74,0x0,0x65,0x0,0x20,0x0,0x6e,0x0,0x69,0x0,
  0x63,0x0,0x68,0x0,0x74,0x0,0x20,0x0,0x69,0x0,0x6e,0x0,0x74,0x0,0x65,0x0,
  0x72,0x0,0x70,0x0,0x72,0x0,0x65,0x0,0x74,0x0,0x69,0x0,0x65,0x0,0x72,0x0,
  0x74,0x0,0x20,0x0,0x77,0x0,0x65,0x0,0x72,0x0,0x64,0x0,0x65,0x0,0x6e,0x0,
  0x20,0x0,0x69,0x0,0x6e,0x0,0x20,0x0,0x44,0x0,0x61,0x0,0x74,0x0,0x65,0x0,
  0x69,0x0,0x3a,0x0,0xa,0x0,0x25,0x0,0x32,0x8,0x0,0x0,0x0,0x0,0x6,0x0,
  0x0,0x0,0x23,0x46,0x61,0x69,0x6c,0x65,0x64,0x20,0x74,0x6f,0x20,0x70,0x61,0x72,
  0x73,0x65,0x20,0x6c,0x69,0x6e,0x65,0x20,0x25,0x31,0x20,0x6f,0x66,0x20,0x66,0x69,
  0x6c,0x65,0x3a,0xa,0x25,0x32,0x7,0x0,0x0,0x0,0xc,0x51,0x41,0x70,0x70,0x6c,
  0x69,0x63,0x61,0x74,0x69,0x6f,0x6e,0x1,0x3,0x0,0x0,0x0,0xac,0x0,0x44,0x0,
  0x61,0x0,0x74,0x0,0x65,0x0,0x69,0x0,0x20,0x0,0x68,0x0,0x61,0x0,0x74,0x0,
  0x20,0x0,0x6b,0x0,0x65,0x0,0x69,0x0,0x6e,0x0,0x20,0x0,0x62,0x0,0x65,0x0,
  0x6b,0x0,0x61,0x0,0x6e,0x0,0x6e,0x0,0x74,0x0,0x65,0x0,0x73,0x0,0x20,0x0,
  0x46,0x0,0x6f,0x0,0x72,0x0,0x6d,0x0,0x61,0x0,0x74,0x0,0x20,0x0,0x66,0x0,
  0xfc,0x0,0x72,0x0,0x20,0x0,0x65,0x0,0x69,0x0,0x6e,0x0,0x65,0x0,0x20,0x0,
  0x53,0x0,0x69,0x0,0x7a,0x0,0x74,0x0,0x75,0x0,0x6e,0x0,0x67,0x0,0x2e,0x0,
  0xa,0x0,0x56,0x0,0x6f,0x0,0x72,0x0,0x74,0x0,0x73,0x0,0x63,0x0,0x68,0x0,
  0x72,0x0,0x69,0x0,0x74,0x0,0x20,0x0,0x6b,0x0,0x61,0x0,0x6e,0x0,0x6e,0x0,
  0x74,0x0,0x20,0x0,0x75,0x0,0x6e,0x0,0x76,0x0,0x6f,0x0,0x6c,0x0,0x6c,0x0,
  0x73,0x0,0x74,0x0,0xe4,0x0,0x6e,0x0,0x64,0x0,0x69,0x0,0x67,0x0,0x20,0x0,
  0x73,0x0,0x65,0x0,0x69,0x0,0x6e,0x0,0x2e,0x8,0x0,0x0,0x0,0x0,0x6,0x0,
  0x0,0x0,0x4d,0x46,0x69,0x6c,0x65,0x20,0x64,0x6f,0x65,0x73,0x20,0x6e,0x6f,0x74,
  0x20,0x6c,0x6f,0x6f,0x6b,0x20,0x6c,0x69,0x6b,0x65,0x20,0x61,0x20,0x73,0x65,0x73,
  0x73,0x69,0x6f,0x6e,0x20,0x66,0x69,0x6c,0x65,0x2e,0xa,0x50,0x72,0x6f,0x67,0x72,
  0x65,0x73,0x73,0x20,0x6d,0x61,0x79,0x20,0x62,0x65,0x20,0x69,0x6e,0x63,0x6f,0x6d,
  0x70,0x6c,0x65,0x74,0x65,0x20,0x6f,0x72,0x20,0x62,0x72,0x6f,0x6b,0x65,0x6e,0x2e,
  0x7,0x0,0x0,0x0,0xc,0x51,0x41,0x70,0x70,0x6c,0x69,0x63,0x61,0x74,0x69,0x6f,
  0x6e,0x1,0x3,0x0,0x0,0x0,0x16,0x0,0x49,0x0,0x6e,0x0,0x66,0x0,0x6f,0x0,
  0x72,0x0,0x6d,0x0,0x61,0x0,0x74,0x0,0x69,0x0,0x6f,0x0,0x6e,0x8,0x0,0x0,
  0x0,0x0,0x6,0x0,0x0,0x0,0xb,0x49,0x6e,0x66,0x6f,0x72,0x6d,0x61,0x74,0x69,
  0x6f,0x6e,0x7,0x0,0x0,0x0,0xc,0x51,0x41,0x70,0x70,0x6c,0x69,0x63,0x61,0x74,
  0x69,0x6f,0x6e,0x1,0x3,0x0,0x0,0x0,0xa8,0x0,0x53,0x0,0x65,0x0,0x73,0x0,
  0x73,0x0,0x69,0x0,0x6f,0x0,0x6e,0x0,0x20,0x0,0x66,0x0,0x69,0x0,0x6c,0x0,
  0x65,0x0,0x20,0x0,0x77,0x0,0x61,0x0,0x73,0x0,0x20,0x0,0x63,0x0,0x72,0x0,
  0x65,0x0,0x61,0x0,0x74,0x0,0x65,0x0,0x64,0x0,0x20,0x0,0x77,0x0,0x69,0x0,
  0x74,0x0,0x68,0x0,0x20,0x0,0x61,0x0,0x20,0x0,0x6e,0x0,0x65,0x0,0x77,0x0,
  0x65,0x0,0x72,0x0,0x20,0x0,0x76,0x0,0x65,0x0,0x72,0x0,0x73,0x0,0x69,0x0,
  0x6f,0x0,0x6e,0x0,0x2e,0x0,0xa,0x0,0x50,0x0,0x72,0x0,0x6f,0x0,0x67,0x0,
  0x72,0x0,0x65,0x0,0x73,0x0,0x73,0x0,0x20,0x0,0x6d,0x0,0x61,0x0,0x79,0x0,
  0x20,0x0,0x62,0x0,0x65,0x0,0x20,0x0,0x69,0x0,0x6e,0x0,0x63,0x0,0x6f,0x0,
  0x6d,0x0,0x70,0x0,0x6c,0x0,0x65,0x0,0x74,0x0,0x65,0x0,0x20,0x0,0x6f,0x0,
  0x72,0x0,0x20,0x0,0x62,0x0,0x72,0x0,0x6f,0x0,0x6b,0x0,0x65,0x0,0x6e,0x0,
  0x2e,0x8,0x0,0x0,0x0,0x0,0x6,0x0,0x0,0x0,0x54,0x53,0x65,0x73,0x73,0x69,
  0x6f,0x6e,0x20,0x66,0x69,0x6c,0x65,0x20,0x77,0x61,0x73,0x20,0x63,0x72,0x65,0x61,
  0x74,0x65,0x64,0x20,0x77,0x69,0x74,0x68,0x20,0x61,0x20,0x6e,0x65,0x77,0x65,0x72,
  0x20,0x76,0x65,0x72,0x73,0x69,0x6f,0x6e,0x2e,0xa,0x50,0x72,0x6f,0x67,0x72,0x65,
  0x73,0x73,0x20,0x6d,0x61,0x79,0x20,0x62,0x65,0x20,0x69,0x6e,0x63,0x6f,0x6d,0x70,
  0x6c,0x65,0x74,0x65,0x20,0x6f,0x72,0x20,0x62,0x72,0x6f,0x6b,0x65,0x6e,0x2e,0x7,
  0x0,0x0,0x0,0xc,0x51,0x41,0x70,0x70,0x6c,0x69,0x63,0x61,0x74,0x69,0x6f,0x6e,
  0x1,0x3,0x0,0x0,0x0,0xe,0x0,0x57,0x0,0x61,0x0,0x72,0x0,0x6e,0x0,0x75,
  0x0,0x6e,0x0,0x67,0x8,0x0,0x0,0x0,0x0,0x6,0x0,0x0,0x0,0x7,0x57,0x61,
  0x72,0x6e,0x69,0x6e,0x67,0x7,0x0,0x0,0x0,0xc,0x51,0x41,0x70,0x70,0x6c,0x69,
  0x63,0x61,0x74,0x69,0x6f,0x6e,0x1,0x3,0x0,0x0,0x0,0x14,0x0,0x26,0x0,0x41,
  0x0,0x62,0x0,0x62,0x0,0x72,0x0,0x65,0x0,0x63,0x0,0x68,0x0,0x65,0x0,0x6e,
  0x8,0x0,0x0,0x0,0x0,0x6,0x0,0x0,0x0,0x7,0x26,0x43,0x61,0x6e,0x63,0x65,
  0x6c,0x7,0x0,0x0,0x0,0xb,0x51,0x47,0x6e,0x6f,0x6d,0x65,0x54,0x68,0x65,0x6d,
  0x65,0x1,0x3,0x0,0x0,0x0,0xa,0x0,0x26,0x0,0x4f,0x0,0x6b,0x0,0x61,0x0,
  0x79,0x8,0x0,0x0,0x0,0x0,0x6,0x0,0x0,0x0,0x3,0x26,0x4f,0x4b,0x7,0x0,
  0x0,0x0,0xb,0x51,0x47,0x6e,0x6f,0x6d,0x65,0x54,0x68,0x65,0x6d,0x65,0x1,0x3,
  0x0,0x0,0x0,0x14,0x0,0x26,0x0,0x53,0x0,0x70,0x0,0x65,0x0,0x69,0x0,0x63,
  0x0,0x68,0x0,0x65,0x0,0x72,0x0,0x6e,0x8,0x0,0x0,0x0,0x0,0x6,0x0,0x0,
  0x0,0x5,0x26,0x53,0x61,0x76,0x65,0x7,0x0,0x0,0x0,0xb,0x51,0x47,0x6e,0x6f,
  0x6d,0x65,0x54,0x68,0x65,0x6d,0x65,0x1,0x3,0x0,0x0,0x0,0x18,0x0,0x4e,0x0,
  0x65,0x0,0x75,0x0,0x65,0x0,0x20,0x0,0x56,0x0,0x65,0x0,0x72,0x0,0x73,0x0,
  0x69,0x0,0x6f,0x0,0x6e,0x8,0x0,0x0,0x0,0x0,0x6,0x0,0x0,0x0,0xb,0x4e,
  0x65,0x77,0x20,0x56,0x65,0x72,0x73,0x69,0x6f,0x6e,0x7,0x0,0x0,0x0,0x7,0x51,
  0x4f,0x62,0x6a,0x65,0x63,0x74,0x1,0x3,0x0,0x0,0x0,0xe,0x0,0x41,0x0,0x62,
  0x0,0x62,0x0,0x72,0x0,0x75,0x0,0x63,0x0,0x68,0x8,0x0,0x0,0x0,0x0,0x6,
  0x0,0x0,0x0,0x5,0x41,0x62,0x6f,0x72,0x74,0x7,0x0,0x0,0x0,0xe,0x51,0x50,
  0x6c,0x61,0x74,0x66,0x6f,0x72,0x6d,0x54,0x68,0x65,0x6d,0x65,0x1,0x3,0x0,0x0,
  0x0,0x10,0x0,0x41,0x0,0x6e,0x0,0x77,0x0,0x65,0x0,0x6e,0x0,0x64,0x0,0x65,
  0x0,0x6e,0x8,0x0,0x0,0x0,0x0,0x6,0x0,0x0,0x0,0x5,0x41,0x70,0x70,0x6c,
  0x79,0x7,0x0,0x0,0x0,0xe,0x51,0x50,0x6c,0x61,0x74,0x66,0x6f,0x72,0x6d,0x54,
  0x68,0x65,0x6d,0x65,0x1,0x3,0x0,0x0,0x0,0x12,0x0,0x41,0x0,0x62,0x0,0x62,
  0x0,0x72,0x0,0x65,0x0,0x63,0x0,0x68,0x0,0x65,0x0,0x6e,0x8,0x0,0x0,0x0,
  0x0,0x6,0x0,0x0,0x0,0x6,0x43,0x61,0x6e,0x63,0x65,0x6c,0x7,0x0,0x0,0x0,
  0xe,0x51,0x50,0x6c,0x61,0x74,0x66,0x6f,0x72,0x6d,0x54,0x68,0x65,0x6d,0x65,0x1,
  0x3,0x0,0x0,0x0,0x12,0x0,0x53,0x0,0x63,0x0,0x68,0x0,0x6c,0x0,0x69,0x0,
  0x65,0x0,0xdf,0x0,0x65,0x0,0x6e,0x8,0x0,0x0,0x0,0x0,0x6,0x0,0x0,0x0,
  0x5,0x43,0x6c,0x6f,0x73,0x65,0x7,0x0,0x0,0x0,0xe,0x51,0x50,0x6c,0x61,0x74,
  0x66,0x6f,0x72,0x6d,0x54,0x68,0x65,0x6d,0x65,0x1,0x3,0x0,0x0,0x0,0x12,0x0,
  0x56,0x0,0x65,0x0,0x72,0x0,0x77,0x0,0x65,0x0,0x72,0x0,0x66,0x0,0x65,0x0,
  0x6e,0x8,0x0,0x0,0x0,0x0,0x6,0x0,0x0,0x0,0x7,0x44,0x69,0x73,0x63,0x61,
  0x72,0x64,0x7,0x0,0x0,0x0,0xe,0x51,0x50,0x6c,0x61,0x74,0x66,0x6f,0x72,0x6d,
  0x54,0x68,0x65,0x6d,0x65,0x1,0x3,0x0,0x0,0x0,0x14,0x0,0x49,0x0,0x67,0x0,
  0x6e,0x0,0x6f,0x0,0x72,0x0,0x69,0x0,0x65,0x0,0x72,0x0,0x65,0x0,0x6e,0x8,
  0x0,0x0,0x0,0x0,0x6,0x0,0x0,0x0,0x6,0x49,0x67,0x6e,0x6f,0x72,0x65,0x7,
  0x0,0x0,0x0,0xe,0x51,0x50,0x6c,0x61,0x74,0x66,0x6f,0x72,0x6d,0x54,0x68,0x65,
  0x6d,0x65,0x1,0x3,0x0,0x0,0x0,0x8,0x0,0x4e,0x0,0x65,0x0,0x69,0x0,0x6e,
  0x8,0x0,0x0,0x0,0x0,0x6,0x0,0x0,0x0,0x2,0x4e,0x6f,0x7,0x0,0x0,0x0,
  0xe,0x51,0x50,0x6c,0x61,0x74,0x66,0x6f,0x72,0x6d,0x54,0x68,0x65,0x6d,0x65,0x1,
  0x3,0x0,0x0,0x0,0x8,0x0,0x4f,0x0,0x6b,0x0,0x61,0x0,0x79,0x8,0x0,0x0,
  0x0,0x0,0x6,0x0,0x0,0x0,0x2,0x4f,0x4b,0x7,0x0,0x0,0x0,0xe,0x51,0x50,
  0x6c,0x61,0x74,0x66,0x6f,0x72,0x6d,0x54,0x68,0x65,0x6d,0x65,0x1,0x3,0x0,0x0,
  0x0,0x18,0x0,0x5a,0x0,0x75,0x0,0x72,0x0,0xfc,0x0,0x63,0x0,0x6b,0x0,0x73,
  0x0,0x65,0x0,0x74,0x0,0x7a,0x0,0x65,0x0,0x6e,0x8,0x0,0x0,0x0,0x0,0x6,
  0x0,0x0,0x0,0x5,0x52,0x65,0x73,0x65,0x74,0x7,0x0,0x0,0x0,0xe,0x51,0x50,
  0x6c,0x61,0x74,0x66,0x6f,0x72,0x6d,0x54,0x68,0x65,0x6d,0x65,0x1,0x3,0x0,0x0,
  0x0,0x20,0x0,0x56,0x0,0x6f,0x0,0x72,0x0,0x65,0x0,0x69,0x0,0x6e,0x0,0x73,
  0x0,0x74,0x0,0x65,0x0,0x6c,0x0,0x6c,0x0,0x75,0x0,0x6e,0x0,0x67,0x0,0x65,
  0x0,0x6e,0x8,0x0,0x0,0x0,0x0,0x6,0x0,0x0,0x0,0x10,0x52,0x65,0x73,0x74,
  0x6f,0x72,0x65,0x20,0x44,0x65,0x66,0x61,0x75,0x6c,0x74,0x73,0x7,0x0,0x0,0x0,
  0xe,0x51,0x50,0x6c,0x61,0x74,0x66,0x6f,0x72,0x6d,0x54,0x68,0x65,0x6d,0x65,0x1,
  0x3,0x0,0x0,0x0,0x12,0x0,0x53,0x0,0x70,0x0,0x65,0x0,0x69,0x0,0x63,0x0,
  0x68,0x0,0x65,0x0,0x72,0x0,0x6e,0x8,0x0,0x0,0x0,0x0,0x6,0x0,0x0,0x0,
  0x4,0x53,0x61,0x76,0x65,0x7,0x0,0x0,0x0,0xe,0x51,0x50,0x6c,0x61,0x74,0x66,
  0x6f,0x72,0x6d,0x54,0x68,0x65,0x6d,0x65,0x1,0x3,0x0,0x0,0x0,0x4,0x0,0x4a,
  0x0,0x61,0x8,0x0,0x0,0x0,0x0,0x6,0x0,0x0,0x0,0x3,0x59,0x65,0x73,0x7,
  0x0,0x0,0x0,0xe,0x51,0x50,0x6c,0x61,0x74,0x66,0x6f,0x72,0x6d,0x54,0x68,0x65,
  0x6d,0x65,0x1,0x3,0x0,0x0,0x1,0x12,0x0,0x3c,0x0,0x68,0x0,0x74,0x0,0x6d,
  0x0,0x6c,0x0,0x3e,0x0,0x3c,0x0,0x68,0x0,0x65,0x0,0x61,0x0,0x64,0x0,0x2f,
  0x0,0x3e,0x0,0x3c,0x0,0x62,0x0,0x6f,0x0,0x64,0x0,0x79,0x0,0x3e,0x0,0x3c,
  0x0,0x70,0x0,0x3e,0x0,0x45,0x0,0x69,0x0,0x6e,0x0,0x65,0x0,0x6e,0x0,0x20,
  0x0,0x57,0x0,0x65,0x0,0x72,0x0,0x74,0x0,0x65,0x0,0x62,0x0,0x65,0x0,0x72,
  0x0,0x65,0x0,0x69,0x0,0x63,0x0,0x68,0x0,0x20,0x0,0x66,0x0,0xfc,0x0,0x72,
  0x0,0x20,0x0,0x64,0x0,0x69,0x0,0x65,0x0,0x20,0x0,0x69,0x0,0x6e,0x0,0x6b,
  0x0,0x72,0x0,0x65,0x0,0x6d,0x0,0x65,0x0,0x6e,0x0,0x74,0x0,0x65,0x0,0x6c,
  0x0,0x6c,0x0,0x65,0x0,0x20,0x0,0x53,0x0,0x75,0x0,0x63,0x0,0x68,0x0,0x65,
  0x0,0x20,0x0,0x66,0x0,0x65,0x0,0x73,0x0,0x74,0x0,0x6c,0x0,0x65,0x0,0x67,
  0x0,0x65,0x0,0x6e,0x0,0x2e,0x0,0x20,0x0,0x3c,0x0,0x2f,0x0,0x70,0x0,0x3e,
  0x0,0x3c,0x0,0x70,0x0,0x3e,0x0,0x47,0x0,0x72,0x0,0x65,0x0,0x6e,0x0,0x7a,
  0x0,0x77,0x0,0x65,0x0,0x72,0x0,0x74,0x0,0x65,0x0,0x20,0x0,0x73,0x0,0x69,
  0x0,0x6e,0x0,0x64,0x0,0x20,0x0,0x6f,0x0,0x68,0x0,0x6e,0x0,0x65,0x0,0x20,
  0x0,0x56,0x0,0x6f,0x0,0x72,0x0,0x7a,0x0,0x65,0x0,0x69,0x0,0x63,0x0,0x68,
  0x0,0x65,0x0,0x6e,0x0,0x2e,0x0,0x3c,0x0,0x2f,0x0,0x70,0x0,0x3e,0x0,0x3c,
  0x0,0x2f,0x0,0x62,0x0,0x6f,0x0,0x64,0x0,0x79,0x0,0x3e,0x0,0x3c,0x0,0x2f,
  0x0,0x68,0x0,0x74,0x0,0x6d,0x0,0x6c,0x0,0x3e,0x8,0x0,0x0,0x0,0x0,0x6,
  0x0,0x0,0x0,0x71,0x3c,0x68,0x74,0x6d,0x6c,0x3e,0x3c,0x68,0x65,0x61,0x64,0x2f,
  0x3e,0x3c,0x62,0x6f,0x64,0x79,0x3e,0x3c,0x70,0x3e,0x53,0x65,0x74,0x20,0x61,0x20,
  0x76,0x61,0x6c,0x75,0x65,0x20,0x72,0x61,0x6e,0x67,0x65,0x20,0x66,0x6f,0x72,0x20,
  0x74,0x68,0x65,0x20,0x69,0x6e,0x63,0x72,0x65,0x6d,0x65,0x6e,0x74,0x61,0x6c,0x20,
  0x73,0x65,0x61,0x72,0x63,0x68,0x2e,0x20,0x3c,0x2f,0x70,0x3e,0x3c,0x70,0x3e,0x42,
  0x6f,0x75,0x6e,0x64,0x73,0x20,0x61,0x72,0x65,0x20,0x75,0x6e,0x73,0x69,0x67,0x6e,
  0x65,0x64,0x2e,0x3c,0x2f,0x70,0x3e,0x3c,0x2f,0x62,0x6f,0x64,0x79,0x3e,0x3c,0x2f,
  0x68,0x74,0x6d,0x6c,0x3e,0x7,0x0,0x0,0x0,0xb,0x52,0x61,0x6e,0x67,0x65,0x44,
  0x69,0x61,0x6c,0x6f,0x67,0x1,0x3,0x0,0x0,0x0,0x16,0x0,0x48,0x0,0x65,0x0,
  0x78,0x0,0x61,0x0,0x64,0x0,0x65,0x0,0x7a,0x0,0x69,0x0,0x6d,0x0,0x61,0x0,
  0x6c,0x8,0x0,0x0,0x0,0x0,0x6,0x0,0x0,0x0,0xb,0x48,0x65,0x78,0x61,0x64,
  0x65,0x63,0x69,0x6d,0x61,0x6c,0x7,0x0,0x0,0x0,0xb,0x52,0x61,0x6e,0x67,0x65,
  0x44,0x69,0x61,0x6c,0x6f,0x67,0x1,0x3,0xff,0xff,0xff,0xff,0x8,0x0,0x0,0x0,
  0x0,0x6,0x0,0x0,0x0,0x8,0x4d,0x61,0x78,0x69,0x6d,0x75,0x6d,0x3a,0x7,0x0,
  0x0,0x0,0xb,0x52,0x61,0x6e,0x67,0x65,0x44,0x69,0x61,0x6c,0x6f,0x67,0x1,0x3,
  0xff,0xff,0xff,0xff,0x8,0x0,0x0,0x0,0x0,0x6,0x0,0x0,0x0,0x8,0x4d,0x69,
  0x6e,0x69,0x6d,0x75,0x6d,0x3a,0x7,0x0,0x0,0x0,0xb,0x52,0x61,0x6e,0x67,0x65,
  0x44,0x69,0x61,0x6c,0x6f,0x67,0x1,0x3,0x0,0x0,0x0,0x16,0x0,0x53,0x0,0x75,
  0x0,0x63,0x0,0x68,0x0,0x62,0x0,0x65,0x0,0x72,0x0,0x65,0x0,0x69,0x0,0x63,
  0x0,0x68,0x8,0x0,0x0,0x0,0x0,0x6,0x0,0x0,0x0,0xc,0x53,0x65,0x61,0x72,
  0x63,0x68,0x20,0x72,0x61,0x6e,0x67,0x65,0x7,0x0,0x0,0x0,0xb,0x52,0x61,0x6e,
  0x67,0x65,0x44,0x69,0x61,0x6c,0x6f,0x67,0x1,0x3,0x0,0x0,0x0,0x80,0x0,0x42,
  0x0,0x65,0x0,0x64,0x0,0x69,0x0,0x6e,0x0,0x67,0x0,0x75,0x0,0x6e,0x0,0x67,
  0x0,0x20,0x0,0x25,0x0,0x31,0x0,0x20,0x0,0x68,0x0,0x61,0x0,0x74,0x0,0x20,
  0x0,0x77,0x0,0x69,0x0,0x64,0x0,0x65,0x0,0x72,0x0,0x73,0x0,0x70,0x0,0x72,
  0x0,0xfc,0x0,0x63,0x0,0x68,0x0,0x6c,0x0,0x69,0x0,0x63,0x0,0x68,0x0,0x65,
  0x0,0x20,0x0,0x49,0x0,0x6e,0x0,0x6b,0x0,0x6c,0x0,0x75,0x0,0x73,0x0,0x69,
  0x0,0x6f,0x0,0x6e,0x0,0x73,0x0,0x6b,0x0,0x65,0x0,0x6e,0x0,0x6e,0x0,0x75,
  0x0,0x6e,0x0,0x67,0x0,0x65,0x0,0x6e,0x0,0x20,0x0,0x66,0x0,0xfc,0x0,0x72,
  0x0,0x20,0x0,0x42,0x0,0x69,0x0,0x6f,0x0,0x6d,0x0,0x65,0x0,0x2e,0x8,0x0,
  0x0,0x0,0x0,0x6,0x0,0x0,0x0,0x4b,0x42,0x69,0x6f,0x6d,0x65,0x20,0x63,0x6f,
  0x6e,0x64,0x69,0x74,0x69,0x6f,0x6e,0x20,0x77,0x69,0x74,0x68,0x20,0x49,0x44,0x20,
  0x25,0x31,0x20,0x68,0x61,0x73,0x20,0x63,0x6f,0x6e,0x74,0x72,0x61,0x64,0x69,0x63,
  0x74,0x69,0x6e,0x67,0x20,0x66,0x6c,0x61,0x67,0x73,0x20,0x66,0x6f,0x72,0x20,0x69,
  0x6e,0x63,0x6c,0x75,0x64,0x65,0x20,0x61,0x6e,0x64,0x20,0x65,0x78,0x63,0x6c,0x75,
  0x64,0x65,0x2e,0x7,0x0,0x0,0x0,0xc,0x53,0x65,0x61,0x72,0x63,0x68,0x4d,0x61,
  0x73,0x74,0x65,0x72,0x1,0x3,0x0,0x0,0x0,0x78,0x0,0x42,0x0,0x65,0x0,0x64,
  0x0,0x69,0x0,0x6e,0x0,0x67,0x0,0x75,0x0,0x6e,0x0,0x67,0x0,0x20,0x0,0x25,
  0x0,0x31,0x0,0x20,0x0,0x67,0x0,0x69,0x0,0x62,0x0,0x74,0x0,0x20,0x0,0x25,
  0x0,0x6e,0x0,0x20,0x0,0x42,0x0,0x69,0x0,0x6f,0x0,0x6d,0x0,0x20,0x0,0x61,
  0x0,0x6e,0x0,0x2c,0x0,0x20,0x0,0x64,0x0,0x61,0x0,0x73,0x0,0x73,0x0,0x20,
  0x0,0x6e,0x0,0x69,0x0,0x63,0x0,0x68,0x0,0x74,0x0,0x20,0x0,0x69,0x0,0x6e,
  0x0,0x20,0x0,0x4d,0x0,0x43,0x0,0x20,0x0,0x25,0x0,0x32,0x0,0x20,0x0,0x67,
  0x0,0x65,0x0,0x6e,0x0,0x65,0x0,0x72,0x0,0x69,0x0,0x65,0x0,0x72,0x0,0x74,
  0x0,0x2e,0x3,0x0,0x0,0x0,0x7a,0x0,0x42,0x0,0x65,0x0,0x64,0x0,0x69,0x0,
  0x6e,0x0,0x67,0x0,0x75,0x0,0x6e,0x0,0x67,0x0,0x20,0x0,0x25,0x0,0x31,0x0,
  0x20,0x0,0x67,0x0,0x69,0x0,0x62,0x0,0x74,0x0,0x20,0x0,0x25,0x0,0x6e,0x0,
  0x20,0x0,0x42,0x0,0x69,0x0,0x6f,0x0,0x6d,0x0,0x65,0x0,0x20,0x0,0x61,0x0,
  0x6e,0x0,0x2c,0x0,0x20,0x0,0x64,0x0,0x69,0x0,0x65,0x0,0x20,0x0,0x6e,0x0,
  0x69,0x0,0x63,0x0,0x68,0x0,0x74,0x0,0x20,0x0,0x69,0x0,0x6e,0x0,0x20,0x0,
  0x4d,0x0,0x43,0x0,0x20,0x0,0x25,0x0,0x32,0x0,0x20,0x0,0x67,0x0,0x65,0x0,
  0x6e,0x0,0x65,0x0,0x72,0x0,0x69,0x0,0x65,0x0,0x72,0x0,0x65,0x0,0x6e,0x0,
  0x2e,0x8,0x0,0x0,0x0,0x0,0x6,0x0,0x0,0x0,0x4e,0x42,0x69,0x6f,0x6d,0x65,
  0x20,0x63,0x6f,0x6e,0x64,0x69,0x74,0x69,0x6f,0x6e,0x20,0x77,0x69,0x74,0x68,0x20,
  0x49,0x44,0x20,0x25,0x31,0x20,0x69,0x6e,0x63,0x6c,0x75,0x64,0x65,0x73,0x20,0x25,
  0x6e,0x20,0x62,0x69,0x6f,0x6d,0x65,0x28,0x73,0x29,0x20,0x74,0x68,0x61,0x74,0x20,
  0x64,0x6f,0x20,0x6e,0x6f,0x74,0x20,0x67,0x65,0x6e,0x65,0x72,0x61,0x74,0x65,0x20,
  0x69,0x6e,0x20,0x4d,0x43,0x20,0x25,0x32,0x2e,0x7,0x0,0x0,0x0,0xc,0x53,0x65,
  0x61,0x72,0x63,0x68,0x4d,0x61,0x73,0x74,0x65,0x72,0x1,0x3,0x0,0x0,0x0,0x42,
  0x0,0x42,0x0,0x65,0x0,0x64,0x0,0x69,0x0,0x6e,0x0,0x67,0x0,0x75,0x0,0x6e,
  0x0,0x67,0x0,0x20,0x0,0x25,0x0,0x31,0x0,0x20,0x0,0x67,0x0,0x69,0x0,0x62,
  0x0,0x74,0x0,0x20,0x0,0x6b,0x0,0x65,0x0,0x69,0x0,0x6e,0x0,0x65,0x0,0x20,
  0x0,0x42,0x0,0x69,0x0,0x6f,0x0,0x6d,0x0,0x65,0x0,0x20,0x0,0x61,0x0,0x6e,
  0x0,0x2e,0x8,0x0,0x0,0x0,0x0,0x6,0x0,0x0,0x0,0x2f,0x42,0x69,0x6f,0x6d,
  0x65,0x20,0x63,0x6f,0x6e,0x64,0x69,0x74,0x69,0x6f,0x6e,0x20,0x77,0x69,0x74,0x68,
  0x20,0x49,0x44,0x20,0x25,0x31,0x20,0x73,0x70,0x65,0x63,0x69,0x66,0x69,0x65,0x73,
  0x20,0x6e,0x6f,0x20,0x62,0x69,0x6f,0x6d,0x65,0x73,0x2e,0x7,0x0,0x0,0x0,0xc,
  0x53,0x65,0x61,0x72,0x63,0x68,0x4d,0x61,0x73,0x74,0x65,0x72,0x1,0x3,0x0,0x0,
  0x0,0x74,0x0,0x42,0x0,0x65,0x0,0x64,0x0,0x69,0x0,0x6e,0x0,0x67,0x0,0x75,
  0x0,0x6e,0x0,0x67,0x0,0x20,0x0,0x25,0x0,0x31,0x0,0x20,0x0,0x69,0x0,0x67,
  0x0,0x6e,0x0,0x6f,0x0,0x72,0x0,0x69,0x0,0x65,0x0,0x72,0x0,0x74,0x0,0x20,
  0x0,0x73,0x0,0x65,0x0,0x69,0x0,0x6e,0x0,0x65,0x0,0x20,0x0,0x65,0x0,0x69,
  0x0,0x6e,0x0,0x7a,0x0,0x69,0x0,0x67,0x0,0x65,0x0,0x20,0x0,0x50,0x0,0x6f,
  0x0,0x73,0x0,0x69,0x0,0x74,0x0,0x69,0x0,0x6f,0x0,0x6e,0x0,0x20,0x0,0x6d,
  0x0,0x69,0x0,0x74,0x0,0x20,0x0,0x47,0x0,0x72,0x0,0xf6,0x0,0xdf,0x0,0x65,
  0x0,0x20,0x0,0x31,0x0,0x2e,0x8,0x0,0x0,0x0,0x0,0x6,0x0,0x0,0x0,0x31,
  0x43,0x6f,0x6e,0x64,0x69,0x74,0x69,0x6f,0x6e,0x20,0x25,0x31,0x20,0x69,0x67,0x6e,
  0x6f,0x72,0x65,0x73,0x20,0x69,0x74,0x73,0x20,0x6f,0x6e,0x6c,0x79,0x20,0x6c,0x6f,
  0x63,0x61,0x74,0x69,0x6f,0x6e,0x20,0x6f,0x66,0x20,0x73,0x69,0x7a,0x65,0x20,0x31,
  0x2e,0x7,0x0,0x0,0x0,0xc,0x53,0x65,0x61,0x72,0x63,0x68,0x4d,0x61,0x73,0x74,
  0x65,0x72,0x1,0x3,0x0,0x0,0x0,0x76,0x0,0x42,0x0,0x65,0x0,0x64,0x0,0x69,
  0x0,0x6e,0x0,0x67,0x0,0x75,0x0,0x6e,0x0,0x67,0x0,0x20,0x0,0x25,0x0,0x31,
  0x0,0x20,0x0,0x69,0x0,0x73,0x0,0x74,0x0,0x20,0x0,0x6e,0x0,0x69,0x0,0x63,
  0x0,0x68,0x0,0x74,0x0,0x20,0x0,0x76,0x0,0x65,0x0,0x72,0x0,0x66,0x0,0xfc,
  0x0,0x67,0x0,0x62,0x0,0x61,0x0,0x72,0x0,0x20,0x0,0x6e,0x0,0x61,0x0,0x63,
  0x0,0x68,0x0,0x20,0x0,0x4d,0x0,0x69,0x0,0x6e,0x0,0x65,0x0,0x63,0x0,0x72,
  0x0,0x61,0x0,0x66,0x0,0x74,0x0,0x20,0x0,0x56,0x0,0x65,0x0,0x72,0x0,0x73,
  0x0,0x69,0x0,0x6f,0x0,0x6e,0x0,0x20,0x0,0x25,0x0,0x32,0x0,0x2e,0x8,0x0,
  0x0,0x0,0x0,0x6,0x0,0x0,0x0,0x3b,0x43,0x6f,0x6e,0x64,0x69,0x74,0x69,0x6f,
  0x6e,0x20,0x25,0x31,0x20,0x6e,0x6f,0x74,0x20,0x61,0x76,0x61,0x69,0x6c,0x61,0x62,
  0x6c,0x65,0x20,0x66,0x6f,0x72,0x20,0x4d,0x69,0x6e,0x65,0x63,0x72,0x61,0x66,0x74,
  0x20,0x76,0x65,0x72,0x73,0x69,0x6f,0x6e,0x73,0x20,0x61,0x62,0x6f,0x76,0x65,0x20,
  0x25,0x32,0x2e,0x7,0x0,0x0,0x0,0xc,0x53,0x65,0x61,0x72,0x63,0x68,0x4d,0x61,
  0x73,0x74,0x65,0x72,0x1,0x3,0x0,0x0,0x0,0x72,0x0,0x42,0x0,0x65,0x0,0x64,
  0x0,0x69,0x0,0x6e,0x0,0x67,0x0,0x75,0x0,0x6e,0x0,0x67,0x0,0x20,0x0,0x25,
  0x0,0x31,0x0,0x20,0x0,0x65,0x0,0x72,0x0,0x66,0x0,0x6f,0x0,0x72,0x0,0x64,
  0x0,0x65,0x0,0x72,0x0,0x74,0x0,0x20,0x0,0x25,0x0,0x32,0x0,0x20,0x0,0x61,
  0x0,0x6c,0x0,0x73,0x0,0x20,0x0,0x6d,0x0,0x69,0x0,0x6e,0x0,0x69,0x0,0x6d,
  0x0,0x61,0x0,0x6c,0x0,0x65,0x0,0x20,0x0,0x4d,0x0,0x69,0x0,0x6e,0x0,0x65,
  0x0,0x63,0x0,0x72,0x0,0x61,0x0,0x66,0x0,0x74,0x0,0x20,0x0,0x56,0x0,0x65,
  0x0,0x72,0x0,0x73,0x0,0x69,0x0,0x6f,0x0,0x6e,0x0,0x2e,0x8,0x0,0x0,0x0,
  0x0,0x6,0x0,0x0,0x0,0x38,0x43,0x6f,0x6e,0x64,0x69,0x74,0x69,0x6f,0x6e,0x20,
  0x25,0x31,0x20,0x72,0x65,0x71,0x75,0x69,0x72,0x65,0x73,0x20,0x61,0x20,0x6d,0x69,
  0x6e,0x69,0x6d,0x75,0x6d,0x20,0x4d,0x69,0x6e,0x65,0x63,0x72,0x61,0x66,0x74,0x20,
  0x76,0x65,0x72,0x73,0x69,0x6f,0x6e,0x20,0x6f,0x66,0x20,0x25,0x32,0x2e,0x7,0x0,
  0x0,0x0,0xc,0x53,0x65,0x61,0x72,0x63,0x68,0x4d,0x61,0x73,0x74,0x65,0x72,0x1,
  0x3,0x0,0x0,0x0,0xc2,0x0,0x42,0x0,0x65,0x0,0x64,0x0,0x69,0x0,0x6e,0x0,
  0x67,0x0,0x75,0x0,0x6e,0x0,0x67,0x0,0x20,0x0,0x6d,0x0,0x69,0x0,0x74,0x0,
  0x20,0x0,0x49,0x0,0x44,0x0,0x20,0x0,0x25,0x0,0x31,0x0,0x20,0x0,0x68,0x0,
  0x61,0x0,0x74,0x0,0x20,0x0,0x65,0x0,0x69,0x0,0x6e,0x0,0x65,0x0,0x20,0x0,
  0x75,0x0,0x6e,0x0,0x67,0x0,0xfc,0x0,0x6c,0x0,0x74,0x0,0x69,0x0,0x67,0x0,
  0x65,0x0,0x20,0x0,0x52,0x0,0x65,0x0,0x66,0x0,0x65,0x0,0x72,0x0,0x65,0x0,
  0x6e,0x0,0x7a,0x0,0x70,0x0,0x6f,0x0,0x73,0x0,0x69,0x0,0x74,0x0,0x69,0x0,
  0x6f,0x0,0x6e,0x0,0x3a,0x0,0xa,0x0,0x42,0x0,0x65,0x0,0x64,0x0,0x69,0x0,
  0x6e,0x0,0x67,0x0,0x75,0x0,0x6e,0x0,0x67,0x0,0x65,0x0,0x6e,0x0,0x20,0x0,
  0x66,0x0,0x65,0x0,0x68,0x0,0x6c,0x0,0x65,0x0,0x6e,0x0,0x20,0x0,0x6f,0x0,
  0x64,0x0,0x65,0x0,0x72,0x0,0x20,0x0,0x73,0x0,0x69,0x0,0x6e,0x0,0x64,0x0,
  0x20,0x0,0x75,0x0,0x6e,0x0,0x67,0x0,0x65,0x0,0x6f,0x0,0x72,0x0,0x64,0x0,
  0x6e,0x0,0x65,0x0,0x74,0x0,0x2e,0x8,0x0,0x0,0x0,0x0,0x6,0x0,0x0,0x0,
  0x58,0x43,0x6f,0x6e,0x64,0x69,0x74,0x69,0x6f,0x6e,0x20,0x77,0x69,0x74,0x68,0x20,
  0x49,0x44,0x20,0x25,0x31,0x20,0x68,0x61,0x73,0x20,0x61,0x20,0x62,0x72,0x6f,0x6b,
  0x65,0x6e,0x20,0x72,0x65,0x66,0x65,0x72,0x65,0x6e,0x63,0x65,0x20,0x70,0x6f,0x73,
  0x69,0x74,0x69,0x6f,0x6e,0x3a,0xa,0x63,0x6f,0x6e,0x64,0x69,0x74,0x69,0x6f,0x6e,
  0x20,0x6d,0x69,0x73,0x73,0x69,0x6e,0x67,0x20,0x6f,0x72,0x20,0x6f,0x75,0x74,0x20,
  0x6f,0x66,0x20,0x6f,0x72,0x64,0x65,0x72,0x2e,0x7,0x0,0x0,0x0,0xc,0x53,0x65,
  0x61,0x72,0x63,0x68,0x4d,0x61,0x73,0x74,0x65,0x72,0x1,0x3,0x0,0x0,0x0,0x3c,
  0x0,0x55,0x0,0x6e,0x0,0x67,0x0,0xfc,0x0,0x6c,0x0,0x74,0x0,0x69,0x0,0x67,
  0x0,0x65,0x0,0x20,0x0,0x42,0x0,0x65,0x0,0x64,0x0,0x69,0x0,0x6e,0x0,0x67,
  0x0,0x75,0x0,0x6e,0x0,0x67,0x0,0x20,0x0,0x6d,0x0,0x69,0x0,0x74,0x0,0x20,
  0x0,0x49,0x0,0x44,0x0,0x20,0x0,0x25,0x0,0x31,0x0,0x2e,0x8,0x0,0x0,0x0,
  0x0,0x6,0x0,0x0,0x0,0x1d,0x43,0x6f,0x6e,0x64,0x69,0x74,0x69,0x6f,0x6e,0x20,
  0x77,0x69,0x74,0x68,0x20,0x69,0x6e,0x76,0x61,0x6c,0x69,0x64,0x20,0x49,0x44,0x20,
  0x25,0x31,0x2e,0x7,0x0,0x0,0x0,0xc,0x53,0x65,0x61,0x72,0x63,0x68,0x4d,0x61,
  0x73,0x74,0x65,0x72,0x1,0x3,0x0,0x0,0x0,0x5e,0x0,0x55,0x0,0x6e,0x0,0x67,
  0x0,0xfc,0x0,0x6c,0x0,0x74,0x0,0x69,0x0,0x67,0x0,0x65,0x0,0x72,0x0,0x20,
  0x0,0x46,0x0,0x69,0x0,0x6c,0x0,0x74,0x0,0x65,0x0,0x72,0x0,0x74,0x0,0x79,
  0x0,0x70,0x0,0x20,0x0,0x25,0x0,0x31,0x0,0x20,0x0,0x69,0x0,0x6e,0x0,0x20,
  0x0,0x42,0x0,0x65,0x0,0x64,0x0,0x69,0x0,0x6e,0x0,0x67,0x0,0x75,0x0,0x6e,
  0x0,0x67,0x0,0x20,0x0,0x6d,0x0,0x69,0x0,0x74,0x0,0x20,0x0,0x49,0x0,0x44,
  0x0,0x20,0x0,0x25,0x0,0x32,0x0,0x2e,0x8,0x0,0x0,0x0,0x0,0x6,0x0,0x0,
  0x0,0x36,0x45,0x6e,0x63,0x6f,0x75,0x6e,0x74,0x65,0x72,0x65,0x64,0x20,0x69,0x6e,
  0x76,0x61,0x6c,0x69,0x64,0x20,0x66,0x69,0x6c,0x74,0x65,0x72,0x20,0x74,0x79,0x70,
  0x65,0x20,0x25,0x31,0x20,0x69,0x6e,0x20,0x63,0x6f,0x6e,0x64,0x69,0x74,0x69,0x6f,
  0x6e,0x20,0x49,0x44,0x20,0x25,0x32,0x2e,0x7,0x0,0x0,0x0,0xc,0x53,0x65,0x61,
  0x72,0x63,0x68,0x4d,0x61,0x73,0x74,0x65,0x72,0x1,0x3,0x0,0x0,0x0,0x5c,0x0,
  0x53,0x0,0x75,0x0,0x63,0x0,0x68,0x0,0x75,0x0,0x6d,0x0,0x67,0x0,0x65,0x0,
  0x62,0x0,0x75,0x0,0x6e,0x0,0x67,0x0,0x20,0x0,0x6b,0x0,0x6f,0x0,0x6e,0x0,
  0x6e,0x0,0x74,0x0,0x65,0x0,0x20,0x0,0x6e,0x0,0x69,0x0,0x63,0x0,0x68,0x0,
  0x74,0x0,0x20,0x0,0x61,0x0,0x75,0x0,0x66,0x0,0x67,0x0,0x65,0x0,0x62,0x0,
  0x61,0x0,0x75,0x0,0x74,0x0,0x20,0x0,0x77,0x0,0x65,0x0,0x72,0x0,0x64,0x0,
  0x65,0x0,0x6e,0x0,0x3a,0x0,0xa,0x0,0x25,0x0,0x31,0x8,0x0,0x0,0x0,0x0,
  0x6,0x0,0x0,0x0,0x26,0x46,0x61,0x69,0x6c,0x65,0x64,0x20,0x74,0x6f,0x20,0x73,
  0x65,0x74,0x75,0x70,0x20,0x73,0x65,0x61,0x72,0x63,0x68,0x20,0x65,0x6e,0x76,0x69,
  0x72,0x6f,0x6e,0x6d,0x65,0x6e,0x74,0x3a,0xa,0x25,0x31,0x7,0x0,0x0,0x0,0xc,
  0x53,0x65,0x61,0x72,0x63,0x68,0x4d,0x61,0x73,0x74,0x65,0x72,0x1,0x3,0x0,0x0,
  0x0,0x44,0x0,0x4d,0x0,0x65,0x0,0x68,0x0,0x72,0x0,0x20,0x0,0x61,0x0,0x6c,
  0x0,0x73,0x0,0x20,0x0,0x65,0x0,0x69,0x0,0x6e,0x0,0x65,0x0,0x20,0x0,0x42,
  0x0,0x65,0x0,0x64,0x0,0x69,0x0,0x6e,0x0,0x67,0x0,0x75,0x0,0x6e,0x0,0x67,
  0x0,0x20,0x0,0x6d,0x0,0x69,0x0,0x74,0x0,0x20,0x0,0x49,0x0,0x44,0x0,0x20,
  0x0,0x25,0x0,0x31,0x0,0x2e,0x8,0x0,0x0,0x0,0x0,0x6,0x0,0x0,0x0,0x23,
  0x4d,0x6f,0x72,0x65,0x20,0x74,0x68,0x61,0x6e,0x20,0x6f,0x6e,0x65,0x20,0x63,0x6f,
  0x6e,0x64,0x69,0x74,0x69,0x6f,0x6e,0x20,0x77,0x69,0x74,0x68,0x20,0x49,0x44,0x20,
  0x25,0x31,0x2e,0x7,0x0,0x0,0x0,0xc,0x53,0x65,0x61,0x72,0x63,0x68,0x4d,0x61,
  0x73,0x74,0x65,0x72,0x1,0x3,0x0,0x0,0x0,0x7c,0x0,0x42,0x0,0x65,0x0,0x64,
  0x0,0x69,0x0,0x6e,0x0,0x67,0x0,0x75,0x0,0x6e,0x0,0x67,0x0,0x20,0x0,0x25,
  0x0,0x31,0x0,0x20,0x0,0x74,0x0,0x65,0x0,0x73,0x0,0x74,0x0,0x65,0x0,0x74,
  0x0,0x20,0x0,0x6e,0x0,0x61,0x0,0x63,0x0,0x68,0x0,0x20,0x0,0x7a,0x0,0x75,
  0x0,0x20,0x0,0x76,0x0,0x69,0x0,0x65,0x0,0x6c,0x0,0x65,0x0,0x6e,0x0,0x20,
  0x0,0x53,0x0,0x74,0x0,0x72,0x0,0x75,0x0,0x6b,0x0,0x74,0x0,0x75,0x0,0x72,
  0x0,0x69,0x0,0x6e,0x0,0x73,0x0,0x74,0x0,0x61,0x0,0x6e,0x0,0x7a,0x0,0x65,
  0x0,0x6e,0x0,0x20,0x0,0x28,0x0,0x3e,0x0,0x3d,0x0,0x20,0x0,0x31,0x0,0x32,
  0x0,0x38,0x0,0x29,0x0,0x2e,0x8,0x0,0x0,0x0,0x0,0x6,0x0,0x0,0x0,0x3e,
  0x53,0x74,0x72,0x75,0x63,0x74,0x75,0x72,0x65,0x20,0x63,0x6f,0x6e,0x64,0x69,0x74,
  0x69,0x6f,0x6e,0x20,0x25,0x31,0x20,0x63,0x68,0x65,0x63,0x6b,0x73,0x20,0x66,0x6f,
  0x72,0x20,0x74,0x6f,0x6f,0x20,0x6d,0x61,0x6e,0x79,0x20,0x69,0x6e,0x73,0x74,0x61,
  0x6e,0x63,0x65,0x73,0x20,0x28,0x3e,0x3d,0x20,0x31,0x32,0x38,0x29,0x2e,0x7,0x0,
  0x0,0x0,0xc,0x53,0x65,0x61,0x72,0x63,0x68,0x4d,0x61,0x73,0x74,0x65,0x72,0x1,
  0x3,0x0,0x0,0x0,0xe2,0x0,0x42,0x0,0x65,0x0,0x64,0x0,0x69,0x0,0x6e,0x0,
  0x67,0x0,0x75,0x0,0x6e,0x0,0x67,0x0,0x20,0x0,0x25,0x0,0x31,0x0,0x20,0x0,
  0x73,0x0,0x70,0x0,0x65,0x0,0x7a,0x0,0x69,0x0,0x66,0x0,0x69,0x0,0x7a,0x0,
  0x69,0x0,0x65,0x0,0x72,0x0,0x74,0x0,0x20,0x0,0x7a,0x0,0x75,0x0,0x20,0x0,
  0x76,0x0,0x69,0x0,0x65,0x0,0x6c,0x0,0x65,0x0,0x20,0x0,0x28,0x0,0x25,0x0,
  0x32,0x0,0x29,0x0,0x20,0x0,0x54,0x0,0x65,0x0,0x6d,0x0,0x70,0x0,0x65,0x0,
  0x72,0x0,0x61,0x0,0x74,0x0,0x75,0x0,0x72,0x0,0x6b,0x0,0x61,0x0,0x74,0x0,
  0x65,0x0,0x67,0x0,0x6f,0x0,0x72,0x0,0x69,0x0,0x65,0x0,0x65,0x0,0x6e,0x0,
  0x20,0x0,0x66,0x0,0xfc,0x0,0x72,0x0,0x20,0x0,0x64,0x0,0x69,0x0,0x65,0x0,
  0x20,0x0,0x67,0x0,0x65,0x0,0x77,0x0,0xe4,0x0,0x68,0x0,0x6c,0x0,0x74,0x0,
  0x65,0x0,0x20,0x0,0x52,0x0,0x65,0x0,0x67,0x0,0x69,0x0,0x6f,0x0,0x6e,0x0,
  0x20,0x0,0x28,0x0,0x25,0x0,0x33,0x0,0x20,0x0,0x78,0x0,0x20,0x0,0x25,0x0,
  0x34,0x0,0x20,0x0,0x40,0x0,0x20,0x0,0x4d,0x0,0x61,0x0,0xdf,0x0,0x73,0x0,
  0x74,0x0,0x61,0x0,0x62,0x0,0x20,0x0,0x31,0x0,0x3a,0x0,0x31,0x0,0x30,0x0,
  0x32,0x0,0x34,0x0,0x29,0x0,0x2e,0x8,0x0,0x0,0x0,0x0,0x6,0x0,0x0,0x0,
  0x6f,0x54,0x65,0x6d,0x70,0x65,0x72,0x61,0x74,0x75,0x72,0x65,0x20,0x63,0x61,0x74,
  0x65,0x67,0x6f,0x72,0x79,0x20,0x63,0x6f,0x6e,0x64,0x69,0x74,0x69,0x6f,0x6e,0x20,
  0x77,0x69,0x74,0x68,0x20,0x49,0x44,0x20,0x25,0x31,0x20,0x68,0x61,0x73,0x20,0x74,
  0x6f,0x6f,0x20,0x6d,0x61,0x6e,0x79,0x20,0x72,0x65,0x73,0x74,0x72,0x69,0x63,0x74,
  0x69,0x6f,0x6e,0x73,0x20,0x28,0x25,0x32,0x29,0x20,0x66,0x6f,0x72,0x20,0x74,0x68,
  0x65,0x20,0x61,0x72,0x65,0x61,0x20,0x28,0x25,0x33,0x20,0x78,0x20,0x25,0x34,0x20,
  0x40,0x20,0x73,0x63,0x61,0x6c,0x65,0x20,0x31,0x3a,0x31,0x30,0x32,0x34,0x29,0x2e,
  0x7,0x0,0x0,0x0,0xc,0x53,0x65,0x61,0x72,0x63,0x68,0x4d,0x61,0x73,0x74,0x65,
  0x72,0x1,0x3,0x0,0x0,0x0,0x1a,0x0,0x75,0x0,0x6e,0x0,0x74,0x0,0x65,0x0,
  0x72,0x0,0x65,0x0,0x20,0x0,0x34,0x0,0x38,0x0,0x20,0x0,0x42,0x0,0x69,0x0,
  0x74,0x8,0x0,0x0,0x0,0x0,0x6,0x0,0x0,0x0,0xc,0x6c,0x6f,0x77,0x65,0x72,
  0x20,0x34,0x38,0x20,0x62,0x69,0x74,0x7,0x0,0x0,0x0,0xe,0x53,0x65,0x65,0x64,
  0x54,0x61,0x62,0x6c,0x65,0x4d,0x6f,0x64,0x65,0x6c,0x1,0x3,0x0,0x0,0x0,0x8,
  0x0,0x53,0x0,0x65,0x0,0x65,0x0,0x64,0x8,0x0,0x0,0x0,0x0,0x6,0x0,0x0,
  0x0,0x4,0x73,0x65,0x65,0x64,0x7,0x0,0x0,0x0,0xe,0x53,0x65,0x65,0x64,0x54,
  0x61,0x62,0x6c,0x65,0x4d,0x6f,0x64,0x65,0x6c,0x1,0x3,0x0,0x0,0x0,0x10,0x0,
  0x6f,0x0,0x62,0x0,0x65,0x0,0x72,0x0,0x65,0x0,0x20,0x0,0x31,0x0,0x36,0x8,
  0x0,0x0,0x0,0x0,0x6,0x0,0x0,0x0,0x6,0x74,0x6f,0x70,0x20,0x31,0x36,0x7,
  0x0,0x0,0x0,0xe,0x53,0x65,0x65,0x64,0x54,0x61,0x62,0x6c,0x65,0x4d,0x6f,0x64,
  0x65,0x6c,0x1,0x3,0x0,0x0,0x0,0x1a,0x0,0x28,0x0,0x65,0x0,0x78,0x0,0x6b,
  0x0,0x6c,0x0,0x75,0x0,0x64,0x0,0x69,0x0,0x65,0x0,0x72,0x0,0x65,0x0,0x6e,
  0x0,0x29,0x8,0x0,0x0,0x0,0x0,0x6,0x0,0x0,0x0,0x9,0x28,0x65,0x78,0x63,
  0x6c,0x75,0x64,0x65,0x29,0x7,0x0,0x0,0x0,0xb,0x53,0x70,0x69,0x6e,0x45,0x78,
  0x63,0x6c,0x75,0x64,0x65,0x1,0x3,0x0,0x0,0x0,0x18,0x0,0x28,0x0,0x69,0x0,
  0x67,0x0,0x6e,0x0,0x6f,0x0,0x72,0x0,0x69,0x0,0x65,0x0,0x72,0x0,0x65,0x0,
  0x6e,0x0,0x29,0x8,0x0,0x0,0x0,0x0,0x6,0x0,0x0,0x0,0x8,0x28,0x69,0x67,
  0x6e,0x6f,0x72,0x65,0x29,0x7,0x0,0x0,0x0,0xb,0x53,0x70,0x69,0x6e,0x45,0x78,
  0x63,0x6c,0x75,0x64,0x65,0x1,0x3,0x0,0x0,0x0,0x16,0x0,0x28,0x0,0x67,0x0,
  0x65,0x0,0x62,0x0,0xfc,0x0,0x6e,0x0,0x64,0x0,0x65,0x0,0x6c,0x0,0x74,0x0,
  0x29,0x8,0x0,0x0,0x0,0x0,0x6,0x0,0x0,0x0,0x9,0x28,0x63,0x6c,0x75,0x73,
  0x74,0x65,0x72,0x29,0x7,0x0,0x0,0x0,0xd,0x53,0x70,0x69,0x6e,0x49,0x6e,0x73,
  0x74,0x61,0x6e,0x63,0x65,0x73,0x1,0x3,0x0,0x0,0x0,0x1a,0x0,0x28,0x0,0x65,
  0x0,0x78,0x0,0x6b,0x0,0x6c,0x0,0x75,0x0,0x64,0x0,0x69,0x0,0x65,0x0,0x72,
  0x0,0x65,0x0,0x6e,0x0,0x29,0x8,0x0,0x0,0x0,0x0,0x6,0x0,0x0,0x0,0x9,
  0x28,0x65,0x78,0x63,0x6c,0x75,0x64,0x65,0x29,0x7,0x0,0x0,0x0,0xd,0x53,0x70,
  0x69,0x6e,0x49,0x6e,0x73,0x74,0x61,0x6e,0x63,0x65,0x73,0x1,0x3,0x0,0x0,0x0,
  0x16,0x0,0x28,0x0,0x25,0x0,0x31,0x0,0x20,0x0,0x43,0x0,0x68,0x0,0x75,0x0,
  0x6e,0x0,0x6b,0x0,0x73,0x0,0x29,0x8,0x0,0x0,0x0,0x0,0x6,0x0,0x0,0x0,
  0xf,0x28,0x25,0x31,0x20,0x73,0x71,0x2e,0x20,0x63,0x68,0x75,0x6e,0x6b,0x73,0x29,
  0x7,0x0,0x0,0x0,0x9,0x54,0x61,0x62,0x42,0x69,0x6f,0x6d,0x65,0x73,0x1,0x3,
  0xff,0xff,0xff,0xff,0x8,0x0,0x0,0x0,0x0,0x6,0x0,0x0,0x0,0xe,0x28,0x3f,
  0x20,0x73,0x71,0x2e,0x20,0x63,0x68,0x75,0x6e,0x6b,0x73,0x29,0x7,0x0,0x0,0x0,
  0x9,0x54,0x61,0x62,0x42,0x69,0x6f,0x6d,0x65,0x73,0x1,0x3,0xff,0xff,0xff,0xff,
  0x8,0x0,0x0,0x0,0x0,0x6,0x0,0x0,0x0,0x1,0x30,0x7,0x0,0x0,0x0,0x9,
  0x54,0x61,0x62,0x42,0x69,0x6f,0x6d,0x65,0x73,0x1,0x3,0xff,0xff,0xff,0xff,0x8,
  0x0,0x0,0x0,0x0,0x6,0x0,0x0,0x0,0x5,0x31,0x30,0x30,0x30,0x30,0x7,0x0,
  0x0,0x0,0x9,0x54,0x61,0x62,0x42,0x69,0x6f,0x6d,0x65,0x73,0x1,0x3,0xff,0xff,
  0xff,0xff,0x8,0x0,0x0,0x0,0x0,0x6,0x0,0x0,0x0,0x3,0x31,0x3a,0x31,0x7,
  0x0,0x0,0x0,0x9,0x54,0x61,0x62,0x42,0x69,0x6f,0x6d,0x65,0x73,0x1,0x3,0xff,
  0xff,0xff,0xff,0x8,0x0,0x0,0x0,0x0,0x6,0x0,0x0,0x0,0x4,0x31,0x3a,0x31,
  0x36,0x7,0x0,0x0,0x0,0x9,0x54,0x61,0x62,0x42,0x69,0x6f,0x6d,0x65,0x73,0x1,
  0x3,0xff,0xff,0xff,0xff,0x8,0x0,0x0,0x0,0x0,0x6,0x0,0x0,0x0,0x5,0x31,
  0x3a,0x32,0x35,0x36,0x7,0x0,0x0,0x0,0x9,0x54,0x61,0x62,0x42,0x69,0x6f,0x6d,
  0x65,0x73,0x1,0x3,0xff,0xff,0xff,0xff,0x8,0x0,0x0,0x0,0x0,0x6,0x0,0x0,
  0x0,0x3,0x31,0x3a,0x34,0x7,0x0,0x0,0x0,0x9,0x54,0x61,0x62,0x42,0x69,0x6f,
  0x6d,0x65,0x73,0x1,0x3,0xff,0xff,0xff,0xff,0x8,0x0,0x0,0x0,0x0,0x6,0x0,
  0x0,0x0,0x4,0x31,0x3a,0x36,0x34,0x7,0x0,0x0,0x0,0x9,0x54,0x61,0x62,0x42,
  0x69,0x6f,0x6d,0x65,0x73,0x1,0x3,0x0,0x0,0x0,0xba,0x0,0x3c,0x0,0x68,0x0,
  0x74,0x0,0x6d,0x0,0x6c,0x0,0x3e,0x0,0x3c,0x0,0x68,0x0,0x65,0x0,0x61,0x0,
  0x64,0x0,0x2f,0x0,0x3e,0x0,0x3c,0x0,0x62,0x0,0x6f,0x0,0x64,0x0,0x79,0x0,
  0x3e,0x0,0x3c,0x0,0x70,0x0,0x3e,0x0,0x42,0x0,0x69,0x0,0x6f,0x0,0x6d,0x0,
  0x62,0x0,0x65,0x0,0x72,0x0,0x65,0x0,0x69,0x0,0x63,0x0,0x68,0x0,0x20,0x0,
  0x6d,0x0,0x69,0x0,0x74,0x0,0x20,0x0,0x4d,0x0,0x61,0x0,0xdf,0x0,0x73,0x0,
  0x74,0x0,0x61,0x0,0x62,0x0,0x20,0x0,0x31,0x0,0x3a,0x0,0x34,0x0,0x2c,0x0,
  0x20,0x0,0x72,0x0,0x65,0x0,0x70,0x0,0x72,0x0,0x65,0x0,0x73,0x0,0x65,0x0,
  0x6e,0x0,0x74,0x0,0x69,0x0,0x65,0x0,0x72,0x0,0x74,0x0,0x20,0x0,0x34,0x0,
  0x78,0x0,0x34,0x0,0x20,0x0,0x42,0x0,0x6c,0x0,0xf6,0x0,0x63,0x0,0x6b,0x0,
  0x65,0x0,0x3c,0x0,0x2f,0x0,0x70,0x0,0x3e,0x0,0x3c,0x0,0x2f,0x0,0x62,0x0,
  0x6f,0x0,0x64,0x0,0x79,0x0,0x3e,0x0,0x3c,0x0,0x2f,0x0,0x68,0x0,0x74,0x0,
  0x6d,0x0,0x6c,0x0,0x3e,0x8,0x0,0x0,0x0,0x0,0x6,0x0,0x0,0x0,0x58,0x3c,
  0x68,0x74,0x6d,0x6c,0x3e,0x3c,0x68,0x65,0x61,0x64,0x2f,0x3e,0x3c,0x62,0x6f,0x64,
  0x79,0x3e,0x3c,0x70,0x3e,0x42,0x69,0x6f,0x6d,0x65,0x20,0x61,0x72,0x65,0x61,0x20,
  0x61,0x74,0x20,0x73,0x63,0x61,0x6c,0x65,0x20,0x31,0x3a,0x34,0x2c,0x20,0x72,0x65,
  0x70,0x72,0x65,0x73,0x65,0x6e,0x74,0x69,0x6e,0x67,0x20,0x34,0x78,0x34,0x20,0x62,
  0x6c,0x6f,0x63,0x6b,0x73,0x3c,0x2f,0x70,0x3e,0x3c,0x2f,0x62,0x6f,0x64,0x79,0x3e,
  0x3c,0x2f,0x68,0x74,0x6d,0x6c,0x3e,0x7,0x0,0x0,0x0,0x9,0x54,0x61,0x62,0x42,
  0x69,0x6f,0x6d,0x65,0x73,0x1,0x3,0x0,0x0,0x0,0xd0,0x0,0x3c,0x0,0x68,0x0,
  0x74,0x0,0x6d,0x0,0x6c,0x0,0x3e,0x0,0x3c,0x0,0x68,0x0,0x65,0x0,0x61,0x0,
  0x64,0x0,0x2f,0x0,0x3e,0x0,0x3c,0x0,0x62,0x0,0x6f,0x0,0x64,0x0,0x79,0x0,
  0x3e,0x0,0x3c,0x0,0x70,0x0,0x3e,0x0,0x56,0x0,0x65,0x0,0x72,0x0,0x65,0x0,
  0x69,0x0,0x6e,0x0,0x69,0x0,0x67,0x0,0x65,0x0,0x20,0x0,0x42,0x0,0x69,0x0,
  0x6f,0x0,0x6d,0x0,0x65,0x0,0x20,0x0,0x77,0x0,0x65,0x0,0x6c,0x0,0x63,0x0,
  0x68,0x0,0x65,0x0,0x20,0x0,0x65,0x0,0x6e,0x0,0x67,0x0,0x65,0x0,0x72,0x0,
  0x20,0x0,0x61,0x0,0x6c,0x0,0x73,0x0,0x20,0x0,0x64,0x0,0x69,0x0,0x65,0x0,
  0x20,0x0,0x54,0x0,0x6f,0x0,0x6c,0x0,0x65,0x0,0x72,0x0,0x61,0x0,0x6e,0x0,
  0x7a,0x0,0x20,0x0,0x62,0x0,0x65,0x0,0x69,0x0,0x65,0x0,0x69,0x0,0x6e,0x0,
  0x61,0x0,0x6e,0x0,0x64,0x0,0x65,0x0,0x72,0x0,0x20,0x0,0x6c,0x0,0x69,0x0,
  0x65,0x0,0x67,0x0,0x65,0x0,0x6e,0x0,0x3c,0x0,0x2f,0x0,0x70,0x0,0x3e,0x0,
  0x3c,0x0,0x2f,0x0,0x62,0x0,0x6f,0x0,0x64,0x0,0x79,0x0,0x3e,0x0,0x3c,0x0,
  0x2f,0x0,0x68,0x0,0x74,0x0,0x6d,0x0,0x6c,0x0,0x3e,0x8,0x0,0x0,0x0,0x0,
  0x6,0x0,0x0,0x0,0x6a,0x3c,0x68,0x74,0x6d,0x6c,0x3e,0x3c,0x68,0x65,0x61,0x64,
  0x2f,0x3e,0x3c,0x62,0x6f,0x64,0x79,0x3e,0x3c,0x70,0x3e,0x4d,0x65,0x72,0x67,0x65,
  0x20,0x62,0x69,0x6f,0x6d,0x65,0x73,0x20,0x74,0x68,0x61,0x74,0x20,0x61,0x72,0x65,
  0x20,0x73,0x65,0x70,0x61,0x72,0x61,0x74,0x65,0x64,0x20,0x62,0x79,0x20,0x61,0x20,
  0x6d,0x61,0x72,0x67,0x69,0x6e,0x20,0x74,0x68,0x61,0x74,0x20,0x69,0x73,0x20,0x6c,
  0x65,0x73,0x73,0x20,0x74,0x68,0x61,0x6e,0x20,0x74,0x68,0x69,0x73,0x3c,0x2f,0x70,
  0x3e,0x3c,0x2f,0x62,0x6f,0x64,0x79,0x3e,0x3c,0x2f,0x68,0x74,0x6d,0x6c,0x3e,0x7,
  0x0,0x0,0x0,0x9,0x54,0x61,0x62,0x42,0x69,0x6f,0x6d,0x65,0x73,0x1,0x3,0xff,
  0xff,0xff,0xff,0x8,0x0,0x0,0x0,0x0,0x6,0x0,0x0,0x0,0x55,0x3c,0x68,0x74,
  0x6d,0x6c,0x3e,0x3c,0x68,0x65,0x61,0x64,0x2f,0x3e,0x3c,0x62,0x6f,0x64,0x79,0x3e,
  0x3c,0x70,0x3e,0x58,0x3c,0x73,0x70,0x61,0x6e,0x20,0x73,0x74,0x79,0x6c,0x65,0x3d,
  0x22,0x20,0x76,0x65,0x72,0x74,0x69,0x63,0x61,0x6c,0x2d,0x61,0x6c,0x69,0x67,0x6e,
  0x3a,0x73,0x75,0x62,0x3b,0x22,0x3e,0x31,0x3c,0x2f,0x73,0x70,0x61,0x6e,0x3e,0x3a,
  0x3c,0x2f,0x70,0x3e,0x3c,0x2f,0x62,0x6f,0x64,0x79,0x3e,0x3c,0x2f,0x68,0x74,0x6d,
  0x6c,0x3e,0x7,0x0,0x0,0x0,0x9,0x54,0x61,0x62,0x42,0x69,0x6f,0x6d,0x65,0x73,
  0x1,0x3,0xff,0xff,0xff,0xff,0x8,0x0,0x0,0x0,0x0,0x6,0x0,0x0,0x0,0x55,
  0x3c,0x68,0x74,0x6d,0x6c,0x3e,0x3c,0x68,0x65,0x61,0x64,0x2f,0x3e,0x3c,0x62,0x6f,
  0x64,0x79,0x3e,0x3c,0x70,0x3e,0x58,0x3c,0x73,0x70,0x61,0x6e,0x20,0x73,0x74,0x79,
  0x6c,0x65,0x3d,0x22,0x20,0x76,0x65,0x72,0x74,0x69,0x63,0x61,0x6c,0x2d,0x61,0x6c,
  0x69,0x67,0x6e,0x3a,0x73,0x75,0x62,0x3b,0x22,0x3e,0x32,0x3c,0x2f,0x73,0x70,0x61,
  0x6e,0x3e,0x3a,0x3c,0x2f,0x70,0x3e,0x3c,0x2f,0x62,0x6f,0x64,0x79,0x3e,0x3c,0x2f,
  0x68,0x74,0x6d,0x6c,0x3e,0x7,0x0,0x0,0x0,0x9,0x54,0x61,0x62,0x42,0x69,0x6f,
  0x6d,0x65,0x73,0x1,0x3,0xff,0xff,0xff,0xff,0x8,0x0,0x0,0x0,0x0,0x6,0x0,
  0x0,0x0,0x55,0x3c,0x68,0x74,0x6d,0x6c,0x3e,0x3c,0x68,0x65,0x61,0x64,0x2f,0x3e,
  0x3c,0x62,0x6f,0x64,0x79,0x3e,0x3c,0x70,0x3e,0x5a,0x3c,0x73,0x70,0x61,0x6e,0x20,
  0x73,0x74,0x79,0x6c,0x65,0x3d,0x22,0x20,0x76,0x65,0x72,0x74,0x69,0x63,0x61,0x6c,
  0x2d,0x61,0x6c,0x69,0x67,0x6e,0x3a,0x73,0x75,0x62,0x3b,0x22,0x3e,0x31,0x3c,0x2f,
  0x73,0x70,0x61,0x6e,0x3e,0x3a,0x3c,0x2f,0x70,0x3e,0x3c,0x2f,0x62,0x6f,0x64,0x79,
  0x3e,0x3c,0x2f,0x68,0x74,0x6d,0x6c,0x3e,0x7,0x0,0x0,0x0,0x9,0x54,0x61,0x62,
  0x42,0x69,0x6f,0x6d,0x65,0x73,0x1,0x3,0xff,0xff,0xff,0xff,0x8,0x0,0x0,0x0,
  0x0,0x6,0x0,0x0,0x0,0x55,0x3c,0x68,0x74,0x6d,0x6c,0x3e,0x3c,0x68,0x65,0x61,
  0x64,0x2f,0x3e,0x3c,0x62,0x6f,0x64,0x79,0x3e,0x3c,0x70,0x3e,0x5a,0x3c,0x73,0x70,
  0x61,0x6e,0x20,0x73,0x74,0x79,0x6c,0x65,0x3d,0x22,0x20,0x76,0x65,0x72,0x74,0x69,
  0x63,0x61,0x6c,0x2d,0x61,0x6c,0x69,0x67,0x6e,0x3a,0x73,0x75,0x62,0x3b,0x22,0x3e,
  0x32,0x3c,0x2f,0x73,0x70,0x61,0x6e,0x3e,0x3a,0x3c,0x2f,0x70,0x3e,0x3c,0x2f,0x62,
  0x6f,0x64,0x79,0x3e,0x3c,0x2f,0x68,0x74,0x6d,0x6c,0x3e,0x7,0x0,0x0,0x0,0x9,
  0x54,0x61,0x62,0x42,0x69,0x6f,0x6d,0x65,0x73,0x1,0x3,0x0,0x0,0x0,0xe,0x0,
  0x41,0x0,0x6e,0x0,0x61,0x0,0x6c,0x0,0x79,0x0,0x73,0x0,0x65,0x8,0x0,0x0,
  0x0,0x0,0x6,0x0,0x0,0x0,0x7,0x41,0x6e,0x61,0x6c,0x79,0x7a,0x65,0x7,0x0,
  0x0,0x0,0x9,0x54,0x61,0x62,0x42,0x69,0x6f,0x6d,0x65,0x73,0x1,0x3,0x0,0x0,
  0x0,0x46,0x0,0x41,0x0,0x6e,0x0,0x61,0x0,0x6c,0x0,0x79,0x0,0x73,0x0,0x65,
  0x0,0x20,0x0,0x64,0x0,0x65,0x0,0x72,0x0,0x20,0x0,0x42,0x0,0x69,0x0,0x6f,
  0x0,0x6d,0x0,0x65,0x0,0x20,0x0,0x69,0x0,0x6e,0x0,0x20,0x0,0x65,0x0,0x69,
  0x0,0x6e,0x0,0x65,0x0,0x6d,0x0,0x20,0x0,0x42,0x0,0x65,0x0,0x72,0x0,0x65,
  0x0,0x69,0x0,0x63,0x0,0x68,0x0,0x2e,0x8,0x0,0x0,0x0,0x0,0x6,0x0,0x0,
  0x0,0x22,0x41,0x6e,0x61,0x6c,0x79,0x7a,0x65,0x20,0x74,0x68,0x65,0x20,0x62,0x69,
  0x6f,0x6d,0x65,0x73,0x20,0x69,0x6e,0x73,0x69,0x64,0x65,0x20,0x61,0x6e,0x20,0x61,
  0x72,0x65,0x61,0x2e,0x7,0x0,0x0,0x0,0x9,0x54,0x61,0x62,0x42,0x69,0x6f,0x6d,
  0x65,0x73,0x1,0x3,0x0,0x0,0x0,0xa,0x0,0x42,0x0,0x69,0x0,0x6f,0x0,0x6d,
  0x0,0x3a,0x8,0x0,0x0,0x0,0x0,0x6,0x0,0x0,0x0,0x6,0x42,0x69,0x6f,0x6d,
  0x65,0x3a,0x7,0x0,0x0,0x0,0x9,0x54,0x61,0x62,0x42,0x69,0x6f,0x6d,0x65,0x73,
  0x1,0x3,0x0,0x0,0x0,0x34,0x0,0x54,0x0,0x6f,0x0,0x6c,0x0,0x65,0x0,0x72,
  0x0,0x61,0x0,0x6e,0x0,0x7a,0x0,0x20,0x0,0x66,0x0,0xfc,0x0,0x72,0x0,0x20,
  0x0,0x64,0x0,0x65,0x0,0x6e,0x0,0x20,0x0,0x42,0x0,0x69,0x0,0x6f,0x0,0x6d,
  0x0,0x72,0x0,0x61,0x0,0x6e,0x0,0x64,0x0,0x3a,0x8,0x0,0x0,0x0,0x0,0x6,
  0x0,0x0,0x0,0x11,0x42,0x6f,0x72,0x64,0x65,0x72,0x20,0x74,0x6f,0x6c,0x65,0x72,
  0x61,0x6e,0x63,0x65,0x3a,0x7,0x0,0x0,0x0,0x9,0x54,0x61,0x62,0x42,0x69,0x6f,
  0x6d,0x65,0x73,0x1,0x3,0x0,0x0,0x0,0x1a,0x0,0x41,0x0,0x6b,0x0,0x74,0x0,
  0x75,0x0,0x65,0x0,0x6c,0x0,0x6c,0x0,0x65,0x0,0x20,0x0,0x53,0x0,0x65,0x0,
  0x65,0x0,0x64,0x8,0x0,0x0,0x0,0x0,0x6,0x0,0x0,0x0,0xc,0x43,0x75,0x72,
  0x72,0x65,0x6e,0x74,0x20,0x73,0x65,0x65,0x64,0x7,0x0,0x0,0x0,0x9,0x54,0x61,
  0x62,0x42,0x69,0x6f,0x6d,0x65,0x73,0x1,0x3,0x0,0x0,0x0,0x8,0x0,0x45,0x0,
  0x6e,0x0,0x64,0x0,0x65,0x8,0x0,0x0,0x0,0x0,0x6,0x0,0x0,0x0,0x3,0x45,
  0x6e,0x64,0x7,0x0,0x0,0x0,0x9,0x54,0x61,0x62,0x42,0x69,0x6f,0x6d,0x65,0x73,
  0x1,0x3,0x0,0x0,0x0,0x2c,0x0,0x45,0x0,0x78,0x0,0x70,0x0,0x6f,0x0,0x72,
  0x0,0x74,0x0,0x20,0x0,0x64,0x0,0x65,0x0,0x72,0x0,0x20,0x0,0x42,0x0,0x69,
  0x0,0x6f,0x0,0x6d,0x0,0x61,0x0,0x6e,0x0,0x61,0x0,0x6c,0x0,0x79,0x0,0x73,
  0x0,0x65,0x8,0x0,0x0,0x0,0x0,0x6,0x0,0x0,0x0,0x15,0x45,0x78,0x70,0x6f,
  0x72,0x74,0x20,0x62,0x69,0x6f,0x6d,0x65,0x20,0x61,0x6e,0x61,0x6c,0x79,0x73,0x69,
  0x73,0x7,0x0,0x0,0x0,0x9,0x54,0x61,0x62,0x42,0x69,0x6f,0x6d,0x65,0x73,0x1,
  0x3,0x0,0x0,0x0,0x12,0x0,0x45,0x0,0x78,0x0,0x70,0x0,0x6f,0x0,0x72,0x0,
  0x74,0x0,0x2e,0x0,0x2e,0x0,0x2e,0x8,0x0,0x0,0x0,0x0,0x6,0x0,0x0,0x0,
  0x9,0x45,0x78,0x70,0x6f,0x72,0x74,0x2e,0x2e,0x2e,0x7,0x0,0x0,0x0,0x9,0x54,
  0x61,0x62,0x42,0x69,0x6f,0x6d,0x65,0x73,0x1,0x3,0x0,0x0,0x0,0x5c,0x0,0x45,
  0x0,0x78,0x0,0x70,0x0,0x6f,0x0,0x72,0x0,0x74,0x0,0x64,0x0,0x61,0x0,0x74,
  0x0,0x65,0x0,0x69,0x0,0x20,0x0,0x6b,0x0,0x6f,0x0,0x6e,0x0,0x6e,0x0,0x74,
  0x0,0x65,0x0,0x20,0x0,0x6e,0x0,0x69,0x0,0x63,0x0,0x68,0x0,0x74,0x0,0x20,
  0x0,0x67,0x0,0x65,0x0,0xf6,0x0,0x66,0x0,0x66,0x0,0x6e,0x0,0x65,0x0,0x74,
  0x0,0x20,0x0,0x77,0x0,0x65,0x0,0x72,0x0,0x64,0x0,0x65,0x0,0x6e,0x0,0x3a,
  0x0,0xa,0x0,0x22,0x0,0x25,0x0,0x31,0x0,0x22,0x8,0x0,0x0,0x0,0x0,0x6,
  0x0,0x0,0x0,0x24,0x46,0x61,0x69,0x6c,0x65,0x64,0x20,0x74,0x6f,0x20,0x6f,0x70,
  0x65,0x6e,0x20,0x66,0x69,0x6c,0x65,0x20,0x66,0x6f,0x72,0x20,0x65,0x78,0x70,0x6f,
  0x72,0x74,0x3a,0xa,0x22,0x25,0x31,0x22,0x7,0x0,0x0,0x0,0x9,0x54,0x61,0x62,
  0x42,0x69,0x6f,0x6d,0x65,0x73,0x1,0x3,0xff,0xff,0xff,0xff,0x8,0x0,0x0,0x0,
  0x0,0x6,0x0,0x0,0x0,0x4,0x46,0x6f,0x72,0x6d,0x7,0x0,0x0,0x0,0x9,0x54,
  0x61,0x62,0x42,0x69,0x6f,0x6d,0x65,0x73,0x1,0x3,0x0,0x0,0x0,0x34,0x0,0x41,
  0x0,0x75,0x0,0x73,0x0,0x20,0x0,0x64,0x0,0x65,0x0,0x72,0x0,0x20,0x0,0x45,
  0x0,0x72,0x0,0x67,0x0,0x65,0x0,0x62,0x0,0x6e,0x0,0x69,0x0,0x73,0x0,0x20,
  0x0,0x53,0x0,0x65,0x0,0x65,0x0,0x64,0x0,0x6c,0x0,0x69,0x0,0x73,0x0,0x74,
  0x0,0x65,0x8,0x0,0x0,0x0,0x0,0x6,0x0,0x0,0x0,0x18,0x46,0x72,0x6f,0x6d,
  0x20,0x6d,0x61,0x74,0x63,0x68,0x69,0x6e,0x67,0x20,0x73,0x65,0x65,0x64,0x73,0x20,
  0x6c,0x69,0x73,0x74,0x7,0x0,0x0,0x0,0x9,0x54,0x61,0x62,0x42,0x69,0x6f,0x6d,
  0x65,0x73,0x1,0x3,0x0,0x0,0x0,0x24,0x0,0x53,0x0,0x69,0x0,0x63,0x0,0x68,
  0x0,0x74,0x0,0x62,0x0,0x61,0x0,0x72,0x0,0x65,0x0,0x72,0x0,0x20,0x0,0x42,
  0x0,0x65,0x0,0x72,0x0,0x65,0x0,0x69,0x0,0x63,0x0,0x68,0x8,0x0,0x0,0x0,
  0x0,0x6,0x0,0x0,0x0,0xc,0x46,0x72,0x6f,0x6d,0x20,0x76,0x69,0x73,0x69,0x62,
  0x6c,0x65,0x7,0x0,0x0,0x0,0x9,0x54,0x61,0x62,0x42,0x69,0x6f,0x6d,0x65,0x73,
  0x1,0x3,0x0,0x0,0x0,0x4e,0x0,0x44,0x0,0x65,0x0,0x6e,0x0,0x20,0x0,0x67,
  0x0,0x61,0x0,0x6e,0x0,0x7a,0x0,0x65,0x0,0x6e,0x0,0x20,0x0,0x42,0x0,0x65,
  0x0,0x72,0x0,0x65,0x0,0x69,0x0,0x63,0x0,0x68,0x0,0x20,0x0,0x74,0x0,0x65,
  0x0,0x73,0x0,0x74,0x0,0x65,0x0,0x6e,0x0,0x2c,0x0,0x20,0x0,0x6d,0x0,0x69,
  0x0,0x74,0x0,0x20,0x0,0x4d,0x0,0x61,0x0,0xdf,0x0,0x73,0x0,0x74,0x0,0x61,
  0x0,0x62,0x0,0x3a,0x8,0x0,0x0,0x0,0x0,0x6,0x0,0x0,0x0,0x1e,0x46,0x75,
  0x6c,0x6c,0x20,0x61,0x72,0x65,0x61,0x20,0x73,0x61,0x6d,0x70,0x6c,0x69,0x6e,0x67,
  0x20,0x77,0x69,0x74,0x68,0x20,0x73,0x63,0x61,0x6c,0x65,0x3a,0x7,0x0,0x0,0x0,
  0x9,0x54,0x61,0x62,0x42,0x69,0x6f,0x6d,0x65,0x73,0x1,0x3,0x0,0x0,0x0,0x18,
  0x0,0x4c,0x0,0x6f,0x0,0x6b,0x0,0x61,0x0,0x6c,0x0,0x69,0x0,0x7a,0x0,0x69,
  0x0,0x65,0x0,0x72,0x0,0x65,0x0,0x6e,0x8,0x0,0x0,0x0,0x0,0x6,0x0,0x0,
  0x0,0x6,0x4c,0x6f,0x63,0x61,0x74,0x65,0x7,0x0,0x0,0x0,0x9,0x54,0x61,0x62,
  0x42,0x69,0x6f,0x6d,0x65,0x73,0x1,0x3,0x0,0x0,0x0,0x3c,0x0,0x55,0x0,0x6e,
  0x0,0x74,0x0,0x65,0x0,0x72,0x0,0x65,0x0,0x20,0x0,0x47,0x0,0x72,0x0,0x65,
  0x0,0x6e,0x0,0x7a,0x0,0x65,0x0,0x20,0x0,0x28,0x0,0x65,0x0,0x69,0x0,0x6e,
  0x0,0x73,0x0,0x63,0x0,0x68,0x0,0x6c,0x0,0x69,0x0,0x65,0x0,0xdf,0x0,0x6c,
  0x0,0x69,0x0,0x63,0x0,0x68,0x0,0x29,0x8,0x0,0x0,0x0,0x0,0x6,0x0,0x0,
  0x0,0x17,0x4c,0x6f,0x77,0x65,0x72,0x20,0x62,0x6f,0x75,0x6e,0x64,0x20,0x28,0x69,
  0x6e,0x63,0x6c,0x75,0x73,0x69,0x76,0x65,0x29,0x7,0x0,0x0,0x0,0x9,0x54,0x61,
  0x62,0x42,0x69,0x6f,0x6d,0x65,0x73,0x1,0x3,0x0,0x0,0x0,0x2c,0x0,0x4d,0x0,
  0x69,0x0,0x6e,0x0,0x69,0x0,0x6d,0x0,0x61,0x0,0x6c,0x0,0x65,0x0,0x20,0x0,
  0x46,0x0,0x6c,0x0,0xe4,0x0,0x63,0x0,0x68,0x0,0x65,0x0,0x20,0x0,0x40,0x0,
  0x20,0x0,0x31,0x0,0x3a,0x0,0x34,0x0,0x3a,0x8,0x0,0x0,0x0,0x0,0x6,0x0,
  0x0,0x0,0x13,0x4d,0x69,0x6e,0x69,0x6d,0x75,0x6d,0x20,0x61,0x72,0x65,0x61,0x20,
  0x40,0x20,0x31,0x3a,0x34,0x3a,0x7,0x0,0x0,0x0,0x9,0x54,0x61,0x62,0x42,0x69,
  0x6f,0x6d,0x65,0x73,0x1,0x3,0x0,0x0,0x0,0xc,0x0,0x4e,0x0,0x65,0x0,0x74,
  0x0,0x68,0x0,0x65,0x0,0x72,0x8,0x0,0x0,0x0,0x0,0x6,0x0,0x0,0x0,0x6,
  0x4e,0x65,0x74,0x68,0x65,0x72,0x7,0x0,0x0,0x0,0x9,0x54,0x61,0x62,0x42,0x69,
  0x6f,0x6d,0x65,0x73,0x1,0x3,0x0,0x0,0x0,0x10,0x0,0x4f,0x0,0x62,0x0,0x65,
  0x0,0x72,0x0,0x77,0x0,0x65,0x0,0x6c,0x0,0x74,0x8,0x0,0x0,0x0,0x0,0x6,
  0x0,0x0,0x0,0x9,0x4f,0x76,0x65,0x72,0x77,0x6f,0x72,0x6c,0x64,0x7,0x0,0x0,
  0x0,0x9,0x54,0x61,0x62,0x42,0x69,0x6f,0x6d,0x65,0x73,0x1,0x3,0x0,0x0,0x0,
  0x34,0x0,0x53,0x0,0x74,0x0,0x69,0x0,0x63,0x0,0x68,0x0,0x70,0x0,0x72,0x0,
  0x6f,0x0,0x62,0x0,0x65,0x0,0x6e,0x0,0x20,0x0,0x28,0x0,0x4d,0x0,0x61,0x0,
  0xdf,0x0,0x73,0x0,0x74,0x0,0x61,0x0,0x62,0x0,0x20,0x0,0x31,0x0,0x3a,0x0,
  0x34,0x0,0x29,0x0,0x3a,0x8,0x0,0x0,0x0,0x0,0x6,0x0,0x0,0x0,0x1b,0x52,
  0x61,0x6e,0x64,0x6f,0x6d,0x20,0x73,0x61,0x6d,0x70,0x6c,0x65,0x73,0x20,0x28,0x73,
  0x63,0x61,0x6c,0x65,0x20,0x31,0x3a,0x34,0x29,0x3a,0x7,0x0,0x0,0x0,0x9,0x54,
  0x61,0x62,0x42,0x69,0x6f,0x6d,0x65,0x73,0x1,0x3,0x0,0x0,0x0,0x10,0x0,0x53,
  0x0,0x65,0x0,0x65,0x0,0x64,0x0,0x28,0x0,0x73,0x0,0x29,0x0,0x3a,0x8,0x0,
  0x0,0x0,0x0,0x6,0x0,0x0,0x0,0x8,0x53,0x65,0x65,0x64,0x28,0x73,0x29,0x3a,
  0x7,0x0,0x0,0x0,0x9,0x54,0x61,0x62,0x42,0x69,0x6f,0x6d,0x65,0x73,0x1,0x3,
  0x0,0x0,0x0,0x12,0x0,0x53,0x0,0x74,0x0,0x61,0x0,0x74,0x0,0x69,0x0,0x73,
  0x0,0x74,0x0,0x69,0x0,0x6b,0x8,0x0,0x0,0x0,0x0,0x6,0x0,0x0,0x0,0xa,
  0x53,0x74,0x61,0x74,0x69,0x73,0x74,0x69,0x63,0x73,0x7,0x0,0x0,0x0,0x9,0x54,
  0x61,0x62,0x42,0x69,0x6f,0x6d,0x65,0x73,0x1,0x3,0x0,0x0,0x0,0x8,0x0,0x53,
  0x0,0x74,0x0,0x6f,0x0,0x70,0x8,0x0,0x0,0x0,0x0,0x6,0x0,0x0,0x0,0x4,
  0x53,0x74,0x6f,0x70,0x7,0x0,0x0,0x0,0x9,0x54,0x61,0x62,0x42,0x69,0x6f,0x6d,
  0x65,0x73,0x1,0x3,0x0,0x0,0x0,0x54,0x0,0x54,0x0,0x65,0x0,0x78,0x0,0x74,
  0x0,0x64,0x0,0x61,0x0,0x74,0x0,0x65,0x0,0x69,0x0,0x65,0x0,0x6e,0x0,0x20,
  0x0,0x28,0x0,0x2a,0x0,0x2e,0x0,0x74,0x0,0x78,0x0,0x74,0x0,0x20,0x0,0x2a,
  0x0,0x63,0x0,0x73,0x0,0x76,0x0,0x29,0x0,0x3b,0x0,0x3b,0x0,0x41,0x0,0x6c,
  0x0,0x6c,0x0,0x65,0x0,0x20,0x0,0x44,0x0,0x61,0x0,0x74,0x0,0x65,0x0,0x69,
  0x0,0x65,0x0,0x6e,0x0,0x20,0x0,0x28,0x0,0x2a,0x0,0x29,0x8,0x0,0x0,0x0,
  0x0,0x6,0x0,0x0,0x0,0x26,0x54,0x65,0x78,0x74,0x20,0x66,0x69,0x6c,0x65,0x73,
  0x20,0x28,0x2a,0x2e,0x74,0x78,0x74,0x20,0x2a,0x63,0x73,0x76,0x29,0x3b,0x3b,0x41,
  0x6e,0x79,0x20,0x66,0x69,0x6c,0x65,0x73,0x20,0x28,0x2a,0x29,0x7,0x0,0x0,0x0,
  0x9,0x54,0x61,0x62,0x42,0x69,0x6f,0x6d,0x65,0x73,0x1,0x3,0x0,0x0,0x0,0xf2,
  0x0,0x44,0x0,0x69,0x0,0x65,0x0,0x20,0x0,0x42,0x0,0x69,0x0,0x6f,0x0,0x6d,
  0x0,0x20,0x0,0x4c,0x0,0x6f,0x0,0x6b,0x0,0x61,0x0,0x6c,0x0,0x69,0x0,0x7a,
  0x0,0x69,0x0,0x65,0x0,0x72,0x0,0x75,0x0,0x6e,0x0,0x67,0x0,0x73,0x0,0x66,
  0x0,0x75,0x0,0x6e,0x0,0x6b,0x0,0x74,0x0,0x69,0x0,0x6f,0x0,0x6e,0x0,0x20,
  0x0,0x69,0x0,0x73,0x0,0x74,0x0,0x20,0x0,0x62,0x0,0x65,0x0,0x73,0x0,0x63,
  0x0,0x68,0x0,0x72,0x0,0xe4,0x0,0x6e,0x0,0x6b,0x0,0x74,0x0,0x20,0x0,0x7a,
  0x0,0x75,0x0,0x20,0x0,0x65,0x0,0x69,0x0,0x6e,0x0,0x65,0x0,0x6d,0x0,0x20,
  0x0,0x42,0x0,0x65,0x0,0x72,0x0,0x65,0x0,0x69,0x0,0x63,0x0,0x68,0x0,0x20,
  0x0,0x77,0x0,0x65,0x0,0x6c,0x0,0x63,0x0,0x68,0x0,0x65,0x0,0x72,0x0,0x20,
  0x0,0x6b,0x0,0x6c,0x0,0x65,0x0,0x69,0x0,0x6e,0x0,0x65,0x0,0x72,0x0,0x20,
  0x0,0x61,0x0,0x6c,0x0,0x73,0x0,0x20,0x0,0x64,0x0,0x61,0x0,0x73,0x0,0x20,
  0x0,0x49,0x0,0x6e,0x0,0x74,0x0,0x65,0x0,0x67,0x0,0x65,0x0,0x72,0x0,0x6c,
  0x0,0x69,0x0,0x6d,0x0,0x69,0x0,0x74,0x0,0x20,0x0,0x69,0x0,0x73,0x0,0x74,
  0x0,0x3a,0x0,0x20,0x0,0x28,0x0,0x25,0x0,0x31,0x0,0x20,0x0,0x78,0x0,0x20,
  0x0,0x25,0x0,0x32,0x0,0x29,0x0,0x20,0x0,0x3e,0x0,0x20,0x0,0x25,0x0,0x33,
  0x0,0x2e,0x8,0x0,0x0,0x0,0x0,0x6,0x0,0x0,0x0,0x63,0x54,0x68,0x65,0x20,
  0x6c,0x6f,0x63,0x61,0x74,0x65,0x20,0x62,0x69,0x6f,0x6d,0x65,0x20,0x66,0x65,0x61,
  0x74,0x75,0x72,0x65,0x20,0x69,0x73,0x20,0x6c,0x69,0x6d,0x69,0x74,0x65,0x64,0x20,
  0x74,0x6f,0x20,0x61,0x6e,0x20,0x61,0x72,0x65,0x61,0x20,0x73,0x69,0x7a,0x65,0x20,
  0x73,0x6d,0x61,0x6c,0x6c,0x65,0x72,0x20,0x74,0x68,0x61,0x6e,0x20,0x74,0x68,0x65,
  0x20,0x69,0x6e,0x74,0x65,0x67,0x65,0x72,0x20,0x6c,0x69,0x6d,0x69,0x74,0x3a,0x20,
  0x28,0x25,0x31,0x20,0x78,0x20,0x25,0x32,0x29,0x20,0x3e,0x20,0x25,0x33,0x2e,0x7,
  0x0,0x0,0x0,0x9,0x54,0x61,0x62,0x42,0x69,0x6f,0x6d,0x65,0x73,0x1,0x3,0x0,
  0x0,0x0,0x3a,0x0,0x4f,0x0,0x62,0x0,0x65,0x0,0x72,0x0,0x65,0x0,0x20,0x0,
  0x47,0x0,0x72,0x0,0x65,0x0,0x6e,0x0,0x7a,0x0,0x65,0x0,0x20,0x0,0x28,0x0,
  0x65,0x0,0x69,0x0,0x6e,0x0,0x73,0x0,0x63,0x0,0x68,0x0,0x6c,0x0,0x69,0x0,
  0x65,0x0,0xdf,0x0,0x6c,0x0,0x69,0x0,0x63,0x0,0x68,0x0,0x29,0x8,0x0,0x0,
  0x0,0x0,0x6,0x0,0x0,0x0,0x17,0x55,0x70,0x70,0x65,0x72,0x20,0x62,0x6f,0x75,
  0x6e,0x64,0x20,0x28,0x69,0x6e,0x63,0x6c,0x75,0x73,0x69,0x76,0x65,0x29,0x7,0x0,
  0x0,0x0,0x9,0x54,0x61,0x62,0x42,0x69,0x6f,0x6d,0x65,0x73,0x1,0x3,0x0,0x0,
  0x0,0xe,0x0,0x42,0x0,0x65,0x0,0x72,0x0,0x65,0x0,0x69,0x0,0x63,0x0,0x68,
  0x8,0x0,0x0,0x0,0x0,0x6,0x0,0x0,0x0,0x4,0x61,0x72,0x65,0x61,0x7,0x0,
  0x0,0x0,0x9,0x54,0x61,0x62,0x42,0x69,0x6f,0x6d,0x65,0x73,0x1,0x3,0x0,0x0,
  0x0,0x18,0x0,0x46,0x0,0x6c,0x0,0xe4,0x0,0x63,0x0,0x68,0x0,0x65,0x0,0x20,
  0x0,0x40,0x0,0x20,0x0,0x31,0x0,0x3a,0x0,0x34,0x8,0x0,0x0,0x0,0x0,0x6,
  0x0,0x0,0x0,0xa,0x61,0x72,0x65,0x61,0x20,0x40,0x20,0x31,0x3a,0x34,0x7,0x0,
  0x0,0x0,0x9,0x54,0x61,0x62,0x42,0x69,0x6f,0x6d,0x65,0x73,0x1,0x3,0x0,0x0,
  0x0,0x8,0x0,0x53,0x0,0x65,0x0,0x65,0x0,0x64,0x8,0x0,0x0,0x0,0x0,0x6,
  0x0,0x0,0x0,0x4,0x73,0x65,0x65,0x64,0x7,0x0,0x0,0x0,0x9,0x54,0x61,0x62,
  0x42,0x69,0x6f,0x6d,0x65,0x73,0x1,0x3,0x0,0x0,0x0,0x2,0x0,0x58,0x8,0x0,
  0x0,0x0,0x0,0x6,0x0,0x0,0x0,0x1,0x78,0x7,0x0,0x0,0x0,0x9,0x54,0x61,
  0x62,0x42,0x69,0x6f,0x6d,0x65,0x73,0x1,0x3,0x0,0x0,0x0,0x2,0x0,0x5a,0x8,
  0x0,0x0,0x0,0x0,0x6,0x0,0x0,0x0,0x1,0x7a,0x7,0x0,0x0,0x0,0x9,0x54,
  0x61,0x62,0x42,0x69,0x6f,0x6d,0x65,0x73,0x1,0x3,0xff,0xff,0xff,0xff,0x8,0x0,
  0x0,0x0,0x0,0x6,0x0,0x0,0x0,0x1,0x31,0x7,0x0,0x0,0x0,0xc,0x54,0x61,
  0x62,0x4c,0x6f,0x63,0x61,0x74,0x69,0x6f,0x6e,0x73,0x1,0x3,0xff,0xff,0xff,0xff,
  0x8,0x0,0x0,0x0,0x0,0x6,0x0,0x0,0x0,0x3,0x35,0x31,0x32,0x7,0x0,0x0,
  0x0,0xc,0x54,0x61,0x62,0x4c,0x6f,0x63,0x61,0x74,0x69,0x6f,0x6e,0x73,0x1,0x3,
  0x0,0x0,0x0,0x16,0x0,0x41,0x0,0x6e,0x0,0x61,0x0,0x6c,0x0,0x79,0x0,0x73,
  0x0,0x69,0x0,0x65,0x0,0x72,0x0,0x65,0x0,0x6e,0x8,0x0,0x0,0x0,0x0,0x6,
  0x0,0x0,0x0,0x7,0x41,0x6e,0x61,0x6c,0x79,0x7a,0x65,0x7,0x0,0x0,0x0,0xc,
  0x54,0x61,0x62,0x4c,0x6f,0x63,0x61,0x74,0x69,0x6f,0x6e,0x73,0x1,0x3,0x0,0x0,
  0x0,0x1c,0x0,0x5a,0x0,0x65,0x0,0x6e,0x0,0x74,0x0,0x72,0x0,0x69,0x0,0x65,
  0x0,0x72,0x0,0x74,0x0,0x20,0x0,0x61,0x0,0x75,0x0,0x66,0x0,0x3a,0x8,0x0,
  0x0,0x0,0x0,0x6,0x0,0x0,0x0,0xc,0x43,0x65,0x6e,0x74,0x65,0x72,0x65,0x64,
  0x20,0x6f,0x6e,0x3a,0x7,0x0,0x0,0x0,0xc,0x54,0x61,0x62,0x4c,0x6f,0x63,0x61,
  0x74,0x69,0x6f,0x6e,0x73,0x1,0x3,0x0,0x0,0x0,0x1a,0x0,0x41,0x0,0x6b,0x0,
  0x74,0x0,0x75,0x0,0x65,0x0,0x6c,0x0,0x6c,0x0,0x65,0x0,0x20,0x0,0x53,0x0,
  0x65,0x0,0x65,0x0,0x64,0x8,0x0,0x0,0x0,0x0,0x6,0x0,0x0,0x0,0xc,0x43,
  0x75,0x72,0x72,0x65,0x6e,0x74,0x20,0x73,0x65,0x65,0x64,0x7,0x0,0x0,0x0,0xc,
  0x54,0x61,0x62,0x4c,0x6f,0x63,0x61,0x74,0x69,0x6f,0x6e,0x73,0x1,0x3,0x0,0x0,
  0x0,0x20,0x0,0x41,0x0,0x6c,0x0,0x6c,0x0,0x65,0x0,0x20,0x0,0x65,0x0,0x78,
  0x0,0x70,0x0,0x61,0x0,0x6e,0x0,0x64,0x0,0x69,0x0,0x65,0x0,0x72,0x0,0x65,
  0x0,0x6e,0x8,0x0,0x0,0x0,0x0,0x6,0x0,0x0,0x0,0xa,0x45,0x78,0x70,0x61,
  0x6e,0x64,0x20,0x61,0x6c,0x6c,0x7,0x0,0x0,0x0,0xc,0x54,0x61,0x62,0x4c,0x6f,
  0x63,0x61,0x74,0x69,0x6f,0x6e,0x73,0x1,0x3,0x0,0x0,0x0,0x2a,0x0,0x53,0x0,
  0x74,0x0,0x61,0x0,0x6e,0x0,0x64,0x0,0x6f,0x0,0x72,0x0,0x74,0x0,0x65,0x0,
  0x20,0x0,0x65,0x0,0x78,0x0,0x70,0x0,0x6f,0x0,0x72,0x0,0x74,0x0,0x69,0x0,
  0x65,0x0,0x72,0x0,0x65,0x0,0x6e,0x8,0x0,0x0,0x0,0x0,0x6,0x0,0x0,0x0,
  0x10,0x45,0x78,0x70,0x6f,0x72,0x74,0x20,0x6c,0x6f,0x63,0x61,0x74,0x69,0x6f,0x6e,
  0x73,0x7,0x0,0x0,0x0,0xc,0x54,0x61,0x62,0x4c,0x6f,0x63,0x61,0x74,0x69,0x6f,
  0x6e,0x73,0x1,0x3,0x0,0x0,0x0,0x12,0x0,0x45,0x0,0x78,0x0,0x70,0x0,0x6f,
  0x0,0x72,0x0,0x74,0x0,0x2e,0x0,0x2e,0x0,0x2e,0x8,0x0,0x0,0x0,0x0,0x6,
  0x0,0x0,0x0,0x9,0x45,0x78,0x70,0x6f,0x72,0x74,0x2e,0x2e,0x2e,0x7,0x0,0x0,
  0x0,0xc,0x54,0x61,0x62,0x4c,0x6f,0x63,0x61,0x74,0x69,0x6f,0x6e,0x73,0x1,0x3,
  0x0,0x0,0x0,0x5c,0x0,0x45,0x0,0x78,0x0,0x70,0x0,0x6f,0x0,0x72,0x0,0x74,
  0x0,0x64,0x0,0x61,0x0,0x74,0x0,0x65,0x0,0x69,0x0,0x20,0x0,0x6b,0x0,0x6f,
  0x0,0x6e,0x0,0x6e,0x0,0x74,0x0,0x65,0x0,0x20,0x0,0x6e,0x0,0x69,0x0,0x63,
  0x0,0x68,0x0,0x74,0x0,0x20,0x0,0x67,0x0,0x65,0x0,0xf6,0x0,0x66,0x0,0x66,
  0x0,0x6e,0x0,0x65,0x0,0x74,0x0,0x20,0x0,0x77,0x0,0x65,0x0,0x72,0x0,0x64,
  0x0,0x65,0x0,0x6e,0x0,0x3a,0x0,0xa,0x0,0x22,0x0,0x25,0x0,0x31,0x0,0x22,
  0x8,0x0,0x0,0x0,0x0,0x6,0x0,0x0,0x0,0x24,0x46,0x61,0x69,0x6c,0x65,0x64,
  0x20,0x74,0x6f,0x20,0x6f,0x70,0x65,0x6e,0x20,0x66,0x69,0x6c,0x65,0x20,0x66,0x6f,
  0x72,0x20,0x65,0x78,0x70,0x6f,0x72,0x74,0x3a,0xa,0x22,0x25,0x31,0x22,0x7,0x0,
  0x0,0x0,0xc,0x54,0x61,0x62,0x4c,0x6f,0x63,0x61,0x74,0x69,0x6f,0x6e,0x73,0x1,
  0x3,0xff,0xff,0xff,0xff,0x8,0x0,0x0,0x0,0x0,0x6,0x0,0x0,0x0,0x4,0x46,
  0x6f,0x72,0x6d,0x7,0x0,0x0,0x0,0xc,0x54,0x61,0x62,0x4c,0x6f,0x63,0x61,0x74,
  0x69,0x6f,0x6e,0x73,0x1,0x3,0x0,0x0,0x0,0x34,0x0,0x41,0x0,0x75,0x0,0x73,
  0x0,0x20,0x0,0x64,0x0,0x65,0x0,0x72,0x0,0x20,0x0,0x45,0x0,0x72,0x0,0x67,
  0x0,0x65,0x0,0x62,0x0,0x6e,0x0,0x69,0x0,0x73,0x0,0x20,0x0,0x53,0x0,0x65,
  0x0,0x65,0x0,0x64,0x0,0x6c,0x0,0x69,0x0,0x73,0x0,0x74,0x0,0x65,0x8,0x0,
  0x0,0x0,0x0,0x6,0x0,0x0,0x0,0x18,0x46,0x72,0x6f,0x6d,0x20,0x6d,0x61,0x74,
  0x63,0x68,0x69,0x6e,0x67,0x20,0x73,0x65,0x65,0x64,0x73,0x20,0x6c,0x69,0x73,0x74,
  0x7,0x0,0x0,0x0,0xc,0x54,0x61,0x62,0x4c,0x6f,0x63,0x61,0x74,0x69,0x6f,0x6e,
  0x73,0x1,0x3,0x0,0x0,0x0,0xc,0x0,0x42,0x0,0x65,0x0,0x72,0x0,0x65,0x0,
  0x69,0x0,0x74,0x8,0x0,0x0,0x0,0x0,0x6,0x0,0x0,0x0,0x4,0x49,0x64,0x6c,
  0x65,0x7,0x0,0x0,0x0,0xc,0x54,0x61,0x62,0x4c,0x6f,0x63,0x61,0x74,0x69,0x6f,
  0x6e,0x73,0x1,0x3,0x0,0x0,0x0,0x48,0x0,0x47,0x0,0x69,0x0,0x74,0x0,0x74,
  0x0,0x65,0x0,0x72,0x0,0x70,0x0,0x75,0x0,0x6e,0x0,0x6b,0x0,0x74,0x0,0x65,
  0x0,0x20,0x0,0x69,0x0,0x6e,0x0,0x20,0x0,0x72,0x0,0x61,0x0,0x64,0x0,0x69,
  0x0,0x61,0x0,0x6c,0x0,0x65,0x0,0x72,0x0,0x20,0x0,0x52,0x0,0x65,0x0,0x69,
  0x0,0x68,0x0,0x65,0x0,0x6e,0x0,0x66,0x0,0x6f,0x0,0x6c,0x0,0x67,0x0,0x65,
  0x8,0x0,0x0,0x0,0x0,0x6,0x0,0x0,0x0,0x1e,0x4c,0x61,0x74,0x74,0x69,0x63,
  0x65,0x20,0x70,0x6f,0x69,0x6e,0x74,0x73,0x20,0x69,0x6e,0x20,0x72,0x61,0x64,0x69,
  0x61,0x6c,0x20,0x6f,0x72,0x64,0x65,0x72,0x7,0x0,0x0,0x0,0xc,0x54,0x61,0x62,
  0x4c,0x6f,0x63,0x61,0x74,0x69,0x6f,0x6e,0x73,0x1,0x3,0x0,0x0,0x0,0x24,0x0,
  0x53,0x0,0x74,0x0,0x69,0x0,0x63,0x0,0x68,0x0,0x70,0x0,0x72,0x0,0x6f,0x0,
  0x62,0x0,0x65,0x0,0x6e,0x0,0x61,0x0,0x6e,0x0,0x7a,0x0,0x61,0x0,0x68,0x0,
  0x6c,0x0,0x3a,0x8,0x0,0x0,0x0,0x0,0x6,0x0,0x0,0x0,0x12,0x4e,0x75,0x6d,
  0x62,0x65,0x72,0x20,0x6f,0x66,0x20,0x73,0x61,0x6d,0x70,0x6c,0x65,0x73,0x3a,0x7,
  0x0,0x0,0x0,0xc,0x54,0x61,0x62,0x4c,0x6f,0x63,0x61,0x74,0x69,0x6f,0x6e,0x73,
  0x1,0x3,0x0,0x0,0x0,0x3c,0x0,0x41,0x0,0x75,0x0,0x73,0x0,0x20,0x0,0x65,
  0x0,0x69,0x0,0x6e,0x0,0x65,0x0,0x72,0x0,0x20,0x0,0x47,0x0,0x61,0x0,0x75,
  0x0,0xdf,0x0,0x69,0x0,0x73,0x0,0x63,0x0,0x68,0x0,0x65,0x0,0x20,0x0,0x56,
  0x0,0x65,0x0,0x72,0x0,0x74,0x0,0x65,0x0,0x69,0x0,0x6c,0x0,0x75,0x0,0x6e,
  0x0,0x67,0x8,0x0,0x0,0x0,0x0,0x6,0x0,0x0,0x0,0x17,0x52,0x61,0x6e,0x64,
  0x6f,0x6d,0x20,0x47,0x61,0x75,0x73,0x73,0x69,0x61,0x6e,0x20,0x73,0x61,0x6d,0x70,
  0x6c,0x65,0x73,0x7,0x0,0x0,0x0,0xc,0x54,0x61,0x62,0x4c,0x6f,0x63,0x61,0x74,
  0x69,0x6f,0x6e,0x73,0x1,0x3,0x0,0x0,0x0,0x28,0x0,0x53,0x0,0x74,0x0,0x69,
  0x0,0x63,0x0,0x68,0x0,0x70,0x0,0x72,0x0,0x6f,0x0,0x62,0x0,0x65,0x0,0x6e,
  0x0,0x73,0x0,0x74,0x0,0x61,0x0,0x74,0x0,0x65,0x0,0x67,0x0,0x69,0x0,0x65,
  0x0,0x3a,0x8,0x0,0x0,0x0,0x0,0x6,0x0,0x0,0x0,0x12,0x53,0x61,0x6d,0x70,
  0x6c,0x69,0x6e,0x67,0x20,0x73,0x74,0x72,0x61,0x74,0x65,0x67,0x79,0x3a,0x7,0x0,
  0x0,0x0,0xc,0x54,0x61,0x62,0x4c,0x6f,0x63,0x61,0x74,0x69,0x6f,0x6e,0x73,0x1,
  0x3,0x0,0x0,0x0,0x10,0x0,0x53,0x0,0x65,0x0,0x65,0x0,0x64,0x0,0x28,0x0,
  0x73,0x0,0x29,0x0,0x3a,0x8,0x0,0x0,0x0,0x0,0x6,0x0,0x0,0x0,0x8,0x53,
  0x65,0x65,0x64,0x28,0x73,0x29,0x3a,0x7,0x0,0x0,0x0,0xc,0x54,0x61,0x62,0x4c,
  0x6f,0x63,0x61,0x74,0x69,0x6f,0x6e,0x73,0x1,0x3,0x0,0x0,0x0,0x20,0x0,0x41,
  0x0,0x75,0x0,0x73,0x0,0x62,0x0,0x72,0x0,0x65,0x0,0x69,0x0,0x74,0x0,0x75,
  0x0,0x6e,0x0,0x67,0x0,0x20,0x0,0x28,0x3,0xb1,0x0,0x29,0x0,0x3a,0x8,0x0,
  0x0,0x0,0x0,0x6,0x0,0x0,0x0,0xc,0x53,0x70,0x72,0x65,0x61,0x64,0x20,0x28,
  0xce,0xb1,0x29,0x3a,0x7,0x0,0x0,0x0,0xc,0x54,0x61,0x62,0x4c,0x6f,0x63,0x61,
  0x74,0x69,0x6f,0x6e,0x73,0x1,0x3,0x0,0x0,0x0,0x28,0x0,0x51,0x0,0x75,0x0,
  0x61,0x0,0x64,0x0,0x72,0x0,0x61,0x0,0x74,0x0,0x69,0x0,0x73,0x0,0x63,0x0,
  0x68,0x0,0x65,0x0,0x20,0x0,0x53,0x0,0x70,0x0,0x69,0x0,0x72,0x0,0x61,0x0,
  0x6c,0x0,0x65,0x8,0x0,0x0,0x0,0x0,0x6,0x0,0x0,0x0,0xd,0x53,0x71,0x75,
  0x61,0x72,0x65,0x20,0x73,0x70,0x69,0x72,0x61,0x6c,0x7,0x0,0x0,0x0,0xc,0x54,
  0x61,0x62,0x4c,0x6f,0x63,0x61,0x74,0x69,0x6f,0x6e,0x73,0x1,0x3,0x0,0x0,0x0,
  0x8,0x0,0x53,0x0,0x74,0x0,0x6f,0x0,0x70,0x8,0x0,0x0,0x0,0x0,0x6,0x0,
  0x0,0x0,0x4,0x53,0x74,0x6f,0x70,0x7,0x0,0x0,0x0,0xc,0x54,0x61,0x62,0x4c,
  0x6f,0x63,0x61,0x74,0x69,0x6f,0x6e,0x73,0x1,0x3,0x0,0x0,0x0,0x54,0x0,0x54,
  0x0,0x65,0x0,0x78,0x0,0x74,0x0,0x64,0x0,0x61,0x0,0x74,0x0,0x65,0x0,0x69,
  0x0,0x65,0x0,0x6e,0x0,0x20,0x0,0x28,0x0,0x2a,0x0,0x2e,0x0,0x74,0x0,0x78,
  0x0,0x74,0x0,0x20,0x0,0x2a,0x0,0x63,0x0,0x73,0x0,0x76,0x0,0x29,0x0,0x3b,
  0x0,0x3b,0x0,0x41,0x0,0x6c,0x0,0x6c,0x0,0x65,0x0,0x20,0x0,0x44,0x0,0x61,
  0x0,0x74,0x0,0x65,0x0,0x69,0x0,0x65,0x0,0x6e,0x0,0x20,0x0,0x28,0x0,0x2a,
  0x0,0x29,0x8,0x0,0x0,0x0,0x0,0x6,0x0,0x0,0x0,0x26,0x54,0x65,0x78,0x74,
  0x20,0x66,0x69,0x6c,0x65,0x73,0x20,0x28,0x2a,0x2e,0x74,0x78,0x74,0x20,0x2a,0x63,
  0x73,0x76,0x29,0x3b,0x3b,0x41,0x6e,0x79,0x20,0x66,0x69,0x6c,0x65,0x73,0x20,0x28,
  0x2a,0x29,0x7,0x0,0x0,0x0,0xc,0x54,0x61,0x62,0x4c,0x6f,0x63,0x61,0x74,0x69,
  0x6f,0x6e,0x73,0x1,0x3,0xff,0xff,0xff,0xff,0x8,0x0,0x0,0x0,0x0,0x6,0x0,
  0x0,0x0,0x2,0x58,0x3a,0x7,0x0,0x0,0x0,0xc,0x54,0x61,0x62,0x4c,0x6f,0x63,
  0x61,0x74,0x69,0x6f,0x6e,0x73,0x1,0x3,0xff,0xff,0xff,0xff,0x8,0x0,0x0,0x0,
  0x0,0x6,0x0,0x0,0x0,0x2,0x5a,0x3a,0x7,0x0,0x0,0x0,0xc,0x54,0x61,0x62,
  0x4c,0x6f,0x63,0x61,0x74,0x69,0x6f,0x6e,0x73,0x1,0x3,0x0,0x0,0x0,0xe,0x0,
  0x44,0x0,0x69,0x0,0x73,0x0,0x74,0x0,0x61,0x0,0x6e,0x0,0x7a,0x8,0x0,0x0,
  0x0,0x0,0x6,0x0,0x0,0x0,0x8,0x64,0x69,0x73,0x74,0x61,0x6e,0x63,0x65,0x7,
  0x0,0x0,0x0,0xc,0x54,0x61,0x62,0x4c,0x6f,0x63,0x61,0x74,0x69,0x6f,0x6e,0x73,
  0x1,0x3,0x0,0x0,0x0,0x4,0x0,0x49,0x0,0x44,0x8,0x0,0x0,0x0,0x0,0x6,
  0x0,0x0,0x0,0x2,0x69,0x64,0x7,0x0,0x0,0x0,0xc,0x54,0x61,0x62,0x4c,0x6f,
  0x63,0x61,0x74,0x69,0x6f,0x6e,0x73,0x1,0x3,0x0,0x0,0x0,0x1c,0x0,0x53,0x0,
  0x65,0x0,0x65,0x0,0x64,0x0,0x2f,0x0,0x42,0x0,0x65,0x0,0x64,0x0,0x69,0x0,
  0x6e,0x0,0x67,0x0,0x75,0x0,0x6e,0x0,0x67,0x8,0x0,0x0,0x0,0x0,0x6,0x0,
  0x0,0x0,0xe,0x73,0x65,0x65,0x64,0x2f,0x63,0x6f,0x6e,0x64,0x69,0x74,0x69,0x6f,
  0x6e,0x7,0x0,0x0,0x0,0xc,0x54,0x61,0x62,0x4c,0x6f,0x63,0x61,0x74,0x69,0x6f,
  0x6e,0x73,0x1,0x3,0x0,0x0,0x0,0x2,0x0,0x58,0x8,0x0,0x0,0x0,0x0,0x6,
  0x0,0x0,0x0,0x1,0x78,0x7,0x0,0x0,0x0,0xc,0x54,0x61,0x62,0x4c,0x6f,0x63,
  0x61,0x74,0x69,0x6f,0x6e,0x73,0x1,0x3,0x0,0x0,0x0,0x2,0x0,0x5a,0x8,0x0,
  0x0,0x0,0x0,0x6,0x0,0x0,0x0,0x1,0x7a,0x7,0x0,0x0,0x0,0xc,0x54,0x61,
  0x62,0x4c,0x6f,0x63,0x61,0x74,0x69,0x6f,0x6e,0x73,0x1,0x3,0xff,0xff,0xff,0xff,
  0x8,0x0,0x0,0x0,0x0,0x6,0x0,0x0,0x0,0x1,0x30,0x7,0x0,0x0,0x0,0xd,
  0x54,0x61,0x62,0x53,0x74,0x72,0x75,0x63,0x74,0x75,0x72,0x65,0x73,0x1,0x3,0xff,
  0xff,0xff,0xff,0x8,0x0,0x0,0x0,0x0,0x6,0x0,0x0,0x0,0x55,0x3c,0x68,0x74,
  0x6d,0x6c,0x3e,0x3c,0x68,0x65,0x61,0x64,0x2f,0x3e,0x3c,0x62,0x6f,0x64,0x79,0x3e,
  0x3c,0x70,0x3e,0x58,0x3c,0x73,0x70,0x61,0x6e,0x20,0x73,0x74,0x79,0x6c,0x65,0x3d,
  0x22,0x20,0x76,0x65,0x72,0x74,0x69,0x63,0x61,0x6c,0x2d,0x61,0x6c,0x69,0x67,0x6e,
  0x3a,0x73,0x75,0x62,0x3b,0x22,0x3e,0x31,0x3c,0x2f,0x73,0x70,0x61,0x6e,0x3e,0x3a,
  0x3c,0x2f,0x70,0x3e,0x3c,0x2f,0x62,0x6f,0x64,0x79,0x3e,0x3c,0x2f,0x68,0x74,0x6d,
  0x6c,0x3e,0x7,0x0,0x0,0x0,0xd,0x54,0x61,0x62,0x53,0x74,0x72,0x75,0x63,0x74,
  0x75,0x72,0x65,0x73,0x1,0x3,0xff,0xff,0xff,0xff,0x8,0x0,0x0,0x0,0x0,0x6,
  0x0,0x0,0x0,0x55,0x3c,0x68,0x74,0x6d,0x6c,0x3e,0x3c,0x68,0x65,0x61,0x64,0x2f,
  0x3e,0x3c,0x62,0x6f,0x64,0x79,0x3e,0x3c,0x70,0x3e,0x58,0x3c,0x73,0x70,0x61,0x6e,
  0x20,0x73,0x74,0x79,0x6c,0x65,0x3d,0x22,0x20,0x76,0x65,0x72,0x74,0x69,0x63,0x61,
  0x6c,0x2d,0x61,0x6c,0x69,0x67,0x6e,0x3a,0x73,0x75,0x62,0x3b,0x22,0x3e,0x32,0x3c,
  0x2f,0x73,0x70,0x61,0x6e,0x3e,0x3a,0x3c,0x2f,0x70,0x3e,0x3c,0x2f,0x62,0x6f,0x64,
  0x79,0x3e,0x3c,0x2f,0x68,0x74,0x6d,0x6c,0x3e,0x7,0x0,0x0,0x0,0xd,0x54,0x61,
  0x62,0x53,0x74,0x72,0x75,0x63,0x74,0x75,0x72,0x65,0x73,0x1,0x3,0xff,0xff,0xff,
  0xff,0x8,0x0,0x0,0x0,0x0,0x6,0x0,0x0,0x0,0x55,0x3c,0x68,0x74,0x6d,0x6c,
  0x3e,0x3c,0x68,0x65,0x61,0x64,0x2f,0x3e,0x3c,0x62,0x6f,0x64,0x79,0x3e,0x3c,0x70,
  0x3e,0x5a,0x3c,0x73,0x70,0x61,0x6e,0x20,0x73,0x74,0x79,0x6c,0x65,0x3d,0x22,0x20,
  0x76,0x65,0x72,0x74,0x69,0x63,0x61,0x6c,0x2d,0x61,0x6c,0x69,0x67,0x6e,0x3a,0x73,
  0x75,0x62,0x3b,0x22,0x3e,0x31,0x3c,0x2f,0x73,0x70,0x61,0x6e,0x3e,0x3a,0x3c,0x2f,
  0x70,0x3e,0x3c,0x2f,0x62,0x6f,0x64,0x79,0x3e,0x3c,0x2f,0x68,0x74,0x6d,0x6c,0x3e,
  0x7,0x0,0x0,0x0,0xd,0x54,0x61,0x62,0x53,0x74,0x72,0x75,0x63,0x74,0x75,0x72,
  0x65,0x73,0x1,0x3,0xff,0xff,0xff,0xff,0x8,0x0,0x0,0x0,0x0,0x6,0x0,0x0,
  0x0,0x55,0x3c,0x68,0x74,0x6d,0x6c,0x3e,0x3c,0x68,0x65,0x61,0x64,0x2f,0x3e,0x3c,
  0x62,0x6f,0x64,0x79,0x3e,0x3c,0x70,0x3e,0x5a,0x3c,0x73,0x70,0x61,0x6e,0x20,0x73,
  0x74,0x79,0x6c,0x65,0x3d,0x22,0x20,0x76,0x65,0x72,0x74,0x69,0x63,0x61,0x6c,0x2d,
  0x61,0x6c,0x69,0x67,0x6e,0x3a,0x73,0x75,0x62,0x3b,0x22,0x3e,0x32,0x3c,0x2f,0x73,
  0x70,0x61,0x6e,0x3e,0x3a,0x3c,0x2f,0x70,0x3e,0x3c,0x2f,0x62,0x6f,0x64,0x79,0x3e,
  0x3c,0x2f,0x68,0x74,0x6d,0x6c,0x3e,0x7,0x0,0x0,0x0,0xd,0x54,0x61,0x62,0x53,
  0x74,0x72,0x75,0x63,0x74,0x75,0x72,0x65,0x73,0x1,0x3,0x0,0x0,0x0,0x26,0x0,
  0x41,0x0,0x6b,0x0,0x74,0x0,0x69,0x0,0x76,0x0,0x65,0x0,0x20,0x0,0x4b,0x0,
  0x61,0x0,0x72,0x0,0x74,0x0,0x65,0x0,0x6e,0x0,0x61,0x0,0x6e,0x0,0x77,0x0,
  0x61,0x0,0x68,0x0,0x6c,0x8,0x0,0x0,0x0,0x0,0x6,0x0,0x0,0x0,0x15,0x41,
  0x63,0x74,0x69,0x76,0x65,0x20,0x6d,0x61,0x70,0x20,0x73,0x65,0x6c,0x65,0x63,0x74,
  0x69,0x6f,0x6e,0x73,0x7,0x0,0x0,0x0,0xd,0x54,0x61,0x62,0x53,0x74,0x72,0x75,
  0x63,0x74,0x75,0x72,0x65,0x73,0x1,0x3,0x0,0x0,0x0,0x1e,0x0,0x41,0x0,0x6c,
  0x0,0x6c,0x0,0x65,0x0,0x20,0x0,0x53,0x0,0x74,0x0,0x72,0x0,0x75,0x0,0x6b,
  0x0,0x74,0x0,0x75,0x0,0x72,0x0,0x65,0x0,0x6e,0x8,0x0,0x0,0x0,0x0,0x6,
  0x0,0x0,0x0,0xe,0x41,0x6c,0x6c,0x20,0x73,0x74,0x72,0x75,0x63,0x74,0x75,0x72,
  0x65,0x73,0x7,0x0,0x0,0x0,0xd,0x54,0x61,0x62,0x53,0x74,0x72,0x75,0x63,0x74,
  0x75,0x72,0x65,0x73,0x1,0x3,0x0,0x0,0x0,0xe,0x0,0x41,0x0,0x6e,0x0,0x61,
  0x0,0x6c,0x0,0x79,0x0,0x73,0x0,0x65,0x8,0x0,0x0,0x0,0x0,0x6,0x0,0x0,
  0x0,0x7,0x41,0x6e,0x61,0x6c,0x79,0x7a,0x65,0x7,0x0,0x0,0x0,0xd,0x54,0x61,
  0x62,0x53,0x74,0x72,0x75,0x63,0x74,0x75,0x72,0x65,0x73,0x1,0x3,0x0,0x0,0x0,
  0x50,0x0,0x41,0x0,0x6e,0x0,0x61,0x0,0x6c,0x0,0x79,0x0,0x73,0x0,0x65,0x0,
  0x20,0x0,0x64,0x0,0x65,0x0,0x72,0x0,0x20,0x0,0x53,0x0,0x74,0x0,0x72,0x0,
  0x75,0x0,0x6b,0x0,0x74,0x0,0x75,0x0,0x72,0x0,0x65,0x0,0x6e,0x0,0x20,0x0,
  0x69,0x0,0x6e,0x0,0x20,0x0,0x65,0x0,0x69,0x0,0x6e,0x0,0x65,0x0,0x6d,0x0,
  0x20,0x0,0x42,0x0,0x65,0x0,0x72,0x0,0x65,0x0,0x69,0x0,0x63,0x0,0x68,0x0,
  0x2e,0x8,0x0,0x0,0x0,0x0,0x6,0x0,0x0,0x0,0x26,0x41,0x6e,0x61,0x6c,0x79,
  0x7a,0x65,0x20,0x74,0x68,0x65,0x20,0x73,0x74,0x72,0x75,0x63,0x74,0x75,0x72,0x65,
  0x73,0x20,0x77,0x69,0x74,0x68,0x69,0x6e,0x20,0x61,0x6e,0x20,0x61,0x72,0x65,0x61,
  0x2e,0x7,0x0,0x0,0x0,0xd,0x54,0x61,0x62,0x53,0x74,0x72,0x75,0x63,0x74,0x75,
  0x72,0x65,0x73,0x1,0x3,0x0,0x0,0x0,0x2c,0x0,0x41,0x0,0x6c,0x0,0x6c,0x0,
  0x65,0x0,0x20,0x0,0x49,0x0,0x6e,0x0,0x73,0x0,0x74,0x0,0x61,0x0,0x6e,0x0,
  0x7a,0x0,0x65,0x0,0x6e,0x0,0x20,0x0,0x73,0x0,0x61,0x0,0x6d,0x0,0x6d,0x0,
  0x65,0x0,0x6c,0x0,0x6e,0x8,0x0,0x0,0x0,0x0,0x6,0x0,0x0,0x0,0x15,0x43,
  0x6f,0x6c,0x6c,0x65,0x63,0x74,0x20,0x61,0x6c,0x6c,0x20,0x69,0x6e,0x73,0x74,0x61,
  0x6e,0x63,0x65,0x73,0x7,0x0,0x0,0x0,0xd,0x54,0x61,0x62,0x53,0x74,0x72,0x75,
  0x63,0x74,0x75,0x72,0x65,0x73,0x1,0x3,0x0,0x0,0x0,0x1a,0x0,0x41,0x0,0x6b,
  0x0,0x74,0x0,0x75,0x0,0x65,0x0,0x6c,0x0,0x6c,0x0,0x65,0x0,0x20,0x0,0x53,
  0x0,0x65,0x0,0x65,0x0,0x64,0x8,0x0,0x0,0x0,0x0,0x6,0x0,0x0,0x0,0xc,
  0x43,0x75,0x72,0x72,0x65,0x6e,0x74,0x20,0x73,0x65,0x65,0x64,0x7,0x0,0x0,0x0,
  0xd,0x54,0x61,0x62,0x53,0x74,0x72,0x75,0x63,0x74,0x75,0x72,0x65,0x73,0x1,0x3,
  0x0,0x0,0x0,0x34,0x0,0x45,0x0,0x78,0x0,0x70,0x0,0x6f,0x0,0x72,0x0,0x74,
  0x0,0x20,0x0,0x64,0x0,0x65,0x0,0x72,0x0,0x20,0x0,0x53,0x0,0x74,0x0,0x72,
  0x0,0x75,0x0,0x6b,0x0,0x74,0x0,0x75,0x0,0x72,0x0,0x61,0x0,0x6e,0x0,0x61,
  0x0,0x6c,0x0,0x79,0x0,0x73,0x0,0x65,0x8,0x0,0x0,0x0,0x0,0x6,0x0,0x0,
  0x0,0x19,0x45,0x78,0x70,0x6f,0x72,0x74,0x20,0x73,0x74,0x72,0x75,0x63,0x74,0x75,
  0x72,0x65,0x20,0x61,0x6e,0x61,0x6c,0x79,0x73,0x69,0x73,0x7,0x0,0x0,0x0,0xd,
  0x54,0x61,0x62,0x53,0x74,0x72,0x75,0x63,0x74,0x75,0x72,0x65,0x73,0x1,0x3,0x0,
  0x0,0x0,0x12,0x0,0x45,0x0,0x78,0x0,0x70,0x0,0x6f,0x0,0x72,0x0,0x74,0x0,
  0x2e,0x0,0x2e,0x0,0x2e,0x8,0x0,0x0,0x0,0x0,0x6,0x0,0x0,0x0,0x9,0x45,
  0x78,0x70,0x6f,0x72,0x74,0x2e,0x2e,0x2e,0x7,0x0,0x0,0x0,0xd,0x54,0x61,0x62,
  0x53,0x74,0x72,0x75,0x63,0x74,0x75,0x72,0x65,0x73,0x1,0x3,0xff,0xff,0xff,0xff,
  0x8,0x0,0x0,0x0,0x0,0x6,0x0,0x0,0x0,0x24,0x46,0x61,0x69,0x6c,0x65,0x64,
  0x20,0x74,0x6f,0x20,0x6f,0x70,0x65,0x6e,0x20,0x66,0x69,0x6c,0x65,0x20,0x66,0x6f,
  0x72,0x20,0x65,0x78,0x70,0x6f,0x72,0x74,0x3a,0xa,0x22,0x25,0x31,0x22,0x7,0x0,
  0x0,0x0,0xd,0x54,0x61,0x62,0x53,0x74,0x72,0x75,0x63,0x74,0x75,0x72,0x65,0x73,
  0x1,0x3,0xff,0xff,0xff,0xff,0x8,0x0,0x0,0x0,0x0,0x6,0x0,0x0,0x0,0x4,
  0x46,0x6f,0x72,0x6d,0x7,0x0,0x0,0x0,0xd,0x54,0x61,0x62,0x53,0x74,0x72,0x75,
  0x63,0x74,0x75,0x72,0x65,0x73,0x1,0x3,0x0,0x0,0x0,0x34,0x0,0x41,0x0,0x75,
  0x0,0x73,0x0,0x20,0x0,0x64,0x0,0x65,0x0,0x72,0x0,0x20,0x0,0x45,0x0,0x72,
  0x0,0x67,0x0,0x65,0x0,0x62,0x0,0x6e,0x0,0x69,0x0,0x73,0x0,0x20,0x0,0x53,
  0x0,0x65,0x0,0x65,0x0,0x64,0x0,0x6c,0x0,0x69,0x0,0x73,0x0,0x74,0x0,0x65,
  0x8,0x0,0x0,0x0,0x0,0x6,0x0,0x0,0x0,0x18,0x46,0x72,0x6f,0x6d,0x20,0x6d,
  0x61,0x74,0x63,0x68,0x69,0x6e,0x67,0x20,0x73,0x65,0x65,0x64,0x73,0x20,0x6c,0x69,
  0x73,0x74,0x7,0x0,0x0,0x0,0xd,0x54,0x61,0x62,0x53,0x74,0x72,0x75,0x63,0x74,
  0x75,0x72,0x65,0x73,0x1,0x3,0x0,0x0,0x0,0x24,0x0,0x53,0x0,0x69,0x0,0x63,
  0x0,0x68,0x0,0x74,0x0,0x62,0x0,0x61,0x0,0x72,0x0,0x65,0x0,0x72,0x0,0x20,
  0x0,0x42,0x0,0x65,0x0,0x72,0x0,0x65,0x0,0x69,0x0,0x63,0x0,0x68,0x8,0x0,
  0x0,0x0,0x0,0x6,0x0,0x0,0x0,0xc,0x46,0x72,0x6f,0x6d,0x20,0x76,0x69,0x73,
  0x69,0x62,0x6c,0x65,0x7,0x0,0x0,0x0,0xd,0x54,0x61,0x62,0x53,0x74,0x72,0x75,
  0x63,0x74,0x75,0x72,0x65,0x73,0x1,0x3,0x0,0x0,0x0,0x3c,0x0,0x55,0x0,0x6e,
  0x0,0x74,0x0,0x65,0x0,0x72,0x0,0x65,0x0,0x20,0x0,0x47,0x0,0x72,0x0,0x65,
  0x0,0x6e,0x0,0x7a,0x0,0x65,0x0,0x20,0x0,0x28,0x0,0x65,0x0,0x69,0x0,0x6e,
  0x0,0x73,0x0,0x63,0x0,0x68,0x0,0x6c,0x0,0x69,0x0,0x65,0x0,0xdf,0x0,0x6c,
  0x0,0x69,0x0,0x63,0x0,0x68,0x0,0x29,0x8,0x0,0x0,0x0,0x0,0x6,0x0,0x0,
  0x0,0x17,0x4c,0x6f,0x77,0x65,0x72,0x20,0x62,0x6f,0x75,0x6e,0x64,0x20,0x28,0x69,
  0x6e,0x63,0x6c,0x75,0x73,0x69,0x76,0x65,0x29,0x7,0x0,0x0,0x0,0xd,0x54,0x61,
  0x62,0x53,0x74,0x72,0x75,0x63,0x74,0x75,0x72,0x65,0x73,0x1,0x3,0x0,0x0,0x0,
  0x1e,0x0,0x51,0x0,0x75,0x0,0x61,0x0,0x64,0x0,0x2d,0x0,0x53,0x0,0x74,0x0,
  0x72,0x0,0x75,0x0,0x6b,0x0,0x74,0x0,0x75,0x0,0x72,0x0,0x65,0x0,0x6e,0x8,
  0x0,0x0,0x0,0x0,0x6,0x0,0x0,0x0,0xf,0x51,0x75,0x61,0x64,0x2d,0x53,0x74,
  0x72,0x75,0x63,0x74,0x75,0x72,0x65,0x73,0x7,0x0,0x0,0x0,0xd,0x54,0x61,0x62,
  0x53,0x74,0x72,0x75,0x63,0x74,0x75,0x72,0x65,0x73,0x1,0x3,0x0,0x0,0x0,0x10,
  0x0,0x53,0x0,0x65,0x0,0x65,0x0,0x64,0x0,0x28,0x0,0x73,0x0,0x29,0x0,0x3a,
  0x8,0x0,0x0,0x0,0x0,0x6,0x0,0x0,0x0,0x8,0x53,0x65,0x65,0x64,0x28,0x73,
  0x29,0x3a,0x7,0x0,0x0,0x0,0xd,0x54,0x61,0x62,0x53,0x74,0x72,0x75,0x63,0x74,
  0x75,0x72,0x65,0x73,0x1,0x3,0x0,0x0,0x0,0x8,0x0,0x53,0x0,0x74,0x0,0x6f,
  0x0,0x70,0x8,0x0,0x0,0x0,0x0,0x6,0x0,0x0,0x0,0x4,0x53,0x74,0x6f,0x70,
  0x7,0x0,0x0,0x0,0xd,0x54,0x61,0x62,0x53,0x74,0x72,0x75,0x63,0x74,0x75,0x72,
  0x65,0x73,0x1,0x3,0x0,0x0,0x0,0x14,0x0,0x53,0x0,0x74,0x0,0x72,0x0,0x75,
  0x0,0x6b,0x0,0x74,0x0,0x75,0x0,0x72,0x0,0x65,0x0,0x6e,0x8,0x0,0x0,0x0,
  0x0,0x6,0x0,0x0,0x0,0xa,0x53,0x74,0x72,0x75,0x63,0x74,0x75,0x72,0x65,0x73,
  0x7,0x0,0x0,0x0,0xd,0x54,0x61,0x62,0x53,0x74,0x72,0x75,0x63,0x74,0x75,0x72,
  0x65,0x73,0x1,0x3,0x0,0x0,0x0,0x54,0x0,0x54,0x0,0x65,0x0,0x78,0x0,0x74,
  0x0,0x64,0x0,0x61,0x0,0x74,0x0,0x65,0x0,0x69,0x0,0x65,0x0,0x6e,0x0,0x20,
  0x0,0x28,0x0,0x2a,0x0,0x2e,0x0,0x74,0x0,0x78,0x0,0x74,0x0,0x20,0x0,0x2a,
  0x0,0x63,0x0,0x73,0x0,0x76,0x0,0x29,0x0,0x3b,0x0,0x3b,0x0,0x41,0x0,0x6c,
  0x0,0x6c,0x0,0x65,0x0,0x20,0x0,0x44,0x0,0x61,0x0,0x74,0x0,0x65,0x0,0x69,
  0x0,0x65,0x0,0x6e,0x0,0x20,0x0,0x28,0x0,0x2a,0x0,0x29,0x8,0x0,0x0,0x0,
  0x0,0x6,0x0,0x0,0x0,0x26,0x54,0x65,0x78,0x74,0x20,0x66,0x69,0x6c,0x65,0x73,
  0x20,0x28,0x2a,0x2e,0x74,0x78,0x74,0x20,0x2a,0x63,0x73,0x76,0x29,0x3b,0x3b,0x41,
  0x6e,0x79,0x20,0x66,0x69,0x6c,0x65,0x73,0x20,0x28,0x2a,0x29,0x7,0x0,0x0,0x0,
  0xd,0x54,0x61,0x62,0x53,0x74,0x72,0x75,0x63,0x74,0x75,0x72,0x65,0x73,0x1,0x3,
  0x0,0x0,0x0,0x3a,0x0,0x4f,0x0,0x62,0x0,0x65,0x0,0x72,0x0,0x65,0x0,0x20,
  0x0,0x47,0x0,0x72,0x0,0x65,0x0,0x6e,0x0,0x7a,0x0,0x65,0x0,0x20,0x0,0x28,
  0x0,0x65,0x0,0x69,0x0,0x6e,0x0,0x73,0x0,0x63,0x0,0x68,0x0,0x6c,0x0,0x69,
  0x0,0x65,0x0,0xdf,0x0,0x6c,0x0,0x69,0x0,0x63,0x0,0x68,0x0,0x29,0x8,0x0,
  0x0,0x0,0x0,0x6,0x0,0x0,0x0,0x17,0x55,0x70,0x70,0x65,0x72,0x20,0x62,0x6f,
  0x75,0x6e,0x64,0x20,0x28,0x69,0x6e,0x63,0x6c,0x75,0x73,0x69,0x76,0x65,0x29,0x7,
  0x0,0x0,0x0,0xd,0x54,0x61,0x62,0x53,0x74,0x72,0x75,0x63,0x74,0x75,0x72,0x65,
  0x73,0x1,0x3,0x0,0x0,0x0,0xc,0x0,0x41,0x0,0x6e,0x0,0x7a,0x0,0x61,0x0,
  0x68,0x0,0x6c,0x8,0x0,0x0,0x0,0x0,0x6,0x0,0x0,0x0,0x5,0x63,0x6f,0x75,
  0x6e,0x74,0x7,0x0,0x0,0x0,0xd,0x54,0x61,0x62,0x53,0x74,0x72,0x75,0x63,0x74,
  0x75,0x72,0x65,0x73,0x1,0x3,0x0,0x0,0x0,0xe,0x0,0x44,0x0,0x65,0x0,0x74,
  0x0,0x61,0x0,0x69,0x0,0x6c,0x0,0x73,0x8,0x0,0x0,0x0,0x0,0x6,0x0,0x0,
  0x0,0x7,0x64,0x65,0x74,0x61,0x69,0x6c,0x73,0x7,0x0,0x0,0x0,0xd,0x54,0x61,
  0x62,0x53,0x74,0x72,0x75,0x63,0x74,0x75,0x72,0x65,0x73,0x1,0x3,0x0,0x0,0x0,
  0xe,0x0,0x44,0x0,0x69,0x0,0x73,0x0,0x74,0x0,0x61,0x0,0x6e,0x0,0x7a,0x8,
  0x0,0x0,0x0,0x0,0x6,0x0,0x0,0x0,0x8,0x64,0x69,0x73,0x74,0x61,0x6e,0x63,
  0x65,0x7,0x0,0x0,0x0,0xd,0x54,0x61,0x62,0x53,0x74,0x72,0x75,0x63,0x74,0x75,
  0x72,0x65,0x73,0x1,0x3,0x0,0x0,0x0,0xc,0x0,0x52,0x0,0x61,0x0,0x64,0x0,
  0x69,0x0,0x75,0x0,0x73,0x8,0x0,0x0,0x0,0x0,0x6,0x0,0x0,0x0,0x6,0x72,
  0x61,0x64,0x69,0x75,0x73,0x7,0x0,0x0,0x0,0xd,0x54,0x61,0x62,0x53,0x74,0x72,
  0x75,0x63,0x74,0x75,0x72,0x65,0x73,0x1,0x3,0x0,0x0,0x0,0x8,0x0,0x53,0x0,
  0x65,0x0,0x65,0x0,0x64,0x8,0x0,0x0,0x0,0x0,0x6,0x0,0x0,0x0,0x4,0x73,
  0x65,0x65,0x64,0x7,0x0,0x0,0x0,0xd,0x54,0x61,0x62,0x53,0x74,0x72,0x75,0x63,
  0x74,0x75,0x72,0x65,0x73,0x1,0x3,0x0,0x0,0x0,0x18,0x0,0x53,0x0,0x70,0x0,
  0x61,0x0,0x77,0x0,0x6e,0x0,0x62,0x0,0x65,0x0,0x72,0x0,0x65,0x0,0x69,0x0,
  0x63,0x0,0x68,0x8,0x0,0x0,0x0,0x0,0x6,0x0,0x0,0x0,0xa,0x73,0x70,0x61,
  0x77,0x6e,0x20,0x61,0x72,0x65,0x61,0x7,0x0,0x0,0x0,0xd,0x54,0x61,0x62,0x53,
  0x74,0x72,0x75,0x63,0x74,0x75,0x72,0x65,0x73,0x1,0x3,0x0,0x0,0x0,0x10,0x0,
  0x53,0x0,0x74,0x0,0x72,0x0,0x75,0x0,0x6b,0x0,0x74,0x0,0x75,0x0,0x72,0x8,
  0x0,0x0,0x0,0x0,0x6,0x0,0x0,0x0,0x9,0x73,0x74,0x72,0x75,0x63,0x74,0x75,
  0x72,0x65,0x7,0x0,0x0,0x0,0xd,0x54,0x61,0x62,0x53,0x74,0x72,0x75,0x63,0x74,
  0x75,0x72,0x65,0x73,0x1,0x3,0x0,0x0,0x0,0x6,0x0,0x54,0x0,0x79,0x0,0x70,
  0x8,0x0,0x0,0x0,0x0,0x6,0x0,0x0,0x0,0x4,0x74,0x79,0x70,0x65,0x7,0x0,
  0x0,0x0,0xd,0x54,0x61,0x62,0x53,0x74,0x72,0x75,0x63,0x74,0x75,0x72,0x65,0x73,
  0x1,0x3,0x0,0x0,0x0,0x2,0x0,0x58,0x8,0x0,0x0,0x0,0x0,0x6,0x0,0x0,
  0x0,0x1,0x78,0x7,0x0,0x0,0x0,0xd,0x54,0x61,0x62,0x53,0x74,0x72,0x75,0x63,
  0x74,0x75,0x72,0x65,0x73,0x1,0x3,0x0,0x0,0x0,0x2,0x0,0x5a,0x8,0x0,0x0,
  0x0,0x0,0x6,0x0,0x0,0x0,0x1,0x7a,0x7,0x0,0x0,0x0,0xd,0x54,0x61,0x62,
  0x53,0x74,0x72,0x75,0x63,0x74,0x75,0x72,0x65,0x73,0x1,0x88,0x0,0x0,0x0,0x2,
  0x1,0x1,
    // /Users/o/cubiomes-viewer/rc/lang/zh_CN.qm
  0x0,0x1,0x3d,0xa7,
  0x3c,
  0xb8,0x64,0x18,0xca,0xef,0x9c,0x95,0xcd,0x21,0x1c,0xbf,0x60,0xa1,0xbd,0xdd,0xa7,
  0x0,0x0,0x0,0x5,0x7a,0x68,0x5f,0x43,0x4e,0x42,0x0,0x0,0x1d,0xc0,0x0,0x0,
  0x0,0x2d,0x0,0x0,0x30,0xb4,0x0,0x0,0x0,0x30,0x0,0x0,0x32,0xc,0x0,0x0,
  0x0,0x30,0x0,0x0,0x6d,0xda,0x0,0x0,0x0,0x30,0x0,0x0,0xaa,0x95,0x0,0x0,
  0x0,0x30,0x0,0x0,0xb8,0x82,0x0,0x0,0x0,0x30,0x0,0x0,0xd2,0x83,0x0,0x0,
  0x0,0x30,0x0,0x1,0x1,0xf9,0x0,0x0,0x0,0x30,0x0,0x1,0x13,0xcb,0x0,0x0,
  0x0,0x31,0x0,0x0,0x32,0x6e,0x0,0x0,0x0,0x31,0x0,0x1,0xd,0xc9,0x0,0x0,
  0x0,0x32,0x0,0x0,0x63,0xaa,0x0,0x0,0x0,0x34,0x0,0x0,0x63,0xce,0x0,0x0,
  0x0,0x35,0x0,0x0,0x63,0xf2,0x0,0x0,0x0,0x40,0x0,0x0,0x15,0x4f,0x0,0x0,
  0x0,0x58,0x0,0x0,0xc4,0x68,0x0,0x0,0x0,0x5a,0x0,0x0,0xc4,0x8a,0x0,0x0,
  0x0,0x78,0x0,0x1,0xd,0x87,0x0,0x0,0x0,0x78,0x0,0x1,0x13,0x83,0x0,0x0,
  0x0,0x78,0x0,0x1,0x1c,0x99,0x0,0x0,0x0,0x7a,0x0,0x1,0xd,0xa8,0x0,0x0,
  0x0,0x7a,0x0,0x1,0x13,0xa7,0x0,0x0,0x0,0x7a,0x0,0x1,0x1c,0xbe,0x0,0x0,
  0x3,0x40,0x0,0x0,0x63,0x83,0x0,0x0,0x3,0x46,0x0,0x0,0x32,0xe0,0x0,0x0,
  0x3,0x46,0x0,0x0,0xd2,0xeb,0x0,0x0,0x3,0x62,0x0,0x0,0x33,0x4b,0x0,0x0,
  0x3,0x62,0x0,0x0,0xd3,0x4c,0x0,0x0,0x3,0x78,0x0,0x0,0x33,0x75,0x0,0x0,
  0x3,0x78,0x0,0x0,0xd3,0x71,0x0,0x0,0x5,0x13,0x0,0x0,0xdd,0xde,0x0,0x0,
  0x5,0x3b,0x0,0x0,0xf6,0xab,0x0,0x0,0x5,0x4f,0x0,0x0,0xf6,0x84,0x0,0x0,
  0x5,0xba,0x0,0x1,0x12,0xa8,0x0,0x0,0x5,0xca,0x0,0x0,0x60,0xe5,0x0,0x0,
  0x5,0xca,0x0,0x0,0xe6,0x8,0x0,0x0,0x5,0xda,0x0,0x1,0x12,0xcf,0x0,0x0,
  0x6,0xf4,0x0,0x1,0x13,0x23,0x0,0x0,0x25,0x12,0x0,0x0,0x63,0x2e,0x0,0x0,
  0x2b,0x3b,0x0,0x0,0xf3,0xe9,0x0,0x0,0x30,0x46,0x0,0x0,0x30,0xdb,0x0,0x0,
  0x30,0x46,0x0,0x0,0xd1,0xc7,0x0,0x0,0x30,0x62,0x0,0x0,0x31,0x8,0x0,0x0,
  0x30,0x62,0x0,0x0,0xd1,0xef,0x0,0x0,0x30,0x78,0x0,0x0,0x31,0x35,0x0,0x0,
  0x30,0x78,0x0,0x0,0xd2,0x17,0x0,0x0,0x31,0xe,0x0,0x0,0x6d,0x7b,0x0,0x0,
  0x31,0xe,0x0,0x0,0xaa,0x6e,0x0,0x0,0x31,0xe,0x0,0x0,0xb8,0x53,0x0,0x0,
  0x34,0xd1,0x0,0x0,0x6f,0x6,0x0,0x0,0x34,0xd1,0x0,0x1,0x2,0x47,0x0,0x0,
  0x34,0xd4,0x0,0x0,0x6f,0x8d,0x0,0x0,0x34,0xd4,0x0,0x1,0x2,0xc5,0x0,0x0,
  0x37,0xb0,0x0,0x0,0x6d,0xfe,0x0,0x0,0x38,0x42,0x0,0x0,0x33,0x9f,0x0,0x0,
  0x38,0x42,0x0,0x1,0xd,0xed,0x0,0x0,0x47,0xa4,0x0,0x0,0xa7,0x12,0x0,0x0,
  0x4c,0x44,0x0,0x0,0xda,0xf,0x0,0x0,0x4c,0x44,0x0,0x1,0x7,0xbc,0x0,0x0,
  0x51,0x50,0x0,0x0,0xee,0xce,0x0,0x0,0x53,0x80,0x0,0x0,0xde,0x7,0x0,0x0,
  0x53,0xb1,0x0,0x0,0x97,0x4d,0x0,0x0,0x5f,0xc3,0x0,0x0,0xf7,0x62,0x0,0x0,
  0x68,0x2c,0x0,0x0,0xb8,0x28,0x0,0x2,0x73,0xfe,0x0,0x0,0x63,0x58,0x0,0x3,
  0x0,0x46,0x0,0x0,0x30,0x53,0x0,0x3,0x20,0x46,0x0,0x0,0x31,0xab,0x0,0x3,
  0x4d,0x46,0x0,0x0,0x6f,0x30,0x0,0x3,0x4d,0x46,0x0,0x1,0x2,0x6e,0x0,0x3,
  0x4d,0x94,0x0,0x0,0x6f,0xb7,0x0,0x3,0x4d,0x94,0x0,0x1,0x2,0xec,0x0,0x4,
  0x8c,0xaf,0x0,0x0,0xaa,0xfd,0x0,0x4,0xa6,0x24,0x0,0x0,0x41,0xb0,0x0,0x4,
  0xa8,0x8b,0x0,0x0,0x66,0x87,0x0,0x4,0xb6,0x45,0x0,0x0,0xbc,0x39,0x0,0x4,
  0xbb,0x4,0x0,0x0,0x44,0xc7,0x0,0x4,0xbb,0x4,0x0,0x0,0xa8,0x6f,0x0,0x4,
  0xbb,0x4,0x0,0x0,0xd9,0x21,0x0,0x4,0xd0,0x25,0x0,0x0,0xdb,0x18,0x0,0x4,
  0xd6,0x8d,0x0,0x0,0xac,0x45,0x0,0x4,0xd6,0x8d,0x0,0x0,0xbc,0xe4,0x0,0x4,
  0xd6,0x8d,0x0,0x1,0x8,0xb7,0x0,0x4,0xd6,0x8d,0x0,0x1,0xf,0xb8,0x0,0x4,
  0xd6,0x8d,0x0,0x1,0x18,0xad,0x0,0x4,0xe8,0xf4,0x0,0x0,0xe8,0x95,0x0,0x4,
  0xec,0x30,0x0,0x0,0xdb,0xb9,0x0,0x4,0xfb,0x25,0x0,0x0,0xbd,0x1c,0x0,0x4,
  0xfb,0x25,0x0,0x1,0x10,0x30,0x0,0x5,0x3c,0x98,0x0,0x0,0x4e,0x34,0x0,0x5,
  0x56,0x45,0x0,0x0,0x50,0xcb,0x0,0x5,0x56,0x45,0x0,0x0,0x69,0x13,0x0,0x5,
  0x56,0x45,0x0,0x0,0x78,0x3b,0x0,0x5,0x8c,0x4,0x0,0x0,0xe0,0x1e,0x0,0x5,
  0x98,0xc5,0x0,0x0,0x55,0x17,0x0,0x5,0x98,0xc5,0x0,0x0,0xf7,0x37,0x0,0x5,
  0xab,0x60,0x0,0x1,0xb,0x65,0x0,0x5,0xab,0x60,0x0,0x1,0x12,0x2,0x0,0x5,
  0xab,0x60,0x0,0x1,0x1a,0xb,0x0,0x5,0xd8,0x8d,0x0,0x0,0x5e,0xb0,0x0,0x6,
  0x88,0xb1,0x0,0x1,0xd,0x3,0x0,0x7,0x9b,0xb4,0x0,0x1,0x0,0x5b,0x0,0x7,
  0x9b,0xb4,0x0,0x1,0xd,0x61,0x0,0x7,0x9b,0xb4,0x0,0x1,0x1b,0xde,0x0,0x7,
  0xac,0xf4,0x0,0x0,0xe7,0x15,0x0,0x7,0xc0,0x65,0x0,0x1,0x1c,0x6f,0x0,0xb,
  0x8d,0x58,0x0,0x0,0xcf,0x51,0x0,0x18,0xd4,0xb4,0x0,0x0,0xdf,0xa9,0x0,0x1b,
  0xa4,0xa2,0x0,0x1,0x10,0x59,0x0,0x24,0x4d,0x1e,0x0,0x0,0xff,0x3a,0x0,0x28,
  0x8a,0x82,0x0,0x0,0x6c,0x95,0x0,0x2b,0x98,0xc5,0x0,0x0,0xf4,0x12,0x0,0x2e,
  0xaf,0x14,0x0,0x0,0x92,0x1e,0x0,0x34,0x33,0x30,0x0,0x1,0x2,0x1a,0x0,0x34,
  0xd5,0x86,0x0,0x0,0x6f,0x5d,0x0,0x34,0xd5,0x86,0x0,0x1,0x2,0x98,0x0,0x34,
  0xdb,0x46,0x0,0x0,0x6e,0xd6,0x0,0x35,0xee,0x8e,0x0,0x1,0x6,0xcf,0x0,0x36,
  0x9b,0x62,0x0,0x0,0x70,0x56,0x0,0x39,0xbb,0x94,0x0,0x0,0x70,0xf8,0x0,0x3c,
  0x4e,0xba,0x0,0x0,0xef,0x62,0x0,0x3c,0x87,0xe4,0x0,0x0,0x26,0x5b,0x0,0x3e,
  0x80,0x6e,0x0,0x0,0xa7,0x3c,0x0,0x43,0x80,0xf5,0x0,0x0,0xe7,0x9b,0x0,0x43,
  0x82,0xf5,0x0,0x0,0x86,0xfa,0x0,0x47,0x14,0x42,0x0,0x0,0xcb,0x1b,0x0,0x47,
  0x96,0x94,0x0,0x0,0x71,0x28,0x0,0x47,0x96,0x94,0x0,0x0,0xf5,0x78,0x0,0x47,
  0x96,0xc4,0x0,0x0,0x15,0x26,0x0,0x47,0x96,0xc4,0x0,0x0,0xd3,0xd3,0x0,0x48,
  0x8,0x73,0x0,0x0,0x23,0x91,0x0,0x48,0x36,0xca,0x0,0x0,0xac,0x83,0x0,0x48,
  0x36,0xf2,0x0,0x0,0xd4,0xa1,0x0,0x48,0x36,0xf3,0x0,0x0,0xd4,0xcf,0x0,0x48,
  0x36,0xf4,0x0,0x0,0xd4,0xfd,0x0,0x48,0x36,0xf5,0x0,0x0,0xd5,0x2b,0x0,0x48,
  0x36,0xf8,0x0,0x0,0xd5,0x59,0x0,0x48,0x36,0xff,0x0,0x0,0xd5,0x87,0x0,0x48,
  0x37,0x2,0x0,0x0,0xd5,0xb5,0x0,0x48,0x37,0x3,0x0,0x0,0xd5,0xe3,0x0,0x48,
  0x37,0x4,0x0,0x0,0xd6,0x11,0x0,0x48,0x37,0x7,0x0,0x0,0xd6,0x3f,0x0,0x48,
  0x37,0x9,0x0,0x0,0xd6,0x6d,0x0,0x48,0x77,0x39,0x0,0x0,0xf5,0xa4,0x0,0x48,
  0xb7,0x98,0x0,0x0,0x16,0x63,0x0,0x49,0x27,0x9b,0x0,0x0,0x72,0x33,0x0,0x49,
  0x83,0x2,0x0,0x1,0x1e,0x8c,0x0,0x4a,0x36,0x95,0x0,0x0,0xf5,0xfd,0x0,0x4a,
  0xc7,0xa8,0x0,0x0,0x43,0xce,0x0,0x4a,0xc7,0xa8,0x0,0x0,0xc9,0x63,0x0,0x4d,
  0xc5,0xa5,0x0,0x0,0xe8,0x72,0x0,0x4e,0x96,0xc5,0x0,0x0,0x1c,0x93,0x0,0x4f,
  0xe3,0x5f,0x0,0x0,0x92,0x51,0x0,0x4f,0xe3,0x5f,0x0,0x0,0xe8,0xb5,0x0,0x50,
  0x4f,0x4a,0x0,0x0,0xf8,0xc6,0x0,0x51,0x52,0x81,0x0,0x0,0x4e,0x62,0x0,0x52,
  0x8f,0xc2,0x0,0x0,0xdc,0x80,0x0,0x52,0xf8,0xa9,0x0,0x0,0xb9,0x7,0x0,0x53,
  0x5d,0x75,0x0,0x0,0x46,0xb5,0x0,0x55,0x9b,0x7e,0x0,0x0,0x20,0x23,0x0,0x56,
  0xae,0xc2,0x0,0x0,0x51,0xdb,0x0,0x57,0x6f,0x54,0x0,0x0,0xce,0xa1,0x0,0x58,
  0xc9,0xc4,0x0,0x0,0xf6,0xd4,0x0,0x59,0xc,0xc2,0x0,0x0,0x21,0x79,0x0,0x59,
  0xbb,0x7a,0x0,0x0,0xc0,0xce,0x0,0x59,0xbb,0xb3,0x0,0x0,0xe3,0x42,0x0,0x5a,
  0x68,0xde,0x0,0x0,0x9d,0xbf,0x0,0x5a,0x68,0xde,0x0,0x0,0xea,0xa9,0x0,0x5a,
  0x7f,0xd1,0x0,0x0,0x25,0xd4,0x0,0x5a,0xd8,0x40,0x0,0x0,0x25,0x84,0x0,0x5e,
  0xca,0xde,0x0,0x0,0x91,0xf,0x0,0x66,0x5,0x4,0x0,0x0,0x16,0x86,0x0,0x6a,
  0x6c,0x54,0x0,0x1,0x1b,0x28,0x0,0x6c,0xa7,0xf3,0x0,0x0,0x5d,0x97,0x0,0x76,
  0xfc,0xd5,0x0,0x0,0x28,0x7d,0x0,0x79,0xbb,0x7a,0x0,0x0,0xe6,0xeb,0x0,0x7e,
  0xd2,0x6b,0x0,0x0,0x9d,0x67,0x0,0x7e,0xd2,0x6b,0x0,0x0,0xea,0x56,0x0,0x80,
  0x45,0x4a,0x0,0x0,0xc7,0x2e,0x0,0x82,0x65,0xf3,0x0,0x0,0x86,0xca,0x0,0x84,
  0xa5,0x20,0x0,0x0,0xcc,0x6d,0x0,0x8a,0x97,0xa,0x0,0x0,0x40,0x0,0x0,0x8a,
  0x97,0xa,0x0,0x1,0x7,0x51,0x0,0x8b,0x11,0x63,0x0,0x0,0x5e,0xde,0x0,0x90,
  0xb0,0x49,0x0,0x0,0xcf,0xe7,0x0,0x90,0xba,0x1,0x0,0x1,0x1d,0xee,0x0,0x9a,
  0x4c,0xca,0x0,0x0,0x68,0x55,0x0,0x9a,0x9c,0x1e,0x0,0x0,0x88,0x12,0x0,0x9c,
  0x74,0x2a,0x0,0x0,0x48,0xc3,0x0,0xa5,0x5b,0xb3,0x0,0x0,0xf7,0x0,0x0,0xaa,
  0x1c,0x5a,0x0,0x0,0xc9,0xa8,0x0,0xaa,0x82,0x25,0x0,0x1,0x12,0xf6,0x0,0xaa,
  0x82,0x25,0x0,0x1,0x1b,0x84,0x0,0xae,0xfa,0x22,0x0,0x0,0x5e,0x1b,0x0,0xc7,
  0x11,0x1e,0x0,0x0,0x53,0x5a,0x0,0xd7,0x12,0xe3,0x0,0x0,0x23,0x61,0x0,0xdc,
  0xe5,0xae,0x0,0x1,0x3,0xba,0x0,0xe5,0x28,0x7a,0x0,0x0,0x65,0xe,0x1,0x1,
  0x53,0x49,0x0,0x0,0x33,0xcc,0x1,0x1,0x53,0x49,0x0,0x0,0xd3,0x96,0x1,0x12,
  0x46,0xd3,0x0,0x0,0x1f,0xf4,0x1,0x39,0xc3,0xaa,0x0,0x1,0xa,0xbc,0x1,0x3c,
  0xc8,0x53,0x0,0x0,0xea,0x7b,0x1,0x3e,0x9b,0xee,0x0,0x0,0xdc,0xa8,0x1,0x41,
  0x72,0xde,0x0,0x0,0x9f,0xda,0x1,0x42,0x73,0x3,0x0,0x0,0x52,0x4a,0x1,0x47,
  0x2,0xde,0x0,0x0,0x9e,0xd8,0x1,0x50,0xbc,0xc4,0x0,0x0,0xbe,0x81,0x1,0x5a,
  0x82,0xde,0x0,0x0,0xfb,0x5f,0x1,0x63,0xb4,0x93,0x0,0x0,0xde,0x2d,0x1,0x65,
  0x5e,0x4a,0x0,0x0,0x2a,0x1f,0x1,0x65,0xf4,0x9e,0x0,0x0,0xe6,0x2d,0x1,0x6c,
  0x34,0x68,0x0,0x0,0x4e,0x99,0x1,0x6d,0x93,0x3e,0x0,0x0,0x81,0xf8,0x1,0x75,
  0xfb,0xd3,0x0,0x0,0x1b,0xea,0x1,0x7b,0x25,0xee,0x0,0x0,0xdb,0x84,0x1,0x80,
  0xfb,0x3e,0x0,0x0,0xf9,0xca,0x1,0x87,0x76,0x7e,0x0,0x0,0xf4,0x7d,0x1,0x89,
  0x86,0xee,0x0,0x0,0xdb,0x3f,0x1,0x8a,0x34,0xe5,0x0,0x0,0x1e,0xb1,0x1,0x9c,
  0xbb,0x69,0x0,0x0,0xe4,0x6f,0x1,0x9e,0x80,0x64,0x0,0x0,0xc2,0xdd,0x1,0xb4,
  0x4a,0x3,0x0,0x0,0x19,0xcd,0x1,0xcb,0x3,0x74,0x0,0x0,0x73,0x93,0x1,0xcb,
  0x3,0x74,0x0,0x1,0x7,0x8a,0x1,0xcb,0x3,0x74,0x0,0x1,0xe,0x78,0x1,0xcb,
  0x3,0x74,0x0,0x1,0x17,0x91,0x1,0xd0,0x3b,0x33,0x0,0x0,0xec,0x1,0x1,0xd0,
  0x50,0xc3,0x0,0x0,0xde,0x60,0x1,0xd3,0xf6,0x59,0x0,0x0,0x5d,0xd4,0x1,0xd3,
  0xf6,0x59,0x0,0x0,0x7b,0xd9,0x1,0xd3,0xf6,0x59,0x0,0x0,0xb3,0xd8,0x1,0xd3,
  0xf6,0x59,0x0,0x1,0xc,0xc2,0x1,0xd3,0xf6,0x59,0x0,0x1,0x1a,0xe3,0x1,0xdb,
  0xf,0x59,0x0,0x0,0x4d,0x20,0x1,0xdb,0xf,0x59,0x0,0x0,0x77,0xcc,0x1,0xdb,
  0xf,0x59,0x0,0x0,0xad,0xf,0x1,0xdb,0xf,0x59,0x0,0x1,0x9,0xdf,0x1,0xdb,
  0xf,0x59,0x0,0x1,0x19,0x5d,0x1,0xdc,0xeb,0x52,0x0,0x0,0xef,0x9a,0x1,0xe0,
  0x1f,0x79,0x0,0x0,0xe7,0x40,0x1,0xe2,0x1f,0x79,0x0,0x0,0x85,0xd2,0x1,0xea,
  0x60,0x83,0x0,0x0,0xb8,0xaf,0x1,0xec,0xba,0xca,0x0,0x0,0xca,0x31,0x1,0xf1,
  0x5c,0xae,0x0,0x0,0x59,0xf3,0x1,0xf6,0x4b,0xde,0x0,0x0,0x50,0x3c,0x2,0x7,
  0x76,0x8a,0x0,0x0,0x68,0xd9,0x2,0x14,0x3b,0x73,0x0,0x0,0x25,0xa7,0x2,0x14,
  0x70,0x84,0x0,0x0,0xe7,0x6c,0x2,0x14,0x70,0xa4,0x0,0x0,0x86,0x1,0x2,0x19,
  0x5e,0x53,0x0,0x0,0x28,0x4a,0x2,0x19,0x6c,0xa3,0x0,0x0,0x1a,0x2e,0x2,0x20,
  0xfa,0x5e,0x0,0x0,0x5c,0xbc,0x2,0x23,0x0,0x46,0x0,0x0,0x2f,0x1c,0x2,0x23,
  0x20,0x46,0x0,0x0,0x2f,0x50,0x2,0x25,0x7e,0x35,0x0,0x0,0x1d,0x34,0x2,0x2b,
  0x79,0x13,0x0,0x0,0xcc,0xa1,0x2,0x2e,0x15,0x6e,0x0,0x0,0x89,0x45,0x2,0x31,
  0x1,0xf8,0x0,0x0,0xc1,0x3,0x2,0x3b,0x18,0xe1,0x0,0x0,0x1b,0xb6,0x2,0x42,
  0x3d,0xd4,0x0,0x0,0x57,0xb8,0x2,0x43,0x61,0x7d,0x0,0x0,0x58,0x2c,0x2,0x43,
  0x85,0x68,0x0,0x0,0x57,0xf2,0x2,0x4c,0x32,0xee,0x0,0x1,0x6,0x17,0x2,0x4c,
  0x32,0xee,0x0,0x1,0x15,0xa9,0x2,0x4c,0x38,0xee,0x0,0x1,0x4,0xf9,0x2,0x4c,
  0x38,0xee,0x0,0x1,0x14,0x83,0x2,0x4c,0x3d,0xee,0x0,0x1,0x4,0x6a,0x2,0x4c,
  0x3d,0xee,0x0,0x1,0x13,0xf0,0x2,0x4c,0x3f,0xee,0x0,0x1,0x5,0x88,0x2,0x4c,
  0x3f,0xee,0x0,0x1,0x15,0x16,0x2,0x51,0x30,0xbe,0x0,0x0,0x18,0x9a,0x2,0x52,
  0xcd,0x13,0x0,0x0,0x1d,0x61,0x2,0x53,0x10,0xf5,0x0,0x0,0x3e,0x18,0x2,0x5c,
  0xb3,0x79,0x0,0x0,0xb3,0x8,0x2,0x5c,0xb3,0x79,0x0,0x0,0xc1,0x82,0x2,0x60,
  0x3a,0xae,0x0,0x0,0x8d,0x4d,0x2,0x7d,0xba,0x4a,0x0,0x0,0x59,0x14,0x2,0x81,
  0xe,0x2a,0x0,0x0,0x73,0xf3,0x2,0x83,0x41,0x7e,0x0,0x0,0x97,0x71,0x2,0xa6,
  0x54,0xfe,0x0,0x0,0xe5,0x33,0x2,0xaa,0x36,0x95,0x0,0x0,0xf3,0xbd,0x2,0xbb,
  0x2,0x4c,0x0,0x0,0xc3,0xa1,0x2,0xbd,0xf2,0xa5,0x0,0x0,0x8d,0x1e,0x2,0xc6,
  0x6,0xde,0x0,0x0,0x0,0x0,0x2,0xc8,0x8a,0x74,0x0,0x0,0x2b,0x80,0x2,0xc8,
  0x94,0x13,0x0,0x0,0x45,0xa8,0x2,0xcd,0xf3,0xb5,0x0,0x0,0x52,0xc2,0x2,0xd2,
  0xfb,0x83,0x0,0x0,0xe1,0xc,0x2,0xd3,0x7,0x43,0x0,0x0,0x17,0xa1,0x2,0xe1,
  0x47,0x83,0x0,0x0,0xbb,0x78,0x2,0xe2,0x7f,0xa3,0x0,0x0,0x19,0x17,0x2,0xe8,
  0xf4,0x73,0x0,0x0,0xe0,0x45,0x2,0xe9,0x5f,0x9a,0x0,0x1,0x9,0x5b,0x2,0xe9,
  0xca,0x63,0x0,0x0,0x28,0xec,0x2,0xf4,0x81,0x43,0x0,0x0,0x27,0xe2,0x2,0xfe,
  0xfd,0x53,0x0,0x0,0x19,0x45,0x3,0x2,0x5f,0xb3,0x0,0x0,0x3c,0xe8,0x3,0x8,
  0x4,0x54,0x0,0x0,0xd6,0x9b,0x3,0x8,0x98,0xe9,0x0,0x0,0xa2,0x16,0x3,0x9,
  0x21,0xfa,0x0,0x0,0x3f,0x6a,0x3,0x9,0x21,0xfa,0x0,0x0,0xc8,0x14,0x3,0xe,
  0x17,0xa1,0x0,0x0,0x28,0x13,0x3,0x14,0x9e,0xe3,0x0,0x0,0x25,0xf9,0x3,0x1d,
  0x3b,0xa1,0x0,0x0,0x22,0x29,0x3,0x28,0xb1,0x39,0x0,0x0,0x2a,0x5b,0x3,0x30,
  0xd8,0xde,0x0,0x0,0xd9,0x8d,0x3,0x44,0xbc,0x64,0x0,0x1,0xd,0x29,0x3,0x4d,
  0xb3,0x92,0x0,0x0,0x4c,0x11,0x3,0x4d,0xb3,0x92,0x0,0x0,0x96,0x39,0x3,0x51,
  0x6b,0x93,0x0,0x0,0x1c,0xe2,0x3,0x5b,0x83,0x5a,0x0,0x1,0x11,0x23,0x3,0x62,
  0x2c,0x13,0x0,0x0,0x24,0x2d,0x3,0x62,0x88,0xd5,0x0,0x0,0x6d,0xa5,0x3,0x62,
  0x8d,0xae,0x0,0x0,0xe0,0xc3,0x3,0x66,0x4b,0xa7,0x0,0x0,0x6d,0x36,0x3,0x69,
  0x46,0xce,0x0,0x0,0x1d,0x8f,0x3,0x70,0x9,0x4e,0x0,0x0,0x18,0xc2,0x3,0x77,
  0x5d,0x8e,0x0,0x0,0x92,0x75,0x3,0x7d,0xc8,0x45,0x0,0x0,0x4b,0xad,0x3,0x87,
  0xcc,0x7e,0x0,0x0,0xfe,0x49,0x3,0x8e,0xa,0xd3,0x0,0x0,0x3f,0x26,0x3,0x8f,
  0x4,0xed,0x0,0x0,0x4f,0x13,0x3,0x94,0x18,0xba,0x0,0x1,0x11,0x8f,0x3,0x9a,
  0x5d,0xaa,0x0,0x0,0x65,0xfa,0x3,0xa7,0xe8,0xde,0x0,0x0,0xfd,0x67,0x3,0xa8,
  0xb9,0x83,0x0,0x0,0x28,0xbc,0x3,0xa8,0xee,0xb3,0x0,0x0,0xdc,0x49,0x3,0xb7,
  0x14,0x25,0x0,0x0,0xe6,0xaf,0x3,0xca,0x82,0xe9,0x0,0x1,0x1,0x18,0x3,0xcc,
  0x78,0x83,0x0,0x0,0xca,0x8c,0x3,0xe2,0xe1,0xf8,0x0,0x0,0xbb,0x3e,0x3,0xeb,
  0xdf,0x9a,0x0,0x0,0x54,0xda,0x4,0x0,0x63,0x83,0x0,0x0,0x26,0x92,0x4,0x5,
  0x4,0xed,0x0,0x0,0x4f,0x44,0x4,0xf,0x7f,0x25,0x0,0x0,0xa8,0x9,0x4,0x11,
  0xfe,0x79,0x0,0x0,0x7a,0x5,0x4,0x23,0x47,0x8a,0x0,0x0,0x78,0x62,0x4,0x25,
  0x76,0x10,0x0,0x0,0x2c,0xd9,0x4,0x29,0x90,0x1e,0x0,0x0,0x6a,0x1c,0x4,0x33,
  0xb6,0x6a,0x0,0x0,0xad,0x78,0x4,0x35,0x2d,0x9e,0x0,0x1,0xc,0x5,0x4,0x3b,
  0xfe,0x82,0x0,0x0,0xf1,0x7d,0x4,0x49,0x8a,0xca,0x0,0x0,0x8a,0x5b,0x4,0x4b,
  0x83,0x2,0x0,0x0,0xcc,0x1c,0x4,0x4c,0xb5,0x44,0x0,0x1,0x0,0x24,0x4,0x5d,
  0xd8,0xca,0x0,0x0,0x66,0x42,0x4,0x5e,0x23,0x28,0x0,0x0,0xdd,0x22,0x4,0x5f,
  0xb4,0x68,0x0,0x0,0x6e,0xa0,0x4,0x61,0x72,0xe5,0x0,0x0,0x96,0xc1,0x4,0x61,
  0xdc,0xb3,0x0,0x0,0xb4,0x19,0x4,0x62,0xa1,0x8e,0x0,0x0,0xd8,0xe2,0x4,0x64,
  0xa4,0x79,0x0,0x0,0xe8,0x1f,0x4,0x66,0xa4,0x79,0x0,0x0,0x8d,0xa4,0x4,0x67,
  0x9b,0xc0,0x0,0x0,0x45,0xe7,0x4,0x70,0xa5,0x5,0x0,0x0,0xe8,0xd6,0x4,0x75,
  0x4c,0x7e,0x0,0x0,0x8b,0x3b,0x4,0x82,0x7c,0x2,0x0,0x0,0x1b,0xe,0x4,0x8e,
  0x8,0xce,0x0,0x0,0x20,0xff,0x4,0x8e,0x6f,0x9e,0x0,0x0,0x60,0x11,0x4,0x8f,
  0xc8,0xe3,0x0,0x0,0x1a,0xe0,0x4,0x8f,0xe0,0x4e,0x0,0x0,0xa4,0xd,0x4,0x90,
  0x63,0x8a,0x0,0x0,0x3f,0xa2,0x4,0x90,0x63,0x8a,0x0,0x1,0x7,0x27,0x4,0x90,
  0x63,0xc3,0x0,0x0,0x2e,0xbd,0x4,0x90,0x63,0xc3,0x0,0x0,0x3f,0xd2,0x4,0x90,
  0x63,0xc3,0x0,0x0,0xd7,0x25,0x4,0x98,0x49,0xbc,0x0,0x0,0xf5,0xd0,0x4,0x98,
  0x73,0x2a,0x0,0x0,0x7a,0xb7,0x4,0x9c,0x4,0x74,0x0,0x0,0x17,0x76,0x4,0xa2,
  0x63,0x34,0x0,0x0,0xec,0xb4,0x4,0xab,0x8e,0xf7,0x0,0x0,0xd7,0xc0,0x4,0xab,
  0x8e,0xff,0x0,0x0,0xd7,0xf1,0x4,0xab,0x8f,0x3,0x0,0x0,0xd8,0x22,0x4,0xac,
  0x2c,0xa5,0x0,0x0,0xee,0x2b,0x4,0xac,0x9c,0x94,0x0,0x0,0x18,0xf3,0x4,0xac,
  0xeb,0xbe,0x0,0x0,0x1a,0xb6,0x4,0xad,0x60,0x52,0x0,0x0,0x29,0x99,0x4,0xae,
  0xc,0xa4,0x0,0x0,0x21,0x50,0x4,0xb3,0xe2,0x24,0x0,0x0,0xe9,0xb3,0x4,0xb3,
  0xe2,0xc4,0x0,0x0,0x99,0xa2,0x4,0xbc,0x88,0x94,0x0,0x0,0x71,0xf6,0x4,0xc4,
  0x79,0x25,0x0,0x0,0xa8,0xd3,0x4,0xc9,0x96,0x93,0x0,0x0,0x46,0x4e,0x4,0xc9,
  0xb3,0xd4,0x0,0x0,0xe9,0x3,0x4,0xcc,0x8c,0xce,0x0,0x0,0x40,0x3f,0x4,0xcc,
  0xe0,0xca,0x0,0x0,0x42,0x59,0x4,0xcf,0x76,0x94,0x0,0x0,0x66,0xee,0x4,0xcf,
  0x76,0x94,0x0,0x0,0x73,0xc8,0x4,0xd0,0x1,0x1a,0x0,0x0,0x42,0xd7,0x4,0xd0,
  0x80,0xb9,0x0,0x0,0x30,0x81,0x4,0xd0,0x82,0xb9,0x0,0x0,0x31,0xd9,0x4,0xd6,
  0x39,0x2e,0x0,0x0,0x90,0xb5,0x4,0xd6,0x8c,0xa4,0x0,0x0,0x1a,0x92,0x4,0xe5,
  0x21,0x7a,0x0,0x0,0x65,0x52,0x4,0xe6,0x77,0xde,0x0,0x0,0x18,0x32,0x4,0xeb,
  0x2f,0xa,0x0,0x0,0x67,0xb6,0x4,0xf2,0x93,0x72,0x0,0x1,0x1c,0xe3,0x4,0xf4,
  0x36,0xfe,0x0,0x0,0x2d,0xa0,0x4,0xf5,0xa6,0x9,0x0,0x0,0xc7,0x77,0x4,0xf8,
  0x6a,0xde,0x0,0x0,0x36,0x30,0x4,0xf8,0x8d,0x3,0x0,0x1,0x17,0xc7,0x4,0xfe,
  0x56,0x85,0x0,0x0,0xf6,0x57,0x5,0x1,0x1d,0x5e,0x0,0x0,0xc0,0x59,0x5,0x1,
  0x66,0xea,0x0,0x0,0x48,0x77,0x5,0x2,0xda,0x2,0x0,0x0,0xab,0xbe,0x5,0x7,
  0x8b,0xb9,0x0,0x0,0x47,0x67,0x5,0x11,0x3a,0xea,0x0,0x0,0x68,0x17,0x5,0x12,
  0x37,0xe5,0x0,0x0,0x5f,0x13,0x5,0x15,0x34,0x38,0x0,0x0,0xee,0xf8,0x5,0x1c,
  0x4e,0x25,0x0,0x0,0x1d,0x10,0x5,0x20,0x7a,0x89,0x0,0x0,0x4d,0xa7,0x5,0x23,
  0xf,0xd3,0x0,0x0,0xcf,0x1,0x5,0x27,0x8b,0xfa,0x0,0x0,0x4b,0xe1,0x5,0x2a,
  0x6d,0x6e,0x0,0x0,0x91,0x9d,0x5,0x2e,0x16,0xea,0x0,0x1,0x1d,0x9f,0x5,0x35,
  0x2e,0x6a,0x0,0x0,0x29,0xde,0x5,0x35,0x98,0xa5,0x0,0x1,0x9,0xb7,0x5,0x38,
  0x5b,0x7c,0x0,0x0,0xad,0x50,0x5,0x3b,0x7b,0x67,0x0,0x0,0x1e,0x1d,0x5,0x3b,
  0x9a,0x9e,0x0,0x0,0x2e,0x35,0x5,0x42,0xbb,0x8e,0x0,0x0,0x8e,0xf9,0x5,0x47,
  0x30,0x1,0x0,0x0,0xcb,0x74,0x5,0x4b,0x51,0x7a,0x0,0x0,0x49,0xb7,0x5,0x4c,
  0xae,0xc2,0x0,0x0,0x78,0x10,0x5,0x4c,0xae,0xc2,0x0,0x0,0xde,0xd3,0x5,0x4c,
  0xae,0xc2,0x0,0x1,0xa,0x67,0x5,0x4d,0x8b,0xea,0x0,0x0,0xb1,0x6c,0x5,0x4d,
  0xd1,0xc9,0x0,0x0,0x6c,0x5d,0x5,0x54,0xc6,0x1e,0x0,0x0,0xf9,0x2a,0x5,0x55,
  0x50,0x1e,0x0,0x0,0x75,0x1b,0x5,0x6c,0xa4,0x13,0x0,0x0,0x1b,0x72,0x5,0x72,
  0x80,0x53,0x0,0x0,0x21,0x2c,0x5,0x77,0x85,0xa6,0x0,0x0,0xce,0x38,0x5,0x79,
  0x17,0x6e,0x0,0x0,0x57,0x45,0x5,0x79,0x64,0xe,0x0,0x0,0x9c,0x6,0x5,0x7d,
  0x30,0xe3,0x0,0x0,0x59,0xb1,0x5,0x7d,0x30,0xe3,0x0,0x0,0x9e,0x9f,0x5,0x7d,
  0x85,0x54,0x0,0x0,0xef,0x31,0x5,0x81,0xa1,0xda,0x0,0x0,0x5f,0xd0,0x5,0x81,
  0xce,0x4e,0x0,0x0,0xd4,0x52,0x5,0x87,0x39,0x45,0x0,0x0,0x99,0x6b,0x5,0x89,
  0x56,0x43,0x0,0x0,0x26,0x28,0x5,0x8a,0x9d,0xb5,0x0,0x0,0x1f,0x8d,0x5,0x8c,
  0x46,0xc5,0x0,0x0,0x2d,0x71,0x5,0x8c,0x46,0xc5,0x0,0x0,0xa9,0x4a,0x5,0x8d,
  0xb5,0xb6,0x0,0x0,0x70,0x20,0x5,0x8e,0xd7,0x6e,0x0,0x0,0x93,0xa9,0x5,0x8f,
  0x1a,0x83,0x0,0x0,0xef,0xda,0x5,0x93,0xd6,0x2e,0x0,0x0,0xe1,0x76,0x5,0x98,
  0xab,0x6e,0x0,0x0,0x4c,0xa8,0x5,0x98,0xb7,0x30,0x0,0x0,0xe5,0xd3,0x5,0x98,
  0xf8,0x30,0x0,0x0,0xe0,0x8e,0x5,0x99,0x82,0x8a,0x0,0x0,0xc4,0x39,0x5,0x9b,
  0x84,0xa3,0x0,0x0,0x50,0xf5,0x5,0x9b,0x88,0x98,0x0,0x0,0x6a,0x66,0x5,0x9b,
  0x88,0x98,0x0,0x0,0xe1,0xb2,0x5,0x9b,0x89,0x13,0x0,0x0,0x54,0x49,0x5,0x9c,
  0xf,0x5e,0x0,0x0,0xf1,0xe7,0x5,0xa2,0x18,0xb3,0x0,0x0,0x1c,0xb6,0x5,0xa8,
  0x99,0x65,0x0,0x0,0x15,0x9e,0x5,0xb0,0x11,0xef,0x0,0x0,0x73,0x30,0x5,0xb0,
  0xaa,0xbd,0x0,0x0,0x6b,0x39,0x5,0xb5,0xde,0x25,0x0,0x0,0xa9,0xf3,0x5,0xb8,
  0xc0,0x3a,0x0,0x0,0x75,0x67,0x5,0xba,0xaa,0x9,0x0,0x1,0xb,0x8b,0x5,0xba,
  0xaa,0x9,0x0,0x1,0x12,0x2b,0x5,0xba,0xaa,0x9,0x0,0x1,0x1a,0x65,0x5,0xbb,
  0x77,0x64,0x0,0x0,0x6e,0x64,0x5,0xcd,0x78,0x83,0x0,0x0,0xb4,0xa2,0x5,0xdf,
  0x0,0x12,0x0,0x0,0x6b,0xad,0x5,0xe2,0xa2,0xb3,0x0,0x0,0xc6,0xf7,0x5,0xe4,
  0x7e,0x13,0x0,0x0,0x61,0xf,0x5,0xec,0xc8,0xf4,0x0,0x0,0x45,0x3c,0x5,0xf6,
  0x4f,0x90,0x0,0x0,0x86,0x33,0x6,0x5,0x64,0xad,0x0,0x0,0xb6,0xe8,0x6,0x1a,
  0x4e,0x9e,0x0,0x0,0xde,0x9b,0x6,0x1e,0x8d,0xee,0x0,0x0,0xf7,0x8a,0x6,0x20,
  0x16,0x5e,0x0,0x1,0x3,0x16,0x6,0x22,0x61,0x21,0x0,0x0,0x1b,0x38,0x6,0x25,
  0x64,0xad,0x0,0x0,0xb7,0xfe,0x6,0x29,0x8,0x33,0x0,0x0,0x16,0xb4,0x6,0x32,
  0xbe,0x4e,0x0,0x0,0x83,0x91,0x6,0x34,0x9,0x9e,0x0,0x0,0x77,0x14,0x6,0x3c,
  0xaf,0xae,0x0,0x0,0x74,0x2f,0x6,0x43,0x5a,0x64,0x0,0x0,0xbb,0xf3,0x6,0x48,
  0x5f,0xb4,0x0,0x0,0x9e,0x19,0x6,0x48,0x5f,0xb4,0x0,0x0,0xea,0xcc,0x6,0x4d,
  0xd0,0xa3,0x0,0x0,0xc6,0x89,0x6,0x50,0xd1,0xa7,0x0,0x0,0xf4,0x3d,0x6,0x51,
  0x3d,0x5e,0x0,0x0,0x17,0x1a,0x6,0x57,0x6e,0xc3,0x0,0x1,0x10,0xdf,0x6,0x5b,
  0x68,0x33,0x0,0x0,0x73,0x64,0x6,0x5f,0x50,0xd4,0x0,0x0,0xe6,0x57,0x6,0x70,
  0xa5,0x5,0x0,0x0,0x96,0x9,0x6,0x75,0x94,0xf1,0x0,0x0,0xa6,0xc2,0x6,0x7b,
  0x7f,0x9a,0x0,0x0,0xed,0xbb,0x6,0x8d,0x3a,0x43,0x0,0x0,0x68,0xa7,0x6,0x94,
  0x6d,0xb3,0x0,0x0,0xeb,0x46,0x6,0x94,0x6f,0xb3,0x0,0x0,0xa5,0xac,0x6,0x96,
  0xb3,0xc0,0x0,0x0,0x2e,0xeb,0x6,0xa2,0x68,0x19,0x0,0x0,0xa7,0xc1,0x6,0xa8,
  0x4f,0x35,0x0,0x0,0x3d,0x58,0x6,0xac,0x2,0xfe,0x0,0x0,0xab,0x52,0x6,0xb9,
  0x76,0x83,0x0,0x0,0x49,0xfa,0x6,0xc2,0xec,0x6c,0x0,0x0,0xa9,0xc2,0x6,0xc7,
  0x3a,0xd9,0x0,0x0,0xa9,0x0,0x6,0xd5,0xe3,0x5a,0x0,0x0,0xec,0xea,0x6,0xeb,
  0x1a,0xc4,0x0,0x0,0xde,0xfc,0x7,0x3,0x60,0xc5,0x0,0x0,0x24,0xd1,0x7,0x6,
  0xf1,0xd2,0x0,0x0,0x2c,0x38,0x7,0x6,0xf1,0xd2,0x0,0x1,0x8,0x55,0x7,0x6,
  0xf1,0xd2,0x0,0x1,0xf,0x53,0x7,0x6,0xf1,0xd2,0x0,0x1,0x18,0x47,0x7,0xd,
  0xac,0x23,0x0,0x0,0x4f,0xf3,0x7,0x10,0x93,0x3a,0x0,0x1,0x10,0xa4,0x7,0x1a,
  0x83,0x49,0x0,0x0,0x9a,0xe1,0x7,0x1a,0x86,0x49,0x0,0x0,0x9b,0x2e,0x7,0x2a,
  0x65,0x54,0x0,0x0,0x58,0xa3,0x7,0x33,0x73,0x13,0x0,0x0,0x19,0x73,0x7,0x33,
  0xcc,0x7b,0x0,0x0,0x9d,0x8f,0x7,0x48,0x57,0xfe,0x0,0x0,0xf0,0x18,0x7,0x60,
  0xc9,0x4e,0x0,0x0,0x46,0x7c,0x7,0x69,0x3d,0xfe,0x0,0x0,0x2c,0x0,0x7,0x69,
  0x3d,0xfe,0x0,0x1,0x8,0x24,0x7,0x69,0x3d,0xfe,0x0,0x1,0xf,0x1f,0x7,0x69,
  0x3d,0xfe,0x0,0x1,0x18,0x12,0x7,0x69,0x41,0x4e,0x0,0x0,0x2c,0xa1,0x7,0x6d,
  0xd9,0xce,0x0,0x0,0x2d,0xfc,0x7,0x6d,0xd9,0xce,0x0,0x0,0x55,0x43,0x7,0x72,
  0x42,0x95,0x0,0x0,0xcd,0x82,0x7,0x75,0xf4,0x2d,0x0,0x0,0xb7,0x12,0x7,0x79,
  0x66,0x16,0x0,0x0,0x96,0x73,0x7,0x7b,0x80,0x30,0x0,0x0,0x65,0x98,0x7,0x82,
  0xdd,0xc3,0x0,0x0,0x69,0x3c,0x7,0x87,0xb0,0xc3,0x0,0x1,0x1b,0xb2,0x7,0x88,
  0x4b,0x5d,0x0,0x0,0xe6,0x82,0x7,0x91,0x10,0x9e,0x0,0x0,0xd9,0xcf,0x7,0x98,
  0x73,0x98,0x0,0x0,0x8a,0xbb,0x7,0x98,0x74,0x68,0x0,0x0,0x8a,0xfb,0x7,0x99,
  0xcf,0xbe,0x0,0x0,0x7f,0xbf,0x7,0xa6,0x5b,0xfd,0x0,0x0,0x62,0x35,0x7,0xaf,
  0x4b,0x3a,0x0,0x0,0x67,0x19,0x7,0xb2,0x80,0x33,0x0,0x0,0x15,0x78,0x7,0xb2,
  0xcb,0x3e,0x0,0x0,0x2d,0x22,0x7,0xb6,0x23,0x46,0x0,0x1,0x0,0x86,0x7,0xb6,
  0x5c,0x33,0x0,0x0,0xee,0x93,0x7,0xbb,0x3c,0x8e,0x0,0x0,0x84,0xf0,0x7,0xc1,
  0xbc,0x50,0x0,0x0,0x2b,0xb5,0x7,0xcb,0x61,0xdf,0x0,0x0,0xc5,0x8a,0x7,0xd2,
  0x5e,0x64,0x0,0x0,0xe1,0x40,0x7,0xd6,0xe4,0x8a,0x0,0x0,0x67,0x4e,0x7,0xdf,
  0xb7,0xaa,0x0,0x0,0x4a,0x70,0x7,0xf7,0xdf,0x34,0x0,0x0,0x81,0xc2,0x7,0xfa,
  0x57,0x4e,0x0,0x0,0xfc,0x64,0x7,0xfb,0x1e,0xce,0x0,0x0,0x5b,0x5e,0x7,0xfb,
  0x66,0x48,0x0,0x0,0x6f,0xe4,0x8,0x0,0xc2,0x4e,0x0,0x0,0xe9,0x89,0x8,0x1,
  0xad,0x93,0x0,0x0,0x3c,0xab,0x8,0x2,0xc2,0x4e,0x0,0x0,0x99,0x3e,0x8,0xc,
  0x56,0x6e,0x0,0x0,0xbe,0x2c,0x8,0x12,0x2b,0x38,0x0,0x0,0xc6,0x28,0x8,0x1b,
  0xd7,0x6e,0x0,0x0,0xfb,0xe3,0x8,0x25,0xca,0xf7,0x0,0x0,0x67,0xe6,0x8,0x31,
  0x79,0x33,0x0,0x0,0xca,0xcd,0x8,0x34,0xdc,0xa4,0x0,0x0,0x3d,0xd9,0x8,0x39,
  0x40,0x4,0x0,0x0,0xd7,0x7b,0x8,0x42,0x15,0x14,0x0,0x0,0xea,0xf2,0x8,0x42,
  0x35,0x14,0x0,0x0,0x9e,0x73,0x8,0x42,0xa9,0x4c,0x0,0x1,0xe,0xad,0x8,0x48,
  0x41,0x45,0x0,0x1,0x6,0xa6,0x8,0x48,0x41,0x45,0x0,0x1,0xe,0x17,0x8,0x48,
  0x41,0x45,0x0,0x1,0x16,0xc1,0x8,0x48,0x4e,0x6e,0x0,0x0,0x98,0x53,0x8,0x49,
  0xb8,0x72,0x0,0x0,0x70,0xc2,0x8,0x4b,0x23,0x34,0x0,0x0,0x3c,0x76,0x8,0x4e,
  0xec,0x3,0x0,0x0,0x23,0xf2,0x8,0x5a,0xbb,0xc5,0x0,0x0,0xc5,0x1c,0x8,0x5b,
  0x3f,0xd4,0x0,0x0,0x29,0x20,0x8,0x5c,0xa7,0xd9,0x0,0x0,0xe3,0x6a,0x8,0x5d,
  0x8,0x2a,0x0,0x0,0x71,0xbc,0x8,0x61,0x10,0x53,0x0,0x0,0x25,0x50,0x8,0x66,
  0x40,0x1e,0x0,0x0,0xa6,0x3,0x8,0x66,0x40,0x7e,0x0,0x0,0xeb,0x97,0x8,0x7c,
  0x31,0xb5,0x0,0x0,0xc5,0xc0,0x8,0x81,0x70,0xe3,0x0,0x1,0x16,0x3c,0x8,0x82,
  0x10,0xf9,0x0,0x0,0x2f,0xc9,0x8,0x82,0x10,0xf9,0x0,0x1,0x1,0xbd,0x8,0x8c,
  0xce,0x73,0x0,0x0,0x44,0xf7,0x8,0x93,0x8a,0x84,0x0,0x0,0x75,0xed,0x8,0x93,
  0x8a,0x84,0x0,0x1,0x8,0xdd,0x8,0x93,0x8a,0x84,0x0,0x1,0xf,0xe5,0x8,0x93,
  0x8a,0x84,0x0,0x1,0x18,0xd7,0x8,0x95,0xa7,0x53,0x0,0x0,0xee,0x56,0x8,0x9a,
  0xf,0x8b,0x0,0x0,0x1c,0x5c,0x8,0x9c,0x40,0xd4,0x0,0x0,0x3e,0xf0,0x8,0x9e,
  0x2,0x2e,0x0,0x0,0x3b,0x77,0x8,0xa4,0x66,0x13,0x0,0x0,0xd1,0x1a,0x8,0xbd,
  0xc,0x97,0x0,0x0,0x47,0x35,0x8,0xc0,0xd3,0xba,0x0,0x0,0x54,0x8,0x8,0xc5,
  0xce,0x13,0x0,0x0,0x19,0xa0,0x8,0xc7,0xc6,0xe9,0x0,0x0,0x9a,0x1b,0x8,0xc7,
  0xc6,0xe9,0x0,0x0,0xaf,0x9f,0x8,0xc8,0x3f,0xd4,0x0,0x0,0x6e,0x28,0x8,0xcd,
  0xe2,0x49,0x0,0x0,0x9a,0x9f,0x8,0xcd,0xe2,0x49,0x0,0x0,0xb0,0x29,0x8,0xd3,
  0xce,0x3,0x0,0x0,0x7e,0x84,0x8,0xe8,0xba,0x19,0x0,0x0,0x6a,0xbd,0x8,0xeb,
  0x1e,0xf3,0x0,0x0,0x6c,0xc5,0x8,0xee,0x75,0x1e,0x0,0x0,0x64,0x16,0x8,0xf0,
  0x4f,0x3a,0x0,0x0,0xf8,0x96,0x8,0xf6,0x30,0x61,0x0,0x0,0xfd,0xe6,0x8,0xf9,
  0xcb,0xb9,0x0,0x0,0x66,0xb0,0x8,0xfa,0x90,0x35,0x0,0x0,0xc3,0x4a,0x8,0xff,
  0x44,0xee,0x0,0x0,0x94,0xdc,0x9,0x2,0xda,0x22,0x0,0x0,0xbc,0x69,0x9,0x3,
  0x97,0xe,0x0,0x0,0xb9,0x4c,0x9,0x4,0x54,0xe9,0x0,0x0,0x33,0xa,0x9,0x4,
  0x54,0xe9,0x0,0x0,0xd3,0x10,0x9,0x9,0xda,0xa5,0x0,0x0,0x76,0x71,0x9,0x9,
  0xda,0xa5,0x0,0x0,0xca,0x4,0x9,0xe,0xb2,0xbe,0x0,0x0,0x55,0xf9,0x9,0x1c,
  0xd1,0x63,0x0,0x0,0xd3,0xfb,0x9,0x21,0xb1,0x69,0x0,0x0,0x32,0x95,0x9,0x21,
  0xb1,0x69,0x0,0x0,0xd2,0xa5,0x9,0x27,0xc9,0x5e,0x0,0x0,0xbe,0xe0,0x9,0x2d,
  0x13,0xec,0x0,0x0,0x8c,0x72,0x9,0x2f,0x13,0xec,0x0,0x0,0xe7,0xf4,0x9,0x31,
  0xc8,0xea,0x0,0x0,0x71,0x52,0x9,0x33,0xcb,0xb5,0x0,0x0,0xae,0xb7,0x9,0x36,
  0x5a,0x5e,0x0,0x0,0x7c,0x49,0x9,0x4c,0x67,0xd3,0x0,0x1,0x16,0x85,0x9,0x5f,
  0x4f,0xe9,0x0,0x0,0x9b,0xbe,0x9,0x5f,0xe7,0x94,0x0,0x0,0x27,0x43,0x9,0x65,
  0x37,0xc2,0x0,0x0,0xc6,0xbb,0x9,0x65,0xc5,0xa,0x0,0x0,0xaa,0xb6,0x9,0x68,
  0xe3,0x3e,0x0,0x0,0xf2,0x87,0x9,0x8a,0xb7,0x3,0x0,0x0,0xdd,0xae,0x9,0x8c,
  0x85,0x11,0x0,0x0,0x21,0x9c,0x9,0x94,0x86,0x3e,0x0,0x0,0x3a,0x72,0x9,0x9b,
  0xdb,0x52,0x0,0x0,0xda,0xc4,0x9,0xa1,0xb0,0xe,0x0,0x0,0xbd,0xc3,0x9,0xa6,
  0x45,0x39,0x0,0x0,0xe2,0xf0,0x9,0xa8,0xb4,0x6d,0x0,0x0,0xa6,0x36,0x9,0xb8,
  0x89,0xea,0x0,0x0,0xc0,0x97,0x9,0xb9,0x7f,0xb4,0x0,0x0,0x22,0xa3,0x9,0xba,
  0xc6,0x35,0x0,0x1,0x1c,0x40,0x9,0xc0,0xfa,0xb9,0x0,0x0,0x9a,0x5e,0x9,0xc0,
  0xfa,0xb9,0x0,0x0,0xaf,0xe5,0x9,0xca,0xa0,0xe,0x0,0x0,0x6a,0x91,0x9,0xd0,
  0xa8,0x55,0x0,0x0,0x48,0xe,0x9,0xd0,0xa8,0x55,0x0,0x0,0x76,0x38,0x9,0xd0,
  0xa8,0x55,0x0,0x1,0x9,0x25,0x9,0xd0,0xa8,0x55,0x0,0x1,0x19,0x23,0x9,0xd9,
  0xe4,0x1d,0x0,0x0,0xb7,0x87,0x9,0xde,0xc5,0xf9,0x0,0x0,0xea,0x16,0x9,0xde,
  0xe5,0xd9,0x0,0x0,0x9b,0x7b,0x9,0xe7,0xb0,0x17,0x0,0x0,0x7a,0x49,0x9,0xe8,
  0xd4,0xd9,0x0,0x0,0xdb,0xe0,0x9,0xf6,0x92,0xd1,0x0,0x0,0xe3,0xf7,0x9,0xfc,
  0xb4,0xa,0x0,0x0,0x4d,0xf7,0xa,0x0,0x50,0xa4,0x0,0x0,0x1a,0x63,0xa,0x2,
  0x97,0xc2,0x0,0x0,0xc5,0x4e,0xa,0x11,0xf9,0xc9,0x0,0x0,0x55,0xbe,0xa,0x12,
  0x36,0x8f,0x0,0x0,0xb0,0xa5,0xa,0x12,0x36,0x8f,0x0,0x0,0xc0,0x11,0xa,0x1b,
  0x74,0xf9,0x0,0x0,0xa7,0x78,0xa,0x28,0xa4,0x93,0x0,0x0,0x7f,0x80,0xa,0x2b,
  0x3c,0xfe,0x0,0x1,0x1d,0x5e,0xa,0x30,0x38,0xe5,0x0,0x0,0x40,0xf8,0xa,0x33,
  0x4,0x4,0x0,0x0,0x7b,0xa7,0xa,0x3e,0x82,0xd5,0x0,0x0,0x57,0xe,0xa,0x3e,
  0xd8,0xc3,0x0,0x0,0xeb,0xc7,0xa,0x4b,0x42,0x75,0x0,0x0,0x4a,0x34,0xa,0x4c,
  0xb0,0x53,0x0,0x0,0x1d,0xbf,0xa,0x4f,0x38,0x12,0x0,0x0,0x58,0x66,0xa,0x4f,
  0x38,0x12,0x0,0x0,0x9d,0xe5,0xa,0x67,0x81,0x24,0x0,0x0,0x9e,0x42,0xa,0x6d,
  0x42,0xd2,0x0,0x0,0xbd,0x4a,0xa,0x71,0x6b,0xee,0x0,0x0,0x17,0xd6,0xa,0x78,
  0x86,0xef,0x0,0x0,0x44,0x71,0xa,0x7b,0x51,0xa3,0x0,0x0,0xd0,0x7c,0xa,0x7e,
  0xa4,0xe9,0x0,0x0,0xd6,0xe2,0xa,0x82,0x78,0xb9,0x0,0x0,0x2f,0x84,0xa,0x82,
  0x78,0xb9,0x0,0x1,0x1,0x7e,0xa,0x83,0x12,0xb9,0x0,0x0,0x30,0xb,0xa,0x8a,
  0x2,0xc3,0x0,0x0,0x44,0x1,0xa,0x98,0x49,0x9c,0x0,0x0,0xf3,0x90,0xa,0x9a,
  0x35,0xd9,0x0,0x0,0x4e,0xd6,0xa,0x9e,0xd,0xae,0x0,0x0,0x8f,0xf0,0xa,0xa6,
  0x7f,0xee,0x0,0x0,0xfa,0xe9,0xa,0xae,0xec,0x19,0x0,0x0,0xa9,0x77,0xa,0xb9,
  0xe8,0x62,0x0,0x0,0xcb,0xbc,0xa,0xc5,0x55,0x9,0x0,0x0,0xae,0xf5,0xa,0xc8,
  0x97,0xc5,0x0,0x0,0x67,0x84,0xa,0xca,0x80,0x53,0x0,0x1,0x1b,0x53,0xa,0xca,
  0x80,0x73,0x0,0x0,0x44,0x3e,0xa,0xca,0xb6,0x4a,0x0,0x0,0x43,0x91,0xa,0xce,
  0xec,0x43,0x0,0x0,0xc3,0xda,0xa,0xd2,0x5f,0x64,0x0,0x0,0xe5,0x1,0xa,0xd7,
  0x3f,0x43,0x0,0x0,0x15,0xfb,0xa,0xe7,0x4c,0x14,0x0,0x0,0x26,0xc8,0xa,0xe7,
  0x4c,0x14,0x0,0x0,0x7b,0x7b,0xa,0xe7,0xe6,0x65,0x0,0x0,0x51,0x26,0xa,0xe8,
  0xc7,0x93,0x0,0x0,0x41,0x6e,0xa,0xe8,0xc7,0x93,0x0,0x0,0x8a,0x22,0xa,0xee,
  0x20,0x8e,0x0,0x0,0x78,0xd9,0xa,0xf4,0x3b,0xce,0x0,0x1,0x16,0xee,0xa,0xf7,
  0x4d,0xc,0x0,0x0,0xf8,0x63,0xa,0xf7,0xe2,0x43,0x0,0x0,0x5e,0x74,0xa,0xfe,
  0x69,0xf,0x0,0x0,0xf0,0xc7,0xb,0x0,0x29,0x31,0x0,0x0,0x23,0xc1,0xb,0x3,
  0x60,0xd5,0x0,0x0,0x25,0x27,0xb,0x6,0xf3,0x15,0x0,0x0,0x4f,0xb0,0xb,0x9,
  0x79,0x65,0x0,0x0,0xa8,0x41,0xb,0x9,0x98,0xc4,0x0,0x0,0xf6,0x29,0xb,0xc,
  0x2,0x73,0x0,0x0,0x24,0xfa,0xb,0xe,0x64,0x13,0x0,0x0,0x8a,0x92,0xb,0xe,
  0x64,0x13,0x0,0x0,0xd7,0x4e,0xb,0xf,0x5,0x23,0x0,0x1,0xb,0x39,0xb,0x11,
  0xed,0x25,0x0,0x0,0x98,0xdf,0xb,0x12,0xe1,0x78,0x0,0x0,0x23,0x5,0xb,0x13,
  0x55,0x5a,0x0,0x0,0x53,0xb6,0xb,0x24,0x1e,0x85,0x0,0x0,0xab,0x23,0xb,0x2c,
  0x76,0x29,0x0,0x0,0x99,0xd9,0xb,0x2c,0x76,0x29,0x0,0x0,0xaf,0x5a,0xb,0x2f,
  0x75,0x69,0x0,0x0,0x31,0x62,0xb,0x2f,0x75,0x69,0x0,0x0,0xd2,0x3f,0xb,0x31,
  0xe8,0x45,0x0,0x0,0x97,0xf2,0xb,0x3f,0xb2,0x9a,0x0,0x0,0x52,0x8,0xb,0x40,
  0x88,0xc4,0x0,0x0,0x7f,0x32,0xb,0x5f,0x64,0x3,0x0,0x0,0x4d,0x67,0xb,0x67,
  0x89,0x14,0x0,0x0,0xb1,0x37,0xb,0x6d,0x5a,0x9a,0x0,0x0,0xc8,0x46,0xb,0x6d,
  0x8f,0xaa,0x0,0x0,0x4f,0x75,0xb,0x76,0x21,0x83,0x0,0x0,0x19,0xfc,0xb,0x7d,
  0x1d,0xa,0x0,0x0,0xed,0x8b,0xb,0x7d,0xd7,0xe,0x0,0x1,0x1d,0x1f,0xb,0x96,
  0xb2,0x5a,0x0,0x0,0x79,0x88,0xb,0x9c,0xd0,0x19,0x0,0x0,0x24,0x6c,0xb,0xad,
  0xb1,0x55,0x0,0x0,0x21,0xc5,0xb,0xae,0x63,0x53,0x0,0x0,0x59,0x48,0xb,0xae,
  0x63,0x53,0x0,0x0,0xe4,0xd4,0xb,0xae,0x63,0x53,0x0,0x1,0x1a,0x35,0xb,0xb1,
  0xef,0x51,0x0,0x0,0x20,0x83,0xb,0xb4,0xe6,0xde,0x0,0x0,0x8b,0xe3,0xb,0xb6,
  0xf0,0x5a,0x0,0x0,0x79,0xd6,0xb,0xb6,0xf0,0x5a,0x0,0x1,0xb,0xd,0xb,0xb6,
  0xf0,0x5a,0x0,0x1,0x11,0x60,0xb,0xb6,0xf0,0x5a,0x0,0x1,0x19,0xdb,0xb,0xb8,
  0x54,0xea,0x0,0x0,0xb3,0x73,0xb,0xbe,0x93,0x8a,0x0,0x0,0xcd,0xda,0xb,0xc8,
  0xe2,0x3d,0x0,0x0,0x2e,0x87,0xb,0xcb,0x8e,0x1c,0x0,0x0,0x62,0x79,0xb,0xd7,
  0x2e,0x1c,0x0,0x0,0x62,0xb4,0xb,0xe1,0x2f,0xcc,0x0,0x0,0x62,0xef,0xb,0xe5,
  0x6d,0x43,0x0,0x0,0x27,0xa4,0xb,0xed,0xf2,0xc4,0x0,0x0,0x55,0x7d,0xc,0x2,
  0xa,0x65,0x0,0x0,0xe1,0xdb,0xc,0x5,0x71,0xc4,0x0,0x0,0xdf,0x65,0xc,0x9,
  0xeb,0x83,0x0,0x0,0xdc,0xee,0xc,0x13,0xb,0xc5,0x0,0x0,0x22,0x62,0xc,0x1b,
  0x9f,0x6a,0x0,0x0,0xed,0x55,0xc,0x1c,0x28,0xd3,0x0,0x0,0x89,0xe2,0xc,0x1d,
  0x28,0xa1,0x0,0x0,0x20,0xc0,0xc,0x23,0xb9,0xa3,0x0,0x0,0x16,0x30,0xc,0x24,
  0xe2,0x3b,0x0,0x0,0x18,0x7,0xc,0x2a,0x50,0xda,0x0,0x1,0xe,0x43,0xc,0x39,
  0x5b,0x4a,0x0,0x0,0x4c,0xd8,0xc,0x3f,0xb4,0x49,0x0,0x0,0x49,0x87,0xc,0x4c,
  0x10,0xfc,0x0,0x0,0xc2,0x5c,0xc,0x5a,0x2c,0x33,0x0,0x0,0x1f,0x66,0xc,0x68,
  0xe0,0xf5,0x0,0x0,0x1f,0x37,0xc,0x6b,0x60,0xc2,0x0,0x0,0xf1,0x1b,0xc,0x6c,
  0x7d,0x2e,0x0,0x0,0xda,0x74,0xc,0x6d,0xcf,0xbe,0x0,0x0,0xc2,0x91,0xc,0x6f,
  0x63,0x33,0x0,0x0,0x7b,0x3c,0xc,0x6f,0xdb,0x93,0x0,0x1,0x1f,0xb,0xc,0x70,
  0x92,0xf4,0x0,0x0,0x21,0xf6,0xc,0x71,0x2d,0x4e,0x0,0x0,0xda,0x35,0xc,0x72,
  0x65,0xc5,0x0,0x0,0x1e,0x41,0xc,0x77,0x9c,0xb3,0x0,0x0,0xe9,0x2c,0xc,0x77,
  0x9e,0xb3,0x0,0x0,0x98,0xad,0xc,0x94,0xb2,0x15,0x0,0x0,0xd0,0x30,0xc,0x94,
  0xf1,0x4,0x0,0x0,0xe7,0xc6,0xc,0x94,0xf1,0x24,0x0,0x0,0x8c,0x41,0xc,0x95,
  0x86,0x65,0x0,0x0,0x98,0x21,0xc,0x96,0xa0,0x1e,0x0,0x0,0x46,0x1d,0xc,0x97,
  0xb3,0x99,0x0,0x0,0xad,0xbd,0xc,0x9b,0x62,0xfc,0x0,0x0,0xcc,0xe1,0xc,0x9d,
  0x57,0xe,0x0,0x0,0xf5,0x47,0xc,0x9e,0x3f,0xe4,0x0,0x0,0x79,0x58,0xc,0x9e,
  0x3f,0xe4,0x0,0x0,0xdf,0x37,0xc,0x9e,0x3f,0xe4,0x0,0x1,0xa,0x8f,0xc,0xa1,
  0xd6,0x64,0x0,0x0,0x42,0x1c,0xc,0xaa,0xc7,0x69,0x0,0x0,0xd0,0xc8,0xc,0xb0,
  0x9d,0x4e,0x0,0x0,0xc8,0xdf,0xc,0xb1,0xbd,0x6e,0x0,0x1,0x1e,0x4f,0xc,0xb6,
  0xd1,0x4c,0x0,0x0,0xe9,0xe7,0xc,0xc4,0x45,0xb4,0x0,0x0,0x2b,0x4a,0xc,0xc9,
  0xbb,0x22,0x0,0x0,0xd8,0x96,0xc,0xc9,0xca,0xa7,0x0,0x0,0x79,0x2b,0xc,0xcd,
  0x4b,0x2a,0x0,0x0,0x56,0x81,0xc,0xd2,0x78,0xe5,0x0,0x0,0x59,0x7e,0xc,0xd9,
  0x3b,0xe3,0x0,0x1,0x19,0xa2,0xc,0xdb,0x44,0xf6,0x0,0x0,0x70,0x86,0xc,0xdd,
  0xc2,0x3,0x0,0x0,0x69,0x8b,0xc,0xe0,0xe1,0x24,0x0,0x0,0x3e,0xae,0xc,0xe5,
  0xc8,0x4,0x0,0x0,0xe2,0x60,0xc,0xee,0xc4,0xca,0x0,0x0,0xc4,0x8,0xd,0x3,
  0x27,0x85,0x0,0x0,0xa5,0xdd,0xd,0x3,0x27,0x85,0x0,0x0,0xeb,0x74,0xd,0x9,
  0xbc,0x5a,0x0,0x0,0x4a,0xb1,0xd,0x1e,0x6d,0xb4,0x0,0x0,0xbb,0xb3,0xd,0x26,
  0x70,0x1a,0x0,0x0,0xcd,0x24,0xd,0x29,0x70,0xae,0x0,0x0,0xe2,0x1c,0xd,0x2e,
  0x80,0x5c,0x0,0x1,0x11,0xc8,0xd,0x30,0x4a,0x35,0x0,0x0,0x3e,0x67,0xd,0x36,
  0xb3,0x83,0x0,0x0,0x1f,0xc5,0xd,0x39,0xc1,0x6a,0x0,0x0,0x6b,0x64,0xd,0x40,
  0x6f,0xbe,0x0,0x0,0x5c,0x2b,0xd,0x44,0x5a,0x3,0x0,0x0,0xd8,0x53,0xd,0x4a,
  0x56,0x13,0x0,0x1,0x7,0xe1,0xd,0x5d,0x53,0xee,0x0,0x0,0x88,0x9e,0xd,0x5d,
  0x98,0x9,0x0,0x0,0xc4,0xe5,0xd,0x61,0xc9,0xff,0x0,0x0,0x43,0x53,0xd,0x61,
  0xc9,0xff,0x0,0x0,0xf0,0x8c,0xd,0x63,0xe3,0xe4,0x0,0x0,0xbf,0xc9,0xd,0x66,
  0x17,0x1d,0x0,0x0,0xc6,0x5b,0xd,0x7c,0xbe,0x6a,0x0,0x0,0x2a,0xfb,0xd,0x7e,
  0x4b,0x1a,0x0,0x0,0x54,0x91,0xd,0x81,0x8d,0x4e,0x0,0x0,0x9c,0xb2,0xd,0x89,
  0x50,0x17,0x0,0x0,0x7c,0x1d,0xd,0x89,0x50,0x17,0x0,0x0,0xb5,0x22,0xd,0x89,
  0x50,0x17,0x0,0x0,0xc2,0x2b,0xd,0x89,0x50,0x17,0x0,0x0,0xf3,0x64,0xd,0x89,
  0xa0,0xf3,0x0,0x0,0x1c,0x28,0xd,0x8d,0xfc,0xe,0x0,0x1,0x1e,0xc4,0xd,0x90,
  0xb1,0x8d,0x0,0x0,0x4c,0x54,0xd,0x90,0xb1,0x8d,0x0,0x0,0x97,0x2,0xd,0x91,
  0x75,0x9f,0x0,0x0,0x72,0xdc,0xd,0x99,0xdc,0x75,0x0,0x0,0x15,0xd0,0xd,0xa5,
  0xd,0x7a,0x0,0x0,0x64,0xcc,0xd,0xb0,0x1b,0x78,0x0,0x0,0x69,0xbf,0xd,0xb4,
  0xb8,0x3,0x0,0x0,0xdf,0xe7,0xd,0xb9,0x35,0x83,0x0,0x0,0xb1,0xae,0xd,0xbd,
  0x45,0xea,0x0,0x0,0x42,0x96,0xd,0xbf,0xff,0xce,0x0,0x0,0xed,0xed,0xd,0xc4,
  0xc8,0x3c,0x0,0x0,0x48,0x4a,0xd,0xc6,0x8b,0xc9,0x0,0x0,0xe8,0x45,0xd,0xc6,
  0x8b,0xe9,0x0,0x0,0x8d,0xcd,0xd,0xc7,0x7c,0x3e,0x0,0x0,0x36,0xba,0xd,0xd2,
  0x2e,0x4,0x0,0x0,0x17,0x46,0xd,0xdb,0x37,0xd5,0x0,0x0,0x1e,0xeb,0xd,0xdb,
  0xd2,0x1e,0x0,0x0,0x6a,0xfb,0xd,0xdc,0x70,0x5e,0x0,0x0,0xcf,0x9d,0xd,0xdc,
  0xec,0x8e,0x0,0x0,0xfe,0xab,0xd,0xe0,0x71,0xb5,0x0,0x0,0xd1,0x72,0xd,0xe4,
  0x3a,0x24,0x0,0x0,0xe9,0x5b,0xd,0xe4,0x40,0x24,0x0,0x0,0x99,0xd,0xd,0xf5,
  0x66,0x8e,0x0,0x0,0x18,0x65,0xd,0xff,0xd3,0xca,0x0,0x0,0x76,0xd7,0xe,0x1,
  0x2e,0x31,0x0,0x1,0x1c,0x8,0xe,0x2,0x39,0xa3,0x0,0x0,0xeb,0x1b,0xe,0x11,
  0x6c,0x24,0x0,0x0,0xac,0xd7,0xe,0x11,0x6c,0x24,0x0,0x0,0xbd,0x83,0xe,0x22,
  0x39,0xa3,0x0,0x0,0xa5,0x7e,0xe,0x41,0x6f,0x11,0x0,0x0,0xb7,0xbe,0xe,0x41,
  0xbe,0x54,0x0,0x0,0xa6,0x6d,0xe,0x56,0x47,0x6e,0x0,0x1,0x1f,0x3f,0xe,0x56,
  0xeb,0x2c,0x0,0x0,0xc4,0xac,0xe,0x58,0x43,0x1a,0x0,0x0,0x52,0xfc,0xe,0x58,
  0x67,0x1e,0x0,0x0,0xd9,0x48,0xe,0x5d,0xa8,0xec,0x0,0x0,0xe4,0x27,0xe,0x6a,
  0xf2,0x7d,0x0,0x0,0xb6,0x6b,0xe,0x6f,0x68,0xae,0x0,0x0,0x51,0x98,0xe,0x75,
  0xd0,0x54,0x0,0x0,0x26,0xf1,0xe,0x82,0x58,0xe4,0x0,0x0,0x29,0x5b,0xe,0x83,
  0x83,0x2e,0x0,0x0,0x3c,0x7,0xe,0x8c,0x75,0x60,0x0,0x0,0x41,0x2b,0xe,0x90,
  0x1a,0xc3,0x0,0x0,0x22,0xce,0xe,0x94,0x99,0xa4,0x0,0x0,0x3d,0x8f,0xe,0x94,
  0xd6,0x51,0x0,0x0,0x75,0xa3,0xe,0xa2,0x50,0x2e,0x0,0x0,0x8c,0xa0,0xe,0xa3,
  0x94,0xb9,0x0,0x1,0x0,0xb7,0xe,0xa3,0x94,0xb9,0x0,0x1,0x1,0x4b,0xe,0xa3,
  0xe0,0xfe,0x0,0x0,0xdd,0x72,0xe,0xa6,0xac,0xa9,0x0,0x0,0xec,0x43,0xe,0xb1,
  0x56,0x63,0x0,0x0,0x23,0x34,0xe,0xb1,0x94,0xb9,0x0,0x0,0x32,0x33,0xe,0xb3,
  0xec,0x8a,0x0,0x0,0xb0,0xe5,0xe,0xbd,0x2c,0xa3,0x0,0x0,0xc8,0xa7,0xe,0xc1,
  0xd2,0x8a,0x0,0x0,0x60,0x97,0xe,0xc1,0xd2,0x8a,0x0,0x0,0xb5,0x93,0xe,0xc1,
  0xd2,0x8d,0x0,0x0,0x7d,0xa3,0xe,0xc1,0xd2,0x9a,0x0,0x0,0x60,0x49,0xe,0xc1,
  0xd2,0x9a,0x0,0x0,0xb5,0x4b,0xe,0xc1,0xd2,0x9d,0x0,0x0,0x7d,0x58,0xe,0xc1,
  0xd2,0xaa,0x0,0x0,0x61,0xe7,0xe,0xc1,0xd2,0xaa,0x0,0x0,0xb6,0x23,0xe,0xc1,
  0xd2,0xad,0x0,0x0,0x7e,0x39,0xe,0xc1,0xd2,0xba,0x0,0x0,0x61,0x99,0xe,0xc1,
  0xd2,0xba,0x0,0x0,0xb5,0xdb,0xe,0xc1,0xd2,0xbd,0x0,0x0,0x7d,0xee,0xe,0xc2,
  0xe9,0x23,0x0,0x0,0xaa,0x20,0xe,0xc6,0xc9,0xe4,0x0,0x0,0x20,0x46,0xe,0xce,
  0xdd,0xea,0x0,0x0,0x5f,0x7e,0xe,0xd4,0xe1,0x7d,0x0,0x0,0xb7,0x4a,0xe,0xd7,
  0x3e,0xf3,0x0,0x0,0x46,0xf6,0xe,0xeb,0x0,0x9,0x0,0x0,0x7e,0xdf,0xe,0xeb,
  0xa8,0x8a,0x0,0x0,0x7d,0x17,0xe,0xed,0x50,0x24,0x0,0x0,0xb0,0x6e,0xe,0xed,
  0xb9,0x73,0x0,0x0,0xc1,0x3d,0xe,0xfc,0x84,0x2e,0x0,0x0,0x35,0xc1,0xf,0x0,
  0xf0,0xa,0x0,0x0,0xed,0x1f,0xf,0x9,0x17,0x5a,0x0,0x0,0x61,0x59,0xf,0x14,
  0x45,0xb0,0x0,0x0,0x1d,0xeb,0xf,0x18,0x5c,0x73,0x0,0x1,0xe,0xe6,0xf,0x1b,
  0x96,0xe9,0x0,0x0,0x4b,0x1,0xf,0x27,0x14,0x21,0x0,0x0,0xb6,0xa5,0xf,0x27,
  0xf1,0x8e,0x0,0x1,0x13,0x4a,0xf,0x2c,0x64,0x1a,0x0,0x0,0x76,0x9f,0xf,0x38,
  0xc5,0xbe,0x0,0x0,0xa3,0x30,0xf,0x4e,0xc2,0xaa,0x0,0x1,0xa,0x20,0xf,0x50,
  0x3f,0x7e,0x0,0x0,0xf2,0xb7,0xf,0x50,0x43,0xfe,0x0,0x0,0x27,0x17,0xf,0x5a,
  0xf2,0xda,0x0,0x0,0x78,0x9e,0xf,0x5e,0xcb,0xe,0x0,0x0,0x87,0x28,0xf,0x74,
  0xd5,0x5,0x0,0x0,0x24,0xa0,0xf,0x7d,0x7c,0x54,0x0,0x0,0xbf,0x6a,0xf,0x7e,
  0xab,0x84,0x0,0x0,0x27,0x72,0xf,0x85,0xb5,0xae,0x0,0x0,0x8e,0x5,0xf,0x8b,
  0x7e,0xca,0x0,0x0,0xc1,0xf5,0xf,0xa3,0xcd,0x93,0x0,0x1,0x17,0x4e,0xf,0xa4,
  0xee,0xae,0x0,0x0,0x34,0xe,0xf,0xa5,0xe5,0xf2,0x0,0x0,0x86,0x84,0xf,0xac,
  0x21,0x3a,0x0,0x0,0x7a,0xf9,0xf,0xb5,0x6f,0x22,0x0,0x0,0x41,0xde,0xf,0xb6,
  0x27,0xa8,0x0,0x0,0xc5,0xf5,0xf,0xb6,0xc2,0xae,0x0,0x0,0xa8,0x9a,0xf,0xbd,
  0x9c,0xfa,0x0,0x0,0x64,0x90,0xf,0xc7,0x40,0x6e,0x0,0x0,0xfa,0x75,0xf,0xce,
  0xc2,0x7e,0x0,0x0,0x72,0x5d,0xf,0xd0,0x5f,0x55,0x0,0x0,0x16,0xec,0xf,0xd3,
  0x4e,0x93,0x0,0x0,0x43,0x18,0xf,0xdd,0xbc,0xe,0x0,0x0,0xa0,0xdc,0xf,0xde,
  0xd,0xb9,0x0,0x0,0x49,0x49,0xf,0xe1,0xda,0x83,0x0,0x0,0x7a,0x75,0xf,0xe4,
  0xc,0x45,0x0,0x0,0xf8,0xf6,0xf,0xe5,0x6a,0x99,0x0,0x1,0x0,0xe8,0xf,0xe8,
  0xe3,0x15,0x0,0x0,0x1e,0x80,0xf,0xef,0xbe,0x9a,0x0,0x0,0x49,0xa,0xf,0xf6,
  0xf4,0x45,0x0,0x0,0xc7,0xc4,0xf,0xfa,0xe5,0x1e,0x0,0x0,0xfd,0xf,0x69,0x0,
  0x1,0x1f,0xc3,0x3,0x0,0x0,0xe,0x28,0x0,0x3c,0x0,0x68,0x0,0x74,0x0,0x6d,
  0x0,0x6c,0x0,0x3e,0x0,0x3c,0x0,0x68,0x0,0x65,0x0,0x61,0x0,0x64,0x0,0x2f,
  0x0,0x3e,0x0,0x3c,0x0,0x62,0x0,0x6f,0x0,0x64,0x0,0x79,0x0,0x3e,0x0,0x3c,
  0x0,0x70,0x0,0x3e,0x0,0x3c,0x0,0x73,0x0,0x70,0x0,0x61,0x0,0x6e,0x0,0x20,
  0x0,0x73,0x0,0x74,0x0,0x79,0x0,0x6c,0x0,0x65,0x0,0x3d,0x0,0x22,0x0,0x20,
  0x0,0x66,0x0,0x6f,0x0,0x6e,0x0,0x74,0x0,0x2d,0x0,0x73,0x0,0x69,0x0,0x7a,
  0x0,0x65,0x0,0x3a,0x0,0x31,0x0,0x36,0x0,0x70,0x0,0x74,0x0,0x3b,0x0,0x20,
  0x0,0x66,0x0,0x6f,0x0,0x6e,0x0,0x74,0x0,0x2d,0x0,0x77,0x0,0x65,0x0,0x69,
  0x0,0x67,0x0,0x68,0x0,0x74,0x0,0x3a,0x0,0x36,0x0,0x30,0x0,0x30,0x0,0x3b,
  0x0,0x22,0x0,0x3e,0x0,0x43,0x0,0x75,0x0,0x62,0x0,0x69,0x0,0x6f,0x0,0x6d,
  0x0,0x65,0x0,0x73,0x0,0x2d,0x0,0x56,0x0,0x69,0x0,0x65,0x0,0x77,0x0,0x65,
  0x0,0x72,0x0,0x20,0x0,0x5f,0x0,0x56,0x0,0x45,0x0,0x52,0x0,0x53,0x0,0x49,
  0x0,0x4f,0x0,0x4e,0x0,0x5f,0x0,0x3c,0x0,0x2f,0x0,0x73,0x0,0x70,0x0,0x61,
  0x0,0x6e,0x0,0x3e,0x0,0x3c,0x0,0x2f,0x0,0x70,0x0,0x3e,0x0,0x3c,0x0,0x70,
  0x0,0x3e,0x53,0xd1,0x5e,0x3,0x65,0xe5,0x67,0x1f,0x0,0x3a,0x0,0x20,0x0,0x5f,
  0x0,0x44,0x0,0x41,0x0,0x54,0x0,0x45,0x0,0x5f,0x0,0x3c,0x0,0x2f,0x0,0x70,
  0x0,0x3e,0x0,0x3c,0x0,0x70,0x0,0x3e,0x98,0x79,0x76,0xee,0x57,0x30,0x57,0x40,
  0x0,0x3a,0x0,0x20,0x0,0x3c,0x0,0x61,0x0,0x20,0x0,0x68,0x0,0x72,0x0,0x65,
  0x0,0x66,0x0,0x3d,0x0,0x22,0x0,0x68,0x0,0x74,0x0,0x74,0x0,0x70,0x0,0x73,
  0x0,0x3a,0x0,0x2f,0x0,0x2f,0x0,0x67,0x0,0x69,0x0,0x74,0x0,0x68,0x0,0x75,
  0x0,0x62,0x0,0x2e,0x0,0x63,0x0,0x6f,0x0,0x6d,0x0,0x2f,0x0,0x43,0x0,0x75,
  0x0,0x62,0x0,0x69,0x0,0x74,0x0,0x65,0x0,0x63,0x0,0x74,0x0,0x2f,0x0,0x63,
  0x0,0x75,0x0,0x62,0x0,0x69,0x0,0x6f,0x0,0x6d,0x0,0x65,0x0,0x73,0x0,0x2d,
  0x0,0x76,0x0,0x69,0x0,0x65,0x0,0x77,0x0,0x65,0x0,0x72,0x0,0x22,0x0,0x3e,
  0x0,0x3c,0x0,0x73,0x0,0x70,0x0,0x61,0x0,0x6e,0x0,0x20,0x0,0x73,0x0,0x74,
  0x0,0x79,0x0,0x6c,0x0,0x65,0x0,0x3d,0x0,0x22,0x0,0x20,0x0,0x74,0x0,0x65,
  0x0,0x78,0x0,0x74,0x0,0x2d,0x0,0x64,0x0,0x65,0x0,0x63,0x0,0x6f,0x0,0x72,
  0x0,0x61,0x0,0x74,0x0,0x69,0x0,0x6f,0x0,0x6e,0x0,0x3a,0x0,0x20,0x0,0x75,
  0x0,0x6e,0x0,0x64,0x0,0x65,0x0,0x72,0x0,0x6c,0x0,0x69,0x0,0x6e,0x0,0x65,
  0x0,0x3b,0x0,0x20,0x0,0x63,0x0,0x6f,0x0,0x6c,0x0,0x6f,0x0,0x72,0x0,0x3a,
  0x0,0x23,0x0,0x30,0x0,0x30,0x0,0x35,0x0,0x37,0x0,0x61,0x0,0x65,0x0,0x3b,
  0x0,0x22,0x0,0x3e,0x0,0x68,0x0,0x74,0x0,0x74,0x0,0x70,0x0,0x73,0x0,0x3a,
  0x0,0x2f,0x0,0x2f,0x0,0x67,0x0,0x69,0x0,0x74,0x0,0x68,0x0,0x75,0x0,0x62,
  0x0,0x2e,0x0,0x63,0x0,0x6f,0x0,0x6d,0x0,0x2f,0x0,0x43,0x0,0x75,0x0,0x62,
  0x0,0x69,0x0,0x74,0x0,0x65,0x0,0x63,0x0,0x74,0x0,0x2f,0x0,0x63,0x0,0x75,
  0x0,0x62,0x0,0x69,0x0,0x6f,0x0,0x6d,0x0,0x65,0x0,0x73,0x0,0x2d,0x0,0x76,
  0x0,0x69,0x0,0x65,0x0,0x77,0x0,0x65,0x0,0x72,0x0,0x3c,0x0,0x2f,0x0,0x73,
  0x0,0x70,0x0,0x61,0x0,0x6e,0x0,0x3e,0x0,0x3c,0x0,0x2f,0x0,0x61,0x0,0x3e,
  0x0,0x3c,0x0,0x2f,0x0,0x70,0x0,0x3e,0x0,0x3c,0x0,0x70,0x0,0x3e,0x8b,0xb8,
  0x53,0xef,0x8b,0xc1,0x0,0x3a,0x0,0x20,0x0,0x3c,0x0,0x61,0x0,0x20,0x0,0x68,
  0x0,0x72,0x0,0x65,0x0,0x66,0x0,0x3d,0x0,0x22,0x0,0x68,0x0,0x74,0x0,0x74,
  0x0,0x70,0x0,0x73,0x0,0x3a,0x0,0x2f,0x0,0x2f,0x0,0x77,0x0,0x77,0x0,0x77,
  0x0,0x2e,0x0,0x67,0x0,0x6e,0x0,0x75,0x0,0x2e,0x0,0x6f,0x0,0x72,0x0,0x67,
  0x0,0x2f,0x0,0x6c,0x0,0x69,0x0,0x63,0x0,0x65,0x0,0x6e,0x0,0x73,0x0,0x65,
  0x0,0x73,0x0,0x2f,0x0,0x67,0x0,0x70,0x0,0x6c,0x0,0x2d,0x0,0x33,0x0,0x2e,
  0x0,0x30,0x0,0x2e,0x0,0x65,0x0,0x6e,0x0,0x2e,0x0,0x68,0x0,0x74,0x0,0x6d,
  0x0,0x6c,0x0,0x22,0x0,0x3e,0x0,0x3c,0x0,0x73,0x0,0x70,0x0,0x61,0x0,0x6e,
  0x0,0x20,0x0,0x73,0x0,0x74,0x0,0x79,0x0,0x6c,0x0,0x65,0x0,0x3d,0x0,0x22,
  0x0,0x20,0x0,0x74,0x0,0x65,0x0,0x78,0x0,0x74,0x0,0x2d,0x0,0x64,0x0,0x65,
  0x0,0x63,0x0,0x6f,0x0,0x72,0x0,0x61,0x0,0x74,0x0,0x69,0x0,0x6f,0x0,0x6e,
  0x0,0x3a,0x0,0x20,0x0,0x75,0x0,0x6e,0x0,0x64,0x0,0x65,0x0,0x72,0x0,0x6c,
  0x0,0x69,0x0,0x6e,0x0,0x65,0x0,0x3b,0x0,0x20,0x0,0x63,0x0,0x6f,0x0,0x6c,
  0x0,0x6f,0x0,0x72,0x0,0x3a,0x0,0x23,0x0,0x30,0x0,0x30,0x0,0x35,0x0,0x37,
  0x0,0x61,0x0,0x65,0x0,0x3b,0x0,0x22,0x0,0x3e,0x0,0x47,0x0,0x50,0x0,0x4c,
  0x0,0x76,0x0,0x33,0x0,0x3c,0x0,0x2f,0x0,0x73,0x0,0x70,0x0,0x61,0x0,0x6e,
  0x0,0x3e,0x0,0x3c,0x0,0x2f,0x0,0x61,0x0,0x3e,0x0,0x3c,0x0,0x2f,0x0,0x70,
  0x0,0x3e,0x0,0x3c,0x0,0x70,0x0,0x3e,0x0,0x3c,0x0,0x62,0x0,0x72,0x0,0x2f,
  0x0,0x3e,0x0,0x3c,0x0,0x73,0x0,0x70,0x0,0x61,0x0,0x6e,0x0,0x20,0x0,0x73,
  0x0,0x74,0x0,0x79,0x0,0x6c,0x0,0x65,0x0,0x3d,0x0,0x22,0x0,0x20,0x0,0x66,
  0x0,0x6f,0x0,0x6e,0x0,0x74,0x0,0x2d,0x0,0x73,0x0,0x69,0x0,0x7a,0x0,0x65,
  0x0,0x3a,0x0,0x31,0x0,0x32,0x0,0x70,0x0,0x74,0x0,0x3b,0x0,0x20,0x0,0x66,
  0x0,0x6f,0x0,0x6e,0x0,0x74,0x0,0x2d,0x0,0x77,0x0,0x65,0x0,0x69,0x0,0x67,
  0x0,0x68,0x0,0x74,0x0,0x3a,0x0,0x36,0x0,0x30,0x0,0x30,0x0,0x3b,0x0,0x22,
  0x0,0x3e,0x53,0xc2,0x80,0x3,0x54,0x8c,0x6c,0xd5,0x5f,0x8b,0x4f,0xe1,0x60,0x6f,
  0x0,0x3c,0x0,0x2f,0x0,0x73,0x0,0x70,0x0,0x61,0x0,0x6e,0x0,0x3e,0x0,0x3c,
  0x0,0x2f,0x0,0x70,0x0,0x3e,0x0,0x3c,0x0,0x70,0x0,0x3e,0x20,0x14,0x0,0x20,
  0x0,0x4d,0x0,0x69,0x0,0x6e,0x0,0x65,0x0,0x63,0x0,0x72,0x0,0x61,0x0,0x66,
  0x0,0x74,0x7f,0xa4,0x7c,0xfb,0x54,0x8c,0x7e,0xd3,0x67,0x84,0x75,0x1f,0x62,0x10,
  0x0,0x3a,0x0,0x20,0x0,0x3c,0x0,0x61,0x0,0x20,0x0,0x68,0x0,0x72,0x0,0x65,
  0x0,0x66,0x0,0x3d,0x0,0x22,0x0,0x68,0x0,0x74,0x0,0x74,0x0,0x70,0x0,0x73,
  0x0,0x3a,0x0,0x2f,0x0,0x2f,0x0,0x67,0x0,0x69,0x0,0x74,0x0,0x68,0x0,0x75,
  0x0,0x62,0x0,0x2e,0x0,0x63,0x0,0x6f,0x0,0x6d,0x0,0x2f,0x0,0x43,0x0,0x75,
  0x0,0x62,0x0,0x69,0x0,0x74,0x0,0x65,0x0,0x63,0x0,0x74,0x0,0x2f,0x0,0x63,
  0x0,0x75,0x0,0x62,0x0,0x69,0x0,0x6f,0x0,0x6d,0x0,0x65,0x0,0x73,0x0,0x2f,
  0x0,0x22,0x0,0x3e,0x0,0x3c,0x0,0x73,0x0,0x70,0x0,0x61,0x0,0x6e,0x0,0x20,
  0x0,0x73,0x0,0x74,0x0,0x79,0x0,0x6c,0x0,0x65,0x0,0x3d,0x0,0x22,0x0,0x20,
  0x0,0x74,0x0,0x65,0x0,0x78,0x0,0x74,0x0,0x2d,0x0,0x64,0x0,0x65,0x0,0x63,
  0x0,0x6f,0x0,0x72,0x0,0x61,0x0,0x74,0x0,0x69,0x0,0x6f,0x0,0x6e,0x0,0x3a,
  0x0,0x20,0x0,0x75,0x0,0x6e,0x0,0x64,0x0,0x65,0x0,0x72,0x0,0x6c,0x0,0x69,
  0x0,0x6e,0x0,0x65,0x0,0x3b,0x0,0x20,0x0,0x63,0x0,0x6f,0x0,0x6c,0x0,0x6f,
  0x0,0x72,0x0,0x3a,0x0,0x23,0x0,0x30,0x0,0x30,0x0,0x35,0x0,0x37,0x0,0x61,
  0x0,0x65,0x0,0x3b,0x0,0x22,0x0,0x3e,0x0,0x63,0x0,0x75,0x0,0x62,0x0,0x69,
  0x0,0x6f,0x0,0x6d,0x0,0x65,0x0,0x73,0x0,0x3c,0x0,0x2f,0x0,0x73,0x0,0x70,
  0x0,0x61,0x0,0x6e,0x0,0x3e,0x0,0x3c,0x0,0x2f,0x0,0x61,0x0,0x3e,0x0,0x2c,
  0x0,0x20,0x90,0x75,0x71,0x67,0x0,0x20,0x0,0x3c,0x0,0x61,0x0,0x20,0x0,0x68,
  0x0,0x72,0x0,0x65,0x0,0x66,0x0,0x3d,0x0,0x22,0x0,0x68,0x0,0x74,0x0,0x74,
  0x0,0x70,0x0,0x73,0x0,0x3a,0x0,0x2f,0x0,0x2f,0x0,0x6d,0x0,0x69,0x0,0x74,
  0x0,0x2d,0x0,0x6c,0x0,0x69,0x0,0x63,0x0,0x65,0x0,0x6e,0x0,0x73,0x0,0x65,
  0x0,0x2e,0x0,0x6f,0x0,0x72,0x0,0x67,0x0,0x2f,0x0,0x22,0x0,0x3e,0x0,0x3c,
  0x0,0x73,0x0,0x70,0x0,0x61,0x0,0x6e,0x0,0x20,0x0,0x73,0x0,0x74,0x0,0x79,
  0x0,0x6c,0x0,0x65,0x0,0x3d,0x0,0x22,0x0,0x20,0x0,0x74,0x0,0x65,0x0,0x78,
  0x0,0x74,0x0,0x2d,0x0,0x64,0x0,0x65,0x0,0x63,0x0,0x6f,0x0,0x72,0x0,0x61,
  0x0,0x74,0x0,0x69,0x0,0x6f,0x0,0x6e,0x0,0x3a,0x0,0x20,0x0,0x75,0x0,0x6e,
  0x0,0x64,0x0,0x65,0x0,0x72,0x0,0x6c,0x0,0x69,0x0,0x6e,0x0,0x65,0x0,0x3b,
  0x0,0x20,0x0,0x63,0x0,0x6f,0x0,0x6c,0x0,0x6f,0x0,0x72,0x0,0x3a,0x0,0x23,
  0x0,0x30,0x0,0x30,0x0,0x35,0x0,0x37,0x0,0x61,0x0,0x65,0x0,0x3b,0x0,0x22,
  0x0,0x3e,0x0,0x4d,0x0,0x49,0x0,0x54,0x0,0x3c,0x0,0x2f,0x0,0x73,0x0,0x70,
  0x0,0x61,0x0,0x6e,0x0,0x3e,0x0,0x3c,0x0,0x2f,0x0,0x61,0x0,0x3e,0x0,0x20,
  0x8b,0xb8,0x53,0xef,0x8b,0xc1,0x8f,0xdb,0x88,0x4c,0x52,0x6,0x53,0xd1,0x30,0x2,
  0x0,0x3c,0x0,0x2f,0x0,0x70,0x0,0x3e,0x0,0x3c,0x0,0x70,0x0,0x3e,0x20,0x14,
  0x0,0x20,0x8d,0xe8,0x5e,0x73,0x53,0xf0,0x0,0x47,0x0,0x55,0x0,0x49,0x5d,0xe5,
  0x51,0x77,0x0,0x3a,0x0,0x20,0x0,0x51,0x0,0x74,0x0,0x20,0x0,0x5f,0x0,0x51,
  0x0,0x54,0x0,0x5f,0x0,0x4d,0x0,0x41,0x0,0x4a,0x0,0x4f,0x0,0x52,0x0,0x5f,
  0x0,0x2e,0x0,0x5f,0x0,0x51,0x0,0x54,0x0,0x5f,0x0,0x4d,0x0,0x49,0x0,0x4e,
  0x0,0x4f,0x0,0x52,0x0,0x5f,0x0,0x2c,0x0,0x20,0x90,0x75,0x71,0x67,0x0,0x20,
  0x0,0x3c,0x0,0x61,0x0,0x20,0x0,0x68,0x0,0x72,0x0,0x65,0x0,0x66,0x0,0x3d,
  0x0,0x22,0x0,0x68,0x0,0x74,0x0,0x74,0x0,0x70,0x0,0x73,0x0,0x3a,0x0,0x2f,
  0x0,0x2f,0x0,0x77,0x0,0x77,0x0,0x77,0x0,0x2e,0x0,0x71,0x0,0x74,0x0,0x2e,
  0x0,0x69,0x0,0x6f,0x0,0x2f,0x0,0x6c,0x0,0x69,0x0,0x63,0x0,0x65,0x0,0x6e,
  0x0,0x73,0x0,0x69,0x0,0x6e,0x0,0x67,0x0,0x2f,0x0,0x22,0x0,0x3e,0x0,0x3c,
  0x0,0x73,0x0,0x70,0x0,0x61,0x0,0x6e,0x0,0x20,0x0,0x73,0x0,0x74,0x0,0x79,
  0x0,0x6c,0x0,0x65,0x0,0x3d,0x0,0x22,0x0,0x20,0x0,0x74,0x0,0x65,0x0,0x78,
  0x0,0x74,0x0,0x2d,0x0,0x64,0x0,0x65,0x0,0x63,0x0,0x6f,0x0,0x72,0x0,0x61,
  0x0,0x74,0x0,0x69,0x0,0x6f,0x0,0x6e,0x0,0x3a,0x0,0x20,0x0,0x75,0x0,0x6e,
  0x0,0x64,0x0,0x65,0x0,0x72,0x0,0x6c,0x0,0x69,0x0,0x6e,0x0,0x65,0x0,0x3b,
  0x0,0x20,0x0,0x63,0x0,0x6f,0x0,0x6c,0x0,0x6f,0x0,0x72,0x0,0x3a,0x0,0x23,
  0x0,0x30,0x0,0x30,0x0,0x35,0x0,0x37,0x0,0x61,0x0,0x65,0x0,0x3b,0x0,0x22,
  0x0,0x3e,0x0,0x28,0x0,0x4c,0x0,0x29,0x0,0x47,0x0,0x50,0x0,0x4c,0x0,0x76,
  0x0,0x33,0x0,0x3c,0x0,0x2f,0x0,0x73,0x0,0x70,0x0,0x61,0x0,0x6e,0x0,0x3e,
  0x0,0x3c,0x0,0x2f,0x0,0x61,0x0,0x3e,0x0,0x20,0x8b,0xb8,0x53,0xef,0x8b,0xc1,
  0x8f,0xdb,0x88,0x4c,0x52,0x6,0x53,0xd1,0x30,0x2,0x0,0x3c,0x0,0x2f,0x0,0x70,
  0x0,0x3e,0x0,0x3c,0x0,0x70,0x0,0x3e,0x20,0x14,0x0,0x20,0x66,0x97,0x82,0x72,
  0x7c,0xfb,0x8b,0xbe,0x8b,0xa1,0x67,0x65,0x6e,0x90,0x4e,0x8e,0x0,0x20,0x0,0x3c,
  0x0,0x61,0x0,0x20,0x0,0x68,0x0,0x72,0x0,0x65,0x0,0x66,0x0,0x3d,0x0,0x22,
  0x0,0x68,0x0,0x74,0x0,0x74,0x0,0x70,0x0,0x73,0x0,0x3a,0x0,0x2f,0x0,0x2f,
  0x0,0x67,0x0,0x69,0x0,0x74,0x0,0x68,0x0,0x75,0x0,0x62,0x0,0x2e,0x0,0x63,
  0x0,0x6f,0x0,0x6d,0x0,0x2f,0x0,0x43,0x0,0x6f,0x0,0x6c,0x0,0x69,0x0,0x6e,
  0x0,0x44,0x0,0x75,0x0,0x71,0x0,0x75,0x0,0x65,0x0,0x73,0x0,0x6e,0x0,0x6f,
  0x0,0x79,0x0,0x2f,0x0,0x51,0x0,0x44,0x0,0x61,0x0,0x72,0x0,0x6b,0x0,0x53,
  0x0,0x74,0x0,0x79,0x0,0x6c,0x0,0x65,0x0,0x53,0x0,0x68,0x0,0x65,0x0,0x65,
  0x0,0x74,0x0,0x22,0x0,0x3e,0x0,0x3c,0x0,0x73,0x0,0x70,0x0,0x61,0x0,0x6e,
  0x0,0x20,0x0,0x73,0x0,0x74,0x0,0x79,0x0,0x6c,0x0,0x65,0x0,0x3d,0x0,0x22,
  0x0,0x20,0x0,0x74,0x0,0x65,0x0,0x78,0x0,0x74,0x0,0x2d,0x0,0x64,0x0,0x65,
  0x0,0x63,0x0,0x6f,0x0,0x72,0x0,0x61,0x0,0x74,0x0,0x69,0x0,0x6f,0x0,0x6e,
  0x0,0x3a,0x0,0x20,0x0,0x75,0x0,0x6e,0x0,0x64,0x0,0x65,0x0,0x72,0x0,0x6c,
  0x0,0x69,0x0,0x6e,0x0,0x65,0x0,0x3b,0x0,0x20,0x0,0x63,0x0,0x6f,0x0,0x6c,
  0x0,0x6f,0x0,0x72,0x0,0x3a,0x0,0x23,0x0,0x30,0x0,0x30,0x0,0x35,0x0,0x37,
  0x0,0x61,0x0,0x65,0x0,0x3b,0x0,0x22,0x0,0x3e,0x0,0x51,0x0,0x44,0x0,0x61,
  0x0,0x72,0x0,0x6b,0x0,0x53,0x0,0x74,0x0,0x79,0x0,0x6c,0x0,0x65,0x0,0x53,
  0x0,0x68,0x0,0x65,0x0,0x65,0x0,0x74,0x0,0x3c,0x0,0x2f,0x0,0x73,0x0,0x70,
  0x0,0x61,0x0,0x6e,0x0,0x3e,0x0,0x3c,0x0,0x2f,0x0,0x61,0x0,0x3e,0x0,0x2c,
  0x0,0x20,0x90,0x75,0x71,0x67,0x0,0x4d,0x0,0x49,0x0,0x54,0x8b,0xb8,0x53,0xef,
  0x8b,0xc1,0x8f,0xdb,0x88,0x4c,0x52,0x6,0x53,0xd1,0x30,0x2,0x0,0x3c,0x0,0x2f,
  0x0,0x70,0x0,0x3e,0x0,0x3c,0x0,0x70,0x0,0x3e,0x20,0x14,0x0,0x20,0x7f,0xa4,
  0x7c,0xfb,0x98,0x9c,0x82,0x72,0x4e,0xe,0x7e,0xd3,0x67,0x84,0x56,0xfe,0x68,0x7,
  0x67,0x65,0x81,0xea,0x0,0x3a,0x0,0x20,0x0,0x3c,0x0,0x61,0x0,0x20,0x0,0x68,
  0x0,0x72,0x0,0x65,0x0,0x66,0x0,0x3d,0x0,0x22,0x0,0x68,0x0,0x74,0x0,0x74,
  0x0,0x70,0x0,0x73,0x0,0x3a,0x0,0x2f,0x0,0x2f,0x0,0x67,0x0,0x69,0x0,0x74,
  0x0,0x68,0x0,0x75,0x0,0x62,0x0,0x2e,0x0,0x63,0x0,0x6f,0x0,0x6d,0x0,0x2f,
  0x0,0x74,0x0,0x6f,0x0,0x6f,0x0,0x6c,0x0,0x62,0x0,0x6f,0x0,0x78,0x0,0x34,
  0x0,0x6d,0x0,0x69,0x0,0x6e,0x0,0x65,0x0,0x63,0x0,0x72,0x0,0x61,0x0,0x66,
  0x0,0x74,0x0,0x2f,0x0,0x61,0x0,0x6d,0x0,0x69,0x0,0x64,0x0,0x73,0x0,0x74,
  0x0,0x22,0x0,0x3e,0x0,0x3c,0x0,0x73,0x0,0x70,0x0,0x61,0x0,0x6e,0x0,0x20,
  0x0,0x73,0x0,0x74,0x0,0x79,0x0,0x6c,0x0,0x65,0x0,0x3d,0x0,0x22,0x0,0x20,
  0x0,0x74,0x0,0x65,0x0,0x78,0x0,0x74,0x0,0x2d,0x0,0x64,0x0,0x65,0x0,0x63,
  0x0,0x6f,0x0,0x72,0x0,0x61,0x0,0x74,0x0,0x69,0x0,0x6f,0x0,0x6e,0x0,0x3a,
  0x0,0x20,0x0,0x75,0x0,0x6e,0x0,0x64,0x0,0x65,0x0,0x72,0x0,0x6c,0x0,0x69,
  0x0,0x6e,0x0,0x65,0x0,0x3b,0x0,0x20,0x0,0x63,0x0,0x6f,0x0,0x6c,0x0,0x6f,
  0x0,0x72,0x0,0x3a,0x0,0x23,0x0,0x30,0x0,0x30,0x0,0x35,0x0,0x37,0x0,0x61,
  0x0,0x65,0x0,0x3b,0x0,0x22,0x0,0x3e,0x0,0x41,0x0,0x6d,0x0,0x69,0x0,0x64,
  0x0,0x73,0x0,0x74,0x0,0x3c,0x0,0x2f,0x0,0x73,0x0,0x70,0x0,0x61,0x0,0x6e,
  0x0,0x3e,0x0,0x3c,0x0,0x2f,0x0,0x61,0x0,0x3e,0x0,0x2c,0x0,0x20,0x90,0x75,
  0x71,0x67,0x0,0x4d,0x0,0x49,0x0,0x54,0x8b,0xb8,0x53,0xef,0x8b,0xc1,0x8f,0xdb,
  0x88,0x4c,0x52,0x6,0x53,0xd1,0x30,0x2,0x0,0x3c,0x0,0x2f,0x0,0x70,0x0,0x3e,
  0x0,0x3c,0x0,0x70,0x0,0x3e,0x20,0x14,0x0,0x20,0x0,0x3c,0x0,0x61,0x0,0x20,
  0x0,0x68,0x0,0x72,0x0,0x65,0x0,0x66,0x0,0x3d,0x0,0x22,0x0,0x68,0x0,0x74,
  0x0,0x74,0x0,0x70,0x0,0x73,0x0,0x3a,0x0,0x2f,0x0,0x2f,0x0,0x77,0x0,0x77,
  0x0,0x77,0x0,0x2e,0x0,0x6c,0x0,0x75,0x0,0x61,0x0,0x2e,0x0,0x6f,0x0,0x72,
  0x0,0x67,0x0,0x2f,0x0,0x6c,0x0,0x69,0x0,0x63,0x0,0x65,0x0,0x6e,0x0,0x73,
  0x0,0x65,0x0,0x2e,0x0,0x68,0x0,0x74,0x0,0x6d,0x0,0x6c,0x0,0x22,0x0,0x3e,
  0x0,0x3c,0x0,0x73,0x0,0x70,0x0,0x61,0x0,0x6e,0x0,0x20,0x0,0x73,0x0,0x74,
  0x0,0x79,0x0,0x6c,0x0,0x65,0x0,0x3d,0x0,0x22,0x0,0x20,0x0,0x74,0x0,0x65,
  0x0,0x78,0x0,0x74,0x0,0x2d,0x0,0x64,0x0,0x65,0x0,0x63,0x0,0x6f,0x0,0x72,
  0x0,0x61,0x0,0x74,0x0,0x69,0x0,0x6f,0x0,0x6e,0x0,0x3a,0x0,0x20,0x0,0x75,
  0x0,0x6e,0x0,0x64,0x0,0x65,0x0,0x72,0x0,0x6c,0x0,0x69,0x0,0x6e,0x0,0x65,
  0x0,0x3b,0x0,0x20,0x0,0x63,0x0,0x6f,0x0,0x6c,0x0,0x6f,0x0,0x72,0x0,0x3a,
  0x0,0x23,0x0,0x30,0x0,0x30,0x0,0x35,0x0,0x37,0x0,0x61,0x0,0x65,0x0,0x3b,
  0x0,0x22,0x0,0x3e,0x0,0x4c,0x0,0x75,0x0,0x61,0x0,0x20,0x0,0x5f,0x0,0x4c,
  0x0,0x55,0x0,0x41,0x0,0x5f,0x0,0x56,0x0,0x45,0x0,0x52,0x0,0x53,0x0,0x5f,
  0x0,0x3c,0x0,0x2f,0x0,0x73,0x0,0x70,0x0,0x61,0x0,0x6e,0x0,0x3e,0x0,0x3c,
  0x0,0x2f,0x0,0x61,0x0,0x3e,0x0,0x20,0x90,0x75,0x71,0x67,0x0,0x4d,0x0,0x49,
  0x0,0x54,0x8b,0xb8,0x53,0xef,0x8b,0xc1,0x8f,0xdb,0x88,0x4c,0x52,0x6,0x53,0xd1,
  0x30,0x2,0x0,0x3c,0x0,0x2f,0x0,0x70,0x0,0x3e,0x0,0x3c,0x0,0x70,0x0,0x3e,
  0x20,0x14,0x0,0x20,0x7b,0x80,0x4f,0x53,0x4e,0x2d,0x65,0x87,0x0,0x28,0x4e,0x2d,
  0x56,0xfd,0x0,0x29,0x8b,0xd1,0x80,0x5,0x0,0x3a,0x0,0x20,0x0,0x3c,0x0,0x61,
  0x0,0x20,0x0,0x68,0x0,0x72,0x0,0x65,0x0,0x66,0x0,0x3d,0x0,0x22,0x0,0x68,
  0x0,0x74,0x0,0x74,0x0,0x70,0x0,0x73,0x0,0x3a,0x0,0x2f,0x0,0x2f,0x0,0x67,
  0x0,0x69,0x0,0x74,0x0,0x68,0x0,0x75,0x0,0x62,0x0,0x2e,0x0,0x63,0x0,0x6f,
  0x0,0x6d,0x0,0x2f,0x0,0x53,0x0,0x75,0x0,0x6e,0x0,0x6e,0x0,0x79,0x0,0x53,
  0x0,0x6c,0x0,0x6f,0x0,0x70,0x0,0x65,0x0,0x73,0x0,0x22,0x0,0x3e,0x0,0x3c,
  0x0,0x73,0x0,0x70,0x0,0x61,0x0,0x6e,0x0,0x20,0x0,0x73,0x0,0x74,0x0,0x79,
  0x0,0x6c,0x0,0x65,0x0,0x3d,0x0,0x22,0x0,0x20,0x0,0x74,0x0,0x65,0x0,0x78,
  0x0,0x74,0x0,0x2d,0x0,0x64,0x0,0x65,0x0,0x63,0x0,0x6f,0x0,0x72,0x0,0x61,
  0x0,0x74,0x0,0x69,0x0,0x6f,0x0,0x6e,0x0,0x3a,0x0,0x20,0x0,0x75,0x0,0x6e,
  0x0,0x64,0x0,0x65,0x0,0x72,0x0,0x6c,0x0,0x69,0x0,0x6e,0x0,0x65,0x0,0x3b,
  0x0,0x20,0x0,0x63,0x0,0x6f,0x0,0x6c,0x0,0x6f,0x0,0x72,0x0,0x3a,0x0,0x23,
  0x0,0x30,0x0,0x30,0x0,0x35,0x0,0x37,0x0,0x61,0x0,0x65,0x0,0x3b,0x0,0x22,
  0x0,0x3e,0x0,0x53,0x0,0x75,0x0,0x6e,0x0,0x6e,0x0,0x79,0x0,0x53,0x0,0x6c,
  0x0,0x6f,0x0,0x70,0x0,0x65,0x0,0x73,0x0,0x3c,0x0,0x2f,0x0,0x73,0x0,0x70,
  0x0,0x61,0x0,0x6e,0x0,0x3e,0x0,0x3c,0x0,0x2f,0x0,0x61,0x0,0x3e,0x30,0x2,
  0x59,0x82,0x67,0x9,0x7f,0xfb,0x8b,0xd1,0x5e,0xfa,0x8b,0xae,0x6b,0x22,0x8f,0xce,
  0x67,0x65,0x0,0x3c,0x0,0x61,0x0,0x20,0x0,0x68,0x0,0x72,0x0,0x65,0x0,0x66,
  0x0,0x3d,0x0,0x22,0x0,0x68,0x0,0x74,0x0,0x74,0x0,0x70,0x0,0x73,0x0,0x3a,
  0x0,0x2f,0x0,0x2f,0x0,0x73,0x0,0x70,0x0,0x61,0x0,0x63,0x0,0x65,0x0,0x2e,
  0x0,0x62,0x0,0x69,0x0,0x6c,0x0,0x69,0x0,0x62,0x0,0x69,0x0,0x6c,0x0,0x69,
  0x0,0x2e,0x0,0x63,0x0,0x6f,0x0,0x6d,0x0,0x2f,0x0,0x31,0x0,0x30,0x0,0x30,
  0x0,0x33,0x0,0x37,0x0,0x37,0x0,0x39,0x0,0x37,0x0,0x37,0x0,0x22,0x0,0x3e,
  0x0,0x3c,0x0,0x73,0x0,0x70,0x0,0x61,0x0,0x6e,0x0,0x20,0x0,0x73,0x0,0x74,
  0x0,0x79,0x0,0x6c,0x0,0x65,0x0,0x3d,0x0,0x22,0x0,0x20,0x0,0x74,0x0,0x65,
  0x0,0x78,0x0,0x74,0x0,0x2d,0x0,0x64,0x0,0x65,0x0,0x63,0x0,0x6f,0x0,0x72,
  0x0,0x61,0x0,0x74,0x0,0x69,0x0,0x6f,0x0,0x6e,0x0,0x3a,0x0,0x20,0x0,0x75,
  0x0,0x6e,0x0,0x64,0x0,0x65,0x0,0x72,0x0,0x6c,0x0,0x69,0x0,0x6e,0x0,0x65,
  0x0,0x3b,0x0,0x20,0x0,0x63,0x0,0x6f,0x0,0x6c,0x0,0x6f,0x0,0x72,0x0,0x3a,
  0x0,0x23,0x0,0x30,0x0,0x30,0x0,0x35,0x0,0x37,0x0,0x61,0x0,0x65,0x0,0x3b,
  0x0,0x22,0x0,0x3e,0x0,0x42,0x0,0x69,0x0,0x6c,0x0,0x62,0x0,0x69,0x0,0x6c,
  0x0,0x69,0x4e,0x3b,0x98,0x75,0x0,0x3c,0x0,0x2f,0x0,0x73,0x0,0x70,0x0,0x61,
  0x0,0x6e,0x0,0x3e,0x0,0x3c,0x0,0x2f,0x0,0x61,0x0,0x3e,0x79,0xc1,0x4f,0xe1,
  0x80,0x54,0x7c,0xfb,0x62,0x11,0x30,0x2,0x0,0x3c,0x0,0x2f,0x0,0x70,0x0,0x3e,
  0x0,0x3c,0x0,0x62,0x0,0x72,0x0,0x2f,0x0,0x3e,0x0,0x3c,0x0,0x70,0x0,0x3e,
  0x67,0x2c,0x8f,0x6f,0x4e,0xf6,0x97,0x5e,0x0,0x4d,0x0,0x4f,0x0,0x4a,0x0,0x41,
  0x0,0x4e,0x0,0x47,0x5b,0x98,0x65,0xb9,0x8f,0x6f,0x4e,0xf6,0x30,0x2,0x0,0x3c,
  0x0,0x2f,0x0,0x70,0x0,0x3e,0x0,0x3c,0x0,0x62,0x0,0x72,0x0,0x2f,0x0,0x3e,
  0x0,0x3c,0x0,0x70,0x0,0x3e,0x67,0x2a,0x7e,0xcf,0x0,0x4d,0x0,0x4f,0x0,0x4a,
  0x0,0x41,0x0,0x4e,0x0,0x47,0x62,0x16,0x5f,0xae,0x8f,0x6f,0x8b,0xb8,0x53,0xef,
  0x4e,0x14,0x4e,0xe,0x51,0x76,0x65,0xe0,0x51,0x73,0x30,0x2,0x0,0x3c,0x0,0x2f,
  0x0,0x70,0x0,0x3e,0x0,0x3c,0x0,0x2f,0x0,0x62,0x0,0x6f,0x0,0x64,0x0,0x79,
  0x0,0x3e,0x0,0x3c,0x0,0x2f,0x0,0x68,0x0,0x74,0x0,0x6d,0x0,0x6c,0x0,0x3e,
  0x8,0x0,0x0,0x0,0x0,0x6,0x0,0x0,0x6,0xde,0x3c,0x68,0x74,0x6d,0x6c,0x3e,
  0x3c,0x68,0x65,0x61,0x64,0x2f,0x3e,0x3c,0x62,0x6f,0x64,0x79,0x3e,0x3c,0x70,0x3e,
  0x3c,0x73,0x70,0x61,0x6e,0x20,0x73,0x74,0x79,0x6c,0x65,0x3d,0x22,0x20,0x66,0x6f,
  0x6e,0x74,0x2d,0x73,0x69,0x7a,0x65,0x3a,0x31,0x36,0x70,0x74,0x3b,0x20,0x66,0x6f,
  0x6e,0x74,0x2d,0x77,0x65,0x69,0x67,0x68,0x74,0x3a,0x36,0x30,0x30,0x3b,0x22,0x3e,
  0x43,0x75,0x62,0x69,0x6f,0x6d,0x65,0x73,0x2d,0x56,0x69,0x65,0x77,0x65,0x72,0x20,
  0x5f,0x56,0x45,0x52,0x53,0x49,0x4f,0x4e,0x5f,0x3c,0x2f,0x73,0x70,0x61,0x6e,0x3e,
  0x3c,0x2f,0x70,0x3e,0x3c,0x70,0x3e,0x42,0x75,0x69,0x6c,0x74,0x3a,0x20,0x5f,0x44,
  0x41,0x54,0x45,0x5f,0x3c,0x2f,0x70,0x3e,0x3c,0x70,0x3e,0x55,0x52,0x4c,0x3a,0x20,
  0x3c,0x61,0x20,0x68,0x72,0x65,0x66,0x3d,0x22,0x68,0x74,0x74,0x70,0x73,0x3a,0x2f,
  0x2f,0x67,0x69,0x74,0x68,0x75,0x62,0x2e,0x63,0x6f,0x6d,0x2f,0x43,0x75,0x62,0x69,
  0x74,0x65,0x63,0x74,0x2f,0x63,0x75,0x62,0x69,0x6f,0x6d,0x65,0x73,0x2d,0x76,0x69,
  0x65,0x77,0x65,0x72,0x22,0x3e,0x3c,0x73,0x70,0x61,0x6e,0x20,0x73,0x74,0x79,0x6c,
  0x65,0x3d,0x22,0x20,0x74,0x65,0x78,0x74,0x2d,0x64,0x65,0x63,0x6f,0x72,0x61,0x74,
  0x69,0x6f,0x6e,0x3a,0x20,0x75,0x6e,0x64,0x65,0x72,0x6c,0x69,0x6e,0x65,0x3b,0x20,
  0x63,0x6f,0x6c,0x6f,0x72,0x3a,0x23,0x30,0x30,0x35,0x37,0x61,0x65,0x3b,0x22,0x3e,
  0x68,0x74,0x74,0x70,0x73,0x3a,0x2f,0x2f,0x67,0x69,0x74,0x68,0x75,0x62,0x2e,0x63,
  0x6f,0x6d,0x2f,0x43,0x75,0x62,0x69,0x74,0x65,0x63,0x74,0x2f,0x63,0x75,0x62,0x69,
  0x6f,0x6d,0x65,0x73,0x2d,0x76,0x69,0x65,0x77,0x65,0x72,0x3c,0x2f,0x73,0x70,0x61,
  0x6e,0x3e,0x3c,0x2f,0x61,0x3e,0x3c,0x2f,0x70,0x3e,0x3c,0x70,0x3e,0x4c,0x69,0x63,
  0x65,0x6e,0x73,0x65,0x3a,0x20,0x3c,0x61,0x20,0x68,0x72,0x65,0x66,0x3d,0x22,0x68,
  0x74,0x74,0x70,0x73,0x3a,0x2f,0x2f,0x77,0x77,0x77,0x2e,0x67,0x6e,0x75,0x2e,0x6f,
  0x72,0x67,0x2f,0x6c,0x69,0x63,0x65,0x6e,0x73,0x65,0x73,0x2f,0x67,0x70,0x6c,0x2d,
  0x33,0x2e,0x30,0x2e,0x65,0x6e,0x2e,0x68,0x74,0x6d,0x6c,0x22,0x3e,0x3c,0x73,0x70,
  0x61,0x6e,0x20,0x73,0x74,0x79,0x6c,0x65,0x3d,0x22,0x20,0x74,0x65,0x78,0x74,0x2d,
  0x64,0x65,0x63,0x6f,0x72,0x61,0x74,0x69,0x6f,0x6e,0x3a,0x20,0x75,0x6e,0x64,0x65,
  0x72,0x6c,0x69,0x6e,0x65,0x3b,0x20,0x63,0x6f,0x6c,0x6f,0x72,0x3a,0x23,0x30,0x30,
  0x35,0x37,0x61,0x65,0x3b,0x22,0x3e,0x47,0x50,0x4c,0x76,0x33,0x3c,0x2f,0x73,0x70,
  0x61,0x6e,0x3e,0x3c,0x2f,0x61,0x3e,0x3c,0x2f,0x70,0x3e,0x3c,0x70,0x3e,0x3c,0x62,
  0x72,0x2f,0x3e,0x3c,0x73,0x70,0x61,0x6e,0x20,0x73,0x74,0x79,0x6c,0x65,0x3d,0x22,
  0x20,0x66,0x6f,0x6e,0x74,0x2d,0x73,0x69,0x7a,0x65,0x3a,0x31,0x32,0x70,0x74,0x3b,
  0x20,0x66,0x6f,0x6e,0x74,0x2d,0x77,0x65,0x69,0x67,0x68,0x74,0x3a,0x36,0x30,0x30,
  0x3b,0x22,0x3e,0x43,0x6f,0x6d,0x70,0x6f,0x6e,0x65,0x6e,0x74,0x73,0x20,0x61,0x6e,
  0x64,0x20,0x4c,0x65,0x67,0x61,0x6c,0x20,0x49,0x6e,0x66,0x6f,0x72,0x6d,0x61,0x74,
  0x69,0x6f,0x6e,0x3c,0x2f,0x73,0x70,0x61,0x6e,0x3e,0x3c,0x2f,0x70,0x3e,0x3c,0x70,
  0x3e,0xe2,0x80,0x94,0x20,0x42,0x69,0x6f,0x6d,0x65,0x20,0x61,0x6e,0x64,0x20,0x73,
  0x74,0x72,0x75,0x63,0x74,0x75,0x72,0x65,0x20,0x67,0x65,0x6e,0x65,0x72,0x61,0x74,
  0x69,0x6f,0x6e,0x20,0x66,0x72,0x6f,0x6d,0x20,0x3c,0x61,0x20,0x68,0x72,0x65,0x66,
  0x3d,0x22,0x68,0x74,0x74,0x70,0x73,0x3a,0x2f,0x2f,0x67,0x69,0x74,0x68,0x75,0x62,
  0x2e,0x63,0x6f,0x6d,0x2f,0x43,0x75,0x62,0x69,0x74,0x65,0x63,0x74,0x2f,0x63,0x75,
  0x62,0x69,0x6f,0x6d,0x65,0x73,0x2f,0x22,0x3e,0x3c,0x73,0x70,0x61,0x6e,0x20,0x73,
  0x74,0x79,0x6c,0x65,0x3d,0x22,0x20,0x74,0x65,0x78,0x74,0x2d,0x64,0x65,0x63,0x6f,
  0x72,0x61,0x74,0x69,0x6f,0x6e,0x3a,0x20,0x75,0x6e,0x64,0x65,0x72,0x6c,0x69,0x6e,
  0x65,0x3b,0x20,0x63,0x6f,0x6c,0x6f,0x72,0x3a,0x23,0x30,0x30,0x35,0x37,0x61,0x65,
  0x3b,0x22,0x3e,0x63,0x75,0x62,0x69,0x6f,0x6d,0x65,0x73,0x3c,0x2f,0x73,0x70,0x61,
  0x6e,0x3e,0x3c,0x2f,0x61,0x3e,0x2c,0x20,0x6c,0x69,0x63,0x65,0x6e,0x73,0x65,0x64,
  0x20,0x75,0x6e,0x64,0x65,0x72,0x20,0x3c,0x61,0x20,0x68,0x72,0x65,0x66,0x3d,0x22,
  0x68,0x74,0x74,0x70,0x73,0x3a,0x2f,0x2f,0x6d,0x69,0x74,0x2d,0x6c,0x69,0x63,0x65,
  0x6e,0x73,0x65,0x2e,0x6f,0x72,0x67,0x2f,0x22,0x3e,0x3c,0x73,0x70,0x61,0x6e,0x20,
  0x73,0x74,0x79,0x6c,0x65,0x3d,0x22,0x20,0x74,0x65,0x78,0x74,0x2d,0x64,0x65,0x63,
  0x6f,0x72,0x61,0x74,0x69,0x6f,0x6e,0x3a,0x20,0x75,0x6e,0x64,0x65,0x72,0x6c,0x69,
  0x6e,0x65,0x3b,0x20,0x63,0x6f,0x6c,0x6f,0x72,0x3a,0x23,0x30,0x30,0x35,0x37,0x61,
  0x65,0x3b,0x22,0x3e,0x4d,0x49,0x54,0x3c,0x2f,0x73,0x70,0x61,0x6e,0x3e,0x3c,0x2f,
  0x61,0x3e,0x2e,0x3c,0x2f,0x70,0x3e,0x3c,0x70,0x3e,0xe2,0x80,0x94,0x20,0x43,0x72,
  0x6f,0x73,0x73,0x20,0x70,0x6c,0x61,0x74,0x66,0x6f,0x72,0x6d,0x20,0x47,0x55,0x49,
  0x20,0x74,0x6f,0x6f,0x6c,0x6b,0x69,0x74,0x3a,0x20,0x51,0x74,0x20,0x5f,0x51,0x54,
  0x5f,0x4d,0x41,0x4a,0x4f,0x52,0x5f,0x2e,0x5f,0x51,0x54,0x5f,0x4d,0x49,0x4e,0x4f,
  0x52,0x5f,0x2c,0x20,0x61,0x76,0x61,0x69,0x6c,0x61,0x62,0x6c,0x65,0x20,0x75,0x6e,
  0x64,0x65,0x72,0x20,0x3c,0x61,0x20,0x68,0x72,0x65,0x66,0x3d,0x22,0x68,0x74,0x74,
  0x70,0x73,0x3a,0x2f,0x2f,0x77,0x77,0x77,0x2e,0x71,0x74,0x2e,0x69,0x6f,0x2f,0x6c,
  0x69,0x63,0x65,0x6e,0x73,0x69,0x6e,0x67,0x2f,0x22,0x3e,0x3c,0x73,0x70,0x61,0x6e,
  0x20,0x73,0x74,0x79,0x6c,0x65,0x3d,0x22,0x20,0x74,0x65,0x78,0x74,0x2d,0x64,0x65,
  0x63,0x6f,0x72,0x61,0x74,0x69,0x6f,0x6e,0x3a,0x20,0x75,0x6e,0x64,0x65,0x72,0x6c,
  0x69,0x6e,0x65,0x3b,0x20,0x63,0x6f,0x6c,0x6f,0x72,0x3a,0x23,0x30,0x30,0x35,0x37,
  0x61,0x65,0x3b,0x22,0x3e,0x28,0x4c,0x29,0x47,0x50,0x4c,0x76,0x33,0x3c,0x2f,0x73,
  0x70,0x61,0x6e,0x3e,0x3c,0x2f,0x61,0x3e,0x2e,0x3c,0x2f,0x70,0x3e,0x3c,0x70,0x3e,
  0xe2,0x80,0x94,0x20,0x44,0x61,0x72,0x6b,0x20,0x51,0x74,0x20,0x74,0x68,0x65,0x6d,
  0x65,0x20,0x64,0x65,0x72,0x69,0x76,0x65,0x64,0x20,0x66,0x72,0x6f,0x6d,0x20,0x3c,
  0x61,0x20,0x68,0x72,0x65,0x66,0x3d,0x22,0x68,0x74,0x74,0x70,0x73,0x3a,0x2f,0x2f,
  0x67,0x69,0x74,0x68,0x75,0x62,0x2e,0x63,0x6f,0x6d,0x2f,0x43,0x6f,0x6c,0x69,0x6e,
  0x44,0x75,0x71,0x75,0x65,0x73,0x6e,0x6f,0x79,0x2f,0x51,0x44,0x61,0x72,0x6b,0x53,
  0x74,0x79,0x6c,0x65,0x53,0x68,0x65,0x65,0x74,0x22,0x3e,0x3c,0x73,0x70,0x61,0x6e,
  0x20,0x73,0x74,0x79,0x6c,0x65,0x3d,0x22,0x20,0x74,0x65,0x78,0x74,0x2d,0x64,0x65,
  0x63,0x6f,0x72,0x61,0x74,0x69,0x6f,0x6e,0x3a,0x20,0x75,0x6e,0x64,0x65,0x72,0x6c,
  0x69,0x6e,0x65,0x3b,0x20,0x63,0x6f,0x6c,0x6f,0x72,0x3a,0x23,0x30,0x30,0x35,0x37,
  0x61,0x65,0x3b,0x22,0x3e,0x51,0x44,0x61,0x72,0x6b,0x53,0x74,0x79,0x6c,0x65,0x53,
  0x68,0x65,0x65,0x74,0x3c,0x2f,0x73,0x70,0x61,0x6e,0x3e,0x3c,0x2f,0x61,0x3e,0x2c,
  0x20,0x6c,0x69,0x63,0x65,0x6e,0x73,0x65,0x64,0x20,0x75,0x6e,0x64,0x65,0x72,0x20,
  0x4d,0x49,0x54,0x2e,0x3c,0x2f,0x70,0x3e,0x3c,0x70,0x3e,0xe2,0x80,0x94,0x20,0x42,
  0x69,0x6f,0x6d,0x65,0x20,0x63,0x6f,0x6c,0x6f,0x72,0x73,0x20,0x61,0x6e,0x64,0x20,
  0x69,0x63,0x6f,0x6e,0x73,0x20,0x61,0x72,0x65,0x20,0x69,0x6e,0x73,0x70,0x69,0x72,
  0x65,0x64,0x20,0x62,0x79,0x20,0x3c,0x61,0x20,0x68,0x72,0x65,0x66,0x3d,0x22,0x68,
  0x74,0x74,0x70,0x73,0x3a,0x2f,0x2f,0x67,0x69,0x74,0x68,0x75,0x62,0x2e,0x63,0x6f,
  0x6d,0x2f,0x74,0x6f,0x6f,0x6c,0x62,0x6f,0x78,0x34,0x6d,0x69,0x6e,0x65,0x63,0x72,
  0x61,0x66,0x74,0x2f,0x61,0x6d,0x69,0x64,0x73,0x74,0x22,0x3e,0x3c,0x73,0x70,0x61,
  0x6e,0x20,0x73,0x74,0x79,0x6c,0x65,0x3d,0x22,0x20,0x74,0x65,0x78,0x74,0x2d,0x64,
  0x65,0x63,0x6f,0x72,0x61,0x74,0x69,0x6f,0x6e,0x3a,0x20,0x75,0x6e,0x64,0x65,0x72,
  0x6c,0x69,0x6e,0x65,0x3b,0x20,0x63,0x6f,0x6c,0x6f,0x72,0x3a,0x23,0x30,0x30,0x35,
  0x37,0x61,0x65,0x3b,0x22,0x3e,0x41,0x6d,0x69,0x64,0x73,0x74,0x3c,0x2f,0x73,0x70,
  0x61,0x6e,0x3e,0x3c,0x2f,0x61,0x3e,0x2c,0x20,0x6c,0x69,0x63,0x65,0x6e,0x73,0x65,
  0x64,0x20,0x75,0x6e,0x64,0x65,0x72,0x20,0x47,0x50,0x4c,0x76,0x33,0x2e,0x3c,0x2f,
  0x70,0x3e,0x3c,0x70,0x3e,0xe2,0x80,0x94,0x20,0x3c,0x61,0x20,0x68,0x72,0x65,0x66,
  0x3d,0x22,0x68,0x74,0x74,0x70,0x73,0x3a,0x2f,0x2f,0x77,0x77,0x77,0x2e,0x6c,0x75,
  0x61,0x2e,0x6f,0x72,0x67,0x2f,0x6c,0x69,0x63,0x65,0x6e,0x73,0x65,0x2e,0x68,0x74,
  0x6d,0x6c,0x22,0x3e,0x3c,0x73,0x70,0x61,0x6e,0x20,0x73,0x74,0x79,0x6c,0x65,0x3d,
  0x22,0x20,0x74,0x65,0x78,0x74,0x2d,0x64,0x65,0x63,0x6f,0x72,0x61,0x74,0x69,0x6f,
  0x6e,0x3a,0x20,0x75,0x6e,0x64,0x65,0x72,0x6c,0x69,0x6e,0x65,0x3b,0x20,0x63,0x6f,
  0x6c,0x6f,0x72,0x3a,0x23,0x30,0x30,0x35,0x37,0x61,0x65,0x3b,0x22,0x3e,0x4c,0x75,
  0x61,0x20,0x5f,0x4c,0x55,0x41,0x5f,0x56,0x45,0x52,0x53,0x5f,0x3c,0x2f,0x73,0x70,
  0x61,0x6e,0x3e,0x3c,0x2f,0x61,0x3e,0x20,0x69,0x73,0x20,0x64,0x69,0x73,0x74,0x72,
  0x69,0x62,0x75,0x74,0x65,0x64,0x20,0x75,0x6e,0x64,0x65,0x72,0x20,0x74,0x68,0x65,
  0x20,0x74,0x65,0x72,0x6d,0x73,0x20,0x6f,0x66,0x20,0x74,0x68,0x65,0x20,0x4d,0x49,
  0x54,0x20,0x6c,0x69,0x63,0x65,0x6e,0x73,0x65,0x2e,0x3c,0x62,0x72,0x2f,0x3e,0x3c,
  0x2f,0x70,0x3e,0x3c,0x70,0x3e,0x4e,0x4f,0x54,0x20,0x41,0x4e,0x20,0x4f,0x46,0x46,
  0x49,0x43,0x49,0x41,0x4c,0x20,0x4d,0x49,0x4e,0x45,0x43,0x52,0x41,0x46,0x54,0x20,
  0x50,0x52,0x4f,0x44,0x55,0x43,0x54,0x2e,0x3c,0x2f,0x70,0x3e,0x3c,0x70,0x3e,0x4e,
  0x4f,0x54,0x20,0x41,0x50,0x50,0x52,0x4f,0x56,0x45,0x44,0x20,0x42,0x59,0x20,0x4f,
  0x52,0x20,0x41,0x53,0x53,0x4f,0x43,0x49,0x41,0x54,0x45,0x44,0x20,0x57,0x49,0x54,
  0x48,0x20,0x4d,0x4f,0x4a,0x41,0x4e,0x47,0x20,0x4f,0x52,0x20,0x4d,0x49,0x43,0x52,
  0x4f,0x53,0x4f,0x46,0x54,0x2e,0x3c,0x2f,0x70,0x3e,0x3c,0x2f,0x62,0x6f,0x64,0x79,
  0x3e,0x3c,0x2f,0x68,0x74,0x6d,0x6c,0x3e,0x7,0x0,0x0,0x0,0xb,0x41,0x62,0x6f,
  0x75,0x74,0x44,0x69,0x61,0x6c,0x6f,0x67,0x1,0x3,0x0,0x0,0x0,0x4,0x51,0x73,
  0x4e,0x8e,0x8,0x0,0x0,0x0,0x0,0x6,0x0,0x0,0x0,0x5,0x41,0x62,0x6f,0x75,
  0x74,0x7,0x0,0x0,0x0,0xb,0x41,0x62,0x6f,0x75,0x74,0x44,0x69,0x61,0x6c,0x6f,
  0x67,0x1,0x3,0x0,0x0,0x0,0x2,0x0,0x40,0x8,0x0,0x0,0x0,0x0,0x6,0x0,
  0x0,0x0,0x1,0x40,0x7,0x0,0x0,0x0,0x11,0x41,0x6e,0x61,0x6c,0x79,0x73,0x69,
  0x73,0x4c,0x6f,0x63,0x61,0x74,0x69,0x6f,0x6e,0x73,0x1,0x3,0x0,0x0,0x0,0x4,
  0x60,0x76,0x57,0x30,0x8,0x0,0x0,0x0,0x0,0x6,0x0,0x0,0x0,0x8,0x42,0x61,
  0x64,0x6c,0x61,0x6e,0x64,0x73,0x7,0x0,0x0,0x0,0x5,0x42,0x69,0x6f,0x6d,0x65,
  0x1,0x3,0x0,0x0,0x0,0x8,0x60,0x76,0x57,0x30,0x9a,0xd8,0x53,0x9f,0x8,0x0,
  0x0,0x0,0x0,0x6,0x0,0x0,0x0,0x10,0x42,0x61,0x64,0x6c,0x61,0x6e,0x64,0x73,
  0x20,0x50,0x6c,0x61,0x74,0x65,0x61,0x75,0x7,0x0,0x0,0x0,0x5,0x42,0x69,0x6f,
  0x6d,0x65,0x1,0x3,0x0,0x0,0x0,0x4,0x7a,0xf9,0x67,0x97,0x8,0x0,0x0,0x0,
  0x0,0x6,0x0,0x0,0x0,0xd,0x42,0x61,0x6d,0x62,0x6f,0x6f,0x20,0x4a,0x75,0x6e,
  0x67,0x6c,0x65,0x7,0x0,0x0,0x0,0x5,0x42,0x69,0x6f,0x6d,0x65,0x1,0x3,0x0,
  0x0,0x0,0x8,0x7a,0xf9,0x67,0x97,0x4e,0x18,0x96,0x75,0x8,0x0,0x0,0x0,0x0,
  0x6,0x0,0x0,0x0,0x13,0x42,0x61,0x6d,0x62,0x6f,0x6f,0x20,0x4a,0x75,0x6e,0x67,
  0x6c,0x65,0x20,0x48,0x69,0x6c,0x6c,0x73,0x7,0x0,0x0,0x0,0x5,0x42,0x69,0x6f,
  0x6d,0x65,0x1,0x3,0x0,0x0,0x0,0xc,0x73,0x84,0x6b,0x66,0x5c,0xa9,0x4e,0x9,
  0x89,0xd2,0x6d,0x32,0x8,0x0,0x0,0x0,0x0,0x6,0x0,0x0,0x0,0xd,0x42,0x61,
  0x73,0x61,0x6c,0x74,0x20,0x44,0x65,0x6c,0x74,0x61,0x73,0x7,0x0,0x0,0x0,0x5,
  0x42,0x69,0x6f,0x6d,0x65,0x1,0x3,0x0,0x0,0x0,0x4,0x6c,0x99,0x6e,0xe9,0x8,
  0x0,0x0,0x0,0x0,0x6,0x0,0x0,0x0,0x5,0x42,0x65,0x61,0x63,0x68,0x7,0x0,
  0x0,0x0,0x5,0x42,0x69,0x6f,0x6d,0x65,0x1,0x3,0x0,0x0,0x0,0x8,0x68,0x66,
  0x67,0x28,0x68,0xee,0x67,0x97,0x8,0x0,0x0,0x0,0x0,0x6,0x0,0x0,0x0,0xc,
  0x42,0x69,0x72,0x63,0x68,0x20,0x46,0x6f,0x72,0x65,0x73,0x74,0x7,0x0,0x0,0x0,
  0x5,0x42,0x69,0x6f,0x6d,0x65,0x1,0x3,0x0,0x0,0x0,0xc,0x68,0x66,0x67,0x28,
  0x68,0xee,0x67,0x97,0x4e,0x18,0x96,0x75,0x8,0x0,0x0,0x0,0x0,0x6,0x0,0x0,
  0x0,0x12,0x42,0x69,0x72,0x63,0x68,0x20,0x46,0x6f,0x72,0x65,0x73,0x74,0x20,0x48,
  0x69,0x6c,0x6c,0x73,0x7,0x0,0x0,0x0,0x5,0x42,0x69,0x6f,0x6d,0x65,0x1,0x3,
  0x0,0x0,0x0,0x8,0x6a,0x31,0x82,0xb1,0x68,0x11,0x67,0x97,0x8,0x0,0x0,0x0,
  0x0,0x6,0x0,0x0,0x0,0xc,0x43,0x68,0x65,0x72,0x72,0x79,0x20,0x47,0x72,0x6f,
  0x76,0x65,0x7,0x0,0x0,0x0,0x5,0x42,0x69,0x6f,0x6d,0x65,0x1,0x3,0x0,0x0,
  0x0,0x8,0x51,0xb7,0x6c,0x34,0x6d,0x77,0x6d,0xb,0x8,0x0,0x0,0x0,0x0,0x6,
  0x0,0x0,0x0,0xa,0x43,0x6f,0x6c,0x64,0x20,0x4f,0x63,0x65,0x61,0x6e,0x7,0x0,
  0x0,0x0,0x5,0x42,0x69,0x6f,0x6d,0x65,0x1,0x3,0x0,0x0,0x0,0x8,0x7e,0xef,
  0x7e,0xa2,0x68,0xee,0x67,0x97,0x8,0x0,0x0,0x0,0x0,0x6,0x0,0x0,0x0,0xe,
  0x43,0x72,0x69,0x6d,0x73,0x6f,0x6e,0x20,0x46,0x6f,0x72,0x65,0x73,0x74,0x7,0x0,
  0x0,0x0,0x5,0x42,0x69,0x6f,0x6d,0x65,0x1,0x3,0x0,0x0,0x0,0x6,0x9e,0xd1,
  0x68,0xee,0x67,0x97,0x8,0x0,0x0,0x0,0x0,0x6,0x0,0x0,0x0,0xb,0x44,0x61,
  0x72,0x6b,0x20,0x46,0x6f,0x72,0x65,0x73,0x74,0x7,0x0,0x0,0x0,0x5,0x42,0x69,
  0x6f,0x6d,0x65,0x1,0x3,0x0,0x0,0x0,0xa,0x9e,0xd1,0x68,0xee,0x67,0x97,0x4e,
  0x18,0x96,0x75,0x8,0x0,0x0,0x0,0x0,0x6,0x0,0x0,0x0,0x11,0x44,0x61,0x72,
  0x6b,0x20,0x46,0x6f,0x72,0x65,0x73,0x74,0x20,0x48,0x69,0x6c,0x6c,0x73,0x7,0x0,
  0x0,0x0,0x5,0x42,0x69,0x6f,0x6d,0x65,0x1,0x3,0x0,0x0,0x0,0x8,0x51,0xb7,
  0x6c,0x34,0x6d,0xf1,0x6d,0x77,0x8,0x0,0x0,0x0,0x0,0x6,0x0,0x0,0x0,0xf,
  0x44,0x65,0x65,0x70,0x20,0x43,0x6f,0x6c,0x64,0x20,0x4f,0x63,0x65,0x61,0x6e,0x7,
  0x0,0x0,0x0,0x5,0x42,0x69,0x6f,0x6d,0x65,0x1,0x3,0x0,0x0,0x0,0x8,0x6d,
  0xf1,0x66,0x97,0x4e,0x4b,0x57,0xdf,0x8,0x0,0x0,0x0,0x0,0x6,0x0,0x0,0x0,
  0x9,0x44,0x65,0x65,0x70,0x20,0x44,0x61,0x72,0x6b,0x7,0x0,0x0,0x0,0x5,0x42,
  0x69,0x6f,0x6d,0x65,0x1,0x3,0x0,0x0,0x0,0x8,0x51,0xb0,0x51,0xbb,0x6d,0xf1,
  0x6d,0x77,0x8,0x0,0x0,0x0,0x0,0x6,0x0,0x0,0x0,0x11,0x44,0x65,0x65,0x70,
  0x20,0x46,0x72,0x6f,0x7a,0x65,0x6e,0x20,0x4f,0x63,0x65,0x61,0x6e,0x7,0x0,0x0,
  0x0,0x5,0x42,0x69,0x6f,0x6d,0x65,0x1,0x3,0x0,0x0,0x0,0x8,0x6e,0x29,0x6c,
  0x34,0x6d,0xf1,0x6d,0x77,0x8,0x0,0x0,0x0,0x0,0x6,0x0,0x0,0x0,0x13,0x44,
  0x65,0x65,0x70,0x20,0x4c,0x75,0x6b,0x65,0x77,0x61,0x72,0x6d,0x20,0x4f,0x63,0x65,
  0x61,0x6e,0x7,0x0,0x0,0x0,0x5,0x42,0x69,0x6f,0x6d,0x65,0x1,0x3,0x0,0x0,
  0x0,0x4,0x6d,0xf1,0x6d,0x77,0x8,0x0,0x0,0x0,0x0,0x6,0x0,0x0,0x0,0xa,
  0x44,0x65,0x65,0x70,0x20,0x4f,0x63,0x65,0x61,0x6e,0x7,0x0,0x0,0x0,0x5,0x42,
  0x69,0x6f,0x6d,0x65,0x1,0x3,0x0,0x0,0x0,0x8,0x66,0x96,0x6c,0x34,0x6d,0xf1,
  0x6d,0x77,0x8,0x0,0x0,0x0,0x0,0x6,0x0,0x0,0x0,0xf,0x44,0x65,0x65,0x70,
  0x20,0x57,0x61,0x72,0x6d,0x20,0x4f,0x63,0x65,0x61,0x6e,0x7,0x0,0x0,0x0,0x5,
  0x42,0x69,0x6f,0x6d,0x65,0x1,0x3,0x0,0x0,0x0,0x4,0x6c,0x99,0x6f,0x20,0x8,
  0x0,0x0,0x0,0x0,0x6,0x0,0x0,0x0,0x6,0x44,0x65,0x73,0x65,0x72,0x74,0x7,
  0x0,0x0,0x0,0x5,0x42,0x69,0x6f,0x6d,0x65,0x1,0x3,0x0,0x0,0x0,0x8,0x6c,
  0x99,0x6f,0x20,0x4e,0x18,0x96,0x75,0x8,0x0,0x0,0x0,0x0,0x6,0x0,0x0,0x0,
  0xc,0x44,0x65,0x73,0x65,0x72,0x74,0x20,0x48,0x69,0x6c,0x6c,0x73,0x7,0x0,0x0,
  0x0,0x5,0x42,0x69,0x6f,0x6d,0x65,0x1,0x3,0x0,0x0,0x0,0x8,0x6c,0x99,0x6f,
  0x20,0x6e,0x56,0x6c,0xca,0x8,0x0,0x0,0x0,0x0,0x6,0x0,0x0,0x0,0xc,0x44,
  0x65,0x73,0x65,0x72,0x74,0x20,0x4c,0x61,0x6b,0x65,0x73,0x7,0x0,0x0,0x0,0x5,
  0x42,0x69,0x6f,0x6d,0x65,0x1,0x3,0x0,0x0,0x0,0x4,0x6e,0xb6,0x6d,0x1e,0x8,
  0x0,0x0,0x0,0x0,0x6,0x0,0x0,0x0,0xf,0x44,0x72,0x69,0x70,0x73,0x74,0x6f,
  0x6e,0x65,0x20,0x43,0x61,0x76,0x65,0x73,0x7,0x0,0x0,0x0,0x5,0x42,0x69,0x6f,
  0x6d,0x65,0x1,0x3,0x0,0x0,0x0,0x8,0x67,0x2b,0x57,0x30,0x83,0x52,0x5c,0x9b,
  0x8,0x0,0x0,0x0,0x0,0x6,0x0,0x0,0x0,0xb,0x45,0x6e,0x64,0x20,0x42,0x61,
  0x72,0x72,0x65,0x6e,0x73,0x7,0x0,0x0,0x0,0x5,0x42,0x69,0x6f,0x6d,0x65,0x1,
  0x3,0x0,0x0,0x0,0x8,0x67,0x2b,0x57,0x30,0x9a,0xd8,0x5c,0x9b,0x8,0x0,0x0,
  0x0,0x0,0x6,0x0,0x0,0x0,0xd,0x45,0x6e,0x64,0x20,0x48,0x69,0x67,0x68,0x6c,
  0x61,0x6e,0x64,0x73,0x7,0x0,0x0,0x0,0x5,0x42,0x69,0x6f,0x6d,0x65,0x1,0x3,
  0x0,0x0,0x0,0xc,0x67,0x2b,0x57,0x30,0x4e,0x2d,0x57,0x8b,0x5c,0x9b,0x5c,0x7f,
  0x8,0x0,0x0,0x0,0x0,0x6,0x0,0x0,0x0,0xc,0x45,0x6e,0x64,0x20,0x4d,0x69,
  0x64,0x6c,0x61,0x6e,0x64,0x73,0x7,0x0,0x0,0x0,0x5,0x42,0x69,0x6f,0x6d,0x65,
  0x1,0x3,0x0,0x0,0x0,0xc,0x88,0xab,0x98,0xce,0x86,0x80,0x76,0x84,0x60,0x76,
  0x57,0x30,0x8,0x0,0x0,0x0,0x0,0x6,0x0,0x0,0x0,0xf,0x45,0x72,0x6f,0x64,
  0x65,0x64,0x20,0x42,0x61,0x64,0x6c,0x61,0x6e,0x64,0x73,0x7,0x0,0x0,0x0,0x5,
  0x42,0x69,0x6f,0x6d,0x65,0x1,0x3,0x0,0x0,0x0,0x8,0x7e,0x41,0x82,0xb1,0x68,
  0xee,0x67,0x97,0x8,0x0,0x0,0x0,0x0,0x6,0x0,0x0,0x0,0xd,0x46,0x6c,0x6f,
  0x77,0x65,0x72,0x20,0x46,0x6f,0x72,0x65,0x73,0x74,0x7,0x0,0x0,0x0,0x5,0x42,
  0x69,0x6f,0x6d,0x65,0x1,0x3,0x0,0x0,0x0,0x4,0x68,0xee,0x67,0x97,0x8,0x0,
  0x0,0x0,0x0,0x6,0x0,0x0,0x0,0x6,0x46,0x6f,0x72,0x65,0x73,0x74,0x7,0x0,
  0x0,0x0,0x5,0x42,0x69,0x6f,0x6d,0x65,0x1,0x3,0x0,0x0,0x0,0x4,0x51,0xbb,
  0x6d,0xb,0x8,0x0,0x0,0x0,0x0,0x6,0x0,0x0,0x0,0xc,0x46,0x72,0x6f,0x7a,
  0x65,0x6e,0x20,0x4f,0x63,0x65,0x61,0x6e,0x7,0x0,0x0,0x0,0x5,0x42,0x69,0x6f,
  0x6d,0x65,0x1,0x3,0x0,0x0,0x0,0x8,0x51,0xb0,0x5c,0x1,0x5c,0x71,0x5c,0xf0,
  0x8,0x0,0x0,0x0,0x0,0x6,0x0,0x0,0x0,0xc,0x46,0x72,0x6f,0x7a,0x65,0x6e,
  0x20,0x50,0x65,0x61,0x6b,0x73,0x7,0x0,0x0,0x0,0x5,0x42,0x69,0x6f,0x6d,0x65,
  0x1,0x3,0x0,0x0,0x0,0x4,0x51,0xbb,0x6c,0xb3,0x8,0x0,0x0,0x0,0x0,0x6,
  0x0,0x0,0x0,0xc,0x46,0x72,0x6f,0x7a,0x65,0x6e,0x20,0x52,0x69,0x76,0x65,0x72,
  0x7,0x0,0x0,0x0,0x5,0x42,0x69,0x6f,0x6d,0x65,0x1,0x3,0x0,0x0,0x0,0xe,
  0x5d,0xe8,0x57,0x8b,0x4e,0x91,0x67,0x49,0x94,0x88,0x53,0xf6,0x67,0x97,0x8,0x0,
  0x0,0x0,0x0,0x6,0x0,0x0,0x0,0x12,0x47,0x69,0x61,0x6e,0x74,0x20,0x53,0x70,
  0x72,0x75,0x63,0x65,0x20,0x54,0x61,0x69,0x67,0x61,0x7,0x0,0x0,0x0,0x5,0x42,
  0x69,0x6f,0x6d,0x65,0x1,0x3,0x0,0x0,0x0,0x12,0x5d,0xe8,0x57,0x8b,0x4e,0x91,
  0x67,0x49,0x94,0x88,0x53,0xf6,0x67,0x97,0x4e,0x18,0x96,0x75,0x8,0x0,0x0,0x0,
  0x0,0x6,0x0,0x0,0x0,0x18,0x47,0x69,0x61,0x6e,0x74,0x20,0x53,0x70,0x72,0x75,
  0x63,0x65,0x20,0x54,0x61,0x69,0x67,0x61,0x20,0x48,0x69,0x6c,0x6c,0x73,0x7,0x0,
  0x0,0x0,0x5,0x42,0x69,0x6f,0x6d,0x65,0x1,0x3,0x0,0x0,0x0,0xa,0x5d,0xe8,
  0x57,0x8b,0x94,0x88,0x53,0xf6,0x67,0x97,0x8,0x0,0x0,0x0,0x0,0x6,0x0,0x0,
  0x0,0x10,0x47,0x69,0x61,0x6e,0x74,0x20,0x54,0x72,0x65,0x65,0x20,0x54,0x61,0x69,
  0x67,0x61,0x7,0x0,0x0,0x0,0x5,0x42,0x69,0x6f,0x6d,0x65,0x1,0x3,0x0,0x0,
  0x0,0xe,0x5d,0xe8,0x57,0x8b,0x94,0x88,0x53,0xf6,0x67,0x97,0x4e,0x18,0x96,0x75,
  0x8,0x0,0x0,0x0,0x0,0x6,0x0,0x0,0x0,0x16,0x47,0x69,0x61,0x6e,0x74,0x20,
  0x54,0x72,0x65,0x65,0x20,0x54,0x61,0x69,0x67,0x61,0x20,0x48,0x69,0x6c,0x6c,0x73,
  0x7,0x0,0x0,0x0,0x5,0x42,0x69,0x6f,0x6d,0x65,0x1,0x3,0x0,0x0,0x0,0x8,
  0x6c,0x99,0x78,0x3e,0x5c,0x71,0x57,0x30,0x8,0x0,0x0,0x0,0x0,0x6,0x0,0x0,
  0x0,0x12,0x47,0x72,0x61,0x76,0x65,0x6c,0x6c,0x79,0x20,0x4d,0x6f,0x75,0x6e,0x74,
  0x61,0x69,0x6e,0x73,0x7,0x0,0x0,0x0,0x5,0x42,0x69,0x6f,0x6d,0x65,0x1,0x3,
  0x0,0x0,0x0,0xa,0x6c,0x99,0x78,0x3e,0x5c,0x71,0x57,0x30,0x0,0x2b,0x8,0x0,
  0x0,0x0,0x0,0x6,0x0,0x0,0x0,0x13,0x47,0x72,0x61,0x76,0x65,0x6c,0x6c,0x79,
  0x20,0x4d,0x6f,0x75,0x6e,0x74,0x61,0x69,0x6e,0x73,0x2b,0x7,0x0,0x0,0x0,0x5,
  0x42,0x69,0x6f,0x6d,0x65,0x1,0x3,0x0,0x0,0x0,0x4,0x96,0xea,0x67,0x97,0x8,
  0x0,0x0,0x0,0x0,0x6,0x0,0x0,0x0,0x5,0x47,0x72,0x6f,0x76,0x65,0x7,0x0,
  0x0,0x0,0x5,0x42,0x69,0x6f,0x6d,0x65,0x1,0x3,0x0,0x0,0x0,0x8,0x51,0xb0,
  0x52,0x3a,0x5e,0x73,0x53,0x9f,0x8,0x0,0x0,0x0,0x0,0x6,0x0,0x0,0x0,0xa,
  0x49,0x63,0x65,0x20,0x53,0x70,0x69,0x6b,0x65,0x73,0x7,0x0,0x0,0x0,0x5,0x42,
  0x69,0x6f,0x6d,0x65,0x1,0x3,0x0,0x0,0x0,0x8,0x5c,0x16,0x5c,0xed,0x5c,0x71,
  0x5c,0xf0,0x8,0x0,0x0,0x0,0x0,0x6,0x0,0x0,0x0,0xc,0x4a,0x61,0x67,0x67,
  0x65,0x64,0x20,0x50,0x65,0x61,0x6b,0x73,0x7,0x0,0x0,0x0,0x5,0x42,0x69,0x6f,
  0x6d,0x65,0x1,0x3,0x0,0x0,0x0,0x4,0x4e,0x1b,0x67,0x97,0x8,0x0,0x0,0x0,
  0x0,0x6,0x0,0x0,0x0,0x6,0x4a,0x75,0x6e,0x67,0x6c,0x65,0x7,0x0,0x0,0x0,
  0x5,0x42,0x69,0x6f,0x6d,0x65,0x1,0x3,0x0,0x0,0x0,0x8,0x4e,0x1b,0x67,0x97,
  0x8f,0xb9,0x7f,0x18,0x8,0x0,0x0,0x0,0x0,0x6,0x0,0x0,0x0,0xb,0x4a,0x75,
  0x6e,0x67,0x6c,0x65,0x20,0x45,0x64,0x67,0x65,0x7,0x0,0x0,0x0,0x5,0x42,0x69,
  0x6f,0x6d,0x65,0x1,0x3,0x0,0x0,0x0,0x8,0x4e,0x1b,0x67,0x97,0x4e,0x18,0x96,
  0x75,0x8,0x0,0x0,0x0,0x0,0x6,0x0,0x0,0x0,0xc,0x4a,0x75,0x6e,0x67,0x6c,
  0x65,0x20,0x48,0x69,0x6c,0x6c,0x73,0x7,0x0,0x0,0x0,0x5,0x42,0x69,0x6f,0x6d,
  0x65,0x1,0x3,0x0,0x0,0x0,0x8,0x6e,0x29,0x6c,0x34,0x6d,0x77,0x6d,0xb,0x8,
  0x0,0x0,0x0,0x0,0x6,0x0,0x0,0x0,0xe,0x4c,0x75,0x6b,0x65,0x77,0x61,0x72,
  0x6d,0x20,0x4f,0x63,0x65,0x61,0x6e,0x7,0x0,0x0,0x0,0x5,0x42,0x69,0x6f,0x6d,
  0x65,0x1,0x3,0x0,0x0,0x0,0x8,0x7e,0x41,0x83,0x2,0x6d,0x1e,0x7a,0x74,0x8,
  0x0,0x0,0x0,0x0,0x6,0x0,0x0,0x0,0xa,0x4c,0x75,0x73,0x68,0x20,0x43,0x61,
  0x76,0x65,0x73,0x7,0x0,0x0,0x0,0x5,0x42,0x69,0x6f,0x6d,0x65,0x1,0x3,0x0,
  0x0,0x0,0xa,0x7e,0xa2,0x68,0x11,0x67,0x97,0x6c,0xbc,0x6c,0xfd,0x8,0x0,0x0,
  0x0,0x0,0x6,0x0,0x0,0x0,0xe,0x4d,0x61,0x6e,0x67,0x72,0x6f,0x76,0x65,0x20,
  0x53,0x77,0x61,0x6d,0x70,0x7,0x0,0x0,0x0,0x5,0x42,0x69,0x6f,0x6d,0x65,0x1,
  0x3,0x0,0x0,0x0,0x4,0x83,0x49,0x75,0x38,0x8,0x0,0x0,0x0,0x0,0x6,0x0,
  0x0,0x0,0x6,0x4d,0x65,0x61,0x64,0x6f,0x77,0x7,0x0,0x0,0x0,0x5,0x42,0x69,
  0x6f,0x6d,0x65,0x1,0x3,0x0,0x0,0x0,0xc,0x60,0x76,0x57,0x30,0x9a,0xd8,0x53,
  0x9f,0x53,0xd8,0x79,0xcd,0x8,0x0,0x0,0x0,0x0,0x6,0x0,0x0,0x0,0x19,0x4d,
  0x6f,0x64,0x69,0x66,0x69,0x65,0x64,0x20,0x42,0x61,0x64,0x6c,0x61,0x6e,0x64,0x73,
  0x20,0x50,0x6c,0x61,0x74,0x65,0x61,0x75,0x7,0x0,0x0,0x0,0x5,0x42,0x69,0x6f,
  0x6d,0x65,0x1,0x3,0x0,0x0,0x0,0x8,0x4e,0x1b,0x67,0x97,0x53,0xd8,0x79,0xcd,
  0x8,0x0,0x0,0x0,0x0,0x6,0x0,0x0,0x0,0xf,0x4d,0x6f,0x64,0x69,0x66,0x69,
  0x65,0x64,0x20,0x4a,0x75,0x6e,0x67,0x6c,0x65,0x7,0x0,0x0,0x0,0x5,0x42,0x69,
  0x6f,0x6d,0x65,0x1,0x3,0x0,0x0,0x0,0xc,0x4e,0x1b,0x67,0x97,0x8f,0xb9,0x7f,
  0x18,0x53,0xd8,0x79,0xcd,0x8,0x0,0x0,0x0,0x0,0x6,0x0,0x0,0x0,0x14,0x4d,
  0x6f,0x64,0x69,0x66,0x69,0x65,0x64,0x20,0x4a,0x75,0x6e,0x67,0x6c,0x65,0x20,0x45,
  0x64,0x67,0x65,0x7,0x0,0x0,0x0,0x5,0x42,0x69,0x6f,0x6d,0x65,0x1,0x3,0x0,
  0x0,0x0,0x12,0x7e,0x41,0x83,0x2,0x76,0x84,0x60,0x76,0x57,0x30,0x9a,0xd8,0x53,
  0x9f,0x53,0xd8,0x79,0xcd,0x8,0x0,0x0,0x0,0x0,0x6,0x0,0x0,0x0,0x20,0x4d,
  0x6f,0x64,0x69,0x66,0x69,0x65,0x64,0x20,0x57,0x6f,0x6f,0x64,0x65,0x64,0x20,0x42,
  0x61,0x64,0x6c,0x61,0x6e,0x64,0x73,0x20,0x50,0x6c,0x61,0x74,0x65,0x61,0x75,0x7,
  0x0,0x0,0x0,0x5,0x42,0x69,0x6f,0x6d,0x65,0x1,0x3,0x0,0x0,0x0,0x8,0x5c,
  0x71,0x57,0x30,0x8f,0xb9,0x7f,0x18,0x8,0x0,0x0,0x0,0x0,0x6,0x0,0x0,0x0,
  0xd,0x4d,0x6f,0x75,0x6e,0x74,0x61,0x69,0x6e,0x20,0x45,0x64,0x67,0x65,0x7,0x0,
  0x0,0x0,0x5,0x42,0x69,0x6f,0x6d,0x65,0x1,0x3,0x0,0x0,0x0,0x4,0x5c,0x71,
  0x57,0x30,0x8,0x0,0x0,0x0,0x0,0x6,0x0,0x0,0x0,0x9,0x4d,0x6f,0x75,0x6e,
  0x74,0x61,0x69,0x6e,0x73,0x7,0x0,0x0,0x0,0x5,0x42,0x69,0x6f,0x6d,0x65,0x1,
  0x3,0x0,0x0,0x0,0xa,0x86,0x11,0x83,0xc7,0x5c,0x9b,0x6d,0x77,0x5c,0xb8,0x8,
  0x0,0x0,0x0,0x0,0x6,0x0,0x0,0x0,0x14,0x4d,0x75,0x73,0x68,0x72,0x6f,0x6f,
  0x6d,0x20,0x46,0x69,0x65,0x6c,0x64,0x20,0x53,0x68,0x6f,0x72,0x65,0x7,0x0,0x0,
  0x0,0x5,0x42,0x69,0x6f,0x6d,0x65,0x1,0x3,0x0,0x0,0x0,0x6,0x86,0x11,0x83,
  0xc7,0x5c,0x9b,0x8,0x0,0x0,0x0,0x0,0x6,0x0,0x0,0x0,0xf,0x4d,0x75,0x73,
  0x68,0x72,0x6f,0x6f,0x6d,0x20,0x46,0x69,0x65,0x6c,0x64,0x73,0x7,0x0,0x0,0x0,
  0x5,0x42,0x69,0x6f,0x6d,0x65,0x1,0x3,0x0,0x0,0x0,0x8,0x4e,0xb,0x75,0x4c,
  0x83,0x52,0x57,0x30,0x8,0x0,0x0,0x0,0x0,0x6,0x0,0x0,0x0,0xd,0x4e,0x65,
  0x74,0x68,0x65,0x72,0x20,0x57,0x61,0x73,0x74,0x65,0x73,0x7,0x0,0x0,0x0,0x5,
  0x42,0x69,0x6f,0x6d,0x65,0x1,0x3,0x0,0x0,0x0,0x4,0x6d,0x77,0x6d,0xb,0x8,
  0x0,0x0,0x0,0x0,0x6,0x0,0x0,0x0,0x5,0x4f,0x63,0x65,0x61,0x6e,0x7,0x0,
  0x0,0x0,0x5,0x42,0x69,0x6f,0x6d,0x65,0x1,0x3,0x0,0x0,0x0,0xc,0x53,0x9f,
  0x59,0xcb,0x68,0x66,0x67,0x28,0x68,0xee,0x67,0x97,0x8,0x0,0x0,0x0,0x0,0x6,
  0x0,0x0,0x0,0x17,0x4f,0x6c,0x64,0x20,0x47,0x72,0x6f,0x77,0x74,0x68,0x20,0x42,
  0x69,0x72,0x63,0x68,0x20,0x46,0x6f,0x72,0x65,0x73,0x74,0x7,0x0,0x0,0x0,0x5,
  0x42,0x69,0x6f,0x6d,0x65,0x1,0x3,0x0,0x0,0x0,0xe,0x53,0x9f,0x59,0xcb,0x67,
  0x7e,0x67,0x28,0x94,0x88,0x53,0xf6,0x67,0x97,0x8,0x0,0x0,0x0,0x0,0x6,0x0,
  0x0,0x0,0x15,0x4f,0x6c,0x64,0x20,0x47,0x72,0x6f,0x77,0x74,0x68,0x20,0x50,0x69,
  0x6e,0x65,0x20,0x54,0x61,0x69,0x67,0x61,0x7,0x0,0x0,0x0,0x5,0x42,0x69,0x6f,
  0x6d,0x65,0x1,0x3,0x0,0x0,0x0,0xe,0x53,0x9f,0x59,0xcb,0x4e,0x91,0x67,0x49,
  0x94,0x88,0x53,0xf6,0x67,0x97,0x8,0x0,0x0,0x0,0x0,0x6,0x0,0x0,0x0,0x17,
  0x4f,0x6c,0x64,0x20,0x47,0x72,0x6f,0x77,0x74,0x68,0x20,0x53,0x70,0x72,0x75,0x63,
  0x65,0x20,0x54,0x61,0x69,0x67,0x61,0x7,0x0,0x0,0x0,0x5,0x42,0x69,0x6f,0x6d,
  0x65,0x1,0x3,0x0,0x0,0x0,0x8,0x82,0xcd,0x76,0x7d,0x4e,0x4b,0x56,0xed,0x8,
  0x0,0x0,0x0,0x0,0x6,0x0,0x0,0x0,0xb,0x50,0x61,0x6c,0x65,0x20,0x47,0x61,
  0x72,0x64,0x65,0x6e,0x7,0x0,0x0,0x0,0x5,0x42,0x69,0x6f,0x6d,0x65,0x1,0x3,
  0x0,0x0,0x0,0x4,0x5e,0x73,0x53,0x9f,0x8,0x0,0x0,0x0,0x0,0x6,0x0,0x0,
  0x0,0x6,0x50,0x6c,0x61,0x69,0x6e,0x73,0x7,0x0,0x0,0x0,0x5,0x42,0x69,0x6f,
  0x6d,0x65,0x1,0x3,0x0,0x0,0x0,0x4,0x96,0xe8,0x67,0x97,0x8,0x0,0x0,0x0,
  0x0,0x6,0x0,0x0,0x0,0xb,0x52,0x61,0x69,0x6e,0x20,0x46,0x6f,0x72,0x65,0x73,
  0x74,0x7,0x0,0x0,0x0,0x5,0x42,0x69,0x6f,0x6d,0x65,0x1,0x3,0x0,0x0,0x0,
  0x4,0x6c,0xb3,0x6d,0x41,0x8,0x0,0x0,0x0,0x0,0x6,0x0,0x0,0x0,0x5,0x52,
  0x69,0x76,0x65,0x72,0x7,0x0,0x0,0x0,0x5,0x42,0x69,0x6f,0x6d,0x65,0x1,0x3,
  0x0,0x0,0x0,0x8,0x70,0xed,0x5e,0x26,0x83,0x49,0x53,0x9f,0x8,0x0,0x0,0x0,
  0x0,0x6,0x0,0x0,0x0,0x7,0x53,0x61,0x76,0x61,0x6e,0x6e,0x61,0x7,0x0,0x0,
  0x0,0x5,0x42,0x69,0x6f,0x6d,0x65,0x1,0x3,0x0,0x0,0x0,0x8,0x70,0xed,0x5e,
  0x26,0x9a,0xd8,0x53,0x9f,0x8,0x0,0x0,0x0,0x0,0x6,0x0,0x0,0x0,0xf,0x53,
  0x61,0x76,0x61,0x6e,0x6e,0x61,0x20,0x50,0x6c,0x61,0x74,0x65,0x61,0x75,0x7,0x0,
  0x0,0x0,0x5,0x42,0x69,0x6f,0x6d,0x65,0x1,0x3,0x0,0x0,0x0,0xa,0x5b,0x63,
  0x82,0x82,0x60,0x27,0x68,0xee,0x67,0x97,0x8,0x0,0x0,0x0,0x0,0x6,0x0,0x0,
  0x0,0xf,0x53,0x65,0x61,0x73,0x6f,0x6e,0x61,0x6c,0x20,0x46,0x6f,0x72,0x65,0x73,
  0x74,0x7,0x0,0x0,0x0,0x5,0x42,0x69,0x6f,0x6d,0x65,0x1,0x3,0x0,0x0,0x0,
  0xe,0x78,0x34,0x78,0x8e,0x76,0x84,0x70,0xed,0x5e,0x26,0x83,0x49,0x53,0x9f,0x8,
  0x0,0x0,0x0,0x0,0x6,0x0,0x0,0x0,0x11,0x53,0x68,0x61,0x74,0x74,0x65,0x72,
  0x65,0x64,0x20,0x53,0x61,0x76,0x61,0x6e,0x6e,0x61,0x7,0x0,0x0,0x0,0x5,0x42,
  0x69,0x6f,0x6d,0x65,0x1,0x3,0x0,0x0,0x0,0xe,0x78,0x34,0x78,0x8e,0x76,0x84,
  0x70,0xed,0x5e,0x26,0x9a,0xd8,0x53,0x9f,0x8,0x0,0x0,0x0,0x0,0x6,0x0,0x0,
  0x0,0x19,0x53,0x68,0x61,0x74,0x74,0x65,0x72,0x65,0x64,0x20,0x53,0x61,0x76,0x61,
  0x6e,0x6e,0x61,0x20,0x50,0x6c,0x61,0x74,0x65,0x61,0x75,0x7,0x0,0x0,0x0,0x5,
  0x42,0x69,0x6f,0x6d,0x65,0x1,0x3,0x0,0x0,0x0,0x8,0x70,0x4c,0x67,0x28,0x4e,
  0x1b,0x57,0x30,0x8,0x0,0x0,0x0,0x0,0x6,0x0,0x0,0x0,0x9,0x53,0x68,0x72,
  0x75,0x62,0x6c,0x61,0x6e,0x64,0x7,0x0,0x0,0x0,0x5,0x42,0x69,0x6f,0x6d,0x65,
  0x1,0x3,0x0,0x0,0x0,0xc,0x67,0x2b,0x57,0x30,0x5c,0xf,0x57,0x8b,0x5c,0x9b,
  0x5c,0x7f,0x8,0x0,0x0,0x0,0x0,0x6,0x0,0x0,0x0,0x11,0x53,0x6d,0x61,0x6c,
  0x6c,0x20,0x45,0x6e,0x64,0x20,0x49,0x73,0x6c,0x61,0x6e,0x64,0x73,0x7,0x0,0x0,
  0x0,0x5,0x42,0x69,0x6f,0x6d,0x65,0x1,0x3,0x0,0x0,0x0,0xa,0x79,0xef,0x96,
  0xea,0x76,0x84,0x6c,0x99,0x6e,0xe9,0x8,0x0,0x0,0x0,0x0,0x6,0x0,0x0,0x0,
  0xb,0x53,0x6e,0x6f,0x77,0x79,0x20,0x42,0x65,0x61,0x63,0x68,0x7,0x0,0x0,0x0,
  0x5,0x42,0x69,0x6f,0x6d,0x65,0x1,0x3,0x0,0x0,0x0,0x4,0x96,0xea,0x5c,0x71,
  0x8,0x0,0x0,0x0,0x0,0x6,0x0,0x0,0x0,0xf,0x53,0x6e,0x6f,0x77,0x79,0x20,
  0x4d,0x6f,0x75,0x6e,0x74,0x61,0x69,0x6e,0x73,0x7,0x0,0x0,0x0,0x5,0x42,0x69,
  0x6f,0x6d,0x65,0x1,0x3,0x0,0x0,0x0,0xa,0x79,0xef,0x96,0xea,0x76,0x84,0x5e,
  0x73,0x53,0x9f,0x8,0x0,0x0,0x0,0x0,0x6,0x0,0x0,0x0,0xc,0x53,0x6e,0x6f,
  0x77,0x79,0x20,0x50,0x6c,0x61,0x69,0x6e,0x73,0x7,0x0,0x0,0x0,0x5,0x42,0x69,
  0x6f,0x6d,0x65,0x1,0x3,0x0,0x0,0x0,0xa,0x79,0xef,0x96,0xea,0x76,0x84,0x5c,
  0x71,0x57,0x61,0x8,0x0,0x0,0x0,0x0,0x6,0x0,0x0,0x0,0xc,0x53,0x6e,0x6f,
  0x77,0x79,0x20,0x53,0x6c,0x6f,0x70,0x65,0x73,0x7,0x0,0x0,0x0,0x5,0x42,0x69,
  0x6f,0x6d,0x65,0x1,0x3,0x0,0x0,0x0,0xc,0x79,0xef,0x96,0xea,0x76,0x84,0x94,
  0x88,0x53,0xf6,0x67,0x97,0x8,0x0,0x0,0x0,0x0,0x6,0x0,0x0,0x0,0xb,0x53,
  0x6e,0x6f,0x77,0x79,0x20,0x54,0x61,0x69,0x67,0x61,0x7,0x0,0x0,0x0,0x5,0x42,
  0x69,0x6f,0x6d,0x65,0x1,0x3,0x0,0x0,0x0,0x10,0x79,0xef,0x96,0xea,0x76,0x84,
  0x94,0x88,0x53,0xf6,0x67,0x97,0x4e,0x18,0x96,0x75,0x8,0x0,0x0,0x0,0x0,0x6,
  0x0,0x0,0x0,0x11,0x53,0x6e,0x6f,0x77,0x79,0x20,0x54,0x61,0x69,0x67,0x61,0x20,
  0x48,0x69,0x6c,0x6c,0x73,0x7,0x0,0x0,0x0,0x5,0x42,0x69,0x6f,0x6d,0x65,0x1,
  0x3,0x0,0x0,0x0,0x10,0x79,0xef,0x96,0xea,0x76,0x84,0x94,0x88,0x53,0xf6,0x67,
  0x97,0x5c,0x71,0x57,0x30,0x8,0x0,0x0,0x0,0x0,0x6,0x0,0x0,0x0,0x15,0x53,
  0x6e,0x6f,0x77,0x79,0x20,0x54,0x61,0x69,0x67,0x61,0x20,0x4d,0x6f,0x75,0x6e,0x74,
  0x61,0x69,0x6e,0x73,0x7,0x0,0x0,0x0,0x5,0x42,0x69,0x6f,0x6d,0x65,0x1,0x3,
  0x0,0x0,0x0,0xa,0x70,0x75,0x9b,0x42,0x6c,0x99,0x5c,0xe1,0x8c,0x37,0x8,0x0,
  0x0,0x0,0x0,0x6,0x0,0x0,0x0,0x10,0x53,0x6f,0x75,0x6c,0x20,0x53,0x61,0x6e,
  0x64,0x20,0x56,0x61,0x6c,0x6c,0x65,0x79,0x7,0x0,0x0,0x0,0x5,0x42,0x69,0x6f,
  0x6d,0x65,0x1,0x3,0x0,0x0,0x0,0xa,0x7a,0x0,0x75,0x8f,0x76,0x84,0x4e,0x1b,
  0x67,0x97,0x8,0x0,0x0,0x0,0x0,0x6,0x0,0x0,0x0,0xd,0x53,0x70,0x61,0x72,
  0x73,0x65,0x20,0x4a,0x75,0x6e,0x67,0x6c,0x65,0x7,0x0,0x0,0x0,0x5,0x42,0x69,
  0x6f,0x6d,0x65,0x1,0x3,0x0,0x0,0x0,0x4,0x77,0xf3,0x5c,0xb8,0x8,0x0,0x0,
  0x0,0x0,0x6,0x0,0x0,0x0,0xb,0x53,0x74,0x6f,0x6e,0x65,0x20,0x53,0x68,0x6f,
  0x72,0x65,0x7,0x0,0x0,0x0,0x5,0x42,0x69,0x6f,0x6d,0x65,0x1,0x3,0x0,0x0,
  0x0,0x8,0x88,0xf8,0x5c,0xa9,0x5c,0x71,0x5c,0xf0,0x8,0x0,0x0,0x0,0x0,0x6,
  0x0,0x0,0x0,0xb,0x53,0x74,0x6f,0x6e,0x79,0x20,0x50,0x65,0x61,0x6b,0x73,0x7,
  0x0,0x0,0x0,0x5,0x42,0x69,0x6f,0x6d,0x65,0x1,0x3,0x0,0x0,0x0,0x4,0x77,
  0xf3,0x5c,0xb8,0x8,0x0,0x0,0x0,0x0,0x6,0x0,0x0,0x0,0xb,0x53,0x74,0x6f,
  0x6e,0x79,0x20,0x53,0x68,0x6f,0x72,0x65,0x7,0x0,0x0,0x0,0x5,0x42,0x69,0x6f,
  0x6d,0x65,0x1,0x3,0x0,0x0,0x0,0xa,0x54,0x11,0x65,0xe5,0x84,0x75,0x5e,0x73,
  0x53,0x9f,0x8,0x0,0x0,0x0,0x0,0x6,0x0,0x0,0x0,0x10,0x53,0x75,0x6e,0x66,
  0x6c,0x6f,0x77,0x65,0x72,0x20,0x50,0x6c,0x61,0x69,0x6e,0x73,0x7,0x0,0x0,0x0,
  0x5,0x42,0x69,0x6f,0x6d,0x65,0x1,0x3,0x0,0x0,0x0,0x4,0x6c,0xbc,0x6c,0xfd,
  0x8,0x0,0x0,0x0,0x0,0x6,0x0,0x0,0x0,0x5,0x53,0x77,0x61,0x6d,0x70,0x7,
  0x0,0x0,0x0,0x5,0x42,0x69,0x6f,0x6d,0x65,0x1,0x3,0x0,0x0,0x0,0x8,0x6c,
  0xbc,0x6c,0xfd,0x4e,0x18,0x96,0x75,0x8,0x0,0x0,0x0,0x0,0x6,0x0,0x0,0x0,
  0xb,0x53,0x77,0x61,0x6d,0x70,0x20,0x48,0x69,0x6c,0x6c,0x73,0x7,0x0,0x0,0x0,
  0x5,0x42,0x69,0x6f,0x6d,0x65,0x1,0x3,0x0,0x0,0x0,0x6,0x94,0x88,0x53,0xf6,
  0x67,0x97,0x8,0x0,0x0,0x0,0x0,0x6,0x0,0x0,0x0,0x5,0x54,0x61,0x69,0x67,
  0x61,0x7,0x0,0x0,0x0,0x5,0x42,0x69,0x6f,0x6d,0x65,0x1,0x3,0x0,0x0,0x0,
  0xa,0x94,0x88,0x53,0xf6,0x67,0x97,0x4e,0x18,0x96,0x75,0x8,0x0,0x0,0x0,0x0,
  0x6,0x0,0x0,0x0,0xb,0x54,0x61,0x69,0x67,0x61,0x20,0x48,0x69,0x6c,0x6c,0x73,
  0x7,0x0,0x0,0x0,0x5,0x42,0x69,0x6f,0x6d,0x65,0x1,0x3,0x0,0x0,0x0,0xa,
  0x94,0x88,0x53,0xf6,0x67,0x97,0x5c,0x71,0x57,0x30,0x8,0x0,0x0,0x0,0x0,0x6,
  0x0,0x0,0x0,0xf,0x54,0x61,0x69,0x67,0x61,0x20,0x4d,0x6f,0x75,0x6e,0x74,0x61,
  0x69,0x6e,0x73,0x7,0x0,0x0,0x0,0x5,0x42,0x69,0x6f,0x6d,0x65,0x1,0x3,0x0,
  0x0,0x0,0xc,0x9a,0xd8,0x59,0x27,0x68,0x66,0x67,0x28,0x68,0xee,0x67,0x97,0x8,
  0x0,0x0,0x0,0x0,0x6,0x0,0x0,0x0,0x11,0x54,0x61,0x6c,0x6c,0x20,0x42,0x69,
  0x72,0x63,0x68,0x20,0x46,0x6f,0x72,0x65,0x73,0x74,0x7,0x0,0x0,0x0,0x5,0x42,
  0x69,0x6f,0x6d,0x65,0x1,0x3,0x0,0x0,0x0,0xc,0x9a,0xd8,0x59,0x27,0x68,0x66,
  0x67,0x28,0x4e,0x18,0x96,0x75,0x8,0x0,0x0,0x0,0x0,0x6,0x0,0x0,0x0,0x10,
  0x54,0x61,0x6c,0x6c,0x20,0x42,0x69,0x72,0x63,0x68,0x20,0x48,0x69,0x6c,0x6c,0x73,
  0x7,0x0,0x0,0x0,0x5,0x42,0x69,0x6f,0x6d,0x65,0x1,0x3,0x0,0x0,0x0,0x8,
  0x67,0x2b,0x8d,0xef,0x4e,0x4b,0x57,0x30,0x8,0x0,0x0,0x0,0x0,0x6,0x0,0x0,
  0x0,0x7,0x54,0x68,0x65,0x20,0x45,0x6e,0x64,0x7,0x0,0x0,0x0,0x5,0x42,0x69,
  0x6f,0x6d,0x65,0x1,0x3,0x0,0x0,0x0,0x4,0x86,0x5a,0x7a,0x7a,0x8,0x0,0x0,
  0x0,0x0,0x6,0x0,0x0,0x0,0x8,0x54,0x68,0x65,0x20,0x56,0x6f,0x69,0x64,0x7,
  0x0,0x0,0x0,0x5,0x42,0x69,0x6f,0x6d,0x65,0x1,0x3,0x0,0x0,0x0,0x8,0x66,
  0x96,0x6c,0x34,0x6d,0x77,0x6d,0xb,0x8,0x0,0x0,0x0,0x0,0x6,0x0,0x0,0x0,
  0xa,0x57,0x61,0x72,0x6d,0x20,0x4f,0x63,0x65,0x61,0x6e,0x7,0x0,0x0,0x0,0x5,
  0x42,0x69,0x6f,0x6d,0x65,0x1,0x3,0x0,0x0,0x0,0x8,0x8b,0xe1,0x5f,0x2,0x68,
  0xee,0x67,0x97,0x8,0x0,0x0,0x0,0x0,0x6,0x0,0x0,0x0,0xd,0x57,0x61,0x72,
  0x70,0x65,0x64,0x20,0x46,0x6f,0x72,0x65,0x73,0x74,0x7,0x0,0x0,0x0,0x5,0x42,
  0x69,0x6f,0x6d,0x65,0x1,0x3,0x0,0x0,0x0,0x8,0x98,0xce,0x88,0xad,0x68,0xee,
  0x67,0x97,0x8,0x0,0x0,0x0,0x0,0x6,0x0,0x0,0x0,0x10,0x57,0x69,0x6e,0x64,
  0x73,0x77,0x65,0x70,0x74,0x20,0x46,0x6f,0x72,0x65,0x73,0x74,0x7,0x0,0x0,0x0,
  0x5,0x42,0x69,0x6f,0x6d,0x65,0x1,0x3,0x0,0x0,0x0,0xc,0x98,0xce,0x88,0xad,
  0x6c,0x99,0x78,0x3e,0x4e,0x18,0x96,0x75,0x8,0x0,0x0,0x0,0x0,0x6,0x0,0x0,
  0x0,0x18,0x57,0x69,0x6e,0x64,0x73,0x77,0x65,0x70,0x74,0x20,0x47,0x72,0x61,0x76,
  0x65,0x6c,0x6c,0x79,0x20,0x48,0x69,0x6c,0x6c,0x73,0x7,0x0,0x0,0x0,0x5,0x42,
  0x69,0x6f,0x6d,0x65,0x1,0x3,0x0,0x0,0x0,0x8,0x98,0xce,0x88,0xad,0x4e,0x18,
  0x96,0x75,0x8,0x0,0x0,0x0,0x0,0x6,0x0,0x0,0x0,0xf,0x57,0x69,0x6e,0x64,
  0x73,0x77,0x65,0x70,0x74,0x20,0x48,0x69,0x6c,0x6c,0x73,0x7,0x0,0x0,0x0,0x5,
  0x42,0x69,0x6f,0x6d,0x65,0x1,0x3,0x0,0x0,0x0,0xc,0x98,0xce,0x88,0xad,0x70,
  0xed,0x5e,0x26,0x83,0x49,0x53,0x9f,0x8,0x0,0x0,0x0,0x0,0x6,0x0,0x0,0x0,
  0x11,0x57,0x69,0x6e,0x64,0x73,0x77,0x65,0x70,0x74,0x20,0x53,0x61,0x76,0x61,0x6e,
  0x6e,0x61,0x7,0x0,0x0,0x0,0x5,0x42,0x69,0x6f,0x6d,0x65,0x1,0x3,0x0,0x0,
  0x0,0xa,0x7e,0x41,0x83,0x2,0x76,0x84,0x60,0x76,0x57,0x30,0x8,0x0,0x0,0x0,
  0x0,0x6,0x0,0x0,0x0,0xf,0x57,0x6f,0x6f,0x64,0x65,0x64,0x20,0x42,0x61,0x64,
  0x6c,0x61,0x6e,0x64,0x73,0x7,0x0,0x0,0x0,0x5,0x42,0x69,0x6f,0x6d,0x65,0x1,
  0x3,0x0,0x0,0x0,0xe,0x7e,0x41,0x83,0x2,0x76,0x84,0x60,0x76,0x57,0x30,0x9a,
  0xd8,0x53,0x9f,0x8,0x0,0x0,0x0,0x0,0x6,0x0,0x0,0x0,0x17,0x57,0x6f,0x6f,
  0x64,0x65,0x64,0x20,0x42,0x61,0x64,0x6c,0x61,0x6e,0x64,0x73,0x20,0x50,0x6c,0x61,
  0x74,0x65,0x61,0x75,0x7,0x0,0x0,0x0,0x5,0x42,0x69,0x6f,0x6d,0x65,0x1,0x3,
  0x0,0x0,0x0,0xa,0x7e,0x41,0x83,0x2,0x76,0x84,0x4e,0x18,0x96,0x75,0x8,0x0,
  0x0,0x0,0x0,0x6,0x0,0x0,0x0,0xc,0x57,0x6f,0x6f,0x64,0x65,0x64,0x20,0x48,
  0x69,0x6c,0x6c,0x73,0x7,0x0,0x0,0x0,0x5,0x42,0x69,0x6f,0x6d,0x65,0x1,0x3,
  0x0,0x0,0x0,0xa,0x7e,0x41,0x83,0x2,0x76,0x84,0x5c,0x71,0x57,0x30,0x8,0x0,
  0x0,0x0,0x0,0x6,0x0,0x0,0x0,0x10,0x57,0x6f,0x6f,0x64,0x65,0x64,0x20,0x4d,
  0x6f,0x75,0x6e,0x74,0x61,0x69,0x6e,0x73,0x7,0x0,0x0,0x0,0x5,0x42,0x69,0x6f,
  0x6d,0x65,0x1,0x3,0x0,0x0,0x0,0x8,0x51,0x68,0x90,0xe8,0x91,0xcd,0x7f,0x6e,
  0x8,0x0,0x0,0x0,0x0,0x6,0x0,0x0,0x0,0xe,0x41,0x6c,0x6c,0x20,0x74,0x6f,
  0x20,0x64,0x65,0x66,0x61,0x75,0x6c,0x74,0x7,0x0,0x0,0x0,0x10,0x42,0x69,0x6f,
  0x6d,0x65,0x43,0x6f,0x6c,0x6f,0x72,0x44,0x69,0x61,0x6c,0x6f,0x67,0x1,0x3,0x0,
  0x0,0x0,0xc,0x51,0x68,0x90,0xe8,0x7f,0x6e,0x4e,0x3a,0x66,0x97,0x82,0x72,0x8,
  0x0,0x0,0x0,0x0,0x6,0x0,0x0,0x0,0xd,0x41,0x6c,0x6c,0x20,0x74,0x6f,0x20,
  0x64,0x69,0x6d,0x6d,0x65,0x64,0x7,0x0,0x0,0x0,0x10,0x42,0x69,0x6f,0x6d,0x65,
  0x43,0x6f,0x6c,0x6f,0x72,0x44,0x69,0x61,0x6c,0x6f,0x67,0x1,0x3,0x0,0x0,0x0,
  0xe,0x7f,0xa4,0x7c,0xfb,0x98,0x9c,0x82,0x72,0x7f,0x16,0x8f,0x91,0x56,0x68,0x8,
  0x0,0x0,0x0,0x0,0x6,0x0,0x0,0x0,0x12,0x42,0x69,0x6f,0x6d,0x65,0x20,0x43,
  0x6f,0x6c,0x6f,0x72,0x20,0x45,0x64,0x69,0x74,0x6f,0x72,0x7,0x0,0x0,0x0,0x10,
  0x42,0x69,0x6f,0x6d,0x65,0x43,0x6f,0x6c,0x6f,0x72,0x44,0x69,0x61,0x6c,0x6f,0x67,
  0x1,0x3,0x0,0x0,0x0,0xc,0x7f,0xa4,0x7c,0xfb,0x98,0x9c,0x82,0x72,0x56,0xfe,
  0x0,0x3a,0x8,0x0,0x0,0x0,0x0,0x6,0x0,0x0,0x0,0x10,0x42,0x69,0x6f,0x6d,
  0x65,0x20,0x63,0x6f,0x6c,0x6f,0x72,0x20,0x6d,0x61,0x70,0x3a,0x7,0x0,0x0,0x0,
  0x10,0x42,0x69,0x6f,0x6d,0x65,0x43,0x6f,0x6c,0x6f,0x72,0x44,0x69,0x61,0x6c,0x6f,
  0x67,0x1,0x3,0x0,0x0,0x0,0xa,0x7f,0xa4,0x7c,0xfb,0x98,0x9c,0x82,0x72,0x0,
  0x3a,0x8,0x0,0x0,0x0,0x0,0x6,0x0,0x0,0x0,0xd,0x42,0x69,0x6f,0x6d,0x65,
  0x20,0x63,0x6f,0x6c,0x6f,0x72,0x73,0x3a,0x7,0x0,0x0,0x0,0x10,0x42,0x69,0x6f,
  0x6d,0x65,0x43,0x6f,0x6c,0x6f,0x72,0x44,0x69,0x61,0x6c,0x6f,0x67,0x1,0x3,0x0,
  0x0,0x0,0x4a,0x7f,0xa4,0x7c,0xfb,0x98,0x9c,0x82,0x72,0x5b,0x9a,0x4e,0x49,0x65,
  0x87,0x4e,0xf6,0x0,0x20,0x0,0x28,0x0,0x2a,0x0,0x2e,0x0,0x63,0x0,0x6f,0x0,
  0x6c,0x0,0x6f,0x0,0x72,0x0,0x6d,0x0,0x61,0x0,0x70,0x0,0x20,0x0,0x2a,0x0,
  0x2e,0x0,0x74,0x0,0x78,0x0,0x74,0x0,0x29,0x0,0x3b,0x0,0x3b,0x4e,0xfb,0x61,
  0xf,0x65,0x87,0x4e,0xf6,0x0,0x20,0x0,0x28,0x0,0x2a,0x0,0x29,0x8,0x0,0x0,
  0x0,0x0,0x6,0x0,0x0,0x0,0x31,0x43,0x6f,0x6c,0x6f,0x72,0x20,0x6d,0x61,0x70,
  0x20,0x66,0x69,0x6c,0x65,0x73,0x20,0x28,0x2a,0x2e,0x63,0x6f,0x6c,0x6f,0x72,0x6d,
  0x61,0x70,0x20,0x2a,0x2e,0x74,0x78,0x74,0x29,0x3b,0x3b,0x41,0x6e,0x79,0x20,0x66,
  0x69,0x6c,0x65,0x73,0x20,0x28,0x2a,0x29,0x7,0x0,0x0,0x0,0x10,0x42,0x69,0x6f,
  0x6d,0x65,0x43,0x6f,0x6c,0x6f,0x72,0x44,0x69,0x61,0x6c,0x6f,0x67,0x1,0x3,0x0,
  0x0,0x0,0x10,0x5f,0x53,0x52,0x4d,0x4e,0xd,0x53,0xef,0x75,0x28,0x7f,0xa4,0x7c,
  0xfb,0x0,0x3a,0x8,0x0,0x0,0x0,0x0,0x6,0x0,0x0,0x0,0x1a,0x43,0x75,0x72,
  0x72,0x65,0x6e,0x74,0x6c,0x79,0x20,0x69,0x6e,0x61,0x63,0x74,0x69,0x76,0x65,0x20,
  0x62,0x69,0x6f,0x6d,0x65,0x73,0x3a,0x7,0x0,0x0,0x0,0x10,0x42,0x69,0x6f,0x6d,
  0x65,0x43,0x6f,0x6c,0x6f,0x72,0x44,0x69,0x61,0x6c,0x6f,0x67,0x1,0x3,0x0,0x0,
  0x0,0x4,0x9e,0xd8,0x8b,0xa4,0x8,0x0,0x0,0x0,0x0,0x6,0x0,0x0,0x0,0xd,
  0x44,0x65,0x66,0x61,0x75,0x6c,0x74,0x20,0x72,0x65,0x73,0x65,0x74,0x7,0x0,0x0,
  0x0,0x10,0x42,0x69,0x6f,0x6d,0x65,0x43,0x6f,0x6c,0x6f,0x72,0x44,0x69,0x61,0x6c,
  0x6f,0x67,0x1,0x3,0x0,0x0,0x0,0x4,0x66,0x97,0x82,0x72,0x8,0x0,0x0,0x0,
  0x0,0x6,0x0,0x0,0x0,0xc,0x44,0x69,0x6d,0x6d,0x65,0x64,0x20,0x72,0x65,0x73,
  0x65,0x74,0x7,0x0,0x0,0x0,0x10,0x42,0x69,0x6f,0x6d,0x65,0x43,0x6f,0x6c,0x6f,
  0x72,0x44,0x69,0x61,0x6c,0x6f,0x67,0x1,0x3,0x0,0x0,0x0,0x10,0x5b,0xfc,0x51,
  0xfa,0x7f,0xa4,0x7c,0xfb,0x98,0x9c,0x82,0x72,0x8b,0xbe,0x7f,0x6e,0x8,0x0,0x0,
  0x0,0x0,0x6,0x0,0x0,0x0,0x16,0x45,0x78,0x70,0x6f,0x72,0x74,0x20,0x62,0x69,
  0x6f,0x6d,0x65,0x20,0x63,0x6f,0x6c,0x6f,0x72,0x20,0x6d,0x61,0x70,0x7,0x0,0x0,
  0x0,0x10,0x42,0x69,0x6f,0x6d,0x65,0x43,0x6f,0x6c,0x6f,0x72,0x44,0x69,0x61,0x6c,
  0x6f,0x67,0x1,0x3,0x0,0x0,0x0,0xa,0x5b,0xfc,0x51,0xfa,0x0,0x2e,0x0,0x2e,
  0x0,0x2e,0x8,0x0,0x0,0x0,0x0,0x6,0x0,0x0,0x0,0x9,0x45,0x78,0x70,0x6f,
  0x72,0x74,0x2e,0x2e,0x2e,0x7,0x0,0x0,0x0,0x10,0x42,0x69,0x6f,0x6d,0x65,0x43,
  0x6f,0x6c,0x6f,0x72,0x44,0x69,0x61,0x6c,0x6f,0x67,0x1,0x3,0x0,0x0,0x0,0x20,
  0x65,0xe0,0x6c,0xd5,0x62,0x53,0x5f,0x0,0x4e,0xe5,0x4e,0xb,0x5b,0xfc,0x51,0xfa,
  0x65,0x87,0x4e,0xf6,0x0,0x3a,0x0,0xa,0x0,0x22,0x0,0x25,0x0,0x31,0x0,0x22,
  0x8,0x0,0x0,0x0,0x0,0x6,0x0,0x0,0x0,0x24,0x46,0x61,0x69,0x6c,0x65,0x64,
  0x20,0x74,0x6f,0x20,0x6f,0x70,0x65,0x6e,0x20,0x66,0x69,0x6c,0x65,0x20,0x66,0x6f,
  0x72,0x20,0x65,0x78,0x70,0x6f,0x72,0x74,0x3a,0xa,0x22,0x25,0x31,0x22,0x7,0x0,
  0x0,0x0,0x10,0x42,0x69,0x6f,0x6d,0x65,0x43,0x6f,0x6c,0x6f,0x72,0x44,0x69,0x61,
  0x6c,0x6f,0x67,0x1,0x3,0x0,0x0,0x0,0xa,0x5b,0xfc,0x51,0x65,0x0,0x2e,0x0,
  0x2e,0x0,0x2e,0x8,0x0,0x0,0x0,0x0,0x6,0x0,0x0,0x0,0x9,0x49,0x6d,0x70,
  0x6f,0x72,0x74,0x2e,0x2e,0x2e,0x7,0x0,0x0,0x0,0x10,0x42,0x69,0x6f,0x6d,0x65,
  0x43,0x6f,0x6c,0x6f,0x72,0x44,0x69,0x61,0x6c,0x6f,0x67,0x1,0x3,0x0,0x0,0x0,
  0x10,0x5b,0xfc,0x51,0x65,0x7f,0xa4,0x7c,0xfb,0x98,0x9c,0x82,0x72,0x8b,0xbe,0x7f,
  0x6e,0x8,0x0,0x0,0x0,0x0,0x6,0x0,0x0,0x0,0x14,0x4c,0x6f,0x61,0x64,0x20,
  0x62,0x69,0x6f,0x6d,0x65,0x20,0x63,0x6f,0x6c,0x6f,0x72,0x20,0x6d,0x61,0x70,0x7,
  0x0,0x0,0x0,0x10,0x42,0x69,0x6f,0x6d,0x65,0x43,0x6f,0x6c,0x6f,0x72,0x44,0x69,
  0x61,0x6c,0x6f,0x67,0x1,0x3,0x0,0x0,0x0,0x14,0x67,0x2a,0x62,0x7e,0x52,0x30,
  0x7f,0xa4,0x7c,0xfb,0x98,0x9c,0x82,0x72,0x5b,0x9a,0x4e,0x49,0x98,0x79,0x8,0x0,
  0x0,0x0,0x0,0x6,0x0,0x0,0x0,0x16,0x4e,0x6f,0x20,0x62,0x69,0x6f,0x6d,0x65,
  0x20,0x63,0x6f,0x6c,0x6f,0x72,0x73,0x20,0x66,0x6f,0x75,0x6e,0x64,0x2e,0x7,0x0,
  0x0,0x0,0x10,0x42,0x69,0x6f,0x6d,0x65,0x43,0x6f,0x6c,0x6f,0x72,0x44,0x69,0x61,
  0x6c,0x6f,0x67,0x1,0x3,0x0,0x0,0x0,0x4,0x52,0x20,0x96,0x64,0x8,0x0,0x0,
  0x0,0x0,0x6,0x0,0x0,0x0,0x6,0x52,0x65,0x6d,0x6f,0x76,0x65,0x7,0x0,0x0,
  0x0,0x10,0x42,0x69,0x6f,0x6d,0x65,0x43,0x6f,0x6c,0x6f,0x72,0x44,0x69,0x61,0x6c,
  0x6f,0x67,0x1,0x3,0x0,0x0,0x0,0x1c,0x66,0xff,0x63,0x62,0x4e,0x86,0x0,0x20,
  0x0,0x25,0x0,0x6e,0x0,0x20,0x79,0xcd,0x7f,0xa4,0x7c,0xfb,0x76,0x84,0x98,0x9c,
  0x82,0x72,0xff,0x1,0x8,0x0,0x0,0x0,0x0,0x6,0x0,0x0,0x0,0x1b,0x52,0x65,
  0x70,0x6c,0x61,0x63,0x65,0x64,0x20,0x25,0x6e,0x20,0x62,0x69,0x6f,0x6d,0x65,0x20,
  0x63,0x6f,0x6c,0x6f,0x72,0x28,0x73,0x29,0x2e,0x7,0x0,0x0,0x0,0x10,0x42,0x69,
  0x6f,0x6d,0x65,0x43,0x6f,0x6c,0x6f,0x72,0x44,0x69,0x61,0x6c,0x6f,0x67,0x1,0x3,
  0x0,0x0,0x0,0xa,0x4f,0xdd,0x5b,0x58,0x0,0x2e,0x0,0x2e,0x0,0x2e,0x8,0x0,
  0x0,0x0,0x0,0x6,0x0,0x0,0x0,0xa,0x53,0x61,0x76,0x65,0x20,0x61,0x73,0x2e,
  0x2e,0x2e,0x7,0x0,0x0,0x0,0x10,0x42,0x69,0x6f,0x6d,0x65,0x43,0x6f,0x6c,0x6f,
  0x72,0x44,0x69,0x61,0x6c,0x6f,0x67,0x1,0x3,0x0,0x0,0x0,0x16,0x5c,0x6,0x7f,
  0xa4,0x7c,0xfb,0x98,0x9c,0x82,0x72,0x53,0xe6,0x5b,0x58,0x4e,0x3a,0x0,0x2e,0x0,
  0x2e,0x0,0x2e,0x8,0x0,0x0,0x0,0x0,0x6,0x0,0x0,0x0,0x17,0x53,0x61,0x76,
  0x65,0x20,0x62,0x69,0x6f,0x6d,0x65,0x20,0x63,0x6f,0x6c,0x6f,0x72,0x73,0x20,0x61,
  0x73,0x2e,0x2e,0x2e,0x7,0x0,0x0,0x0,0x10,0x42,0x69,0x6f,0x6d,0x65,0x43,0x6f,
  0x6c,0x6f,0x72,0x44,0x69,0x61,0x6c,0x6f,0x67,0x1,0x3,0x0,0x0,0x0,0x8,0x0,
  0x5b,0x9e,0xd8,0x8b,0xa4,0x0,0x5d,0x8,0x0,0x0,0x0,0x0,0x6,0x0,0x0,0x0,
  0x9,0x5b,0x64,0x65,0x66,0x61,0x75,0x6c,0x74,0x5d,0x7,0x0,0x0,0x0,0x10,0x42,
  0x69,0x6f,0x6d,0x65,0x43,0x6f,0x6c,0x6f,0x72,0x44,0x69,0x61,0x6c,0x6f,0x67,0x1,
  0x3,0x0,0x0,0x0,0x4,0x7f,0xa4,0x7c,0xfb,0x8,0x0,0x0,0x0,0x0,0x6,0x0,
  0x0,0x0,0x6,0x42,0x69,0x6f,0x6d,0x65,0x73,0x7,0x0,0x0,0x0,0xf,0x42,0x69,
  0x6f,0x6d,0x65,0x54,0x61,0x62,0x6c,0x65,0x4d,0x6f,0x64,0x65,0x6c,0x1,0x3,0x0,
  0x0,0x0,0x8,0x66,0x3e,0x79,0x3a,0x5e,0x2e,0x52,0xa9,0x8,0x0,0x0,0x0,0x0,
  0x6,0x0,0x0,0x0,0x9,0x53,0x68,0x6f,0x77,0x20,0x68,0x65,0x6c,0x70,0x7,0x0,
  0x0,0x0,0xb,0x43,0x6f,0x6c,0x6c,0x61,0x70,0x73,0x69,0x62,0x6c,0x65,0x1,0x3,
  0x0,0x0,0x0,0xa,0x0,0x20,0x0,0x20,0x65,0xe0,0x4e,0xa,0x96,0x50,0x8,0x0,
  0x0,0x0,0x0,0x6,0x0,0x0,0x0,0x6,0x20,0x20,0x2b,0x49,0x6e,0x66,0x7,0x0,
  0x0,0x0,0xf,0x43,0x6f,0x6e,0x64,0x69,0x74,0x69,0x6f,0x6e,0x44,0x69,0x61,0x6c,
  0x6f,0x67,0x1,0x3,0x0,0x0,0x0,0xa,0x0,0x20,0x0,0x20,0x65,0xe0,0x4e,0xb,
  0x96,0x50,0x8,0x0,0x0,0x0,0x0,0x6,0x0,0x0,0x0,0x6,0x20,0x20,0x2d,0x49,
  0x6e,0x66,0x7,0x0,0x0,0x0,0xf,0x43,0x6f,0x6e,0x64,0x69,0x74,0x69,0x6f,0x6e,
  0x44,0x69,0x61,0x6c,0x6f,0x67,0x1,0x3,0x0,0x0,0x0,0x12,0x0,0x28,0x0,0x25,
  0x0,0x31,0x0,0x20,0x5e,0x73,0x65,0xb9,0x53,0x3a,0x57,0x57,0x0,0x29,0x8,0x0,
  0x0,0x0,0x0,0x6,0x0,0x0,0x0,0xf,0x28,0x25,0x31,0x20,0x73,0x71,0x2e,0x20,
  0x63,0x68,0x75,0x6e,0x6b,0x73,0x29,0x7,0x0,0x0,0x0,0xf,0x43,0x6f,0x6e,0x64,
  0x69,0x74,0x69,0x6f,0x6e,0x44,0x69,0x61,0x6c,0x6f,0x67,0x1,0x3,0x0,0x0,0x0,
  0x10,0x0,0x28,0x0,0x3f,0x0,0x20,0x5e,0x73,0x65,0xb9,0x53,0x3a,0x57,0x57,0x0,
  0x29,0x8,0x0,0x0,0x0,0x0,0x6,0x0,0x0,0x0,0xe,0x28,0x3f,0x20,0x73,0x71,
  0x2e,0x20,0x63,0x68,0x75,0x6e,0x6b,0x73,0x29,0x7,0x0,0x0,0x0,0xf,0x43,0x6f,
  0x6e,0x64,0x69,0x74,0x69,0x6f,0x6e,0x44,0x69,0x61,0x6c,0x6f,0x67,0x1,0x3,0x0,
  0x0,0x0,0x14,0x0,0x28,0x0,0x7e,0x0,0x25,0x0,0x31,0x0,0x20,0x5e,0x73,0x65,
  0xb9,0x53,0x3a,0x57,0x57,0x0,0x29,0x8,0x0,0x0,0x0,0x0,0x6,0x0,0x0,0x0,
  0x10,0x28,0x7e,0x25,0x31,0x20,0x73,0x71,0x2e,0x20,0x63,0x68,0x75,0x6e,0x6b,0x73,
  0x29,0x7,0x0,0x0,0x0,0xf,0x43,0x6f,0x6e,0x64,0x69,0x74,0x69,0x6f,0x6e,0x44,
  0x69,0x61,0x6c,0x6f,0x67,0x1,0x3,0x0,0x0,0x0,0x6,0x65,0xe0,0x4e,0xa,0x96,
  0x50,0x8,0x0,0x0,0x0,0x0,0x6,0x0,0x0,0x0,0x4,0x2b,0x49,0x6e,0x66,0x7,
  0x0,0x0,0x0,0xf,0x43,0x6f,0x6e,0x64,0x69,0x74,0x69,0x6f,0x6e,0x44,0x69,0x61,
  0x6c,0x6f,0x67,0x1,0x3,0x0,0x0,0x0,0x6,0x65,0xe0,0x4e,0xa,0x96,0x50,0x8,
  0x0,0x0,0x0,0x0,0x6,0x0,0x0,0x0,0x9,0x2b,0x49,0x6e,0x66,0x69,0x6e,0x69,
  0x74,0x79,0x7,0x0,0x0,0x0,0xf,0x43,0x6f,0x6e,0x64,0x69,0x74,0x69,0x6f,0x6e,
  0x44,0x69,0x61,0x6c,0x6f,0x67,0x1,0x3,0x0,0x0,0x0,0x2,0x0,0x2d,0x8,0x0,
  0x0,0x0,0x0,0x6,0x0,0x0,0x0,0x1,0x2d,0x7,0x0,0x0,0x0,0xf,0x43,0x6f,
  0x6e,0x64,0x69,0x74,0x69,0x6f,0x6e,0x44,0x69,0x61,0x6c,0x6f,0x67,0x1,0x3,0x0,
  0x0,0x0,0x6,0x0,0x2d,0x0,0x31,0x0,0x36,0x8,0x0,0x0,0x0,0x0,0x6,0x0,
  0x0,0x0,0x3,0x2d,0x31,0x36,0x7,0x0,0x0,0x0,0xf,0x43,0x6f,0x6e,0x64,0x69,
  0x74,0x69,0x6f,0x6e,0x44,0x69,0x61,0x6c,0x6f,0x67,0x1,0x3,0x0,0x0,0x0,0x6,
  0x0,0x2d,0x0,0x33,0x0,0x32,0x8,0x0,0x0,0x0,0x0,0x6,0x0,0x0,0x0,0x3,
  0x2d,0x33,0x32,0x7,0x0,0x0,0x0,0xf,0x43,0x6f,0x6e,0x64,0x69,0x74,0x69,0x6f,
  0x6e,0x44,0x69,0x61,0x6c,0x6f,0x67,0x1,0x3,0x0,0x0,0x0,0x6,0x0,0x2d,0x0,
  0x34,0x0,0x38,0x8,0x0,0x0,0x0,0x0,0x6,0x0,0x0,0x0,0x3,0x2d,0x34,0x38,
  0x7,0x0,0x0,0x0,0xf,0x43,0x6f,0x6e,0x64,0x69,0x74,0x69,0x6f,0x6e,0x44,0x69,
  0x61,0x6c,0x6f,0x67,0x1,0x3,0x0,0x0,0x0,0x18,0x0,0x2d,0x0,0x36,0x0,0x34,
  0x0,0x20,0x0,0x28,0x4e,0x3b,0x4e,0x16,0x75,0x4c,0x57,0xfa,0x5c,0xa9,0x5c,0x42,
  0x0,0x29,0x8,0x0,0x0,0x0,0x0,0x6,0x0,0x0,0x0,0xd,0x2d,0x36,0x34,0x20,
  0x28,0x42,0x65,0x64,0x72,0x6f,0x63,0x6b,0x29,0x7,0x0,0x0,0x0,0xf,0x43,0x6f,
  0x6e,0x64,0x69,0x74,0x69,0x6f,0x6e,0x44,0x69,0x61,0x6c,0x6f,0x67,0x1,0x3,0x0,
  0x0,0x0,0x6,0x65,0xe0,0x4e,0xb,0x96,0x50,0x8,0x0,0x0,0x0,0x0,0x6,0x0,
  0x0,0x0,0x4,0x2d,0x49,0x6e,0x66,0x7,0x0,0x0,0x0,0xf,0x43,0x6f,0x6e,0x64,
  0x69,0x74,0x69,0x6f,0x6e,0x44,0x69,0x61,0x6c,0x6f,0x67,0x1,0x3,0x0,0x0,0x0,
  0x6,0x65,0xe0,0x4e,0xb,0x96,0x50,0x8,0x0,0x0,0x0,0x0,0x6,0x0,0x0,0x0,
  0x9,0x2d,0x49,0x6e,0x66,0x69,0x6e,0x69,0x74,0x79,0x7,0x0,0x0,0x0,0xf,0x43,
  0x6f,0x6e,0x64,0x69,0x74,0x69,0x6f,0x6e,0x44,0x69,0x61,0x6c,0x6f,0x67,0x1,0x3,
  0x0,0x0,0x0,0x2,0x0,0x30,0x8,0x0,0x0,0x0,0x0,0x6,0x0,0x0,0x0,0x1,
  0x30,0x7,0x0,0x0,0x0,0xf,0x43,0x6f,0x6e,0x64,0x69,0x74,0x69,0x6f,0x6e,0x44,
  0x69,0x61,0x6c,0x6f,0x67,0x1,0x3,0x0,0x0,0x0,0xc,0x0,0x30,0x0,0x20,0x0,
  0x28,0x4e,0xd,0x54,0x2b,0x0,0x29,0x8,0x0,0x0,0x0,0x0,0x6,0x0,0x0,0x0,
  0xb,0x30,0x20,0x28,0x65,0x78,0x63,0x6c,0x75,0x64,0x65,0x29,0x7,0x0,0x0,0x0,
  0xf,0x43,0x6f,0x6e,0x64,0x69,0x74,0x69,0x6f,0x6e,0x44,0x69,0x61,0x6c,0x6f,0x67,
  0x1,0x3,0x0,0x0,0x0,0x2,0x0,0x31,0x8,0x0,0x0,0x0,0x0,0x6,0x0,0x0,
  0x0,0x1,0x31,0x7,0x0,0x0,0x0,0xf,0x43,0x6f,0x6e,0x64,0x69,0x74,0x69,0x6f,
  0x6e,0x44,0x69,0x61,0x6c,0x6f,0x67,0x1,0x3,0x0,0x0,0x0,0x16,0x0,0x31,0x0,
  0x32,0x0,0x38,0x0,0x20,0x0,0x28,0x4e,0xb,0x75,0x4c,0x57,0xfa,0x5c,0xa9,0x98,
  0x76,0x0,0x29,0x8,0x0,0x0,0x0,0x0,0x6,0x0,0x0,0x0,0x11,0x31,0x32,0x38,
  0x20,0x28,0x4e,0x65,0x74,0x68,0x65,0x72,0x20,0x52,0x6f,0x6f,0x66,0x29,0x7,0x0,
  0x0,0x0,0xf,0x43,0x6f,0x6e,0x64,0x69,0x74,0x69,0x6f,0x6e,0x44,0x69,0x61,0x6c,
  0x6f,0x67,0x1,0x3,0x0,0x0,0x0,0x4,0x0,0x31,0x0,0x36,0x8,0x0,0x0,0x0,
  0x0,0x6,0x0,0x0,0x0,0x2,0x31,0x36,0x7,0x0,0x0,0x0,0xf,0x43,0x6f,0x6e,
  0x64,0x69,0x74,0x69,0x6f,0x6e,0x44,0x69,0x61,0x6c,0x6f,0x67,0x1,0x3,0x0,0x0,
  0x0,0x10,0x0,0x32,0x0,0x35,0x0,0x36,0x0,0x20,0x0,0x28,0x57,0x30,0x88,0x68,
  0x0,0x29,0x8,0x0,0x0,0x0,0x0,0x6,0x0,0x0,0x0,0xd,0x32,0x35,0x36,0x20,
  0x28,0x53,0x75,0x72,0x66,0x61,0x63,0x65,0x29,0x7,0x0,0x0,0x0,0xf,0x43,0x6f,
  0x6e,0x64,0x69,0x74,0x69,0x6f,0x6e,0x44,0x69,0x61,0x6c,0x6f,0x67,0x1,0x3,0x0,
  0x0,0x0,0x4,0x0,0x33,0x0,0x32,0x8,0x0,0x0,0x0,0x0,0x6,0x0,0x0,0x0,
  0x2,0x33,0x32,0x7,0x0,0x0,0x0,0xf,0x43,0x6f,0x6e,0x64,0x69,0x74,0x69,0x6f,
  0x6e,0x44,0x69,0x61,0x6c,0x6f,0x67,0x1,0x3,0x0,0x0,0x0,0x4,0x0,0x34,0x0,
  0x38,0x8,0x0,0x0,0x0,0x0,0x6,0x0,0x0,0x0,0x2,0x34,0x38,0x7,0x0,0x0,
  0x0,0xf,0x43,0x6f,0x6e,0x64,0x69,0x74,0x69,0x6f,0x6e,0x44,0x69,0x61,0x6c,0x6f,
  0x67,0x1,0x3,0x0,0x0,0x0,0x6,0x0,0x35,0x0,0x31,0x0,0x32,0x8,0x0,0x0,
  0x0,0x0,0x6,0x0,0x0,0x0,0x3,0x35,0x31,0x32,0x7,0x0,0x0,0x0,0xf,0x43,
  0x6f,0x6e,0x64,0x69,0x74,0x69,0x6f,0x6e,0x44,0x69,0x61,0x6c,0x6f,0x67,0x1,0x3,
  0x0,0x0,0x0,0x10,0x0,0x36,0x0,0x32,0x0,0x20,0x0,0x28,0x6d,0x77,0x5e,0x73,
  0x97,0x62,0x0,0x29,0x8,0x0,0x0,0x0,0x0,0x6,0x0,0x0,0x0,0xe,0x36,0x32,
  0x20,0x28,0x53,0x65,0x61,0x20,0x4c,0x65,0x76,0x65,0x6c,0x29,0x7,0x0,0x0,0x0,
  0xf,0x43,0x6f,0x6e,0x64,0x69,0x74,0x69,0x6f,0x6e,0x44,0x69,0x61,0x6c,0x6f,0x67,
  0x1,0x3,0x0,0x0,0x0,0xf6,0x0,0x3c,0x0,0x68,0x0,0x74,0x0,0x6d,0x0,0x6c,
  0x0,0x3e,0x0,0x3c,0x0,0x68,0x0,0x65,0x0,0x61,0x0,0x64,0x0,0x2f,0x0,0x3e,
  0x0,0x3c,0x0,0x62,0x0,0x6f,0x0,0x64,0x0,0x79,0x0,0x3e,0x0,0x3c,0x0,0x70,
  0x0,0x20,0x0,0x73,0x0,0x74,0x0,0x79,0x0,0x6c,0x0,0x65,0x0,0x3d,0x0,0x22,
  0x0,0x77,0x0,0x68,0x0,0x69,0x0,0x74,0x0,0x65,0x0,0x2d,0x0,0x73,0x0,0x70,
  0x0,0x61,0x0,0x63,0x0,0x65,0x0,0x3a,0x0,0x70,0x0,0x72,0x0,0x65,0x0,0x22,
  0x0,0x3e,0x90,0x9,0x53,0x3a,0x51,0x85,0x53,0x5,0x54,0x2b,0x4e,0xb,0x52,0x17,
  0x0,0x3c,0x0,0x73,0x0,0x70,0x0,0x61,0x0,0x6e,0x0,0x20,0x0,0x73,0x0,0x74,
  0x0,0x79,0x0,0x6c,0x0,0x65,0x0,0x3d,0x0,0x22,0x0,0x20,0x0,0x66,0x0,0x6f,
  0x0,0x6e,0x0,0x74,0x0,0x2d,0x0,0x77,0x0,0x65,0x0,0x69,0x0,0x67,0x0,0x68,
  0x0,0x74,0x0,0x3a,0x0,0x36,0x0,0x30,0x0,0x30,0x0,0x3b,0x0,0x22,0x0,0x3e,
  0x4e,0xfb,0x4e,0x0,0x0,0x3c,0x0,0x2f,0x0,0x73,0x0,0x70,0x0,0x61,0x0,0x6e,
  0x0,0x3e,0x52,0xfe,0x90,0x9,0x76,0x84,0x7f,0xa4,0x7c,0xfb,0x53,0x73,0x53,0xef,
  0x6e,0xe1,0x8d,0xb3,0x67,0x61,0x4e,0xf6,0x0,0x3c,0x0,0x2f,0x0,0x70,0x0,0x3e,
  0x0,0x3c,0x0,0x2f,0x0,0x62,0x0,0x6f,0x0,0x64,0x0,0x79,0x0,0x3e,0x0,0x3c,
  0x0,0x2f,0x0,0x68,0x0,0x74,0x0,0x6d,0x0,0x6c,0x0,0x3e,0x8,0x0,0x0,0x0,
  0x0,0x6,0x0,0x0,0x0,0x99,0x3c,0x68,0x74,0x6d,0x6c,0x3e,0x3c,0x68,0x65,0x61,
  0x64,0x2f,0x3e,0x3c,0x62,0x6f,0x64,0x79,0x3e,0x3c,0x70,0x20,0x73,0x74,0x79,0x6c,
  0x65,0x3d,0x22,0x77,0x68,0x69,0x74,0x65,0x2d,0x73,0x70,0x61,0x63,0x65,0x3a,0x70,
  0x72,0x65,0x22,0x3e,0x53,0x61,0x74,0x69,0x73,0x66,0x69,0x65,0x64,0x20,0x69,0x66,
  0x20,0x3c,0x73,0x70,0x61,0x6e,0x20,0x73,0x74,0x79,0x6c,0x65,0x3d,0x22,0x20,0x66,
  0x6f,0x6e,0x74,0x2d,0x77,0x65,0x69,0x67,0x68,0x74,0x3a,0x36,0x30,0x30,0x3b,0x22,
  0x3e,0x61,0x6e,0x79,0x3c,0x2f,0x73,0x70,0x61,0x6e,0x3e,0x20,0x6f,0x66,0x20,0x74,
  0x68,0x65,0x20,0x63,0x68,0x65,0x63,0x6b,0x65,0x64,0x20,0x62,0x69,0x6f,0x6d,0x65,
  0x73,0x20,0x61,0x72,0x65,0x20,0x70,0x72,0x65,0x73,0x65,0x6e,0x74,0x3c,0x2f,0x70,
  0x3e,0x3c,0x2f,0x62,0x6f,0x64,0x79,0x3e,0x3c,0x2f,0x68,0x74,0x6d,0x6c,0x3e,0x7,
  0x0,0x0,0x0,0xf,0x43,0x6f,0x6e,0x64,0x69,0x74,0x69,0x6f,0x6e,0x44,0x69,0x61,
  0x6c,0x6f,0x67,0x1,0x3,0x0,0x0,0x0,0xc,0x67,0x0,0x5c,0xf,0x50,0x3c,0x0,
  0x28,0x54,0x2b,0x0,0x29,0x8,0x0,0x0,0x0,0x0,0x6,0x0,0x0,0x0,0x3f,0x3c,
  0x68,0x74,0x6d,0x6c,0x3e,0x3c,0x68,0x65,0x61,0x64,0x2f,0x3e,0x3c,0x62,0x6f,0x64,
  0x79,0x3e,0x3c,0x70,0x3e,0x4c,0x6f,0x77,0x65,0x72,0x20,0x62,0x6f,0x75,0x6e,0x64,
  0x20,0x28,0x69,0x6e,0x63,0x6c,0x75,0x73,0x69,0x76,0x65,0x29,0x3c,0x2f,0x70,0x3e,
  0x3c,0x2f,0x62,0x6f,0x64,0x79,0x3e,0x3c,0x2f,0x68,0x74,0x6d,0x6c,0x3e,0x7,0x0,
  0x0,0x0,0xf,0x43,0x6f,0x6e,0x64,0x69,0x74,0x69,0x6f,0x6e,0x44,0x69,0x61,0x6c,
  0x6f,0x67,0x1,0x3,0x0,0x0,0x0,0x18,0x0,0x32,0x0,0xd7,0x0,0x32,0x63,0x92,
  0x5e,0x3,0x76,0x84,0x53,0x41,0x5b,0x57,0x8d,0xef,0x53,0xe3,0x7e,0xd3,0x67,0x84,
  0x8,0x0,0x0,0x0,0x0,0x6,0x0,0x0,0x0,0x4e,0x3c,0x68,0x74,0x6d,0x6c,0x3e,
  0x3c,0x68,0x65,0x61,0x64,0x2f,0x3e,0x3c,0x62,0x6f,0x64,0x79,0x3e,0x3c,0x70,0x3e,
  0x4d,0x61,0x78,0x69,0x6d,0x75,0x6d,0x20,0x63,0x6f,0x6e,0x74,0x69,0x6e,0x75,0x6f,
  0x75,0x73,0x20,0x73,0x71,0x75,0x61,0x72,0x65,0x20,0x62,0x6f,0x75,0x6e,0x64,0x69,
  0x6e,0x67,0x20,0x62,0x6f,0x78,0x3c,0x2f,0x70,0x3e,0x3c,0x2f,0x62,0x6f,0x64,0x79,
  0x3e,0x3c,0x2f,0x68,0x74,0x6d,0x6c,0x3e,0x7,0x0,0x0,0x0,0xf,0x43,0x6f,0x6e,
  0x64,0x69,0x74,0x69,0x6f,0x6e,0x44,0x69,0x61,0x6c,0x6f,0x67,0x1,0x3,0x0,0x0,
  0x2,0x46,0x0,0x3c,0x0,0x68,0x0,0x74,0x0,0x6d,0x0,0x6c,0x0,0x3e,0x0,0x3c,
  0x0,0x68,0x0,0x65,0x0,0x61,0x0,0x64,0x0,0x2f,0x0,0x3e,0x0,0x3c,0x0,0x62,
  0x0,0x6f,0x0,0x64,0x0,0x79,0x0,0x3e,0x0,0x3c,0x0,0x70,0x0,0x3e,0x7b,0x5b,
  0x90,0x9,0x7f,0xa4,0x7c,0xfb,0x0,0x28,0x0,0x3c,0x0,0x73,0x0,0x70,0x0,0x61,
  0x0,0x6e,0x0,0x20,0x0,0x73,0x0,0x74,0x0,0x79,0x0,0x6c,0x0,0x65,0x0,0x3d,
  0x0,0x22,0x0,0x20,0x0,0x66,0x0,0x6f,0x0,0x6e,0x0,0x74,0x0,0x2d,0x0,0x77,
  0x0,0x65,0x0,0x69,0x0,0x67,0x0,0x68,0x0,0x74,0x0,0x3a,0x0,0x36,0x0,0x30,
  0x0,0x30,0x0,0x3b,0x0,0x22,0x0,0x3e,0x53,0x5,0x54,0x2b,0x0,0x3c,0x0,0x2f,
  0x0,0x73,0x0,0x70,0x0,0x61,0x0,0x6e,0x0,0x3e,0x0,0x3c,0x0,0x69,0x0,0x6d,
  0x0,0x67,0x0,0x20,0x0,0x73,0x0,0x72,0x0,0x63,0x0,0x3d,0x0,0x22,0x0,0x3a,
  0x0,0x2f,0x0,0x69,0x0,0x63,0x0,0x6f,0x0,0x6e,0x0,0x73,0x0,0x2f,0x0,0x63,
  0x0,0x68,0x0,0x65,0x0,0x63,0x0,0x6b,0x0,0x5f,0x0,0x69,0x0,0x6e,0x0,0x63,
  0x0,0x6c,0x0,0x75,0x0,0x64,0x0,0x65,0x0,0x2e,0x0,0x70,0x0,0x6e,0x0,0x67,
  0x0,0x22,0x0,0x2f,0x0,0x3e,0x0,0x2c,0x0,0x20,0x0,0x3c,0x0,0x73,0x0,0x70,
  0x0,0x61,0x0,0x6e,0x0,0x20,0x0,0x73,0x0,0x74,0x0,0x79,0x0,0x6c,0x0,0x65,
  0x0,0x3d,0x0,0x22,0x0,0x20,0x0,0x66,0x0,0x6f,0x0,0x6e,0x0,0x74,0x0,0x2d,
  0x0,0x77,0x0,0x65,0x0,0x69,0x0,0x67,0x0,0x68,0x0,0x74,0x0,0x3a,0x0,0x36,
  0x0,0x30,0x0,0x30,0x0,0x3b,0x0,0x22,0x0,0x3e,0x65,0xe0,0x96,0x50,0x52,0x36,
  0x0,0x3c,0x0,0x2f,0x0,0x73,0x0,0x70,0x0,0x61,0x0,0x6e,0x0,0x3e,0x0,0x3c,
  0x0,0x69,0x0,0x6d,0x0,0x67,0x0,0x20,0x0,0x73,0x0,0x72,0x0,0x63,0x0,0x3d,
  0x0,0x22,0x0,0x3a,0x0,0x2f,0x0,0x69,0x0,0x63,0x0,0x6f,0x0,0x6e,0x0,0x73,
  0x0,0x2f,0x0,0x63,0x0,0x68,0x0,0x65,0x0,0x63,0x0,0x6b,0x0,0x5f,0x0,0x75,
  0x0,0x6e,0x0,0x63,0x0,0x68,0x0,0x65,0x0,0x63,0x0,0x6b,0x0,0x65,0x0,0x64,
  0x0,0x2e,0x0,0x70,0x0,0x6e,0x0,0x67,0x0,0x22,0x0,0x2f,0x0,0x3e,0x0,0x2c,
  0x0,0x20,0x0,0x3c,0x0,0x73,0x0,0x70,0x0,0x61,0x0,0x6e,0x0,0x20,0x0,0x73,
  0x0,0x74,0x0,0x79,0x0,0x6c,0x0,0x65,0x0,0x3d,0x0,0x22,0x0,0x20,0x0,0x66,
  0x0,0x6f,0x0,0x6e,0x0,0x74,0x0,0x2d,0x0,0x77,0x0,0x65,0x0,0x69,0x0,0x67,
  0x0,0x68,0x0,0x74,0x0,0x3a,0x0,0x36,0x0,0x30,0x0,0x30,0x0,0x3b,0x0,0x22,
  0x0,0x3e,0x4e,0xd,0x54,0x2b,0x0,0x3c,0x0,0x2f,0x0,0x73,0x0,0x70,0x0,0x61,
  0x0,0x6e,0x0,0x3e,0x0,0x3c,0x0,0x69,0x0,0x6d,0x0,0x67,0x0,0x20,0x0,0x73,
  0x0,0x72,0x0,0x63,0x0,0x3d,0x0,0x22,0x0,0x3a,0x0,0x2f,0x0,0x69,0x0,0x63,
  0x0,0x6f,0x0,0x6e,0x0,0x73,0x0,0x2f,0x0,0x63,0x0,0x68,0x0,0x65,0x0,0x63,
  0x0,0x6b,0x0,0x5f,0x0,0x65,0x0,0x78,0x0,0x63,0x0,0x6c,0x0,0x75,0x0,0x64,
  0x0,0x65,0x0,0x2e,0x0,0x70,0x0,0x6e,0x0,0x67,0x0,0x22,0x0,0x2f,0x0,0x3e,
  0x0,0x29,0x0,0x3a,0x0,0x3c,0x0,0x2f,0x0,0x70,0x0,0x3e,0x0,0x3c,0x0,0x2f,
  0x0,0x62,0x0,0x6f,0x0,0x64,0x0,0x79,0x0,0x3e,0x0,0x3c,0x0,0x2f,0x0,0x68,
  0x0,0x74,0x0,0x6d,0x0,0x6c,0x0,0x3e,0x8,0x0,0x0,0x0,0x0,0x6,0x0,0x0,
  0x1,0x4e,0x3c,0x68,0x74,0x6d,0x6c,0x3e,0x3c,0x68,0x65,0x61,0x64,0x2f,0x3e,0x3c,
  0x62,0x6f,0x64,0x79,0x3e,0x3c,0x70,0x3e,0x52,0x65,0x73,0x75,0x6c,0x74,0x69,0x6e,
  0x67,0x20,0x62,0x69,0x6f,0x6d,0x65,0x73,0x20,0x28,0x3c,0x73,0x70,0x61,0x6e,0x20,
  0x73,0x74,0x79,0x6c,0x65,0x3d,0x22,0x20,0x66,0x6f,0x6e,0x74,0x2d,0x77,0x65,0x69,
  0x67,0x68,0x74,0x3a,0x36,0x30,0x30,0x3b,0x22,0x3e,0x61,0x74,0x20,0x6c,0x65,0x61,
  0x73,0x74,0x20,0x6f,0x6e,0x65,0x3c,0x2f,0x73,0x70,0x61,0x6e,0x3e,0x20,0x77,0x69,
  0x74,0x68,0x20,0x3c,0x69,0x6d,0x67,0x20,0x73,0x72,0x63,0x3d,0x22,0x3a,0x2f,0x69,
  0x63,0x6f,0x6e,0x73,0x2f,0x63,0x68,0x65,0x63,0x6b,0x5f,0x69,0x6e,0x63,0x6c,0x75,
  0x64,0x65,0x2e,0x70,0x6e,0x67,0x22,0x2f,0x3e,0x2c,0x20,0x3c,0x73,0x70,0x61,0x6e,
  0x20,0x73,0x74,0x79,0x6c,0x65,0x3d,0x22,0x20,0x66,0x6f,0x6e,0x74,0x2d,0x77,0x65,
  0x69,0x67,0x68,0x74,0x3a,0x36,0x30,0x30,0x3b,0x22,0x3e,0x61,0x6e,0x79,0x3c,0x2f,
  0x73,0x70,0x61,0x6e,0x3e,0x20,0x77,0x69,0x74,0x68,0x20,0x3c,0x69,0x6d,0x67,0x20,
  0x73,0x72,0x63,0x3d,0x22,0x3a,0x2f,0x69,0x63,0x6f,0x6e,0x73,0x2f,0x63,0x68,0x65,
  0x63,0x6b,0x5f,0x75,0x6e,0x63,0x68,0x65,0x63,0x6b,0x65,0x64,0x2e,0x70,0x6e,0x67,
  0x22,0x2f,0x3e,0x2c,0x20,0x3c,0x73,0x70,0x61,0x6e,0x20,0x73,0x74,0x79,0x6c,0x65,
  0x3d,0x22,0x20,0x66,0x6f,0x6e,0x74,0x2d,0x77,0x65,0x69,0x67,0x68,0x74,0x3a,0x36,
  0x30,0x30,0x3b,0x22,0x3e,0x6e,0x6f,0x6e,0x65,0x3c,0x2f,0x73,0x70,0x61,0x6e,0x3e,
  0x20,0x77,0x69,0x74,0x68,0x20,0x3c,0x69,0x6d,0x67,0x20,0x73,0x72,0x63,0x3d,0x22,
  0x3a,0x2f,0x69,0x63,0x6f,0x6e,0x73,0x2f,0x63,0x68,0x65,0x63,0x6b,0x5f,0x65,0x78,
  0x63,0x6c,0x75,0x64,0x65,0x2e,0x70,0x6e,0x67,0x22,0x2f,0x3e,0x29,0x3a,0x3c,0x2f,
  0x70,0x3e,0x3c,0x2f,0x62,0x6f,0x64,0x79,0x3e,0x3c,0x2f,0x68,0x74,0x6d,0x6c,0x3e,
  0x7,0x0,0x0,0x0,0xf,0x43,0x6f,0x6e,0x64,0x69,0x74,0x69,0x6f,0x6e,0x44,0x69,
  0x61,0x6c,0x6f,0x67,0x1,0x3,0x0,0x0,0x0,0x22,0x53,0xc2,0x65,0x70,0x5f,0xc5,
  0x98,0x7b,0x57,0x28,0x83,0x3,0x56,0xf4,0x51,0x85,0x4e,0x14,0x5f,0xc5,0x98,0x7b,
  0x53,0x5,0x54,0x2b,0x51,0x68,0x90,0xe8,0x53,0x3a,0x95,0xf4,0x8,0x0,0x0,0x0,
  0x0,0x6,0x0,0x0,0x0,0xbf,0x3c,0x68,0x74,0x6d,0x6c,0x3e,0x3c,0x68,0x65,0x61,
  0x64,0x2f,0x3e,0x3c,0x62,0x6f,0x64,0x79,0x3e,0x3c,0x70,0x3e,0x54,0x68,0x65,0x20,
  0x63,0x6c,0x69,0x6d,0x61,0x74,0x65,0x20,0x68,0x61,0x73,0x20,0x74,0x6f,0x20,0x65,
  0x6e,0x74,0x65,0x72,0x20,0x74,0x68,0x65,0x20,0x72,0x65,0x71,0x75,0x69,0x72,0x65,
  0x64,0x20,0x72,0x61,0x6e,0x67,0x65,0x3c,0x2f,0x70,0x3e,0x3c,0x70,0x3e,0x57,0x69,
  0x74,0x68,0x20,0x74,0x68,0x65,0x20,0x3c,0x73,0x70,0x61,0x6e,0x20,0x73,0x74,0x79,
  0x6c,0x65,0x3d,0x22,0x20,0x66,0x6f,0x6e,0x74,0x2d,0x73,0x74,0x79,0x6c,0x65,0x3a,
  0x69,0x74,0x61,0x6c,0x69,0x63,0x3b,0x22,0x3e,0x63,0x6f,0x6d,0x70,0x6c,0x65,0x74,
  0x65,0x3c,0x2f,0x73,0x70,0x61,0x6e,0x3e,0x20,0x6d,0x6f,0x64,0x69,0x66,0x69,0x65,
  0x72,0x2c,0x20,0x74,0x68,0x65,0x20,0x65,0x6e,0x74,0x69,0x72,0x65,0x20,0x72,0x61,
  0x6e,0x67,0x65,0x20,0x6d,0x75,0x73,0x74,0x20,0x62,0x65,0x20,0x63,0x6f,0x76,0x65,
  0x72,0x65,0x64,0x3c,0x2f,0x70,0x3e,0x3c,0x2f,0x62,0x6f,0x64,0x79,0x3e,0x3c,0x2f,
  0x68,0x74,0x6d,0x6c,0x3e,0x7,0x0,0x0,0x0,0xf,0x43,0x6f,0x6e,0x64,0x69,0x74,
  0x69,0x6f,0x6e,0x44,0x69,0x61,0x6c,0x6f,0x67,0x1,0x3,0x0,0x0,0x0,0x10,0x53,
  0xc2,0x65,0x70,0x5f,0xc5,0x98,0x7b,0x57,0x28,0x83,0x3,0x56,0xf4,0x51,0x85,0x8,
  0x0,0x0,0x0,0x0,0x6,0x0,0x0,0x0,0x5c,0x3c,0x68,0x74,0x6d,0x6c,0x3e,0x3c,
  0x68,0x65,0x61,0x64,0x2f,0x3e,0x3c,0x62,0x6f,0x64,0x79,0x3e,0x3c,0x70,0x3e,0x54,
  0x68,0x65,0x20,0x63,0x6c,0x69,0x6d,0x61,0x74,0x65,0x20,0x6d,0x75,0x73,0x74,0x20,
  0x72,0x65,0x6d,0x61,0x69,0x6e,0x20,0x69,0x6e,0x73,0x69,0x64,0x65,0x20,0x74,0x68,
  0x65,0x20,0x63,0x6f,0x6e,0x66,0x69,0x6e,0x65,0x6d,0x65,0x6e,0x74,0x20,0x72,0x61,
  0x6e,0x67,0x65,0x3c,0x2f,0x70,0x3e,0x3c,0x2f,0x62,0x6f,0x64,0x79,0x3e,0x3c,0x2f,
  0x68,0x74,0x6d,0x6c,0x3e,0x7,0x0,0x0,0x0,0xf,0x43,0x6f,0x6e,0x64,0x69,0x74,
  0x69,0x6f,0x6e,0x44,0x69,0x61,0x6c,0x6f,0x67,0x1,0x3,0x0,0x0,0x0,0xc,0x67,
  0x0,0x59,0x27,0x50,0x3c,0x0,0x28,0x54,0x2b,0x0,0x29,0x8,0x0,0x0,0x0,0x0,
  0x6,0x0,0x0,0x0,0x3f,0x3c,0x68,0x74,0x6d,0x6c,0x3e,0x3c,0x68,0x65,0x61,0x64,
  0x2f,0x3e,0x3c,0x62,0x6f,0x64,0x79,0x3e,0x3c,0x70,0x3e,0x55,0x70,0x70,0x65,0x72,
  0x20,0x62,0x6f,0x75,0x6e,0x64,0x20,0x28,0x69,0x6e,0x63,0x6c,0x75,0x73,0x69,0x76,
  0x65,0x29,0x3c,0x2f,0x70,0x3e,0x3c,0x2f,0x62,0x6f,0x64,0x79,0x3e,0x3c,0x2f,0x68,
  0x74,0x6d,0x6c,0x3e,0x7,0x0,0x0,0x0,0xf,0x43,0x6f,0x6e,0x64,0x69,0x74,0x69,
  0x6f,0x6e,0x44,0x69,0x61,0x6c,0x6f,0x67,0x1,0x3,0x0,0x0,0x0,0x8,0x5e,0x9f,
  0x5f,0x3,0x67,0x51,0x5e,0x84,0x8,0x0,0x0,0x0,0x0,0x6,0x0,0x0,0x0,0x9,
  0x41,0x62,0x61,0x6e,0x64,0x6f,0x6e,0x65,0x64,0x7,0x0,0x0,0x0,0xf,0x43,0x6f,
  0x6e,0x64,0x69,0x74,0x69,0x6f,0x6e,0x44,0x69,0x61,0x6c,0x6f,0x67,0x1,0x3,0x0,
  0x0,0x0,0x8,0x7b,0x97,0x6c,0xd5,0x8f,0x85,0x52,0xa9,0x8,0x0,0x0,0x0,0x0,
  0x6,0x0,0x0,0x0,0x11,0x41,0x6c,0x67,0x6f,0x72,0x69,0x74,0x68,0x6d,0x20,0x68,
  0x65,0x6c,0x70,0x65,0x72,0x73,0x7,0x0,0x0,0x0,0xf,0x43,0x6f,0x6e,0x64,0x69,
  0x74,0x69,0x6f,0x6e,0x44,0x69,0x61,0x6c,0x6f,0x67,0x1,0x3,0x0,0x0,0x0,0xc,
  0x7b,0x5b,0x90,0x9,0x7e,0xd3,0x67,0x84,0x79,0xcd,0x7c,0x7b,0x8,0x0,0x0,0x0,
  0x0,0x6,0x0,0x0,0x0,0x40,0x41,0x6c,0x6c,0x6f,0x77,0x20,0x6f,0x6e,0x6c,0x79,
  0x20,0x73,0x74,0x72,0x75,0x63,0x74,0x75,0x72,0x65,0x73,0x20,0x74,0x68,0x61,0x74,
  0x20,0x73,0x74,0x61,0x72,0x74,0x20,0x77,0x69,0x74,0x68,0x20,0x6f,0x6e,0x65,0x20,
  0x6f,0x66,0x20,0x74,0x68,0x65,0x20,0x73,0x65,0x6c,0x65,0x63,0x74,0x65,0x64,0x20,
  0x70,0x69,0x65,0x63,0x65,0x73,0x7,0x0,0x0,0x0,0xf,0x43,0x6f,0x6e,0x64,0x69,
  0x74,0x69,0x6f,0x6e,0x44,0x69,0x61,0x6c,0x6f,0x67,0x1,0x3,0x0,0x0,0x0,0x8,
  0x59,0x27,0x81,0xf4,0x64,0x1c,0x7d,0x22,0x8,0x0,0x0,0x0,0x0,0x6,0x0,0x0,
  0x0,0xb,0x41,0x70,0x70,0x72,0x6f,0x78,0x69,0x6d,0x61,0x74,0x65,0x7,0x0,0x0,
  0x0,0xf,0x43,0x6f,0x6e,0x64,0x69,0x74,0x69,0x6f,0x6e,0x44,0x69,0x61,0x6c,0x6f,
  0x67,0x1,0x3,0x0,0x0,0x0,0xc,0x57,0x30,0x88,0x68,0x59,0x27,0x81,0xf4,0x9a,
  0xd8,0x5e,0xa6,0x8,0x0,0x0,0x0,0x0,0x6,0x0,0x0,0x0,0x1a,0x41,0x70,0x70,
  0x72,0x6f,0x78,0x69,0x6d,0x61,0x74,0x65,0x20,0x73,0x75,0x72,0x66,0x61,0x63,0x65,
  0x20,0x68,0x65,0x69,0x67,0x68,0x74,0x7,0x0,0x0,0x0,0xf,0x43,0x6f,0x6e,0x64,
  0x69,0x74,0x69,0x6f,0x6e,0x44,0x69,0x61,0x6c,0x6f,0x67,0x1,0x3,0x0,0x0,0x0,
  0xa,0x53,0x3a,0x57,0xdf,0x4e,0xd,0x59,0x1f,0x59,0x27,0x8,0x0,0x0,0x0,0x0,
  0x6,0x0,0x0,0x0,0x11,0x41,0x72,0x65,0x61,0x20,0x49,0x6e,0x73,0x75,0x66,0x66,
  0x69,0x63,0x69,0x65,0x6e,0x74,0x7,0x0,0x0,0x0,0xf,0x43,0x6f,0x6e,0x64,0x69,
  0x74,0x69,0x6f,0x6e,0x44,0x69,0x61,0x6c,0x6f,0x67,0x1,0x3,0x0,0x0,0x0,0x10,
  0x65,0xe0,0x6c,0xd5,0x75,0x1f,0x62,0x10,0x56,0xdb,0x80,0x54,0x7e,0xd3,0x67,0x84,
  0x8,0x0,0x0,0x0,0x0,0x6,0x0,0x0,0x0,0x1b,0x42,0x61,0x64,0x20,0x41,0x72,
  0x65,0x61,0x20,0x66,0x6f,0x72,0x20,0x51,0x75,0x61,0x64,0x2d,0x53,0x74,0x72,0x75,
  0x63,0x74,0x75,0x72,0x65,0x7,0x0,0x0,0x0,0xf,0x43,0x6f,0x6e,0x64,0x69,0x74,
  0x69,0x6f,0x6e,0x44,0x69,0x61,0x6c,0x6f,0x67,0x1,0x3,0x0,0x0,0x0,0x12,0x95,
  0x19,0x8b,0xef,0x76,0x84,0x6c,0x14,0x50,0x19,0x67,0x61,0x4e,0xf6,0x83,0x3,0x56,
  0xf4,0x8,0x0,0x0,0x0,0x0,0x6,0x0,0x0,0x0,0x11,0x42,0x61,0x64,0x20,0x43,
  0x6c,0x69,0x6d,0x61,0x74,0x65,0x20,0x52,0x61,0x6e,0x67,0x65,0x7,0x0,0x0,0x0,
  0xf,0x43,0x6f,0x6e,0x64,0x69,0x74,0x69,0x6f,0x6e,0x44,0x69,0x61,0x6c,0x6f,0x67,
  0x1,0x3,0x0,0x0,0x0,0xc,0x91,0xc7,0x68,0x37,0x9a,0xd8,0x5e,0xa6,0x8f,0xc7,
  0x9a,0xd8,0x8,0x0,0x0,0x0,0x0,0x6,0x0,0x0,0x0,0x12,0x42,0x61,0x64,0x20,
  0x53,0x75,0x72,0x66,0x61,0x63,0x65,0x20,0x48,0x65,0x69,0x67,0x68,0x74,0x7,0x0,
  0x0,0x0,0xf,0x43,0x6f,0x6e,0x64,0x69,0x74,0x69,0x6f,0x6e,0x44,0x69,0x61,0x6c,
  0x6f,0x67,0x1,0x3,0x0,0x0,0x0,0xa,0x53,0x5,0x54,0x2b,0x57,0x30,0x4e,0xb,
  0x5b,0xa4,0x8,0x0,0x0,0x0,0x0,0x6,0x0,0x0,0x0,0x8,0x42,0x61,0x73,0x65,
  0x6d,0x65,0x6e,0x74,0x7,0x0,0x0,0x0,0xf,0x43,0x6f,0x6e,0x64,0x69,0x74,0x69,
  0x6f,0x6e,0x44,0x69,0x61,0x6c,0x6f,0x67,0x1,0x3,0x0,0x0,0x0,0x10,0x90,0x9,
  0x62,0xe9,0x58,0x21,0x57,0x92,0x90,0x57,0x8f,0xf9,0x7c,0x7b,0x57,0x8b,0x8,0x0,
  0x0,0x0,0x0,0x6,0x0,0x0,0x0,0x10,0x42,0x61,0x73,0x74,0x69,0x6f,0x6e,0x20,
  0x76,0x61,0x72,0x69,0x61,0x6e,0x74,0x73,0x7,0x0,0x0,0x0,0xf,0x43,0x6f,0x6e,
  0x64,0x69,0x74,0x69,0x6f,0x6e,0x44,0x69,0x61,0x6c,0x6f,0x67,0x1,0x3,0x0,0x0,
  0x0,0x8,0x7f,0xa4,0x7c,0xfb,0x89,0xc4,0x6a,0x21,0x8,0x0,0x0,0x0,0x0,0x6,
  0x0,0x0,0x0,0xc,0x42,0x69,0x6f,0x6d,0x65,0x20,0x73,0x63,0x61,0x6c,0x65,0x3a,
  0x7,0x0,0x0,0x0,0xf,0x43,0x6f,0x6e,0x64,0x69,0x74,0x69,0x6f,0x6e,0x44,0x69,
  0x61,0x6c,0x6f,0x67,0x1,0x3,0x0,0x0,0x0,0x6,0x7f,0xa4,0x7c,0xfb,0x0,0x3a,
  0x8,0x0,0x0,0x0,0x0,0x6,0x0,0x0,0x0,0x6,0x42,0x69,0x6f,0x6d,0x65,0x3a,
  0x7,0x0,0x0,0x0,0xf,0x43,0x6f,0x6e,0x64,0x69,0x74,0x69,0x6f,0x6e,0x44,0x69,
  0x61,0x6c,0x6f,0x67,0x1,0x3,0x0,0x0,0x0,0x4,0x7f,0xa4,0x7c,0xfb,0x8,0x0,
  0x0,0x0,0x0,0x6,0x0,0x0,0x0,0x6,0x42,0x69,0x6f,0x6d,0x65,0x73,0x7,0x0,
  0x0,0x0,0xf,0x43,0x6f,0x6e,0x64,0x69,0x74,0x69,0x6f,0x6e,0x44,0x69,0x61,0x6c,
  0x6f,0x67,0x1,0x3,0x0,0x0,0x0,0xa,0x8f,0xb9,0x75,0x4c,0x5b,0xb9,0x95,0x19,
  0x0,0x3a,0x8,0x0,0x0,0x0,0x0,0x6,0x0,0x0,0x0,0x11,0x42,0x6f,0x72,0x64,
  0x65,0x72,0x20,0x74,0x6f,0x6c,0x65,0x72,0x61,0x6e,0x63,0x65,0x3a,0x7,0x0,0x0,
  0x0,0xf,0x43,0x6f,0x6e,0x64,0x69,0x74,0x69,0x6f,0x6e,0x44,0x69,0x61,0x6c,0x6f,
  0x67,0x1,0x3,0x0,0x0,0x0,0x44,0x6d,0x1e,0x7a,0x74,0x7f,0xa4,0x7c,0xfb,0x65,
  0xe0,0x6c,0xd5,0x75,0x1f,0x62,0x10,0x57,0x28,0x0,0x20,0x0,0x59,0x0,0x20,0x0,
  0x3e,0x0,0x3d,0x0,0x20,0x0,0x32,0x0,0x34,0x0,0x36,0x0,0x20,0x76,0x84,0x57,
  0x30,0x65,0xb9,0x0,0x2c,0x0,0x20,0x8b,0xf7,0x80,0x3,0x86,0x51,0x96,0x4d,0x4f,
  0x4e,0x91,0xc7,0x68,0x37,0x9a,0xd8,0x5e,0xa6,0x30,0x2,0x8,0x0,0x0,0x0,0x0,
  0x6,0x0,0x0,0x0,0x51,0x43,0x61,0x76,0x65,0x20,0x62,0x69,0x6f,0x6d,0x65,0x73,
  0x20,0x64,0x6f,0x20,0x6e,0x6f,0x74,0x20,0x67,0x65,0x6e,0x65,0x72,0x61,0x74,0x65,
  0x20,0x61,0x62,0x6f,0x76,0x65,0x20,0x59,0x20,0x3d,0x20,0x32,0x34,0x36,0x2e,0xa,
  0x54,0x68,0x65,0x20,0x73,0x61,0x6d,0x70,0x6c,0x69,0x6e,0x67,0x20,0x68,0x65,0x69,
  0x67,0x68,0x74,0x20,0x73,0x68,0x6f,0x75,0x6c,0x64,0x20,0x62,0x65,0x20,0x6c,0x6f,
  0x77,0x65,0x72,0x65,0x64,0x2e,0x7,0x0,0x0,0x0,0xf,0x43,0x6f,0x6e,0x64,0x69,
  0x74,0x69,0x6f,0x6e,0x44,0x69,0x61,0x6c,0x6f,0x67,0x1,0x3,0x0,0x0,0x0,0x8,
  0x6c,0x14,0x50,0x19,0x67,0x61,0x4e,0xf6,0x8,0x0,0x0,0x0,0x0,0x6,0x0,0x0,
  0x0,0x7,0x43,0x6c,0x69,0x6d,0x61,0x74,0x65,0x7,0x0,0x0,0x0,0xf,0x43,0x6f,
  0x6e,0x64,0x69,0x74,0x69,0x6f,0x6e,0x44,0x69,0x61,0x6c,0x6f,0x67,0x1,0x3,0x0,
  0x0,0x0,0xc,0x6c,0x14,0x50,0x19,0x53,0xc2,0x65,0x70,0x0,0x3a,0x0,0x20,0x8,
  0x0,0x0,0x0,0x0,0x6,0x0,0x0,0x0,0x13,0x43,0x6c,0x69,0x6d,0x61,0x74,0x65,
  0x20,0x70,0x61,0x72,0x61,0x6d,0x65,0x74,0x65,0x72,0x3a,0x20,0x7,0x0,0x0,0x0,
  0xf,0x43,0x6f,0x6e,0x64,0x69,0x74,0x69,0x6f,0x6e,0x44,0x69,0x61,0x6c,0x6f,0x67,
  0x1,0x3,0x0,0x0,0x0,0xc,0x7f,0xa4,0x7c,0xfb,0x6c,0x14,0x50,0x19,0x53,0xc2,
  0x65,0x70,0x8,0x0,0x0,0x0,0x0,0x6,0x0,0x0,0x0,0x12,0x43,0x6c,0x69,0x6d,
  0x61,0x74,0x65,0x20,0x70,0x61,0x72,0x61,0x6d,0x65,0x74,0x65,0x72,0x73,0x7,0x0,
  0x0,0x0,0xf,0x43,0x6f,0x6e,0x64,0x69,0x74,0x69,0x6f,0x6e,0x44,0x69,0x61,0x6c,
  0x6f,0x67,0x1,0x3,0x0,0x0,0x0,0x6,0x5b,0xd2,0x51,0xb7,0x7c,0x7b,0x8,0x0,
  0x0,0x0,0x0,0x6,0x0,0x0,0x0,0x4,0x43,0x6f,0x6c,0x64,0x7,0x0,0x0,0x0,
  0xf,0x43,0x6f,0x6e,0x64,0x69,0x74,0x69,0x6f,0x6e,0x44,0x69,0x61,0x6c,0x6f,0x67,
  0x1,0x3,0x0,0x0,0x0,0xa,0x67,0x61,0x4e,0xf6,0x7f,0x16,0x8f,0x91,0x56,0x68,
  0x8,0x0,0x0,0x0,0x0,0x6,0x0,0x0,0x0,0x10,0x43,0x6f,0x6e,0x64,0x69,0x74,
  0x69,0x6f,0x6e,0x20,0x45,0x64,0x69,0x74,0x6f,0x72,0x7,0x0,0x0,0x0,0xf,0x43,
  0x6f,0x6e,0x64,0x69,0x74,0x69,0x6f,0x6e,0x44,0x69,0x61,0x6c,0x6f,0x67,0x1,0x3,
  0x0,0x0,0x0,0x8,0x67,0x61,0x4e,0xf6,0x54,0x2f,0x75,0x28,0x8,0x0,0x0,0x0,
  0x0,0x6,0x0,0x0,0x0,0x11,0x43,0x6f,0x6e,0x64,0x69,0x74,0x69,0x6f,0x6e,0x20,
  0x65,0x6e,0x61,0x62,0x6c,0x65,0x64,0x7,0x0,0x0,0x0,0xf,0x43,0x6f,0x6e,0x64,
  0x69,0x74,0x69,0x6f,0x6e,0x44,0x69,0x61,0x6c,0x6f,0x67,0x1,0x3,0x0,0x0,0x0,
  0xa,0x67,0x61,0x4e,0xf6,0x7c,0x7b,0x57,0x8b,0x0,0x3a,0x8,0x0,0x0,0x0,0x0,
  0x6,0x0,0x0,0x0,0xf,0x43,0x6f,0x6e,0x64,0x69,0x74,0x69,0x6f,0x6e,0x20,0x74,
  0x79,0x70,0x65,0x3a,0x7,0x0,0x0,0x0,0xf,0x43,0x6f,0x6e,0x64,0x69,0x74,0x69,
  0x6f,0x6e,0x44,0x69,0x61,0x6c,0x6f,0x67,0x1,0x3,0x0,0x0,0x0,0xe,0x53,0xef,
  0x4f,0xe1,0x5e,0xa6,0x0,0x28,0x0,0x25,0x0,0x29,0x0,0x3a,0x8,0x0,0x0,0x0,
  0x0,0x6,0x0,0x0,0x0,0xf,0x43,0x6f,0x6e,0x66,0x69,0x64,0x65,0x6e,0x63,0x65,
  0x20,0x28,0x25,0x29,0x3a,0x7,0x0,0x0,0x0,0xf,0x43,0x6f,0x6e,0x64,0x69,0x74,
  0x69,0x6f,0x6e,0x44,0x69,0x61,0x6c,0x6f,0x67,0x1,0x3,0x0,0x0,0x0,0x14,0x97,
  0x0,0x89,0x81,0x63,0x92,0x96,0x64,0x76,0x84,0x7f,0xa4,0x7c,0xfb,0x67,0x61,0x4e,
  0xf6,0x0,0x3a,0x8,0x0,0x0,0x0,0x0,0x6,0x0,0x0,0x0,0x9,0x43,0x6f,0x6e,
  0x66,0x69,0x6e,0x65,0x64,0x3a,0x7,0x0,0x0,0x0,0xf,0x43,0x6f,0x6e,0x64,0x69,
  0x74,0x69,0x6f,0x6e,0x44,0x69,0x61,0x6c,0x6f,0x67,0x1,0x3,0x0,0x0,0x0,0x8,
  0x6d,0x77,0x96,0x46,0x52,0x6,0x5e,0x3,0x8,0x0,0x0,0x0,0x0,0x6,0x0,0x0,
  0x0,0xf,0x43,0x6f,0x6e,0x74,0x69,0x6e,0x65,0x6e,0x74,0x61,0x6c,0x6e,0x65,0x73,
  0x73,0x7,0x0,0x0,0x0,0xf,0x43,0x6f,0x6e,0x64,0x69,0x74,0x69,0x6f,0x6e,0x44,
  0x69,0x61,0x6c,0x6f,0x67,0x1,0x3,0x0,0x0,0x0,0xa,0x66,0x2f,0x54,0x26,0x7e,
  0xe7,0x7e,0xed,0x0,0x3f,0x8,0x0,0x0,0x0,0x0,0x6,0x0,0x0,0x0,0x10,0x43,
  0x6f,0x6e,0x74,0x69,0x6e,0x75,0x65,0x20,0x61,0x6e,0x79,0x77,0x61,0x79,0x3f,0x7,
  0x0,0x0,0x0,0xf,0x43,0x6f,0x6e,0x64,0x69,0x74,0x69,0x6f,0x6e,0x44,0x69,0x61,
  0x6c,0x6f,0x67,0x1,0x3,0x0,0x0,0x0,0x12,0x81,0xea,0x5b,0x9a,0x4e,0x49,0x6b,
  0x63,0x65,0xb9,0x5f,0x62,0x83,0x3,0x56,0xf4,0x0,0x3a,0x8,0x0,0x0,0x0,0x0,
  0x6,0x0,0x0,0x0,0x7,0x43,0x75,0x73,0x74,0x6f,0x6d,0x3a,0x7,0x0,0x0,0x0,
  0xf,0x43,0x6f,0x6e,0x64,0x69,0x74,0x69,0x6f,0x6e,0x44,0x69,0x61,0x6c,0x6f,0x67,
  0x1,0x3,0x0,0x0,0x0,0xa,0x9a,0xd8,0x5e,0xa6,0x0,0x2f,0x6d,0xf1,0x5e,0xa6,
  0x8,0x0,0x0,0x0,0x0,0x6,0x0,0x0,0x0,0x5,0x44,0x65,0x70,0x74,0x68,0x7,
  0x0,0x0,0x0,0xf,0x43,0x6f,0x6e,0x64,0x69,0x74,0x69,0x6f,0x6e,0x44,0x69,0x61,
  0x6c,0x6f,0x67,0x1,0x3,0x0,0x0,0x0,0x8,0x67,0x61,0x4e,0xf6,0x63,0xcf,0x8f,
  0xf0,0x8,0x0,0x0,0x0,0x0,0x6,0x0,0x0,0x0,0x11,0x44,0x65,0x73,0x63,0x72,
  0x69,0x70,0x74,0x69,0x6f,0x6e,0x2f,0x4e,0x6f,0x74,0x65,0x73,0x7,0x0,0x0,0x0,
  0xf,0x43,0x6f,0x6e,0x64,0x69,0x74,0x69,0x6f,0x6e,0x44,0x69,0x61,0x6c,0x6f,0x67,
  0x1,0x3,0x0,0x0,0x0,0x8,0x8b,0xe6,0x7e,0xc6,0x4f,0xe1,0x60,0x6f,0x8,0x0,
  0x0,0x0,0x0,0x6,0x0,0x0,0x0,0x7,0x44,0x65,0x74,0x61,0x69,0x6c,0x73,0x7,
  0x0,0x0,0x0,0xf,0x43,0x6f,0x6e,0x64,0x69,0x74,0x69,0x6f,0x6e,0x44,0x69,0x61,
  0x6c,0x6f,0x67,0x1,0x3,0x0,0x0,0x0,0x1a,0x78,0x6e,0x8b,0xa4,0x4e,0x22,0x5f,
  0x3,0x62,0x40,0x67,0x9,0x67,0x2a,0x4f,0xdd,0x5b,0x58,0x76,0x84,0x66,0xf4,0x65,
  0x39,0x0,0x3f,0x8,0x0,0x0,0x0,0x0,0x6,0x0,0x0,0x0,0x18,0x44,0x69,0x73,
  0x63,0x61,0x72,0x64,0x20,0x75,0x6e,0x73,0x61,0x76,0x65,0x64,0x20,0x63,0x68,0x61,
  0x6e,0x67,0x65,0x73,0x3f,0x7,0x0,0x0,0x0,0xf,0x43,0x6f,0x6e,0x64,0x69,0x74,
  0x69,0x6f,0x6e,0x44,0x69,0x61,0x6c,0x6f,0x67,0x1,0x3,0x0,0x0,0x0,0x8,0x7f,
  0x16,0x8f,0x91,0x81,0x1a,0x67,0x2c,0x8,0x0,0x0,0x0,0x0,0x6,0x0,0x0,0x0,
  0x4,0x45,0x64,0x69,0x74,0x7,0x0,0x0,0x0,0xf,0x43,0x6f,0x6e,0x64,0x69,0x74,
  0x69,0x6f,0x6e,0x44,0x69,0x61,0x6c,0x6f,0x67,0x1,0x3,0x0,0x0,0x0,0xc,0x68,
  0xc0,0x67,0xe5,0x51,0xfd,0x65,0x70,0x4e,0x3a,0x7a,0x7a,0x8,0x0,0x0,0x0,0x0,
  0x6,0x0,0x0,0x0,0x15,0x45,0x6d,0x70,0x74,0x79,0x20,0x63,0x68,0x65,0x63,0x6b,
  0x20,0x66,0x75,0x6e,0x63,0x74,0x69,0x6f,0x6e,0x73,0x7,0x0,0x0,0x0,0xf,0x43,
  0x6f,0x6e,0x64,0x69,0x74,0x69,0x6f,0x6e,0x44,0x69,0x61,0x6c,0x6f,0x67,0x1,0x3,
  0x0,0x0,0x0,0x10,0x72,0x7a,0x72,0x72,0x7c,0xbe,0x5e,0xa6,0x63,0x62,0x53,0xd6,
  0x90,0x1f,0x5e,0xa6,0x8,0x0,0x0,0x0,0x0,0x6,0x0,0x0,0x0,0x38,0x45,0x6e,
  0x61,0x62,0x6c,0x65,0x73,0x20,0x6f,0x70,0x74,0x69,0x6d,0x69,0x7a,0x61,0x74,0x69,
  0x6f,0x6e,0x73,0x20,0x74,0x68,0x61,0x74,0x20,0x74,0x72,0x61,0x64,0x65,0x20,0x73,
  0x6f,0x6d,0x65,0x20,0x61,0x63,0x63,0x75,0x72,0x61,0x63,0x79,0x20,0x66,0x6f,0x72,
  0x20,0x73,0x70,0x65,0x65,0x64,0x7,0x0,0x0,0x0,0xf,0x43,0x6f,0x6e,0x64,0x69,
  0x74,0x69,0x6f,0x6e,0x44,0x69,0x61,0x6c,0x6f,0x67,0x1,0x3,0x0,0x0,0x0,0xa,
  0x67,0x2b,0x57,0x30,0x57,0xce,0x79,0xcd,0x7c,0x7b,0x8,0x0,0x0,0x0,0x0,0x6,
  0x0,0x0,0x0,0x11,0x45,0x6e,0x64,0x20,0x63,0x69,0x74,0x79,0x20,0x76,0x61,0x72,
  0x69,0x61,0x6e,0x74,0x73,0x7,0x0,0x0,0x0,0xf,0x43,0x6f,0x6e,0x64,0x69,0x74,
  0x69,0x6f,0x6e,0x44,0x69,0x61,0x6c,0x6f,0x67,0x1,0x3,0x0,0x0,0x0,0xa,0x53,
  0x5,0x54,0x2b,0x67,0x2b,0x57,0x30,0x82,0x39,0x8,0x0,0x0,0x0,0x0,0x6,0x0,
  0x0,0x0,0x8,0x45,0x6e,0x64,0x20,0x73,0x68,0x69,0x70,0x7,0x0,0x0,0x0,0xf,
  0x43,0x6f,0x6e,0x64,0x69,0x74,0x69,0x6f,0x6e,0x44,0x69,0x61,0x6c,0x6f,0x67,0x1,
  0x3,0x0,0x0,0x0,0x6,0x4f,0xb5,0x86,0x80,0x5e,0xa6,0x8,0x0,0x0,0x0,0x0,
  0x6,0x0,0x0,0x0,0x7,0x45,0x72,0x6f,0x73,0x69,0x6f,0x6e,0x7,0x0,0x0,0x0,
  0xf,0x43,0x6f,0x6e,0x64,0x69,0x74,0x69,0x6f,0x6e,0x44,0x69,0x61,0x6c,0x6f,0x67,
  0x1,0x3,0x0,0x0,0x0,0x4,0x95,0x19,0x8b,0xef,0x8,0x0,0x0,0x0,0x0,0x6,
  0x0,0x0,0x0,0x6,0x45,0x72,0x72,0x6f,0x72,0x73,0x7,0x0,0x0,0x0,0xf,0x43,
  0x6f,0x6e,0x64,0x69,0x74,0x69,0x6f,0x6e,0x44,0x69,0x61,0x6c,0x6f,0x67,0x1,0x3,
  0x0,0x0,0x0,0xa,0x79,0x3a,0x4f,0x8b,0x0,0x2e,0x0,0x2e,0x0,0x2e,0x8,0x0,
  0x0,0x0,0x0,0x6,0x0,0x0,0x0,0xb,0x45,0x78,0x61,0x6d,0x70,0x6c,0x65,0x73,
  0x2e,0x2e,0x2e,0x7,0x0,0x0,0x0,0xf,0x43,0x6f,0x6e,0x64,0x69,0x74,0x69,0x6f,
  0x6e,0x44,0x69,0x61,0x6c,0x6f,0x67,0x1,0x3,0x0,0x0,0x0,0x8,0x90,0x9,0x62,
  0xe9,0x79,0xcd,0x7c,0x7b,0x8,0x0,0x0,0x0,0x0,0x6,0x0,0x0,0x0,0x15,0x46,
  0x69,0x6c,0x74,0x65,0x72,0x20,0x73,0x74,0x61,0x72,0x74,0x69,0x6e,0x67,0x20,0x70,
  0x69,0x65,0x63,0x65,0x7,0x0,0x0,0x0,0xf,0x43,0x6f,0x6e,0x64,0x69,0x74,0x69,
  0x6f,0x6e,0x44,0x69,0x61,0x6c,0x6f,0x67,0x1,0x3,0x0,0x0,0x0,0xc,0x4e,0xb,
  0x75,0x4c,0x89,0x81,0x58,0x5e,0x7e,0xd3,0x67,0x84,0x8,0x0,0x0,0x0,0x0,0x6,
  0x0,0x0,0x0,0xf,0x46,0x6f,0x72,0x74,0x72,0x65,0x73,0x73,0x20,0x70,0x69,0x65,
  0x63,0x65,0x73,0x7,0x0,0x0,0x0,0xf,0x43,0x6f,0x6e,0x64,0x69,0x74,0x69,0x6f,
  0x6e,0x44,0x69,0x61,0x6c,0x6f,0x67,0x1,0x3,0x0,0x0,0x0,0x6,0x51,0xb0,0x51,
  0xbb,0x7c,0x7b,0x8,0x0,0x0,0x0,0x0,0x6,0x0,0x0,0x0,0x8,0x46,0x72,0x65,
  0x65,0x7a,0x69,0x6e,0x67,0x7,0x0,0x0,0x0,0xf,0x43,0x6f,0x6e,0x64,0x69,0x74,
  0x69,0x6f,0x6e,0x44,0x69,0x61,0x6c,0x6f,0x67,0x1,0x3,0x0,0x0,0x0,0x4c,0x0,
  0x58,0x30,0x1,0x0,0x5a,0x57,0x50,0x68,0x7,0x4e,0xce,0x0,0x20,0x0,0x66,0x0,
  0x6c,0x0,0x6f,0x0,0x6f,0x0,0x72,0x0,0x28,0x0,0x2d,0x0,0x78,0x0,0x2f,0x0,
  0x32,0x0,0x29,0x0,0x20,0x0,0x28,0x54,0x2b,0x0,0x29,0x52,0x30,0x0,0x20,0x0,
  0x66,0x0,0x6c,0x0,0x6f,0x0,0x6f,0x0,0x72,0x0,0x28,0x0,0x78,0x0,0x2f,0x0,
  0x32,0x0,0x29,0x0,0x20,0x0,0x28,0x54,0x2b,0x0,0x29,0x8,0x0,0x0,0x0,0x0,
  0x6,0x0,0x0,0x0,0x37,0x46,0x72,0x6f,0x6d,0x20,0x66,0x6c,0x6f,0x6f,0x72,0x28,
  0x2d,0x78,0x2f,0x32,0x29,0x20,0x74,0x6f,0x20,0x66,0x6c,0x6f,0x6f,0x72,0x28,0x78,
  0x2f,0x32,0x29,0x20,0x6f,0x6e,0x20,0x62,0x6f,0x74,0x68,0x20,0x61,0x78,0x65,0x73,
  0x20,0x28,0x69,0x6e,0x63,0x6c,0x75,0x73,0x69,0x76,0x65,0x29,0x7,0x0,0x0,0x0,
  0xf,0x43,0x6f,0x6e,0x64,0x69,0x74,0x69,0x6f,0x6e,0x44,0x69,0x61,0x6c,0x6f,0x67,
  0x1,0x3,0x0,0x0,0x0,0xc,0x4f,0x7f,0x75,0x28,0x53,0xef,0x89,0xc1,0x83,0x3,
  0x56,0xf4,0x8,0x0,0x0,0x0,0x0,0x6,0x0,0x0,0x0,0xc,0x46,0x72,0x6f,0x6d,
  0x20,0x76,0x69,0x73,0x69,0x62,0x6c,0x65,0x7,0x0,0x0,0x0,0xf,0x43,0x6f,0x6e,
  0x64,0x69,0x74,0x69,0x6f,0x6e,0x44,0x69,0x61,0x6c,0x6f,0x67,0x1,0x3,0x0,0x0,
  0x0,0x2,0x0,0x2d,0x8,0x0,0x0,0x0,0x0,0x6,0x0,0x0,0x0,0x7,0x47,0x65,
  0x6e,0x65,0x72,0x61,0x6c,0x7,0x0,0x0,0x0,0xf,0x43,0x6f,0x6e,0x64,0x69,0x74,
  0x69,0x6f,0x6e,0x44,0x69,0x61,0x6c,0x6f,0x67,0x1,0x3,0x0,0x0,0x0,0x12,0x4f,
  0x7f,0x75,0x28,0x56,0x6a,0x58,0xf0,0x50,0xd,0x98,0x91,0x7b,0x49,0x7e,0xa7,0x0,
  0x3a,0x8,0x0,0x0,0x0,0x0,0x6,0x0,0x0,0x0,0x16,0x47,0x65,0x6e,0x65,0x72,
  0x61,0x74,0x65,0x20,0x75,0x70,0x20,0x74,0x6f,0x20,0x6f,0x63,0x74,0x61,0x76,0x65,
  0x3a,0x7,0x0,0x0,0x0,0xf,0x43,0x6f,0x6e,0x64,0x69,0x74,0x69,0x6f,0x6e,0x44,
  0x69,0x61,0x6c,0x6f,0x67,0x1,0x3,0x0,0x0,0x0,0x12,0x75,0x1f,0x62,0x10,0x4e,
  0xe5,0x4e,0xb,0x4e,0xfb,0x61,0xf,0x4e,0x0,0x4e,0x2a,0x0,0x3a,0x8,0x0,0x0,
  0x0,0x0,0x6,0x0,0x0,0x0,0x11,0x47,0x65,0x6e,0x65,0x72,0x61,0x74,0x65,0x73,
  0x20,0x61,0x6e,0x79,0x20,0x6f,0x66,0x3a,0x7,0x0,0x0,0x0,0xf,0x43,0x6f,0x6e,
  0x64,0x69,0x74,0x69,0x6f,0x6e,0x44,0x69,0x61,0x6c,0x6f,0x67,0x1,0x3,0x0,0x0,
  0x0,0xa,0x75,0x1f,0x62,0x10,0x7c,0xbe,0x5e,0xa6,0x0,0x3a,0x8,0x0,0x0,0x0,
  0x0,0x6,0x0,0x0,0x0,0x11,0x47,0x65,0x6e,0x65,0x72,0x61,0x74,0x69,0x6f,0x6e,
  0x20,0x6c,0x61,0x79,0x65,0x72,0x3a,0x7,0x0,0x0,0x0,0xf,0x43,0x6f,0x6e,0x64,
  0x69,0x74,0x69,0x6f,0x6e,0x44,0x69,0x61,0x6c,0x6f,0x67,0x1,0x3,0x0,0x0,0x0,
  0xa,0x9a,0xd8,0x5e,0xa6,0x0,0x28,0x0,0x59,0x0,0x29,0x8,0x0,0x0,0x0,0x0,
  0x6,0x0,0x0,0x0,0x10,0x48,0x65,0x69,0x67,0x68,0x74,0x20,0x28,0x59,0x2d,0x6c,
  0x65,0x76,0x65,0x6c,0x29,0x7,0x0,0x0,0x0,0xf,0x43,0x6f,0x6e,0x64,0x69,0x74,
  0x69,0x6f,0x6e,0x44,0x69,0x61,0x6c,0x6f,0x67,0x1,0x3,0x0,0x0,0x0,0x4,0x6e,
  0x7f,0x5e,0xa6,0x8,0x0,0x0,0x0,0x0,0x6,0x0,0x0,0x0,0x8,0x48,0x75,0x6d,
  0x69,0x64,0x69,0x74,0x79,0x7,0x0,0x0,0x0,0xf,0x43,0x6f,0x6e,0x64,0x69,0x74,
  0x69,0x6f,0x6e,0x44,0x69,0x61,0x6c,0x6f,0x67,0x1,0x3,0x0,0x0,0x0,0xa,0x53,
  0xd6,0x50,0x3c,0x53,0x3a,0x95,0xf4,0x0,0x3a,0x8,0x0,0x0,0x0,0x0,0x6,0x0,
  0x0,0x0,0x15,0x49,0x66,0x20,0x76,0x61,0x6c,0x75,0x65,0x20,0x69,0x73,0x20,0x69,
  0x6e,0x20,0x72,0x61,0x6e,0x67,0x65,0x3a,0x7,0x0,0x0,0x0,0xf,0x43,0x6f,0x6e,
  0x64,0x69,0x74,0x69,0x6f,0x6e,0x44,0x69,0x61,0x6c,0x6f,0x67,0x1,0x3,0x0,0x0,
  0x0,0x8,0x51,0xb0,0x5c,0x4b,0x79,0xcd,0x7c,0x7b,0x8,0x0,0x0,0x0,0x0,0x6,
  0x0,0x0,0x0,0xe,0x49,0x67,0x6c,0x6f,0x6f,0x20,0x76,0x61,0x72,0x69,0x61,0x6e,
  0x74,0x73,0x7,0x0,0x0,0x0,0xf,0x43,0x6f,0x6e,0x64,0x69,0x74,0x69,0x6f,0x6e,
  0x44,0x69,0x61,0x6c,0x6f,0x67,0x1,0x3,0x0,0x0,0x0,0x8,0x5f,0xfd,0x75,0x65,
  0x53,0xc2,0x80,0x3,0x8,0x0,0x0,0x0,0x0,0x6,0x0,0x0,0x0,0x10,0x49,0x67,
  0x6e,0x6f,0x72,0x65,0x20,0x72,0x65,0x66,0x65,0x72,0x65,0x6e,0x63,0x65,0x7,0x0,
  0x0,0x0,0xf,0x43,0x6f,0x6e,0x64,0x69,0x74,0x69,0x6f,0x6e,0x44,0x69,0x61,0x6c,
  0x6f,0x67,0x1,0x3,0x0,0x0,0x0,0x10,0x8f,0xb9,0x75,0x4c,0x70,0xb9,0x51,0x85,
  0x4f,0xa7,0x83,0x3,0x56,0xf4,0x0,0x3a,0x8,0x0,0x0,0x0,0x0,0x6,0x0,0x0,
  0x0,0xd,0x49,0x6e,0x73,0x69,0x64,0x65,0x20,0x72,0x61,0x6e,0x67,0x65,0x3a,0x7,
  0x0,0x0,0x0,0xf,0x43,0x6f,0x6e,0x64,0x69,0x74,0x69,0x6f,0x6e,0x44,0x69,0x61,
  0x6c,0x6f,0x67,0x1,0x3,0x0,0x0,0x0,0x16,0x83,0x3,0x56,0xf4,0x51,0x85,0x53,
  0x5,0x54,0x2b,0x76,0x84,0x7e,0xd3,0x67,0x84,0x65,0x70,0x91,0xcf,0x0,0x3a,0x8,
  0x0,0x0,0x0,0x0,0x6,0x0,0x0,0x0,0x16,0x49,0x6e,0x73,0x74,0x61,0x6e,0x63,
  0x65,0x73,0x20,0x77,0x69,0x74,0x68,0x69,0x6e,0x20,0x61,0x72,0x65,0x61,0x3a,0x7,
  0x0,0x0,0x0,0xf,0x43,0x6f,0x6e,0x64,0x69,0x74,0x69,0x6f,0x6e,0x44,0x69,0x61,
  0x6c,0x6f,0x67,0x1,0x3,0x0,0x0,0x0,0x24,0x52,0x6,0x52,0x2b,0x68,0xc0,0x67,
  0xe5,0x6b,0xcf,0x4e,0x2a,0x91,0xc7,0x68,0x37,0x70,0xb9,0x80,0xc,0x4e,0xd,0x53,
  0xea,0x68,0xc0,0x67,0xe5,0x53,0x3a,0x57,0xdf,0x4e,0x2d,0x5f,0xc3,0x8,0x0,0x0,
  0x0,0x0,0x6,0x0,0x0,0x0,0x64,0x49,0x6e,0x73,0x74,0x65,0x61,0x64,0x20,0x6f,
  0x66,0x20,0x65,0x73,0x74,0x69,0x6d,0x61,0x74,0x69,0x6e,0x67,0x20,0x74,0x68,0x65,
  0x20,0x63,0x65,0x6e,0x74,0x65,0x72,0x20,0x6f,0x66,0x20,0x74,0x68,0x65,0x20,0x61,
  0x6c,0x6c,0x6f,0x77,0x65,0x64,0x20,0x62,0x69,0x6f,0x6d,0x65,0x20,0x61,0x72,0x65,
  0x61,0x2c,0xa,0x79,0x69,0x65,0x6c,0x64,0x20,0x65,0x61,0x63,0x68,0x20,0x73,0x61,
  0x6d,0x70,0x6c,0x65,0x64,0x20,0x70,0x6f,0x73,0x69,0x74,0x69,0x6f,0x6e,0x20,0x69,
  0x6e,0x64,0x69,0x76,0x69,0x64,0x75,0x61,0x6c,0x6c,0x79,0x7,0x0,0x0,0x0,0xf,
  0x43,0x6f,0x6e,0x64,0x69,0x74,0x69,0x6f,0x6e,0x44,0x69,0x61,0x6c,0x6f,0x67,0x1,
  0x3,0x0,0x0,0x0,0x4,0x4e,0xd,0x54,0x2b,0x8,0x0,0x0,0x0,0x0,0x6,0x0,
  0x0,0x0,0xc,0x49,0x6e,0x76,0x65,0x72,0x74,0x20,0x72,0x61,0x6e,0x67,0x65,0x7,
  0x0,0x0,0x0,0xf,0x43,0x6f,0x6e,0x64,0x69,0x74,0x69,0x6f,0x6e,0x44,0x69,0x61,
  0x6c,0x6f,0x67,0x1,0x3,0x0,0x0,0x0,0x6,0x68,0x7,0x7b,0x7e,0x0,0x3a,0x8,
  0x0,0x0,0x0,0x0,0x6,0x0,0x0,0x0,0x6,0x4c,0x61,0x62,0x65,0x6c,0x3a,0x7,
  0x0,0x0,0x0,0xf,0x43,0x6f,0x6e,0x64,0x69,0x74,0x69,0x6f,0x6e,0x44,0x69,0x61,
  0x6c,0x6f,0x67,0x1,0x3,0x0,0x0,0x0,0xc,0x5b,0x9a,0x4f,0x4d,0x7f,0xa4,0x7c,
  0xfb,0x4e,0x2d,0x5f,0xc3,0x8,0x0,0x0,0x0,0x0,0x6,0x0,0x0,0x0,0x13,0x4c,
  0x6f,0x63,0x61,0x74,0x65,0x20,0x62,0x69,0x6f,0x6d,0x65,0x20,0x63,0x65,0x6e,0x74,
  0x65,0x72,0x7,0x0,0x0,0x0,0xf,0x43,0x6f,0x6e,0x64,0x69,0x74,0x69,0x6f,0x6e,
  0x44,0x69,0x61,0x6c,0x6f,0x67,0x1,0x3,0x0,0x0,0x0,0x12,0x5b,0x9a,0x4f,0x4d,
  0x6c,0x14,0x50,0x19,0x53,0xc2,0x65,0x70,0x76,0x84,0x67,0x81,0x50,0x3c,0x8,0x0,
  0x0,0x0,0x0,0x6,0x0,0x0,0x0,0x1e,0x4c,0x6f,0x63,0x61,0x74,0x65,0x20,0x63,
  0x6c,0x69,0x6d,0x61,0x74,0x65,0x20,0x6d,0x69,0x6e,0x69,0x6d,0x75,0x6d,0x2f,0x6d,
  0x61,0x78,0x69,0x6d,0x75,0x6d,0x7,0x0,0x0,0x0,0xf,0x43,0x6f,0x6e,0x64,0x69,
  0x74,0x69,0x6f,0x6e,0x44,0x69,0x61,0x6c,0x6f,0x67,0x1,0x3,0x0,0x0,0x0,0x4,
  0x83,0x3,0x56,0xf4,0x8,0x0,0x0,0x0,0x0,0x6,0x0,0x0,0x0,0x8,0x4c,0x6f,
  0x63,0x61,0x74,0x69,0x6f,0x6e,0x7,0x0,0x0,0x0,0xf,0x43,0x6f,0x6e,0x64,0x69,
  0x74,0x69,0x6f,0x6e,0x44,0x69,0x61,0x6c,0x6f,0x67,0x1,0x3,0x0,0x0,0x0,0xc,
  0x4f,0x4d,0x7f,0x6e,0x76,0xf8,0x5b,0xf9,0x4e,0x8e,0x0,0x3a,0x8,0x0,0x0,0x0,
  0x0,0x6,0x0,0x0,0x0,0x18,0x4c,0x6f,0x63,0x61,0x74,0x69,0x6f,0x6e,0x20,0x69,
  0x73,0x20,0x72,0x65,0x6c,0x61,0x74,0x69,0x76,0x65,0x20,0x74,0x6f,0x3a,0x7,0x0,
  0x0,0x0,0xf,0x43,0x6f,0x6e,0x64,0x69,0x74,0x69,0x6f,0x6e,0x44,0x69,0x61,0x6c,
  0x6f,0x67,0x1,0x3,0x0,0x0,0x0,0xc,0x67,0x0,0x5c,0xf,0x50,0x3c,0x0,0x28,
  0x54,0x2b,0x0,0x29,0x8,0x0,0x0,0x0,0x0,0x6,0x0,0x0,0x0,0x17,0x4c,0x6f,
  0x77,0x65,0x72,0x20,0x62,0x6f,0x75,0x6e,0x64,0x20,0x28,0x69,0x6e,0x63,0x6c,0x75,
  0x73,0x69,0x76,0x65,0x29,0x7,0x0,0x0,0x0,0xf,0x43,0x6f,0x6e,0x64,0x69,0x74,
  0x69,0x6f,0x6e,0x44,0x69,0x61,0x6c,0x6f,0x67,0x1,0x3,0x0,0x0,0x0,0x10,0x0,
  0x4c,0x0,0x75,0x0,0x61,0x0,0x20,0x81,0x1a,0x67,0x2c,0x79,0x3a,0x4f,0x8b,0x8,
  0x0,0x0,0x0,0x0,0x6,0x0,0x0,0x0,0xc,0x4c,0x75,0x61,0x20,0x65,0x78,0x61,
  0x6d,0x70,0x6c,0x65,0x73,0x7,0x0,0x0,0x0,0xf,0x43,0x6f,0x6e,0x64,0x69,0x74,
  0x69,0x6f,0x6e,0x44,0x69,0x61,0x6c,0x6f,0x67,0x1,0x3,0x0,0x0,0x0,0x1a,0x0,
  0x4c,0x0,0x75,0x0,0x61,0x81,0x1a,0x67,0x2c,0x0,0x20,0x0,0x28,0x0,0x2a,0x0,
  0x2e,0x0,0x6c,0x0,0x75,0x0,0x61,0x0,0x29,0x8,0x0,0x0,0x0,0x0,0x6,0x0,
  0x0,0x0,0x12,0x4c,0x75,0x61,0x20,0x73,0x63,0x72,0x69,0x70,0x74,0x20,0x28,0x2a,
  0x2e,0x6c,0x75,0x61,0x29,0x7,0x0,0x0,0x0,0xf,0x43,0x6f,0x6e,0x64,0x69,0x74,
  0x69,0x6f,0x6e,0x44,0x69,0x61,0x6c,0x6f,0x67,0x1,0x3,0x0,0x0,0x0,0xe,0x0,
  0x4c,0x0,0x75,0x0,0x61,0x0,0x20,0x81,0x1a,0x67,0x2c,0x0,0x3a,0x8,0x0,0x0,
  0x0,0x0,0x6,0x0,0x0,0x0,0xb,0x4c,0x75,0x61,0x20,0x73,0x63,0x72,0x69,0x70,
  0x74,0x3a,0x7,0x0,0x0,0x0,0xf,0x43,0x6f,0x6e,0x64,0x69,0x74,0x69,0x6f,0x6e,
  0x44,0x69,0x61,0x6c,0x6f,0x67,0x1,0x3,0x0,0x0,0x0,0x6,0x7e,0x41,0x83,0x2,
  0x7c,0x7b,0x8,0x0,0x0,0x0,0x0,0x6,0x0,0x0,0x0,0x4,0x4c,0x75,0x73,0x68,
  0x7,0x0,0x0,0x0,0xf,0x43,0x6f,0x6e,0x64,0x69,0x74,0x69,0x6f,0x6e,0x44,0x69,
  0x61,0x6c,0x6f,0x67,0x1,0x3,0x0,0x0,0x0,0xe,0x0,0x4d,0x0,0x43,0x72,0x48,
  0x67,0x2c,0x0,0x20,0x0,0x25,0x0,0x31,0x8,0x0,0x0,0x0,0x0,0x6,0x0,0x0,
  0x0,0x5,0x4d,0x43,0x20,0x25,0x31,0x7,0x0,0x0,0x0,0xf,0x43,0x6f,0x6e,0x64,
  0x69,0x74,0x69,0x6f,0x6e,0x44,0x69,0x61,0x6c,0x6f,0x67,0x1,0x3,0x0,0x0,0x0,
  0x12,0x0,0x4d,0x0,0x43,0x72,0x48,0x67,0x2c,0x0,0x3a,0x0,0x20,0x0,0x31,0x0,
  0x2e,0x0,0x58,0x8,0x0,0x0,0x0,0x0,0x6,0x0,0x0,0x0,0x7,0x4d,0x43,0x3a,
  0x20,0x31,0x2e,0x58,0x7,0x0,0x0,0x0,0xf,0x43,0x6f,0x6e,0x64,0x69,0x74,0x69,
  0x6f,0x6e,0x44,0x69,0x61,0x6c,0x6f,0x67,0x1,0x3,0x0,0x0,0x0,0x10,0x53,0x5,
  0x54,0x2b,0x4e,0xb,0x52,0x17,0x4e,0xfb,0x61,0xf,0x7f,0xa4,0x7c,0xfb,0x8,0x0,
  0x0,0x0,0x0,0x6,0x0,0x0,0x0,0x9,0x4d,0x61,0x74,0x63,0x68,0x20,0x61,0x6e,
  0x79,0x7,0x0,0x0,0x0,0xf,0x43,0x6f,0x6e,0x64,0x69,0x74,0x69,0x6f,0x6e,0x44,
  0x69,0x61,0x6c,0x6f,0x67,0x1,0x3,0x0,0x0,0x0,0x6,0x67,0x0,0x59,0x27,0x50,
  0x3c,0x8,0x0,0x0,0x0,0x0,0x6,0x0,0x0,0x0,0x7,0x4d,0x61,0x78,0x69,0x6d,
  0x75,0x6d,0x7,0x0,0x0,0x0,0xf,0x43,0x6f,0x6e,0x64,0x69,0x74,0x69,0x6f,0x6e,
  0x44,0x69,0x61,0x6c,0x6f,0x67,0x1,0x3,0x0,0x0,0x0,0x6,0x67,0x0,0x5c,0xf,
  0x50,0x3c,0x8,0x0,0x0,0x0,0x0,0x6,0x0,0x0,0x0,0x7,0x4d,0x69,0x6e,0x69,
  0x6d,0x75,0x6d,0x7,0x0,0x0,0x0,0xf,0x43,0x6f,0x6e,0x64,0x69,0x74,0x69,0x6f,
  0x6e,0x44,0x69,0x61,0x6c,0x6f,0x67,0x1,0x3,0x0,0x0,0x0,0xa,0x67,0x0,0x5c,
  0xf,0x97,0x62,0x79,0xef,0x0,0x3a,0x8,0x0,0x0,0x0,0x0,0x6,0x0,0x0,0x0,
  0xd,0x4d,0x69,0x6e,0x69,0x6d,0x75,0x6d,0x20,0x61,0x72,0x65,0x61,0x3a,0x7,0x0,
  0x0,0x0,0xf,0x43,0x6f,0x6e,0x64,0x69,0x74,0x69,0x6f,0x6e,0x44,0x69,0x61,0x6c,
  0x6f,0x67,0x1,0x3,0x0,0x0,0x0,0xc,0x95,0x19,0x8b,0xef,0x76,0x84,0x5b,0x50,
  0x7c,0x7b,0x52,0x2b,0x8,0x0,0x0,0x0,0x0,0x6,0x0,0x0,0x0,0x13,0x4d,0x69,
  0x73,0x73,0x69,0x6e,0x67,0x20,0x53,0x74,0x61,0x72,0x74,0x20,0x50,0x69,0x65,0x63,
  0x65,0x7,0x0,0x0,0x0,0xf,0x43,0x6f,0x6e,0x64,0x69,0x74,0x69,0x6f,0x6e,0x44,
  0x69,0x61,0x6c,0x6f,0x67,0x1,0x3,0x0,0x0,0x0,0x14,0x67,0x2a,0x90,0x9,0x62,
  0xe9,0x51,0x41,0x8b,0xb8,0x75,0x1f,0x62,0x10,0x76,0x84,0x7f,0xa4,0x7c,0xfb,0x8,
  0x0,0x0,0x0,0x0,0x6,0x0,0x0,0x0,0x11,0x4e,0x6f,0x20,0x41,0x6c,0x6c,0x6f,
  0x77,0x65,0x64,0x20,0x42,0x69,0x6f,0x6d,0x65,0x73,0x7,0x0,0x0,0x0,0xf,0x43,
  0x6f,0x6e,0x64,0x69,0x74,0x69,0x6f,0x6e,0x44,0x69,0x61,0x6c,0x6f,0x67,0x1,0x3,
  0x0,0x0,0x0,0x2c,0x8b,0xe5,0x7e,0xd3,0x67,0x84,0x4e,0xd,0x4f,0x1a,0x75,0x1f,
  0x62,0x10,0x8b,0xe5,0x5b,0x50,0x7c,0x7b,0x52,0x2b,0x0,0x2c,0x0,0x20,0x8b,0xe5,
  0x67,0x61,0x4e,0xf6,0x5c,0x6,0x65,0xe0,0x6c,0xd5,0x6e,0xe1,0x8d,0xb3,0xff,0x1,
  0x8,0x0,0x0,0x0,0x0,0x6,0x0,0x0,0x0,0x3f,0x4e,0x6f,0x20,0x61,0x6c,0x6c,
  0x6f,0x77,0x65,0x64,0x20,0x73,0x74,0x61,0x72,0x74,0x20,0x70,0x69,0x65,0x63,0x65,
  0x73,0x20,0x73,0x70,0x65,0x63,0x69,0x66,0x69,0x65,0x64,0x2e,0x20,0x43,0x6f,0x6e,
  0x64,0x69,0x74,0x69,0x6f,0x6e,0x20,0x63,0x61,0x6e,0x20,0x6e,0x65,0x76,0x65,0x72,
  0x20,0x62,0x65,0x20,0x74,0x72,0x75,0x65,0x2e,0x7,0x0,0x0,0x0,0xf,0x43,0x6f,
  0x6e,0x64,0x69,0x74,0x69,0x6f,0x6e,0x44,0x69,0x61,0x6c,0x6f,0x67,0x1,0x3,0x0,
  0x0,0x0,0x2,0x65,0xe0,0x8,0x0,0x0,0x0,0x0,0x6,0x0,0x0,0x0,0x4,0x4e,
  0x6f,0x6e,0x65,0x7,0x0,0x0,0x0,0xf,0x43,0x6f,0x6e,0x64,0x69,0x74,0x69,0x6f,
  0x6e,0x44,0x69,0x61,0x6c,0x6f,0x67,0x1,0x3,0x0,0x0,0x0,0x6,0x6d,0x77,0x6d,
  0xb,0x7c,0x7b,0x8,0x0,0x0,0x0,0x0,0x6,0x0,0x0,0x0,0x7,0x4f,0x63,0x65,
  0x61,0x6e,0x69,0x63,0x7,0x0,0x0,0x0,0xf,0x43,0x6f,0x6e,0x64,0x69,0x74,0x69,
  0x6f,0x6e,0x44,0x69,0x61,0x6c,0x6f,0x67,0x1,0x3,0x0,0x0,0x0,0x20,0x5b,0x9e,
  0x96,0x45,0x50,0x3c,0x4e,0xd,0x53,0x5,0x54,0x2b,0x57,0x28,0x4e,0xa,0x8f,0xf0,
  0x83,0x3,0x56,0xf4,0x51,0x85,0x6e,0xe1,0x8d,0xb3,0x67,0x61,0x4e,0xf6,0x8,0x0,
  0x0,0x0,0x0,0x6,0x0,0x0,0x0,0x2e,0x4f,0x6e,0x6c,0x79,0x20,0x6d,0x61,0x74,
  0x63,0x68,0x20,0x69,0x66,0x20,0x76,0x61,0x6c,0x75,0x65,0x20,0x69,0x73,0x20,0x6f,
  0x75,0x74,0x73,0x69,0x64,0x65,0x20,0x74,0x68,0x65,0x20,0x67,0x69,0x76,0x65,0x6e,
  0x20,0x72,0x61,0x6e,0x67,0x65,0x7,0x0,0x0,0x0,0xf,0x43,0x6f,0x6e,0x64,0x69,
  0x74,0x69,0x6f,0x6e,0x44,0x69,0x61,0x6c,0x6f,0x67,0x1,0x3,0x0,0x0,0x0,0xe,
  0x62,0x53,0x5f,0x0,0x65,0x87,0x4e,0xf6,0x0,0x2e,0x0,0x2e,0x0,0x2e,0x8,0x0,
  0x0,0x0,0x0,0x6,0x0,0x0,0x0,0x11,0x4f,0x70,0x65,0x6e,0x20,0x64,0x69,0x72,
  0x65,0x63,0x74,0x6f,0x72,0x79,0x2e,0x2e,0x2e,0x7,0x0,0x0,0x0,0xf,0x43,0x6f,
  0x6e,0x64,0x69,0x74,0x69,0x6f,0x6e,0x44,0x69,0x61,0x6c,0x6f,0x67,0x1,0x3,0x0,
  0x0,0x0,0x4,0x51,0x76,0x4e,0xd6,0x8,0x0,0x0,0x0,0x0,0x6,0x0,0x0,0x0,
  0x5,0x4f,0x74,0x68,0x65,0x72,0x7,0x0,0x0,0x0,0xf,0x43,0x6f,0x6e,0x64,0x69,
  0x74,0x69,0x6f,0x6e,0x44,0x69,0x61,0x6c,0x6f,0x67,0x1,0x3,0x0,0x0,0x0,0x10,
  0x8f,0xb9,0x75,0x4c,0x70,0xb9,0x59,0x16,0x4f,0xa7,0x83,0x3,0x56,0xf4,0x0,0x3a,
  0x8,0x0,0x0,0x0,0x0,0x6,0x0,0x0,0x0,0xe,0x4f,0x75,0x74,0x73,0x69,0x64,
  0x65,0x20,0x72,0x61,0x6e,0x67,0x65,0x3a,0x7,0x0,0x0,0x0,0xf,0x43,0x6f,0x6e,
  0x64,0x69,0x74,0x69,0x6f,0x6e,0x44,0x69,0x61,0x6c,0x6f,0x67,0x1,0x3,0x0,0x0,
  0x0,0x18,0x62,0x40,0x90,0x9,0x7f,0xa4,0x7c,0xfb,0x57,0x28,0x8b,0xe5,0x53,0x3a,
  0x57,0xdf,0x4e,0x2d,0x76,0x84,0x6b,0xd4,0x4f,0x8b,0x8,0x0,0x0,0x0,0x0,0x6,
  0x0,0x0,0x0,0x3c,0x50,0x72,0x6f,0x70,0x6f,0x72,0x74,0x69,0x6f,0x6e,0x20,0x6f,
  0x66,0x20,0x74,0x68,0x65,0x20,0x61,0x72,0x65,0x61,0x20,0x74,0x68,0x61,0x74,0x20,
  0x68,0x61,0x73,0x20,0x74,0x6f,0x20,0x62,0x65,0x20,0x6f,0x66,0x20,0x74,0x68,0x65,
  0x20,0x69,0x6e,0x63,0x6c,0x75,0x64,0x65,0x64,0x20,0x62,0x69,0x6f,0x6d,0x65,0x73,
  0x7,0x0,0x0,0x0,0xf,0x43,0x6f,0x6e,0x64,0x69,0x74,0x69,0x6f,0x6e,0x44,0x69,
  0x61,0x6c,0x6f,0x67,0x1,0x3,0x0,0x0,0x0,0x8,0x56,0xdb,0x80,0x54,0x7e,0xd3,
  0x67,0x84,0x8,0x0,0x0,0x0,0x0,0x6,0x0,0x0,0x0,0xe,0x51,0x75,0x61,0x64,
  0x2d,0x73,0x74,0x72,0x75,0x63,0x74,0x75,0x72,0x65,0x7,0x0,0x0,0x0,0xf,0x43,
  0x6f,0x6e,0x64,0x69,0x74,0x69,0x6f,0x6e,0x44,0x69,0x61,0x6c,0x6f,0x67,0x1,0x3,
  0x0,0x0,0x0,0x16,0x5c,0x6,0x7f,0x16,0x8f,0x91,0x56,0x68,0x51,0x85,0x5b,0xb9,
  0x66,0xff,0x63,0x62,0x4e,0x3a,0x79,0x3a,0x4f,0x8b,0x8,0x0,0x0,0x0,0x0,0x6,
  0x0,0x0,0x0,0x24,0x52,0x65,0x70,0x6c,0x61,0x63,0x65,0x20,0x65,0x64,0x69,0x74,
  0x6f,0x72,0x20,0x63,0x6f,0x6e,0x74,0x65,0x6e,0x74,0x20,0x77,0x69,0x74,0x68,0x20,
  0x65,0x78,0x61,0x6d,0x70,0x6c,0x65,0x3a,0x7,0x0,0x0,0x0,0xf,0x43,0x6f,0x6e,
  0x64,0x69,0x74,0x69,0x6f,0x6e,0x44,0x69,0x61,0x6c,0x6f,0x67,0x1,0x3,0x0,0x0,
  0x0,0xe,0x51,0x68,0x83,0x3,0x56,0xf4,0x80,0xc,0x97,0x5e,0x4e,0xa4,0x53,0xc9,
  0x8,0x0,0x0,0x0,0x0,0x6,0x0,0x0,0x0,0x2a,0x52,0x65,0x71,0x75,0x69,0x72,
  0x65,0x20,0x66,0x75,0x6c,0x6c,0x20,0x72,0x61,0x6e,0x67,0x65,0x20,0x69,0x6e,0x73,
  0x74,0x65,0x61,0x64,0x20,0x6f,0x66,0x20,0x69,0x6e,0x74,0x65,0x72,0x73,0x65,0x63,
  0x74,0x69,0x6f,0x6e,0x7,0x0,0x0,0x0,0xf,0x43,0x6f,0x6e,0x64,0x69,0x74,0x69,
  0x6f,0x6e,0x44,0x69,0x61,0x6c,0x6f,0x67,0x1,0x3,0x0,0x0,0x0,0x18,0x89,0x86,
  0x76,0xd6,0x97,0x62,0x79,0xef,0x6b,0xd4,0x4f,0x8b,0x89,0x81,0x6c,0x42,0x0,0x28,
  0x0,0x25,0x0,0x29,0x0,0x3a,0x8,0x0,0x0,0x0,0x0,0x6,0x0,0x0,0x0,0x16,
  0x52,0x65,0x71,0x75,0x69,0x72,0x65,0x64,0x20,0x63,0x6f,0x76,0x65,0x72,0x61,0x67,
  0x65,0x20,0x28,0x25,0x29,0x3a,0x7,0x0,0x0,0x0,0xf,0x43,0x6f,0x6e,0x64,0x69,
  0x74,0x69,0x6f,0x6e,0x44,0x69,0x61,0x6c,0x6f,0x67,0x1,0x3,0x0,0x0,0x0,0x14,
  0x97,0x0,0x89,0x81,0x53,0x5,0x54,0x2b,0x76,0x84,0x7f,0xa4,0x7c,0xfb,0x67,0x61,
  0x4e,0xf6,0x0,0x3a,0x8,0x0,0x0,0x0,0x0,0x6,0x0,0x0,0x0,0x9,0x52,0x65,
  0x71,0x75,0x69,0x72,0x65,0x64,0x3a,0x7,0x0,0x0,0x0,0xf,0x43,0x6f,0x6e,0x64,
  0x69,0x74,0x69,0x6f,0x6e,0x44,0x69,0x61,0x6c,0x6f,0x67,0x1,0x3,0x0,0x0,0x0,
  0xe,0x5e,0x9f,0x5f,0x3,0x4f,0x20,0x90,0x1,0x95,0xe8,0x79,0xcd,0x7c,0x7b,0x8,
  0x0,0x0,0x0,0x0,0x6,0x0,0x0,0x0,0x16,0x52,0x75,0x69,0x6e,0x65,0x64,0x20,
  0x70,0x6f,0x72,0x74,0x61,0x6c,0x20,0x76,0x61,0x72,0x69,0x61,0x6e,0x74,0x73,0x7,
  0x0,0x0,0x0,0xf,0x43,0x6f,0x6e,0x64,0x69,0x74,0x69,0x6f,0x6e,0x44,0x69,0x61,
  0x6c,0x6f,0x67,0x1,0x3,0x0,0x0,0x0,0x10,0x91,0xc7,0x68,0x37,0x9a,0xd8,0x5e,
  0xa6,0x0,0x28,0x0,0x59,0x0,0x29,0x0,0x3a,0x8,0x0,0x0,0x0,0x0,0x6,0x0,
  0x0,0x0,0x15,0x53,0x61,0x6d,0x70,0x6c,0x65,0x20,0x61,0x74,0x20,0x68,0x65,0x69,
  0x67,0x68,0x74,0x20,0x28,0x59,0x29,0x3a,0x7,0x0,0x0,0x0,0xf,0x43,0x6f,0x6e,
  0x64,0x69,0x74,0x69,0x6f,0x6e,0x44,0x69,0x61,0x6c,0x6f,0x67,0x1,0x3,0x0,0x0,
  0x0,0xa,0x53,0xd6,0x68,0x37,0x5b,0xc6,0x5e,0xa6,0x0,0x3a,0x8,0x0,0x0,0x0,
  0x0,0x6,0x0,0x0,0x0,0xf,0x53,0x61,0x6d,0x70,0x6c,0x69,0x6e,0x67,0x20,0x73,
  0x63,0x61,0x6c,0x65,0x3a,0x7,0x0,0x0,0x0,0xf,0x43,0x6f,0x6e,0x64,0x69,0x74,
  0x69,0x6f,0x6e,0x44,0x69,0x61,0x6c,0x6f,0x67,0x1,0x3,0x0,0x0,0x0,0x4,0x4f,
  0xdd,0x5b,0x58,0x8,0x0,0x0,0x0,0x0,0x6,0x0,0x0,0x0,0x4,0x53,0x61,0x76,
  0x65,0x7,0x0,0x0,0x0,0xf,0x43,0x6f,0x6e,0x64,0x69,0x74,0x69,0x6f,0x6e,0x44,
  0x69,0x61,0x6c,0x6f,0x67,0x1,0x3,0x0,0x0,0x0,0xc,0x53,0xe6,0x5b,0x58,0x4e,
  0x3a,0x0,0x2e,0x0,0x2e,0x0,0x2e,0x8,0x0,0x0,0x0,0x0,0x6,0x0,0x0,0x0,
  0xa,0x53,0x61,0x76,0x65,0x20,0x61,0x73,0x2e,0x2e,0x2e,0x7,0x0,0x0,0x0,0xf,
  0x43,0x6f,0x6e,0x64,0x69,0x74,0x69,0x6f,0x6e,0x44,0x69,0x61,0x6c,0x6f,0x67,0x1,
  0x3,0x0,0x0,0x0,0xe,0x4f,0xdd,0x5b,0x58,0x0,0x4c,0x0,0x75,0x0,0x61,0x81,
  0x1a,0x67,0x2c,0x8,0x0,0x0,0x0,0x0,0x6,0x0,0x0,0x0,0xf,0x53,0x61,0x76,
  0x65,0x20,0x6c,0x75,0x61,0x20,0x73,0x63,0x72,0x69,0x70,0x74,0x7,0x0,0x0,0x0,
  0xf,0x43,0x6f,0x6e,0x64,0x69,0x74,0x69,0x6f,0x6e,0x44,0x69,0x61,0x6c,0x6f,0x67,
  0x1,0x3,0x0,0x0,0x0,0x8,0x90,0x9,0x62,0xe9,0x76,0xee,0x5f,0x55,0x8,0x0,
  0x0,0x0,0x0,0x6,0x0,0x0,0x0,0xf,0x53,0x65,0x6c,0x65,0x63,0x74,0x20,0x63,
  0x61,0x74,0x65,0x67,0x6f,0x72,0x79,0x7,0x0,0x0,0x0,0xf,0x43,0x6f,0x6e,0x64,
  0x69,0x74,0x69,0x6f,0x6e,0x44,0x69,0x61,0x6c,0x6f,0x67,0x1,0x3,0x0,0x0,0x0,
  0x22,0x90,0x9,0x62,0xe9,0x6b,0xcf,0x4e,0x2a,0x6e,0x29,0x5e,0xa6,0x7c,0x7b,0x52,
  0x2b,0x97,0x0,0x89,0x81,0x53,0x5,0x54,0x2b,0x76,0x84,0x7f,0xa4,0x7c,0xfb,0x65,
  0x70,0x91,0xcf,0x8,0x0,0x0,0x0,0x0,0x6,0x0,0x0,0x0,0x42,0x53,0x65,0x6c,
  0x65,0x63,0x74,0x20,0x68,0x6f,0x77,0x20,0x6d,0x61,0x6e,0x79,0x20,0x65,0x6e,0x74,
  0x72,0x69,0x65,0x73,0x20,0x6f,0x66,0x20,0x65,0x61,0x63,0x68,0x20,0x74,0x65,0x6d,
  0x70,0x65,0x72,0x61,0x74,0x75,0x72,0x65,0x20,0x63,0x61,0x74,0x65,0x67,0x6f,0x72,
  0x79,0x20,0x61,0x72,0x65,0x20,0x72,0x65,0x71,0x75,0x69,0x72,0x65,0x64,0x2e,0x7,
  0x0,0x0,0x0,0xf,0x43,0x6f,0x6e,0x64,0x69,0x74,0x69,0x6f,0x6e,0x44,0x69,0x61,
  0x6c,0x6f,0x67,0x1,0x3,0x0,0x0,0x0,0x26,0x90,0x9,0x62,0xe9,0x4e,0xe5,0x4e,
  0xb,0x7f,0xa4,0x7c,0xfb,0x6c,0x14,0x50,0x19,0x53,0xc2,0x65,0x70,0x76,0x84,0x67,
  0x0,0x5c,0xf,0x50,0x3c,0x54,0x8c,0x67,0x0,0x59,0x27,0x50,0x3c,0x0,0x3a,0x8,
  0x0,0x0,0x0,0x0,0x6,0x0,0x0,0x0,0x43,0x53,0x65,0x6c,0x65,0x63,0x74,0x20,
  0x74,0x68,0x65,0x20,0x6d,0x69,0x6e,0x69,0x6d,0x75,0x6d,0x20,0x72,0x65,0x71,0x75,
  0x69,0x72,0x65,0x64,0x20,0x61,0x6e,0x64,0x20,0x6d,0x61,0x78,0x69,0x6d,0x75,0x6d,
  0x20,0x61,0x6c,0x6c,0x6f,0x77,0x65,0x64,0x20,0x63,0x6c,0x69,0x6d,0x61,0x74,0x65,
  0x20,0x70,0x61,0x72,0x61,0x6d,0x65,0x74,0x65,0x72,0x73,0x3a,0x7,0x0,0x0,0x0,
  0xf,0x43,0x6f,0x6e,0x64,0x69,0x74,0x69,0x6f,0x6e,0x44,0x69,0x61,0x6c,0x6f,0x67,
  0x1,0x3,0x0,0x0,0x0,0x8,0x90,0x9,0x62,0xe9,0x79,0xcd,0x7c,0x7b,0x8,0x0,
  0x0,0x0,0x0,0x6,0x0,0x0,0x0,0xb,0x53,0x65,0x6c,0x65,0x63,0x74,0x20,0x74,
  0x79,0x70,0x65,0x7,0x0,0x0,0x0,0xf,0x43,0x6f,0x6e,0x64,0x69,0x74,0x69,0x6f,
  0x6e,0x44,0x69,0x61,0x6c,0x6f,0x67,0x1,0x3,0x0,0x0,0x0,0x16,0x5f,0xfd,0x75,
  0x65,0x52,0x1a,0x59,0x7d,0x6e,0xe1,0x8d,0xb3,0x67,0x61,0x4e,0xf6,0x76,0x84,0x7e,
  0xd3,0x67,0x84,0x8,0x0,0x0,0x0,0x0,0x6,0x0,0x0,0x0,0x39,0x53,0x6b,0x69,
  0x70,0x20,0x69,0x6e,0x73,0x74,0x61,0x6e,0x63,0x65,0x73,0x20,0x61,0x74,0x20,0x65,
  0x78,0x61,0x63,0x74,0x6c,0x79,0x20,0x74,0x68,0x65,0x20,0x72,0x65,0x6c,0x61,0x74,
  0x69,0x76,0x65,0x20,0x72,0x65,0x66,0x65,0x72,0x65,0x6e,0x63,0x65,0x20,0x6c,0x6f,
  0x63,0x61,0x74,0x69,0x6f,0x6e,0x7,0x0,0x0,0x0,0xf,0x43,0x6f,0x6e,0x64,0x69,
  0x74,0x69,0x6f,0x6e,0x44,0x69,0x61,0x6c,0x6f,0x67,0x1,0x3,0x0,0x0,0x0,0xa,
  0x72,0x79,0x6b,0x8a,0x5b,0xd2,0x51,0xb7,0x7c,0x7b,0x8,0x0,0x0,0x0,0x0,0x6,
  0x0,0x0,0x0,0xc,0x53,0x70,0x65,0x63,0x69,0x61,0x6c,0x20,0x43,0x6f,0x6c,0x64,
  0x7,0x0,0x0,0x0,0xf,0x43,0x6f,0x6e,0x64,0x69,0x74,0x69,0x6f,0x6e,0x44,0x69,
  0x61,0x6c,0x6f,0x67,0x1,0x3,0x0,0x0,0x0,0xa,0x72,0x79,0x6b,0x8a,0x7e,0x41,
  0x83,0x2,0x7c,0x7b,0x8,0x0,0x0,0x0,0x0,0x6,0x0,0x0,0x0,0xc,0x53,0x70,
  0x65,0x63,0x69,0x61,0x6c,0x20,0x4c,0x75,0x73,0x68,0x7,0x0,0x0,0x0,0xf,0x43,
  0x6f,0x6e,0x64,0x69,0x74,0x69,0x6f,0x6e,0x44,0x69,0x61,0x6c,0x6f,0x67,0x1,0x3,
  0x0,0x0,0x0,0xa,0x72,0x79,0x6b,0x8a,0x6e,0x29,0x5e,0x26,0x7c,0x7b,0x8,0x0,
  0x0,0x0,0x0,0x6,0x0,0x0,0x0,0xc,0x53,0x70,0x65,0x63,0x69,0x61,0x6c,0x20,
  0x57,0x61,0x72,0x6d,0x7,0x0,0x0,0x0,0xf,0x43,0x6f,0x6e,0x64,0x69,0x74,0x69,
  0x6f,0x6e,0x44,0x69,0x61,0x6c,0x6f,0x67,0x1,0x3,0x0,0x0,0x0,0xa,0x87,0xba,
  0x65,0xcb,0x8f,0xed,0x4e,0xe3,0x56,0x68,0x8,0x0,0x0,0x0,0x0,0x6,0x0,0x0,
  0x0,0xf,0x53,0x70,0x69,0x72,0x61,0x6c,0x20,0x69,0x74,0x65,0x72,0x61,0x74,0x6f,
  0x72,0x7,0x0,0x0,0x0,0xf,0x43,0x6f,0x6e,0x64,0x69,0x74,0x69,0x6f,0x6e,0x44,
  0x69,0x61,0x6c,0x6f,0x67,0x1,0x3,0x0,0x0,0x0,0x14,0x67,0x61,0x4e,0xf6,0x6e,
  0xe1,0x8d,0xb3,0x76,0x84,0x7e,0xdf,0x8b,0xa1,0x5b,0x66,0x69,0x82,0x73,0x87,0x8,
  0x0,0x0,0x0,0x0,0x6,0x0,0x0,0x0,0x39,0x53,0x74,0x61,0x74,0x69,0x73,0x74,
  0x69,0x63,0x61,0x6c,0x20,0x63,0x6f,0x6e,0x66,0x69,0x64,0x65,0x6e,0x63,0x65,0x20,
  0x74,0x68,0x61,0x74,0x20,0x74,0x68,0x65,0x20,0x63,0x6f,0x76,0x65,0x72,0x61,0x67,
  0x65,0x20,0x68,0x61,0x73,0x20,0x62,0x65,0x65,0x6e,0x20,0x72,0x65,0x61,0x63,0x68,
  0x65,0x64,0x7,0x0,0x0,0x0,0xf,0x43,0x6f,0x6e,0x64,0x69,0x74,0x69,0x6f,0x6e,
  0x44,0x69,0x61,0x6c,0x6f,0x67,0x1,0x3,0x0,0x0,0x0,0x6,0x6b,0x65,0x95,0x7f,
  0x0,0x3a,0x8,0x0,0x0,0x0,0x0,0x6,0x0,0x0,0x0,0xa,0x53,0x74,0x65,0x70,
  0x20,0x73,0x69,0x7a,0x65,0x3a,0x7,0x0,0x0,0x0,0xf,0x43,0x6f,0x6e,0x64,0x69,
  0x74,0x69,0x6f,0x6e,0x44,0x69,0x61,0x6c,0x6f,0x67,0x1,0x3,0x0,0x0,0x0,0x8,
  0x66,0x6e,0x90,0x1a,0x7e,0xd3,0x67,0x84,0x8,0x0,0x0,0x0,0x0,0x6,0x0,0x0,
  0x0,0xa,0x53,0x74,0x72,0x75,0x63,0x74,0x75,0x72,0x65,0x73,0x7,0x0,0x0,0x0,
  0xf,0x43,0x6f,0x6e,0x64,0x69,0x74,0x69,0x6f,0x6e,0x44,0x69,0x61,0x6c,0x6f,0x67,
  0x1,0x3,0x0,0x0,0x0,0x4,0x6e,0x29,0x5e,0xa6,0x8,0x0,0x0,0x0,0x0,0x6,
  0x0,0x0,0x0,0xb,0x54,0x65,0x6d,0x70,0x65,0x72,0x61,0x74,0x75,0x72,0x65,0x7,
  0x0,0x0,0x0,0xf,0x43,0x6f,0x6e,0x64,0x69,0x74,0x69,0x6f,0x6e,0x44,0x69,0x61,
  0x6c,0x6f,0x67,0x1,0x3,0x0,0x0,0x0,0x8,0x6e,0x29,0x5e,0xa6,0x7c,0x7b,0x52,
  0x2b,0x8,0x0,0x0,0x0,0x0,0x6,0x0,0x0,0x0,0x16,0x54,0x65,0x6d,0x70,0x65,
  0x72,0x61,0x74,0x75,0x72,0x65,0x20,0x63,0x61,0x74,0x65,0x67,0x6f,0x72,0x69,0x65,
  0x73,0x7,0x0,0x0,0x0,0xf,0x43,0x6f,0x6e,0x64,0x69,0x74,0x69,0x6f,0x6e,0x44,
  0x69,0x61,0x6c,0x6f,0x67,0x1,0x3,0x0,0x0,0x0,0xbe,0x52,0x12,0x5b,0x9a,0x53,
  0x3a,0x57,0xdf,0x59,0x2a,0x5c,0xf,0x0,0x2c,0x0,0x20,0x65,0xe0,0x6c,0xd5,0x6e,
  0xe1,0x8d,0xb3,0x7e,0xd9,0x5b,0x9a,0x76,0x84,0x7f,0xa4,0x7c,0xfb,0x89,0x81,0x6c,
  0x42,0xff,0x1,0x7f,0xa4,0x7c,0xfb,0x5b,0x9a,0x4f,0x4d,0x56,0x68,0x53,0x5,0x54,
  0x2b,0x0,0x20,0x0,0x25,0x0,0x6e,0x0,0x20,0x4e,0x2a,0x67,0x61,0x4e,0xf6,0x0,
  0x2c,0x0,0x20,0x6b,0xcf,0x4e,0x2a,0x67,0x61,0x4e,0xf6,0x76,0x84,0x67,0x0,0x5c,
  0xf,0x97,0x62,0x79,0xef,0x4e,0x3a,0x0,0x20,0x0,0x25,0x0,0x31,0x0,0x20,0x0,
  0x2c,0x0,0x20,0x65,0x45,0x97,0x62,0x79,0xef,0x4e,0x3a,0x0,0x20,0x0,0x25,0x0,
  0x32,0x0,0x25,0x0,0x33,0x0,0x25,0x0,0x34,0x0,0x20,0x0,0x3d,0x0,0x20,0x0,
  0x25,0x0,0x35,0x0,0x20,0x0,0x3c,0x0,0x20,0x0,0x25,0x0,0x36,0x0,0x20,0x0,
  0x28,0x6b,0xd4,0x4f,0x8b,0x5c,0x3a,0x0,0x20,0x0,0x31,0x0,0x3a,0x0,0x25,0x0,
  0x37,0x0,0x29,0x0,0x20,0x76,0x84,0x53,0x3a,0x57,0xdf,0x65,0xe0,0x6c,0xd5,0x6e,
  0xe1,0x8d,0xb3,0x67,0x61,0x4e,0xf6,0xff,0x1,0x8,0x0,0x0,0x0,0x0,0x6,0x0,
  0x0,0x0,0x89,0x54,0x68,0x65,0x20,0x62,0x69,0x6f,0x6d,0x65,0x20,0x6c,0x6f,0x63,
  0x61,0x74,0x6f,0x72,0x20,0x63,0x68,0x65,0x63,0x6b,0x73,0x20,0x66,0x6f,0x72,0x20,
  0x25,0x6e,0x20,0x69,0x6e,0x73,0x74,0x61,0x6e,0x63,0x65,0x28,0x73,0x29,0x2c,0x20,
  0x65,0x61,0x63,0x68,0x20,0x6f,0x66,0x20,0x73,0x69,0x7a,0x65,0x20,0x25,0x31,0x2c,
  0x20,0x77,0x68,0x69,0x63,0x68,0x20,0x63,0x61,0x6e,0x6e,0x6f,0x74,0x20,0x62,0x65,
  0x20,0x73,0x61,0x74,0x69,0x73,0x66,0x69,0x65,0x64,0x20,0x62,0x79,0x20,0x61,0x6e,
  0x20,0x61,0x72,0x65,0x61,0x20,0x6f,0x66,0x20,0x73,0x69,0x7a,0x65,0xa,0x25,0x32,
  0x25,0x33,0x25,0x34,0x20,0x3d,0x20,0x25,0x35,0x20,0x3c,0x20,0x25,0x36,0x20,0x40,
  0x20,0x73,0x63,0x61,0x6c,0x65,0x20,0x31,0x3a,0x25,0x37,0x2e,0x7,0x0,0x0,0x0,
  0xf,0x43,0x6f,0x6e,0x64,0x69,0x74,0x69,0x6f,0x6e,0x44,0x69,0x61,0x6c,0x6f,0x67,
  0x1,0x3,0x0,0x0,0x0,0x34,0x8b,0xe5,0x67,0x61,0x4e,0xf6,0x53,0x5,0x54,0x2b,
  0x4e,0x86,0x8d,0x8a,0x75,0x4c,0x76,0x84,0x6c,0x14,0x50,0x19,0x67,0x61,0x4e,0xf6,
  0x83,0x3,0x56,0xf4,0x0,0x2c,0x0,0x20,0x8b,0xe5,0x67,0x61,0x4e,0xf6,0x5c,0x6,
  0x65,0xe0,0x6c,0xd5,0x6e,0xe1,0x8d,0xb3,0xff,0x1,0x8,0x0,0x0,0x0,0x0,0x6,
  0x0,0x0,0x0,0x75,0x54,0x68,0x65,0x20,0x63,0x6f,0x6e,0x64,0x69,0x74,0x69,0x6f,
  0x6e,0x20,0x63,0x6f,0x6e,0x74,0x61,0x69,0x6e,0x73,0x20,0x61,0x20,0x63,0x6c,0x69,
  0x6d,0x61,0x74,0x65,0x20,0x72,0x61,0x6e,0x67,0x65,0x20,0x77,0x68,0x69,0x63,0x68,
  0x20,0x69,0x73,0x20,0x75,0x6e,0x62,0x6f,0x75,0x6e,0x64,0x65,0x64,0x20,0x77,0x69,
  0x74,0x68,0x20,0x74,0x68,0x65,0x20,0x66,0x75,0x6c,0x6c,0x20,0x72,0x61,0x6e,0x67,
  0x65,0x20,0x72,0x65,0x71,0x75,0x69,0x72,0x65,0x64,0x2c,0x20,0x77,0x68,0x69,0x63,
  0x68,0x20,0x63,0x61,0x6e,0x20,0x6e,0x65,0x76,0x65,0x72,0x20,0x62,0x65,0x20,0x73,
  0x61,0x74,0x69,0x73,0x66,0x69,0x65,0x64,0x2e,0x7,0x0,0x0,0x0,0xf,0x43,0x6f,
  0x6e,0x64,0x69,0x74,0x69,0x6f,0x6e,0x44,0x69,0x61,0x6c,0x6f,0x67,0x1,0x3,0x0,
  0x0,0x0,0x1e,0x8f,0xd9,0x72,0x47,0x53,0x3a,0x57,0xdf,0x65,0xe0,0x6c,0xd5,0x75,
  0x1f,0x62,0x10,0x4e,0xfb,0x4f,0x55,0x56,0xdb,0x80,0x54,0x7e,0xd3,0x67,0x84,0x30,
  0x2,0x8,0x0,0x0,0x0,0x0,0x6,0x0,0x0,0x0,0x4f,0x54,0x68,0x65,0x20,0x73,
  0x65,0x6c,0x65,0x63,0x74,0x65,0x64,0x20,0x61,0x72,0x65,0x61,0x20,0x64,0x6f,0x65,
  0x73,0x20,0x6e,0x6f,0x74,0x20,0x63,0x6f,0x6e,0x74,0x61,0x69,0x6e,0x20,0x61,0x20,
  0x72,0x61,0x6e,0x67,0x65,0x20,0x77,0x68,0x65,0x72,0x65,0x20,0x61,0x20,0x71,0x75,
  0x61,0x64,0x2d,0x73,0x74,0x72,0x75,0x63,0x74,0x75,0x72,0x65,0x20,0x63,0x61,0x6e,
  0x20,0x67,0x65,0x6e,0x65,0x72,0x61,0x74,0x65,0x2e,0x7,0x0,0x0,0x0,0xf,0x43,
  0x6f,0x6e,0x64,0x69,0x74,0x69,0x6f,0x6e,0x44,0x69,0x61,0x6c,0x6f,0x67,0x1,0x3,
  0x0,0x0,0x0,0x3e,0x67,0x2a,0x90,0x9,0x62,0xe9,0x51,0x41,0x8b,0xb8,0x75,0x1f,
  0x62,0x10,0x76,0x84,0x7f,0xa4,0x7c,0xfb,0xff,0xc,0x67,0x61,0x4e,0xf6,0x65,0xe0,
  0x6c,0xd5,0x6e,0xe1,0x8d,0xb3,0x30,0x2,0x8b,0xf7,0x58,0x9e,0x52,0xa0,0x4e,0x0,
  0x4e,0x9b,0x51,0x41,0x8b,0xb8,0x75,0x1f,0x62,0x10,0x76,0x84,0x7f,0xa4,0x7c,0xfb,
  0xff,0x1,0x8,0x0,0x0,0x0,0x0,0x6,0x0,0x0,0x0,0x79,0x54,0x68,0x65,0x20,
  0x73,0x65,0x74,0x20,0x6f,0x66,0x20,0x61,0x6c,0x6c,0x6f,0x77,0x65,0x64,0x20,0x62,
  0x69,0x6f,0x6d,0x65,0x73,0x20,0x69,0x73,0x20,0x65,0x6d,0x70,0x74,0x79,0x2c,0x20,
  0x77,0x68,0x69,0x63,0x68,0x20,0x63,0x61,0x6e,0x20,0x6e,0x65,0x76,0x65,0x72,0x20,
  0x62,0x65,0x20,0x73,0x61,0x74,0x69,0x73,0x66,0x69,0x65,0x64,0x2e,0x20,0x50,0x6c,
  0x65,0x61,0x73,0x65,0x20,0x69,0x6e,0x63,0x6c,0x75,0x64,0x65,0x20,0x73,0x6f,0x6d,
  0x65,0x20,0x62,0x69,0x6f,0x6d,0x65,0x73,0x20,0x66,0x6f,0x72,0x20,0x74,0x68,0x65,
  0x20,0x72,0x65,0x71,0x75,0x69,0x72,0x65,0x64,0x20,0x70,0x72,0x6f,0x70,0x6f,0x72,
  0x74,0x69,0x6f,0x6e,0x2e,0x7,0x0,0x0,0x0,0xf,0x43,0x6f,0x6e,0x64,0x69,0x74,
  0x69,0x6f,0x6e,0x44,0x69,0x61,0x6c,0x6f,0x67,0x1,0x3,0x0,0x0,0x0,0xa,0x66,
  0xf4,0x65,0x39,0x67,0x2a,0x4f,0xdd,0x5b,0x58,0x8,0x0,0x0,0x0,0x0,0x6,0x0,
  0x0,0x0,0xf,0x55,0x6e,0x73,0x61,0x76,0x65,0x64,0x20,0x63,0x68,0x61,0x6e,0x67,
  0x65,0x73,0x7,0x0,0x0,0x0,0xf,0x43,0x6f,0x6e,0x64,0x69,0x74,0x69,0x6f,0x6e,
  0x44,0x69,0x61,0x6c,0x6f,0x67,0x1,0x3,0x0,0x0,0x0,0xc,0x67,0x0,0x59,0x27,
  0x50,0x3c,0x0,0x28,0x54,0x2b,0x0,0x29,0x8,0x0,0x0,0x0,0x0,0x6,0x0,0x0,
  0x0,0x17,0x55,0x70,0x70,0x65,0x72,0x20,0x62,0x6f,0x75,0x6e,0x64,0x20,0x28,0x69,
  0x6e,0x63,0x6c,0x75,0x73,0x69,0x76,0x65,0x29,0x7,0x0,0x0,0x0,0xf,0x43,0x6f,
  0x6e,0x64,0x69,0x74,0x69,0x6f,0x6e,0x44,0x69,0x61,0x6c,0x6f,0x67,0x1,0x3,0x0,
  0x0,0x0,0x14,0x4e,0xce,0x0,0x41,0x52,0x30,0x0,0x42,0x6c,0xbf,0x8d,0xef,0x4e,
  0xa,0x76,0x84,0x67,0x51,0x5e,0x84,0x8,0x0,0x0,0x0,0x0,0x6,0x0,0x0,0x0,
  0x21,0x56,0x69,0x6c,0x6c,0x61,0x67,0x65,0x20,0x61,0x6c,0x6f,0x6e,0x67,0x20,0x74,
  0x68,0x65,0x20,0x77,0x61,0x79,0x20,0x66,0x72,0x6f,0x6d,0x20,0x41,0x20,0x74,0x6f,
  0x20,0x42,0x7,0x0,0x0,0x0,0xf,0x43,0x6f,0x6e,0x64,0x69,0x74,0x69,0x6f,0x6e,
  0x44,0x69,0x61,0x6c,0x6f,0x67,0x1,0x3,0x0,0x0,0x0,0x8,0x67,0x51,0x5e,0x84,
  0x53,0xd8,0x79,0xcd,0x8,0x0,0x0,0x0,0x0,0x6,0x0,0x0,0x0,0x10,0x56,0x69,
  0x6c,0x6c,0x61,0x67,0x65,0x20,0x76,0x61,0x72,0x69,0x61,0x6e,0x74,0x73,0x7,0x0,
  0x0,0x0,0xf,0x43,0x6f,0x6e,0x64,0x69,0x74,0x69,0x6f,0x6e,0x44,0x69,0x61,0x6c,
  0x6f,0x67,0x1,0x3,0x0,0x0,0x0,0x6,0x6e,0x29,0x5e,0x26,0x7c,0x7b,0x8,0x0,
  0x0,0x0,0x0,0x6,0x0,0x0,0x0,0x4,0x57,0x61,0x72,0x6d,0x7,0x0,0x0,0x0,
  0xf,0x43,0x6f,0x6e,0x64,0x69,0x74,0x69,0x6f,0x6e,0x44,0x69,0x61,0x6c,0x6f,0x67,
  0x1,0x3,0x0,0x0,0x0,0x8,0x7a,0x0,0x67,0x9,0x7a,0xb,0x5e,0xa6,0x8,0x0,
  0x0,0x0,0x0,0x6,0x0,0x0,0x0,0x9,0x57,0x65,0x69,0x72,0x64,0x6e,0x65,0x73,
  0x73,0x7,0x0,0x0,0x0,0xf,0x43,0x6f,0x6e,0x64,0x69,0x74,0x69,0x6f,0x6e,0x44,
  0x69,0x61,0x6c,0x6f,0x67,0x1,0x3,0x0,0x0,0x0,0x10,0x53,0x5,0x54,0x2b,0x56,
  0xdb,0x80,0x54,0x53,0x41,0x5b,0x57,0x8d,0xef,0x53,0xe3,0x8,0x0,0x0,0x0,0x0,
  0x6,0x0,0x0,0x0,0x37,0x57,0x69,0x74,0x68,0x20,0x32,0x78,0x32,0x20,0x61,0x72,
  0x72,0x61,0x6e,0x67,0x65,0x6d,0x65,0x6e,0x74,0x20,0x6f,0x66,0x20,0x62,0x72,0x69,
  0x64,0x67,0x65,0x20,0x63,0x72,0x6f,0x73,0x73,0x69,0x6e,0x67,0x73,0x20,0x6f,0x72,
  0x20,0x73,0x74,0x61,0x72,0x74,0x20,0x70,0x69,0x65,0x63,0x65,0x7,0x0,0x0,0x0,
  0xf,0x43,0x6f,0x6e,0x64,0x69,0x74,0x69,0x6f,0x6e,0x44,0x69,0x61,0x6c,0x6f,0x67,
  0x1,0x3,0x0,0x0,0x0,0x10,0x6b,0x63,0x65,0xb9,0x5f,0x62,0x83,0x3,0x56,0xf4,
  0x8f,0xb9,0x95,0x7f,0x0,0x3a,0x8,0x0,0x0,0x0,0x0,0x6,0x0,0x0,0x0,0x1e,
  0x57,0x69,0x74,0x68,0x69,0x6e,0x20,0x63,0x65,0x6e,0x74,0x72,0x65,0x64,0x20,0x73,
  0x71,0x75,0x61,0x72,0x65,0x20,0x6f,0x66,0x20,0x73,0x69,0x64,0x65,0x3a,0x7,0x0,
  0x0,0x0,0xf,0x43,0x6f,0x6e,0x64,0x69,0x74,0x69,0x6f,0x6e,0x44,0x69,0x61,0x6c,
  0x6f,0x67,0x1,0x3,0x0,0x0,0x0,0x6,0x53,0x4a,0x5f,0x84,0x0,0x3a,0x8,0x0,
  0x0,0x0,0x0,0x6,0x0,0x0,0x0,0x17,0x57,0x69,0x74,0x68,0x69,0x6e,0x20,0x72,
  0x61,0x64,0x69,0x61,0x6c,0x20,0x64,0x69,0x73,0x74,0x61,0x6e,0x63,0x65,0x3a,0x7,
  0x0,0x0,0x0,0xf,0x43,0x6f,0x6e,0x64,0x69,0x74,0x69,0x6f,0x6e,0x44,0x69,0x61,
  0x6c,0x6f,0x67,0x1,0x3,0x0,0x0,0x0,0x8,0x4e,0x16,0x75,0x4c,0x53,0x9f,0x70,
  0xb9,0x8,0x0,0x0,0x0,0x0,0x6,0x0,0x0,0x0,0xc,0x57,0x6f,0x72,0x6c,0x64,
  0x20,0x6f,0x72,0x69,0x67,0x69,0x6e,0x7,0x0,0x0,0x0,0xf,0x43,0x6f,0x6e,0x64,
  0x69,0x74,0x69,0x6f,0x6e,0x44,0x69,0x61,0x6c,0x6f,0x67,0x1,0x3,0x0,0x0,0x0,
  0x1c,0x0,0x58,0x0,0x3c,0x0,0x73,0x0,0x75,0x0,0x62,0x0,0x3e,0x0,0x31,0x0,
  0x3c,0x0,0x2f,0x0,0x73,0x0,0x75,0x0,0x62,0x0,0x3e,0x0,0x3a,0x8,0x0,0x0,
  0x0,0x0,0x6,0x0,0x0,0x0,0xe,0x58,0x3c,0x73,0x75,0x62,0x3e,0x31,0x3c,0x2f,
  0x73,0x75,0x62,0x3e,0x3a,0x7,0x0,0x0,0x0,0xf,0x43,0x6f,0x6e,0x64,0x69,0x74,
  0x69,0x6f,0x6e,0x44,0x69,0x61,0x6c,0x6f,0x67,0x1,0x3,0x0,0x0,0x0,0x1c,0x0,
  0x58,0x0,0x3c,0x0,0x73,0x0,0x75,0x0,0x62,0x0,0x3e,0x0,0x32,0x0,0x3c,0x0,
  0x2f,0x0,0x73,0x0,0x75,0x0,0x62,0x0,0x3e,0x0,0x3a,0x8,0x0,0x0,0x0,0x0,
  0x6,0x0,0x0,0x0,0xe,0x58,0x3c,0x73,0x75,0x62,0x3e,0x32,0x3c,0x2f,0x73,0x75,
  0x62,0x3e,0x3a,0x7,0x0,0x0,0x0,0xf,0x43,0x6f,0x6e,0x64,0x69,0x74,0x69,0x6f,
  0x6e,0x44,0x69,0x61,0x6c,0x6f,0x67,0x1,0x3,0x0,0x0,0x0,0x4,0x0,0x59,0x0,
  0x3a,0x8,0x0,0x0,0x0,0x0,0x6,0x0,0x0,0x0,0x2,0x59,0x3a,0x7,0x0,0x0,
  0x0,0xf,0x43,0x6f,0x6e,0x64,0x69,0x74,0x69,0x6f,0x6e,0x44,0x69,0x61,0x6c,0x6f,
  0x67,0x1,0x3,0x0,0x0,0x0,0xe,0x68,0xc0,0x67,0xe5,0x6b,0xcf,0x4e,0x2a,0x91,
  0xc7,0x68,0x37,0x70,0xb9,0x8,0x0,0x0,0x0,0x0,0x6,0x0,0x0,0x0,0x18,0x59,
  0x69,0x65,0x6c,0x64,0x20,0x69,0x6e,0x64,0x69,0x76,0x69,0x64,0x75,0x61,0x6c,0x20,
  0x73,0x61,0x6d,0x70,0x6c,0x65,0x73,0x7,0x0,0x0,0x0,0xf,0x43,0x6f,0x6e,0x64,
  0x69,0x74,0x69,0x6f,0x6e,0x44,0x69,0x61,0x6c,0x6f,0x67,0x1,0x3,0x0,0x0,0x0,
  0xa,0x67,0x81,0x50,0x3c,0x7c,0x7b,0x57,0x8b,0x0,0x3a,0x8,0x0,0x0,0x0,0x0,
  0x6,0x0,0x0,0x0,0x12,0x59,0x69,0x65,0x6c,0x64,0x20,0x70,0x6f,0x73,0x69,0x74,
  0x69,0x6f,0x6e,0x20,0x6f,0x66,0x3a,0x7,0x0,0x0,0x0,0xf,0x43,0x6f,0x6e,0x64,
  0x69,0x74,0x69,0x6f,0x6e,0x44,0x69,0x61,0x6c,0x6f,0x67,0x1,0x3,0x0,0x0,0x0,
  0x1c,0x0,0x5a,0x0,0x3c,0x0,0x73,0x0,0x75,0x0,0x62,0x0,0x3e,0x0,0x31,0x0,
  0x3c,0x0,0x2f,0x0,0x73,0x0,0x75,0x0,0x62,0x0,0x3e,0x0,0x3a,0x8,0x0,0x0,
  0x0,0x0,0x6,0x0,0x0,0x0,0xe,0x5a,0x3c,0x73,0x75,0x62,0x3e,0x31,0x3c,0x2f,
  0x73,0x75,0x62,0x3e,0x3a,0x7,0x0,0x0,0x0,0xf,0x43,0x6f,0x6e,0x64,0x69,0x74,
  0x69,0x6f,0x6e,0x44,0x69,0x61,0x6c,0x6f,0x67,0x1,0x3,0x0,0x0,0x0,0x1c,0x0,
  0x5a,0x0,0x3c,0x0,0x73,0x0,0x75,0x0,0x62,0x0,0x3e,0x0,0x32,0x0,0x3c,0x0,
  0x2f,0x0,0x73,0x0,0x75,0x0,0x62,0x0,0x3e,0x0,0x3a,0x8,0x0,0x0,0x0,0x0,
  0x6,0x0,0x0,0x0,0xe,0x5a,0x3c,0x73,0x75,0x62,0x3e,0x32,0x3c,0x2f,0x73,0x75,
  0x62,0x3e,0x3a,0x7,0x0,0x0,0x0,0xf,0x43,0x6f,0x6e,0x64,0x69,0x74,0x69,0x6f,
  0x6e,0x44,0x69,0x61,0x6c,0x6f,0x67,0x1,0x3,0x0,0x0,0x0,0xe,0x0,0x5b,0x67,
  0x2a,0x62,0x7e,0x52,0x30,0x81,0x1a,0x67,0x2c,0x0,0x5d,0x8,0x0,0x0,0x0,0x0,
  0x6,0x0,0x0,0x0,0x12,0x5b,0x73,0x63,0x72,0x69,0x70,0x74,0x20,0x6e,0x6f,0x74,
  0x20,0x66,0x6f,0x75,0x6e,0x64,0x5d,0x7,0x0,0x0,0x0,0xf,0x43,0x6f,0x6e,0x64,
  0x69,0x74,0x69,0x6f,0x6e,0x44,0x69,0x61,0x6c,0x6f,0x67,0x1,0x3,0x0,0x0,0x0,
  0xc,0x63,0x92,0x96,0x64,0x62,0x40,0x67,0x9,0x7f,0xa4,0x7c,0xfb,0x8,0x0,0x0,
  0x0,0x0,0x6,0x0,0x0,0x0,0xb,0x65,0x78,0x63,0x6c,0x75,0x64,0x65,0x20,0x61,
  0x6c,0x6c,0x7,0x0,0x0,0x0,0xf,0x43,0x6f,0x6e,0x64,0x69,0x74,0x69,0x6f,0x6e,
  0x44,0x69,0x61,0x6c,0x6f,0x67,0x1,0x3,0x0,0x0,0x0,0xc,0x53,0x5,0x54,0x2b,
  0x62,0x40,0x67,0x9,0x7f,0xa4,0x7c,0xfb,0x8,0x0,0x0,0x0,0x0,0x6,0x0,0x0,
  0x0,0xb,0x69,0x6e,0x63,0x6c,0x75,0x64,0x65,0x20,0x61,0x6c,0x6c,0x7,0x0,0x0,
  0x0,0xf,0x43,0x6f,0x6e,0x64,0x69,0x74,0x69,0x6f,0x6e,0x44,0x69,0x61,0x6c,0x6f,
  0x67,0x1,0x3,0x0,0x0,0x0,0x10,0x53,0xd6,0x6d,0x88,0x52,0xfe,0x90,0x9,0x51,
  0x68,0x90,0xe8,0x7f,0xa4,0x7c,0xfb,0x8,0x0,0x0,0x0,0x0,0x6,0x0,0x0,0x0,
  0xb,0x75,0x6e,0x63,0x68,0x65,0x63,0x6b,0x20,0x61,0x6c,0x6c,0x7,0x0,0x0,0x0,
  0xf,0x43,0x6f,0x6e,0x64,0x69,0x74,0x69,0x6f,0x6e,0x44,0x69,0x61,0x6c,0x6f,0x67,
  0x1,0x3,0x0,0x0,0x0,0x6,0x0,0x20,0x0,0x4d,0x0,0x42,0x8,0x0,0x0,0x0,
  0x0,0x6,0x0,0x0,0x0,0x3,0x20,0x4d,0x42,0x7,0x0,0x0,0x0,0xc,0x43,0x6f,
  0x6e,0x66,0x69,0x67,0x44,0x69,0x61,0x6c,0x6f,0x67,0x1,0x3,0x0,0x0,0x0,0x6,
  0x0,0x20,0x52,0x6,0x94,0x9f,0x8,0x0,0x0,0x0,0x0,0x6,0x0,0x0,0x0,0x4,
  0x20,0x6d,0x69,0x6e,0x7,0x0,0x0,0x0,0xc,0x43,0x6f,0x6e,0x66,0x69,0x67,0x44,
  0x69,0x61,0x6c,0x6f,0x67,0x1,0x3,0x0,0x0,0x0,0x4,0x0,0x31,0x0,0x30,0x8,
  0x0,0x0,0x0,0x0,0x6,0x0,0x0,0x0,0x2,0x31,0x30,0x7,0x0,0x0,0x0,0xc,
  0x43,0x6f,0x6e,0x66,0x69,0x67,0x44,0x69,0x61,0x6c,0x6f,0x67,0x1,0x3,0x0,0x0,
  0x0,0x2,0x0,0x32,0x8,0x0,0x0,0x0,0x0,0x6,0x0,0x0,0x0,0x1,0x32,0x7,
  0x0,0x0,0x0,0xc,0x43,0x6f,0x6e,0x66,0x69,0x67,0x44,0x69,0x61,0x6c,0x6f,0x67,
  0x1,0x3,0x0,0x0,0x0,0x2,0x0,0x34,0x8,0x0,0x0,0x0,0x0,0x6,0x0,0x0,
  0x0,0x1,0x34,0x7,0x0,0x0,0x0,0xc,0x43,0x6f,0x6e,0x66,0x69,0x67,0x44,0x69,
  0x61,0x6c,0x6f,0x67,0x1,0x3,0x0,0x0,0x0,0x2,0x0,0x35,0x8,0x0,0x0,0x0,
  0x0,0x6,0x0,0x0,0x0,0x1,0x35,0x7,0x0,0x0,0x0,0xc,0x43,0x6f,0x6e,0x66,
  0x69,0x67,0x44,0x69,0x61,0x6c,0x6f,0x67,0x1,0x3,0x0,0x0,0x0,0x10,0x6a,0x21,
  0x62,0xdf,0x57,0x30,0x56,0xfe,0x79,0xfb,0x52,0xa8,0x60,0xef,0x60,0x27,0x8,0x0,
  0x0,0x0,0x0,0x6,0x0,0x0,0x0,0x49,0x3c,0x68,0x74,0x6d,0x6c,0x3e,0x3c,0x68,
  0x65,0x61,0x64,0x2f,0x3e,0x3c,0x62,0x6f,0x64,0x79,0x3e,0x3c,0x70,0x3e,0x53,0x69,
  0x6d,0x75,0x6c,0x61,0x74,0x65,0x20,0x69,0x6e,0x65,0x72,0x74,0x69,0x61,0x20,0x66,
  0x6f,0x72,0x20,0x74,0x68,0x65,0x20,0x6d,0x61,0x70,0x20,0x76,0x69,0x65,0x77,0x3c,
  0x2f,0x70,0x3e,0x3c,0x2f,0x62,0x6f,0x64,0x79,0x3e,0x3c,0x2f,0x68,0x74,0x6d,0x6c,
  0x3e,0x7,0x0,0x0,0x0,0xc,0x43,0x6f,0x6e,0x66,0x69,0x67,0x44,0x69,0x61,0x6c,
  0x6f,0x67,0x1,0x3,0x0,0x0,0x0,0xa,0x9e,0xd8,0x8b,0xa4,0x5b,0x57,0x4f,0x53,
  0x0,0x3a,0x8,0x0,0x0,0x0,0x0,0x6,0x0,0x0,0x0,0x11,0x41,0x70,0x70,0x6c,
  0x69,0x63,0x61,0x74,0x69,0x6f,0x6e,0x20,0x66,0x6f,0x6e,0x74,0x3a,0x7,0x0,0x0,
  0x0,0xc,0x43,0x6f,0x6e,0x66,0x69,0x67,0x44,0x69,0x61,0x6c,0x6f,0x67,0x1,0x3,
  0x0,0x0,0x0,0x12,0x81,0xea,0x52,0xa8,0x4f,0xdd,0x5b,0x58,0x65,0xf6,0x95,0xf4,
  0x95,0xf4,0x96,0x94,0x0,0x3a,0x8,0x0,0x0,0x0,0x0,0x6,0x0,0x0,0x0,0xf,
  0x41,0x75,0x74,0x6f,0x73,0x61,0x76,0x65,0x20,0x65,0x76,0x65,0x72,0x79,0x3a,0x7,
  0x0,0x0,0x0,0xc,0x43,0x6f,0x6e,0x66,0x69,0x67,0x44,0x69,0x61,0x6c,0x6f,0x67,
  0x1,0x3,0x0,0x0,0x0,0x10,0x0,0x43,0x0,0x53,0x0,0x56,0x5f,0x15,0x75,0x28,
  0x65,0xb9,0x5f,0xf,0x0,0x3a,0x8,0x0,0x0,0x0,0x0,0x6,0x0,0x0,0x0,0x13,
  0x43,0x53,0x56,0x20,0x63,0x65,0x6c,0x6c,0x20,0x71,0x75,0x6f,0x74,0x61,0x74,0x69,
  0x6f,0x6e,0x3a,0x7,0x0,0x0,0x0,0xc,0x43,0x6f,0x6e,0x66,0x69,0x67,0x44,0x69,
  0x61,0x6c,0x6f,0x67,0x1,0x3,0x0,0x0,0x0,0x10,0x0,0x43,0x0,0x53,0x0,0x56,
  0x52,0x17,0x52,0x6,0x96,0x94,0x7b,0x26,0x0,0x3a,0x8,0x0,0x0,0x0,0x0,0x6,
  0x0,0x0,0x0,0x15,0x43,0x53,0x56,0x20,0x63,0x6f,0x6c,0x75,0x6d,0x6e,0x20,0x73,
  0x65,0x70,0x61,0x72,0x61,0x74,0x6f,0x72,0x3a,0x7,0x0,0x0,0x0,0xc,0x43,0x6f,
  0x6e,0x66,0x69,0x67,0x44,0x69,0x61,0x6c,0x6f,0x67,0x1,0x3,0x0,0x0,0x0,0x1e,
  0x54,0x2f,0x52,0xa8,0x65,0xf6,0x8b,0xbf,0x95,0xee,0x0,0x47,0x0,0x69,0x0,0x74,
  0x0,0x48,0x0,0x75,0x0,0x62,0x68,0xc0,0x67,0xe5,0x66,0xf4,0x65,0xb0,0x8,0x0,
  0x0,0x0,0x0,0x6,0x0,0x0,0x0,0x23,0x43,0x68,0x65,0x63,0x6b,0x20,0x47,0x69,
  0x74,0x48,0x75,0x62,0x20,0x66,0x6f,0x72,0x20,0x75,0x70,0x64,0x61,0x74,0x65,0x73,
  0x20,0x61,0x74,0x20,0x73,0x74,0x61,0x72,0x74,0x75,0x70,0x7,0x0,0x0,0x0,0xc,
  0x43,0x6f,0x6e,0x66,0x69,0x67,0x44,0x69,0x61,0x6c,0x6f,0x67,0x1,0x3,0x0,0x0,
  0x0,0x10,0x81,0xea,0x5b,0x9a,0x4e,0x49,0x7f,0x51,0x68,0x3c,0x4e,0x58,0x65,0x70,
  0x0,0x3a,0x8,0x0,0x0,0x0,0x0,0x6,0x0,0x0,0x0,0x17,0x43,0x75,0x73,0x74,
  0x6f,0x6d,0x20,0x67,0x72,0x69,0x64,0x20,0x6d,0x75,0x6c,0x74,0x69,0x70,0x6c,0x69,
  0x65,0x72,0x3a,0x7,0x0,0x0,0x0,0xc,0x43,0x6f,0x6e,0x66,0x69,0x67,0x44,0x69,
  0x61,0x6c,0x6f,0x67,0x1,0x3,0x0,0x0,0x0,0x10,0x81,0xea,0x5b,0x9a,0x4e,0x49,
  0x7f,0x51,0x68,0x3c,0x5b,0xc6,0x5e,0xa6,0x0,0x3a,0x8,0x0,0x0,0x0,0x0,0x6,
  0x0,0x0,0x0,0x14,0x43,0x75,0x73,0x74,0x6f,0x6d,0x20,0x67,0x72,0x69,0x64,0x20,
  0x73,0x70,0x61,0x63,0x69,0x6e,0x67,0x3a,0x7,0x0,0x0,0x0,0xc,0x43,0x6f,0x6e,
  0x66,0x69,0x67,0x44,0x69,0x61,0x6c,0x6f,0x67,0x1,0x3,0x0,0x0,0x0,0x4,0x66,
  0x97,0x82,0x72,0x8,0x0,0x0,0x0,0x0,0x6,0x0,0x0,0x0,0x4,0x44,0x61,0x72,
  0x6b,0x7,0x0,0x0,0x0,0xc,0x43,0x6f,0x6e,0x66,0x69,0x67,0x44,0x69,0x61,0x6c,
  0x6f,0x67,0x1,0x3,0x0,0x0,0x0,0xc,0x53,0xcc,0x5f,0x15,0x53,0xf7,0x0,0x28,
  0x0,0x22,0x0,0x29,0x8,0x0,0x0,0x0,0x0,0x6,0x0,0x0,0x0,0x11,0x44,0x6f,
  0x75,0x62,0x6c,0x65,0x20,0x71,0x75,0x6f,0x74,0x65,0x73,0x20,0x28,0x22,0x29,0x7,
  0x0,0x0,0x0,0xc,0x43,0x6f,0x6e,0x66,0x69,0x67,0x44,0x69,0x61,0x6c,0x6f,0x67,
  0x1,0x3,0x0,0x0,0x0,0x4,0x5b,0xfc,0x51,0xfa,0x8,0x0,0x0,0x0,0x0,0x6,
  0x0,0x0,0x0,0x6,0x45,0x78,0x70,0x6f,0x72,0x74,0x7,0x0,0x0,0x0,0xc,0x43,
  0x6f,0x6e,0x66,0x69,0x67,0x44,0x69,0x61,0x6c,0x6f,0x67,0x1,0x3,0x0,0x0,0x0,
  0xa,0x75,0x4c,0x97,0x62,0x98,0xce,0x68,0x3c,0x0,0x3a,0x8,0x0,0x0,0x0,0x0,
  0x6,0x0,0x0,0x0,0xa,0x47,0x55,0x49,0x20,0x73,0x74,0x79,0x6c,0x65,0x3a,0x7,
  0x0,0x0,0x0,0xc,0x43,0x6f,0x6e,0x66,0x69,0x67,0x44,0x69,0x61,0x6c,0x6f,0x67,
  0x1,0x3,0x0,0x0,0x0,0xa,0x56,0xfe,0x68,0x7,0x59,0x27,0x5c,0xf,0x0,0x3a,
  0x8,0x0,0x0,0x0,0x0,0x6,0x0,0x0,0x0,0xb,0x49,0x63,0x6f,0x6e,0x20,0x73,
  0x63,0x61,0x6c,0x65,0x3a,0x7,0x0,0x0,0x0,0xc,0x43,0x6f,0x6e,0x66,0x69,0x67,
  0x44,0x69,0x61,0x6c,0x6f,0x67,0x1,0x3,0x0,0x0,0x0,0x8,0x4e,0xa4,0x4e,0x92,
  0x75,0x4c,0x97,0x62,0x8,0x0,0x0,0x0,0x0,0x6,0x0,0x0,0x0,0x9,0x49,0x6e,
  0x74,0x65,0x72,0x66,0x61,0x63,0x65,0x7,0x0,0x0,0x0,0xc,0x43,0x6f,0x6e,0x66,
  0x69,0x67,0x44,0x69,0x61,0x6c,0x6f,0x67,0x1,0x3,0x0,0x0,0x0,0x6,0x8b,0xed,
  0x8a,0x0,0x0,0x3a,0x8,0x0,0x0,0x0,0x0,0x6,0x0,0x0,0x0,0x9,0x4c,0x61,
  0x6e,0x67,0x75,0x61,0x67,0x65,0x3a,0x7,0x0,0x0,0x0,0xc,0x43,0x6f,0x6e,0x66,
  0x69,0x67,0x44,0x69,0x61,0x6c,0x6f,0x67,0x1,0x3,0x0,0x0,0x0,0x8,0x57,0x30,
  0x56,0xfe,0x76,0xf8,0x51,0x73,0x8,0x0,0x0,0x0,0x0,0x6,0x0,0x0,0x0,0x8,
  0x4d,0x61,0x70,0x20,0x56,0x69,0x65,0x77,0x7,0x0,0x0,0x0,0xc,0x43,0x6f,0x6e,
  0x66,0x69,0x67,0x44,0x69,0x61,0x6c,0x6f,0x67,0x1,0x3,0x0,0x0,0x0,0xe,0x57,
  0x30,0x56,0xfe,0x7f,0x13,0x5b,0x58,0x59,0x27,0x5c,0xf,0x0,0x3a,0x8,0x0,0x0,
  0x0,0x0,0x6,0x0,0x0,0x0,0xf,0x4d,0x61,0x70,0x20,0x63,0x61,0x63,0x68,0x65,
  0x20,0x73,0x69,0x7a,0x65,0x3a,0x7,0x0,0x0,0x0,0xc,0x43,0x6f,0x6e,0x66,0x69,
  0x67,0x44,0x69,0x61,0x6c,0x6f,0x67,0x1,0x3,0x0,0x0,0x0,0x10,0x67,0x0,0x59,
  0x27,0x4f,0xdd,0x75,0x59,0x7e,0xd3,0x67,0x9c,0x65,0x70,0x0,0x3a,0x8,0x0,0x0,
  0x0,0x0,0x6,0x0,0x0,0x0,0x21,0x4d,0x61,0x78,0x69,0x6d,0x75,0x6d,0x20,0x6e,
  0x75,0x6d,0x62,0x65,0x72,0x20,0x6f,0x66,0x20,0x6d,0x61,0x74,0x63,0x68,0x69,0x6e,
  0x67,0x20,0x73,0x65,0x65,0x64,0x73,0x3a,0x7,0x0,0x0,0x0,0xc,0x43,0x6f,0x6e,
  0x66,0x69,0x67,0x44,0x69,0x61,0x6c,0x6f,0x67,0x1,0x3,0x0,0x0,0x0,0x4,0x67,
  0x42,0x98,0x79,0x8,0x0,0x0,0x0,0x0,0x6,0x0,0x0,0x0,0xd,0x4d,0x69,0x73,
  0x63,0x65,0x6c,0x6c,0x61,0x6e,0x65,0x6f,0x75,0x73,0x7,0x0,0x0,0x0,0xc,0x43,
  0x6f,0x6e,0x66,0x69,0x67,0x44,0x69,0x61,0x6c,0x6f,0x67,0x1,0x3,0x0,0x0,0x0,
  0xa,0x7b,0x49,0x5b,0xbd,0x5b,0x57,0x4f,0x53,0x0,0x3a,0x8,0x0,0x0,0x0,0x0,
  0x6,0x0,0x0,0x0,0xf,0x4d,0x6f,0x6e,0x6f,0x73,0x70,0x61,0x63,0x65,0x20,0x66,
  0x6f,0x6e,0x74,0x3a,0x7,0x0,0x0,0x0,0xc,0x43,0x6f,0x6e,0x66,0x69,0x67,0x44,
  0x69,0x61,0x6c,0x6f,0x67,0x1,0x3,0x0,0x0,0x0,0x4,0x56,0xfa,0x5b,0x9a,0x8,
  0x0,0x0,0x0,0x0,0x6,0x0,0x0,0x0,0x4,0x4e,0x6f,0x6e,0x65,0x7,0x0,0x0,
  0x0,0xc,0x43,0x6f,0x6e,0x66,0x69,0x67,0x44,0x69,0x61,0x6c,0x6f,0x67,0x1,0x3,
  0x0,0x0,0x0,0x12,0x66,0x3e,0x79,0x3a,0x53,0xef,0x89,0xc1,0x76,0x84,0x7e,0xd3,
  0x67,0x84,0x59,0x16,0x56,0xf4,0x8,0x0,0x0,0x0,0x0,0x6,0x0,0x0,0x0,0x1c,
  0x4f,0x75,0x74,0x6c,0x69,0x6e,0x65,0x20,0x6b,0x6e,0x6f,0x77,0x6e,0x20,0x62,0x6f,
  0x75,0x6e,0x64,0x69,0x6e,0x67,0x20,0x62,0x6f,0x78,0x65,0x73,0x7,0x0,0x0,0x0,
  0xc,0x43,0x6f,0x6e,0x66,0x69,0x67,0x44,0x69,0x61,0x6c,0x6f,0x67,0x1,0x3,0x0,
  0x0,0x0,0x8,0x50,0x4f,0x59,0x7d,0x8b,0xbe,0x7f,0x6e,0x8,0x0,0x0,0x0,0x0,
  0x6,0x0,0x0,0x0,0xb,0x50,0x72,0x65,0x66,0x65,0x72,0x65,0x6e,0x63,0x65,0x73,
  0x7,0x0,0x0,0x0,0xc,0x43,0x6f,0x6e,0x66,0x69,0x67,0x44,0x69,0x61,0x6c,0x6f,
  0x67,0x1,0x3,0x0,0x0,0x0,0x1a,0x54,0x2f,0x52,0xa8,0x65,0xf6,0x81,0xea,0x52,
  0xa8,0x52,0xa0,0x8f,0x7d,0x4e,0xa,0x4e,0x0,0x6b,0x21,0x76,0x84,0x8f,0xdb,0x5e,
  0xa6,0x8,0x0,0x0,0x0,0x0,0x6,0x0,0x0,0x0,0x22,0x52,0x65,0x73,0x74,0x6f,
  0x72,0x65,0x20,0x70,0x72,0x65,0x76,0x69,0x6f,0x75,0x73,0x20,0x73,0x65,0x73,0x73,
  0x69,0x6f,0x6e,0x20,0x61,0x74,0x20,0x6c,0x61,0x75,0x6e,0x63,0x68,0x7,0x0,0x0,
  0x0,0xc,0x43,0x6f,0x6e,0x66,0x69,0x67,0x44,0x69,0x61,0x6c,0x6f,0x67,0x1,0x3,
  0x0,0x0,0x0,0x12,0x54,0x2f,0x52,0xa8,0x65,0xf6,0x60,0x62,0x59,0xd,0x7a,0x97,
  0x53,0xe3,0x4f,0x4d,0x7f,0x6e,0x8,0x0,0x0,0x0,0x0,0x6,0x0,0x0,0x0,0x17,
  0x52,0x65,0x73,0x74,0x6f,0x72,0x65,0x20,0x77,0x69,0x6e,0x64,0x6f,0x77,0x20,0x70,
  0x6f,0x73,0x69,0x74,0x69,0x6f,0x6e,0x7,0x0,0x0,0x0,0xc,0x43,0x6f,0x6e,0x66,
  0x69,0x67,0x44,0x69,0x61,0x6c,0x6f,0x67,0x1,0x3,0x0,0x0,0x0,0x4,0x64,0x1c,
  0x7d,0x22,0x8,0x0,0x0,0x0,0x0,0x6,0x0,0x0,0x0,0x6,0x53,0x65,0x61,0x72,
  0x63,0x68,0x7,0x0,0x0,0x0,0xc,0x43,0x6f,0x6e,0x66,0x69,0x67,0x44,0x69,0x61,
  0x6c,0x6f,0x67,0x1,0x3,0x0,0x0,0x0,0x4,0x4f,0x1a,0x8b,0xdd,0x8,0x0,0x0,
  0x0,0x0,0x6,0x0,0x0,0x0,0x7,0x53,0x65,0x73,0x73,0x69,0x6f,0x6e,0x7,0x0,
  0x0,0x0,0xc,0x43,0x6f,0x6e,0x66,0x69,0x67,0x44,0x69,0x61,0x6c,0x6f,0x67,0x1,
  0x3,0x0,0x0,0x0,0xc,0x53,0x55,0x5f,0x15,0x53,0xf7,0x0,0x28,0x0,0x27,0x0,
  0x29,0x8,0x0,0x0,0x0,0x0,0x6,0x0,0x0,0x0,0x11,0x53,0x69,0x6e,0x67,0x6c,
  0x65,0x20,0x71,0x75,0x6f,0x74,0x65,0x73,0x20,0x28,0x27,0x29,0x7,0x0,0x0,0x0,
  0xc,0x43,0x6f,0x6e,0x66,0x69,0x67,0x44,0x69,0x61,0x6c,0x6f,0x67,0x1,0x3,0x0,
  0x0,0x0,0xc,0x57,0x30,0x56,0xfe,0x79,0xfb,0x52,0xa8,0x60,0xef,0x60,0x27,0x8,
  0x0,0x0,0x0,0x0,0x6,0x0,0x0,0x0,0x11,0x53,0x6d,0x6f,0x6f,0x74,0x68,0x20,
  0x6d,0x61,0x70,0x20,0x6d,0x6f,0x74,0x69,0x6f,0x6e,0x7,0x0,0x0,0x0,0xc,0x43,
  0x6f,0x6e,0x66,0x69,0x67,0x44,0x69,0x61,0x6c,0x6f,0x67,0x1,0x3,0x0,0x0,0x0,
  0x4,0x9e,0xd8,0x8b,0xa4,0x8,0x0,0x0,0x0,0x0,0x6,0x0,0x0,0x0,0x6,0x53,
  0x79,0x73,0x74,0x65,0x6d,0x7,0x0,0x0,0x0,0xc,0x43,0x6f,0x6e,0x66,0x69,0x67,
  0x44,0x69,0x61,0x6c,0x6f,0x67,0x1,0x3,0x0,0x0,0x0,0x18,0x6e,0x32,0x67,0xd3,
  0x57,0x30,0x56,0xfe,0x67,0x0,0x59,0x27,0x53,0xef,0x75,0x28,0x7e,0xbf,0x7a,0xb,
  0x65,0x70,0x0,0x3a,0x8,0x0,0x0,0x0,0x0,0x6,0x0,0x0,0x0,0x10,0x54,0x68,
  0x72,0x65,0x61,0x64,0x73,0x20,0x66,0x6f,0x72,0x20,0x6d,0x61,0x70,0x3a,0x7,0x0,
  0x0,0x0,0xc,0x43,0x6f,0x6e,0x66,0x69,0x67,0x44,0x69,0x61,0x6c,0x6f,0x67,0x1,
  0x3,0x0,0x0,0x0,0x22,0x4f,0x7f,0x75,0x28,0x56,0xfa,0x5b,0x9a,0x76,0x84,0x7f,
  0x51,0x68,0x3c,0x5b,0xbd,0x5e,0xa6,0x0,0x2c,0x0,0x20,0x75,0x59,0x7a,0x7a,0x4e,
  0xe3,0x88,0x68,0x9e,0xd8,0x8b,0xa4,0x8,0x0,0x0,0x0,0x0,0x6,0x0,0x0,0x0,
  0x6d,0x55,0x73,0x65,0x20,0x61,0x20,0x66,0x69,0x78,0x65,0x64,0x20,0x67,0x72,0x69,
  0x64,0x20,0x69,0x6e,0x20,0x62,0x6c,0x6f,0x63,0x6b,0x73,0x20,0x69,0x6e,0x73,0x74,
  0x65,0x61,0x64,0x20,0x6f,0x66,0x20,0x6f,0x75,0x74,0x6c,0x69,0x6e,0x69,0x6e,0x67,
  0x20,0x74,0x68,0x65,0x20,0x67,0x65,0x6e,0x65,0x72,0x61,0x74,0x65,0x64,0x20,0x6d,
  0x61,0x70,0x20,0x74,0x69,0x6c,0x65,0x73,0xa,0x4c,0x65,0x61,0x76,0x65,0x20,0x62,
  0x6c,0x61,0x6e,0x6b,0x20,0x66,0x6f,0x72,0x20,0x74,0x68,0x65,0x20,0x64,0x65,0x66,
  0x61,0x75,0x6c,0x74,0x20,0x62,0x65,0x68,0x61,0x76,0x69,0x6f,0x75,0x72,0x7,0x0,
  0x0,0x0,0xc,0x43,0x6f,0x6e,0x66,0x69,0x67,0x44,0x69,0x61,0x6c,0x6f,0x67,0x1,
  0x3,0x0,0x0,0x0,0x8,0x68,0x39,0x63,0x6e,0x97,0x0,0x89,0x81,0x8,0x0,0x0,
  0x0,0x0,0x6,0x0,0x0,0x0,0xf,0x57,0x68,0x65,0x72,0x65,0x20,0x6e,0x65,0x63,
  0x65,0x73,0x73,0x61,0x72,0x79,0x7,0x0,0x0,0x0,0xc,0x43,0x6f,0x6e,0x66,0x69,
  0x67,0x44,0x69,0x61,0x6c,0x6f,0x67,0x1,0x3,0x0,0x0,0x0,0xa,0x0,0x25,0x0,
  0x31,0x0,0xd7,0x0,0x25,0x0,0x32,0x8,0x0,0x0,0x0,0x0,0x6,0x0,0x0,0x0,
  0x5,0x25,0x31,0x78,0x25,0x32,0x7,0x0,0x0,0x0,0xc,0x45,0x78,0x70,0x6f,0x72,
  0x74,0x44,0x69,0x61,0x6c,0x6f,0x67,0x1,0x3,0x0,0x0,0x0,0x2c,0x0,0x25,0x0,
  0x53,0x0,0x20,0x0,0x2d,0x0,0x20,0x79,0xcd,0x5b,0x50,0x0,0x3b,0x0,0x20,0x0,
  0x25,0x0,0x78,0x0,0x2c,0x0,0x20,0x0,0x25,0x0,0x7a,0x0,0x20,0x0,0x2d,0x0,
  0x20,0x52,0x6,0x53,0x3a,0x57,0x50,0x68,0x7,0x8,0x0,0x0,0x0,0x0,0x6,0x0,
  0x0,0x0,0x24,0x25,0x53,0x20,0x2d,0x20,0x73,0x65,0x65,0x64,0x3b,0x20,0x25,0x78,
  0x2c,0x20,0x25,0x7a,0x20,0x2d,0x20,0x74,0x69,0x6c,0x65,0x20,0x63,0x6f,0x6f,0x72,
  0x64,0x69,0x6e,0x61,0x74,0x65,0x73,0x7,0x0,0x0,0x0,0xc,0x45,0x78,0x70,0x6f,
  0x72,0x74,0x44,0x69,0x61,0x6c,0x6f,0x67,0x1,0x3,0x0,0x0,0x0,0x18,0x0,0x25,
  0x0,0x53,0x0,0x5f,0x0,0x25,0x0,0x78,0x0,0x5f,0x0,0x25,0x0,0x7a,0x0,0x2e,
  0x0,0x70,0x0,0x6e,0x0,0x67,0x8,0x0,0x0,0x0,0x0,0x6,0x0,0x0,0x0,0xc,
  0x25,0x53,0x5f,0x25,0x78,0x5f,0x25,0x7a,0x2e,0x70,0x6e,0x67,0x7,0x0,0x0,0x0,
  0xc,0x45,0x78,0x70,0x6f,0x72,0x74,0x44,0x69,0x61,0x6c,0x6f,0x67,0x1,0x3,0x0,
  0x0,0x0,0x6,0x0,0x2e,0x0,0x2e,0x0,0x2e,0x8,0x0,0x0,0x0,0x0,0x6,0x0,
  0x0,0x0,0x3,0x2e,0x2e,0x2e,0x7,0x0,0x0,0x0,0xc,0x45,0x78,0x70,0x6f,0x72,
  0x74,0x44,0x69,0x61,0x6c,0x6f,0x67,0x1,0x3,0x0,0x0,0x0,0xe,0x0,0x2f,0x5d,
  0xe8,0x57,0x8b,0x75,0x1f,0x72,0x69,0x7f,0xa4,0x7c,0xfb,0x8,0x0,0x0,0x0,0x0,
  0x6,0x0,0x0,0x0,0x6,0x2f,0x6c,0x61,0x72,0x67,0x65,0x7,0x0,0x0,0x0,0xc,
  0x45,0x78,0x70,0x6f,0x72,0x74,0x44,0x69,0x61,0x6c,0x6f,0x67,0x1,0x3,0x0,0x0,
  0x0,0x2,0x0,0x30,0x8,0x0,0x0,0x0,0x0,0x6,0x0,0x0,0x0,0x1,0x30,0x7,
  0x0,0x0,0x0,0xc,0x45,0x78,0x70,0x6f,0x72,0x74,0x44,0x69,0x61,0x6c,0x6f,0x67,
  0x1,0x3,0x0,0x0,0x0,0x6,0x0,0x30,0x0,0xd7,0x0,0x30,0x8,0x0,0x0,0x0,
  0x0,0x6,0x0,0x0,0x0,0x3,0x30,0x78,0x30,0x7,0x0,0x0,0x0,0xc,0x45,0x78,
  0x70,0x6f,0x72,0x74,0x44,0x69,0x61,0x6c,0x6f,0x67,0x1,0x3,0x0,0x0,0x0,0xe,
  0x0,0x31,0x0,0x2e,0x0,0x78,0x0,0x20,0x4e,0x3b,0x4e,0x16,0x75,0x4c,0x8,0x0,
  0x0,0x0,0x0,0x6,0x0,0x0,0x0,0xd,0x31,0x2e,0x78,0x20,0x4f,0x76,0x65,0x72,
  0x77,0x6f,0x72,0x6c,0x64,0x7,0x0,0x0,0x0,0xc,0x45,0x78,0x70,0x6f,0x72,0x74,
  0x44,0x69,0x61,0x6c,0x6f,0x67,0x1,0x3,0x0,0x0,0x0,0x12,0x0,0x31,0x0,0x30,
  0x0,0x32,0x0,0x34,0x0,0xd7,0x0,0x31,0x0,0x30,0x0,0x32,0x0,0x34,0x8,0x0,
  0x0,0x0,0x0,0x6,0x0,0x0,0x0,0x9,0x31,0x30,0x32,0x34,0x78,0x31,0x30,0x32,
  0x34,0x7,0x0,0x0,0x0,0xc,0x45,0x78,0x70,0x6f,0x72,0x74,0x44,0x69,0x61,0x6c,
  0x6f,0x67,0x1,0x3,0x0,0x0,0x0,0xe,0x0,0x31,0x0,0x32,0x0,0x38,0x0,0xd7,
  0x0,0x31,0x0,0x32,0x0,0x38,0x8,0x0,0x0,0x0,0x0,0x6,0x0,0x0,0x0,0x7,
  0x31,0x32,0x38,0x78,0x31,0x32,0x38,0x7,0x0,0x0,0x0,0xc,0x45,0x78,0x70,0x6f,
  0x72,0x74,0x44,0x69,0x61,0x6c,0x6f,0x67,0x1,0x3,0x0,0x0,0x0,0xa,0x0,0x31,
  0x0,0x36,0x0,0xd7,0x0,0x31,0x0,0x36,0x8,0x0,0x0,0x0,0x0,0x6,0x0,0x0,
  0x0,0x5,0x31,0x36,0x78,0x31,0x36,0x7,0x0,0x0,0x0,0xc,0x45,0x78,0x70,0x6f,
  0x72,0x74,0x44,0x69,0x61,0x6c,0x6f,0x67,0x1,0x3,0x0,0x0,0x0,0x6,0x0,0x31,
  0x0,0x3a,0x0,0x31,0x8,0x0,0x0,0x0,0x0,0x6,0x0,0x0,0x0,0x3,0x31,0x3a,
  0x31,0x7,0x0,0x0,0x0,0xc,0x45,0x78,0x70,0x6f,0x72,0x74,0x44,0x69,0x61,0x6c,
  0x6f,0x67,0x1,0x3,0x0,0x0,0x0,0x8,0x0,0x31,0x0,0x3a,0x0,0x31,0x0,0x36,
  0x8,0x0,0x0,0x0,0x0,0x6,0x0,0x0,0x0,0x4,0x31,0x3a,0x31,0x36,0x7,0x0,
  0x0,0x0,0xc,0x45,0x78,0x70,0x6f,0x72,0x74,0x44,0x69,0x61,0x6c,0x6f,0x67,0x1,
  0x3,0x0,0x0,0x0,0xa,0x0,0x31,0x0,0x3a,0x0,0x32,0x0,0x35,0x0,0x36,0x8,
  0x0,0x0,0x0,0x0,0x6,0x0,0x0,0x0,0x5,0x31,0x3a,0x32,0x35,0x36,0x7,0x0,
  0x0,0x0,0xc,0x45,0x78,0x70,0x6f,0x72,0x74,0x44,0x69,0x61,0x6c,0x6f,0x67,0x1,
  0x3,0x0,0x0,0x0,0x6,0x0,0x31,0x0,0x3a,0x0,0x34,0x8,0x0,0x0,0x0,0x0,
  0x6,0x0,0x0,0x0,0x3,0x31,0x3a,0x34,0x7,0x0,0x0,0x0,0xc,0x45,0x78,0x70,
  0x6f,0x72,0x74,0x44,0x69,0x61,0x6c,0x6f,0x67,0x1,0x3,0x0,0x0,0x0,0x8,0x0,
  0x31,0x0,0x3a,0x0,0x36,0x0,0x34,0x8,0x0,0x0,0x0,0x0,0x6,0x0,0x0,0x0,
  0x4,0x31,0x3a,0x36,0x34,0x7,0x0,0x0,0x0,0xc,0x45,0x78,0x70,0x6f,0x72,0x74,
  0x44,0x69,0x61,0x6c,0x6f,0x67,0x1,0x3,0x0,0x0,0x0,0x12,0x0,0x32,0x0,0x30,
  0x0,0x34,0x0,0x38,0x0,0xd7,0x0,0x32,0x0,0x30,0x0,0x34,0x0,0x38,0x8,0x0,
  0x0,0x0,0x0,0x6,0x0,0x0,0x0,0x9,0x32,0x30,0x34,0x38,0x78,0x32,0x30,0x34,
  0x38,0x7,0x0,0x0,0x0,0xc,0x45,0x78,0x70,0x6f,0x72,0x74,0x44,0x69,0x61,0x6c,
  0x6f,0x67,0x1,0x3,0x0,0x0,0x0,0xe,0x0,0x32,0x0,0x35,0x0,0x36,0x0,0xd7,
  0x0,0x32,0x0,0x35,0x0,0x36,0x8,0x0,0x0,0x0,0x0,0x6,0x0,0x0,0x0,0x7,
  0x32,0x35,0x36,0x78,0x32,0x35,0x36,0x7,0x0,0x0,0x0,0xc,0x45,0x78,0x70,0x6f,
  0x72,0x74,0x44,0x69,0x61,0x6c,0x6f,0x67,0x1,0x3,0x0,0x0,0x0,0xa,0x0,0x33,
  0x0,0x32,0x0,0xd7,0x0,0x33,0x0,0x32,0x8,0x0,0x0,0x0,0x0,0x6,0x0,0x0,
  0x0,0x5,0x33,0x32,0x78,0x33,0x32,0x7,0x0,0x0,0x0,0xc,0x45,0x78,0x70,0x6f,
  0x72,0x74,0x44,0x69,0x61,0x6c,0x6f,0x67,0x1,0x3,0x0,0x0,0x0,0x12,0x0,0x34,
  0x0,0x30,0x0,0x39,0x0,0x36,0x0,0xd7,0x0,0x34,0x0,0x30,0x0,0x39,0x0,0x36,
  0x8,0x0,0x0,0x0,0x0,0x6,0x0,0x0,0x0,0x9,0x34,0x30,0x39,0x36,0x78,0x34,
  0x30,0x39,0x36,0x7,0x0,0x0,0x0,0xc,0x45,0x78,0x70,0x6f,0x72,0x74,0x44,0x69,
  0x61,0x6c,0x6f,0x67,0x1,0x3,0x0,0x0,0x0,0xe,0x0,0x35,0x0,0x31,0x0,0x32,
  0x0,0xd7,0x0,0x35,0x0,0x31,0x0,0x32,0x8,0x0,0x0,0x0,0x0,0x6,0x0,0x0,
  0x0,0x7,0x35,0x31,0x32,0x78,0x35,0x31,0x32,0x7,0x0,0x0,0x0,0xc,0x45,0x78,
  0x70,0x6f,0x72,0x74,0x44,0x69,0x61,0x6c,0x6f,0x67,0x1,0x3,0x0,0x0,0x0,0xa,
  0x0,0x36,0x0,0x34,0x0,0xd7,0x0,0x36,0x0,0x34,0x8,0x0,0x0,0x0,0x0,0x6,
  0x0,0x0,0x0,0x5,0x36,0x34,0x78,0x36,0x34,0x7,0x0,0x0,0x0,0xc,0x45,0x78,
  0x70,0x6f,0x72,0x74,0x44,0x69,0x61,0x6c,0x6f,0x67,0x1,0x3,0x0,0x0,0x0,0x4,
  0x4e,0x2d,0x6b,0x62,0x8,0x0,0x0,0x0,0x0,0x6,0x0,0x0,0x0,0x5,0x41,0x62,
  0x6f,0x72,0x74,0x7,0x0,0x0,0x0,0xc,0x45,0x78,0x70,0x6f,0x72,0x74,0x44,0x69,
  0x61,0x6c,0x6f,0x67,0x1,0x3,0x0,0x0,0x0,0x24,0x5b,0xfc,0x51,0xfa,0x53,0x3a,
  0x57,0xdf,0x0,0x28,0x4e,0xe5,0x65,0xb9,0x57,0x57,0x4e,0x3a,0x53,0x55,0x4f,0x4d,
  0x0,0x2c,0x0,0x20,0x54,0x2b,0x8f,0xb9,0x75,0x4c,0x0,0x29,0x0,0x3a,0x8,0x0,
  0x0,0x0,0x0,0x6,0x0,0x0,0x0,0x25,0x41,0x72,0x65,0x61,0x20,0x69,0x6e,0x20,
  0x62,0x6c,0x6f,0x63,0x6b,0x73,0x20,0x28,0x62,0x6f,0x75,0x6e,0x64,0x73,0x20,0x61,
  0x72,0x65,0x20,0x69,0x6e,0x63,0x6c,0x75,0x64,0x65,0x64,0x29,0x3a,0x7,0x0,0x0,
  0x0,0xc,0x45,0x78,0x70,0x6f,0x72,0x74,0x44,0x69,0x61,0x6c,0x6f,0x67,0x1,0x3,
  0x0,0x0,0x0,0x8,0x80,0xcc,0x66,0x6f,0x82,0x72,0x0,0x3a,0x8,0x0,0x0,0x0,
  0x0,0x6,0x0,0x0,0x0,0x11,0x42,0x61,0x63,0x6b,0x67,0x72,0x6f,0x75,0x6e,0x64,
  0x20,0x63,0x6f,0x6c,0x6f,0x72,0x3a,0x7,0x0,0x0,0x0,0xc,0x45,0x78,0x70,0x6f,
  0x72,0x74,0x44,0x69,0x61,0x6c,0x6f,0x67,0x1,0x3,0x0,0x0,0x0,0xa,0x5b,0xfc,
  0x51,0xfa,0x7f,0xa4,0x7c,0xfb,0x56,0xfe,0x8,0x0,0x0,0x0,0x0,0x6,0x0,0x0,
  0x0,0x12,0x42,0x69,0x6f,0x6d,0x65,0x20,0x49,0x6d,0x61,0x67,0x65,0x20,0x45,0x78,
  0x70,0x6f,0x72,0x74,0x7,0x0,0x0,0x0,0xc,0x45,0x78,0x70,0x6f,0x72,0x74,0x44,
  0x69,0x61,0x6c,0x6f,0x67,0x1,0x3,0x0,0x0,0x0,0x4,0x9e,0xd1,0x5e,0x95,0x8,
  0x0,0x0,0x0,0x0,0x6,0x0,0x0,0x0,0x5,0x42,0x6c,0x61,0x63,0x6b,0x7,0x0,
  0x0,0x0,0xc,0x45,0x78,0x70,0x6f,0x72,0x74,0x44,0x69,0x61,0x6c,0x6f,0x67,0x1,
  0x3,0x0,0x0,0x0,0x26,0x53,0x55,0x5f,0x20,0x5b,0xfc,0x51,0xfa,0x56,0xfe,0x72,
  0x47,0x5c,0x3a,0x5b,0xf8,0x8f,0xc7,0x59,0x27,0x0,0x2c,0x0,0x20,0x5e,0xfa,0x8b,
  0xae,0x52,0x6,0x53,0x3a,0x57,0xdf,0x5b,0xfc,0x51,0xfa,0x8,0x0,0x0,0x0,0x0,
  0x6,0x0,0x0,0x0,0x38,0x43,0x6f,0x6e,0x73,0x69,0x64,0x65,0x72,0x20,0x74,0x69,
  0x6c,0x69,0x6e,0x67,0x20,0x76,0x65,0x72,0x79,0x20,0x6c,0x61,0x72,0x67,0x65,0x20,
  0x69,0x6d,0x61,0x67,0x65,0x73,0x20,0x69,0x6e,0x74,0x6f,0x20,0x73,0x6d,0x61,0x6c,
  0x6c,0x65,0x72,0x20,0x73,0x65,0x63,0x74,0x69,0x6f,0x6e,0x73,0x2e,0x7,0x0,0x0,
  0x0,0xc,0x45,0x78,0x70,0x6f,0x72,0x74,0x44,0x69,0x61,0x6c,0x6f,0x67,0x1,0x3,
  0x0,0x0,0x0,0x1c,0x66,0x2f,0x54,0x26,0x7e,0xe7,0x7e,0xed,0x5b,0xfc,0x51,0xfa,
  0x5e,0x76,0x89,0x86,0x76,0xd6,0x53,0x9f,0x67,0x9,0x65,0x87,0x4e,0xf6,0x0,0x3f,
  0x8,0x0,0x0,0x0,0x0,0x6,0x0,0x0,0x0,0x17,0x43,0x6f,0x6e,0x74,0x69,0x6e,
  0x75,0x65,0x20,0x61,0x6e,0x64,0x20,0x6f,0x76,0x65,0x72,0x77,0x72,0x69,0x74,0x65,
  0x3f,0x7,0x0,0x0,0x0,0xc,0x45,0x78,0x70,0x6f,0x72,0x74,0x44,0x69,0x61,0x6c,
  0x6f,0x67,0x1,0x3,0x0,0x0,0x0,0xa,0x66,0x2f,0x54,0x26,0x7e,0xe7,0x7e,0xed,
  0x0,0x3f,0x8,0x0,0x0,0x0,0x0,0x6,0x0,0x0,0x0,0x9,0x43,0x6f,0x6e,0x74,
  0x69,0x6e,0x75,0x65,0x3f,0x7,0x0,0x0,0x0,0xc,0x45,0x78,0x70,0x6f,0x72,0x74,
  0x44,0x69,0x61,0x6c,0x6f,0x67,0x1,0x3,0x0,0x0,0x0,0x6,0x7b,0x49,0x9a,0xd8,
  0x7e,0xbf,0x8,0x0,0x0,0x0,0x0,0x6,0x0,0x0,0x0,0x8,0x43,0x6f,0x6e,0x74,
  0x6f,0x75,0x72,0x73,0x7,0x0,0x0,0x0,0xc,0x45,0x78,0x70,0x6f,0x72,0x74,0x44,
  0x69,0x61,0x6c,0x6f,0x67,0x1,0x3,0x0,0x0,0x0,0x8,0x5f,0x53,0x52,0x4d,0x79,
  0xcd,0x5b,0x50,0x8,0x0,0x0,0x0,0x0,0x6,0x0,0x0,0x0,0xc,0x43,0x75,0x72,
  0x72,0x65,0x6e,0x74,0x20,0x73,0x65,0x65,0x64,0x7,0x0,0x0,0x0,0xc,0x45,0x78,
  0x70,0x6f,0x72,0x74,0x44,0x69,0x61,0x6c,0x6f,0x67,0x1,0x3,0x0,0x0,0x0,0x4,
  0x5b,0xfc,0x51,0xfa,0x8,0x0,0x0,0x0,0x0,0x6,0x0,0x0,0x0,0x6,0x45,0x78,
  0x70,0x6f,0x72,0x74,0x7,0x0,0x0,0x0,0xc,0x45,0x78,0x70,0x6f,0x72,0x74,0x44,
  0x69,0x61,0x6c,0x6f,0x67,0x1,0x3,0x0,0x0,0x0,0xa,0x5b,0xfc,0x51,0xfa,0x76,
  0xee,0x5f,0x55,0x0,0x3a,0x8,0x0,0x0,0x0,0x0,0x6,0x0,0x0,0x0,0x11,0x45,
  0x78,0x70,0x6f,0x72,0x74,0x20,0x64,0x69,0x72,0x65,0x63,0x74,0x6f,0x72,0x79,0x3a,
  0x7,0x0,0x0,0x0,0xc,0x45,0x78,0x70,0x6f,0x72,0x74,0x44,0x69,0x61,0x6c,0x6f,
  0x67,0x1,0x3,0x0,0x0,0x0,0x48,0x97,0x0,0x89,0x81,0x5b,0xfc,0x51,0xfa,0x59,
  0x1a,0x5f,0x20,0x56,0xfe,0x72,0x47,0x65,0xf6,0x65,0x87,0x4e,0xf6,0x54,0xd,0x5f,
  0xc5,0x98,0x7b,0x53,0x5,0x54,0x2b,0x0,0x22,0x0,0x25,0x0,0x78,0x0,0x22,0x54,
  0x8c,0x0,0x22,0x0,0x25,0x0,0x7a,0x0,0x22,0x67,0x65,0x63,0x7,0x5b,0x9a,0x65,
  0x87,0x4e,0xf6,0x5c,0x55,0x79,0x3a,0x76,0x84,0x57,0x50,0x68,0x7,0xff,0x1,0x8,
  0x0,0x0,0x0,0x0,0x6,0x0,0x0,0x0,0x83,0x45,0x78,0x70,0x6f,0x72,0x74,0x69,
  0x6e,0x67,0x20,0x61,0x73,0x20,0x74,0x69,0x6c,0x65,0x64,0x20,0x69,0x6d,0x61,0x67,
  0x65,0x73,0x20,0x72,0x65,0x71,0x75,0x69,0x72,0x65,0x73,0x20,0x62,0x6f,0x74,0x68,
  0x20,0x74,0x68,0x65,0x20,0x22,0x25,0x78,0x22,0x20,0x61,0x6e,0x64,0x20,0x22,0x25,
  0x7a,0x22,0x20,0x66,0x6f,0x72,0x6d,0x61,0x74,0x20,0x73,0x70,0x65,0x63,0x69,0x66,
  0x69,0x65,0x72,0x73,0x20,0x69,0x6e,0x20,0x74,0x68,0x65,0x20,0x66,0x69,0x6c,0x65,
  0x20,0x70,0x61,0x74,0x74,0x65,0x72,0x6e,0x2c,0x20,0x72,0x65,0x70,0x72,0x65,0x73,
  0x65,0x6e,0x74,0x69,0x6e,0x67,0x20,0x74,0x68,0x65,0x20,0x74,0x69,0x6c,0x65,0x20,
  0x63,0x6f,0x6f,0x72,0x64,0x69,0x6e,0x61,0x74,0x65,0x73,0x2e,0x7,0x0,0x0,0x0,
  0xc,0x45,0x78,0x70,0x6f,0x72,0x74,0x44,0x69,0x61,0x6c,0x6f,0x67,0x1,0x3,0x0,
  0x0,0x0,0x12,0x6b,0x63,0x57,0x28,0x5b,0xfc,0x51,0xfa,0x56,0xfe,0x72,0x47,0x0,
  0x2e,0x0,0x2e,0x0,0x2e,0x8,0x0,0x0,0x0,0x0,0x6,0x0,0x0,0x0,0x19,0x45,
  0x78,0x70,0x6f,0x72,0x74,0x69,0x6e,0x67,0x20,0x62,0x69,0x6f,0x6d,0x65,0x20,0x69,
  0x6d,0x61,0x67,0x65,0x73,0x2e,0x2e,0x2e,0x7,0x0,0x0,0x0,0xc,0x45,0x78,0x70,
  0x6f,0x72,0x74,0x44,0x69,0x61,0x6c,0x6f,0x67,0x1,0x3,0x0,0x0,0x0,0xe,0x65,
  0x87,0x4e,0xf6,0x54,0x7d,0x54,0xd,0x68,0x3c,0x5f,0xf,0x0,0x3a,0x8,0x0,0x0,
  0x0,0x0,0x6,0x0,0x0,0x0,0xd,0x46,0x69,0x6c,0x65,0x20,0x70,0x61,0x74,0x74,
  0x65,0x72,0x6e,0x3a,0x7,0x0,0x0,0x0,0xc,0x45,0x78,0x70,0x6f,0x72,0x74,0x44,
  0x69,0x61,0x6c,0x6f,0x67,0x1,0x3,0x0,0x0,0x0,0x8,0x53,0x3a,0x57,0xdf,0x62,
  0x69,0x5c,0x55,0x8,0x0,0x0,0x0,0x0,0x6,0x0,0x0,0x0,0x21,0x46,0x69,0x6c,
  0x6c,0x20,0x62,0x61,0x63,0x6b,0x67,0x72,0x6f,0x75,0x6e,0x64,0x20,0x62,0x79,0x20,
  0x65,0x78,0x70,0x61,0x6e,0x64,0x69,0x6e,0x67,0x20,0x61,0x72,0x65,0x61,0x7,0x0,
  0x0,0x0,0xc,0x45,0x78,0x70,0x6f,0x72,0x74,0x44,0x69,0x61,0x6c,0x6f,0x67,0x1,
  0x3,0x0,0x0,0x0,0x12,0x7b,0x26,0x54,0x8,0x67,0x61,0x4e,0xf6,0x76,0x84,0x79,
  0xcd,0x5b,0x50,0x52,0x17,0x88,0x68,0x8,0x0,0x0,0x0,0x0,0x6,0x0,0x0,0x0,
  0x18,0x46,0x72,0x6f,0x6d,0x20,0x6d,0x61,0x74,0x63,0x68,0x69,0x6e,0x67,0x20,0x73,
  0x65,0x65,0x64,0x73,0x20,0x6c,0x69,0x73,0x74,0x7,0x0,0x0,0x0,0xc,0x45,0x78,
  0x70,0x6f,0x72,0x74,0x44,0x69,0x61,0x6c,0x6f,0x67,0x1,0x3,0x0,0x0,0x0,0xc,
  0x4f,0x7f,0x75,0x28,0x53,0xef,0x89,0xc1,0x83,0x3,0x56,0xf4,0x8,0x0,0x0,0x0,
  0x0,0x6,0x0,0x0,0x0,0xc,0x46,0x72,0x6f,0x6d,0x20,0x76,0x69,0x73,0x69,0x62,
  0x6c,0x65,0x7,0x0,0x0,0x0,0xc,0x45,0x78,0x70,0x6f,0x72,0x74,0x44,0x69,0x61,
  0x6c,0x6f,0x67,0x1,0x3,0x0,0x0,0x0,0x4,0x70,0x70,0x5e,0xa6,0x8,0x0,0x0,
  0x0,0x0,0x6,0x0,0x0,0x0,0x9,0x47,0x72,0x61,0x79,0x73,0x63,0x61,0x6c,0x65,
  0x7,0x0,0x0,0x0,0xc,0x45,0x78,0x70,0x6f,0x72,0x74,0x44,0x69,0x61,0x6c,0x6f,
  0x67,0x1,0x3,0x0,0x0,0x0,0xc,0x9a,0xd8,0x5e,0xa6,0x0,0x28,0x0,0x59,0x0,
  0x29,0x0,0x3a,0x8,0x0,0x0,0x0,0x0,0x6,0x0,0x0,0x0,0xb,0x48,0x65,0x69,
  0x67,0x68,0x74,0x20,0x28,0x59,0x29,0x3a,0x7,0x0,0x0,0x0,0xc,0x45,0x78,0x70,
  0x6f,0x72,0x74,0x44,0x69,0x61,0x6c,0x6f,0x67,0x1,0x3,0x0,0x0,0x0,0x12,0x57,
  0x30,0x88,0x68,0x9a,0xd8,0x5e,0xa6,0x5c,0x55,0x79,0x3a,0x65,0xb9,0x6c,0xd5,0x0,
  0x3a,0x8,0x0,0x0,0x0,0x0,0x6,0x0,0x0,0x0,0xa,0x48,0x65,0x69,0x67,0x68,
  0x74,0x6d,0x61,0x70,0x3a,0x7,0x0,0x0,0x0,0xc,0x45,0x78,0x70,0x6f,0x72,0x74,
  0x44,0x69,0x61,0x6c,0x6f,0x67,0x1,0x3,0x0,0x0,0x0,0x8a,0x8b,0xf7,0x4f,0xdd,
  0x8b,0xc1,0x5b,0xfc,0x51,0xfa,0x53,0x3a,0x57,0xdf,0x76,0x84,0x0,0x58,0x0,0x3c,
  0x0,0x73,0x0,0x75,0x0,0x62,0x0,0x3e,0x0,0x32,0x0,0x3c,0x0,0x2f,0x0,0x73,
  0x0,0x75,0x0,0x62,0x0,0x3e,0x0,0x20,0x0,0x3e,0x0,0x20,0x0,0x58,0x0,0x3c,
  0x0,0x73,0x0,0x75,0x0,0x62,0x0,0x3e,0x0,0x31,0x0,0x3c,0x0,0x2f,0x0,0x73,
  0x0,0x75,0x0,0x62,0x0,0x3e,0x0,0x2c,0x0,0x20,0x0,0x5a,0x0,0x3c,0x0,0x73,
  0x0,0x75,0x0,0x62,0x0,0x3e,0x0,0x32,0x0,0x3c,0x0,0x2f,0x0,0x73,0x0,0x75,
  0x0,0x62,0x0,0x3e,0x0,0x20,0x0,0x3e,0x0,0x20,0x0,0x5a,0x0,0x3c,0x0,0x73,
  0x0,0x75,0x0,0x62,0x0,0x3e,0x0,0x31,0x0,0x3c,0x0,0x2f,0x0,0x73,0x0,0x75,
  0x0,0x62,0x0,0x3e,0xff,0x1,0x8,0x0,0x0,0x0,0x0,0x6,0x0,0x0,0x0,0xd,
  0x49,0x6e,0x76,0x61,0x6c,0x69,0x64,0x20,0x61,0x72,0x65,0x61,0x2e,0x7,0x0,0x0,
  0x0,0xc,0x45,0x78,0x70,0x6f,0x72,0x74,0x44,0x69,0x61,0x6c,0x6f,0x67,0x1,0x3,
  0x0,0x0,0x0,0xc,0x67,0x0,0x5c,0xf,0x50,0x3c,0x0,0x28,0x54,0x2b,0x0,0x29,
  0x8,0x0,0x0,0x0,0x0,0x6,0x0,0x0,0x0,0x17,0x4c,0x6f,0x77,0x65,0x72,0x20,
  0x62,0x6f,0x75,0x6e,0x64,0x20,0x28,0x69,0x6e,0x63,0x6c,0x75,0x73,0x69,0x76,0x65,
  0x29,0x7,0x0,0x0,0x0,0xc,0x45,0x78,0x70,0x6f,0x72,0x74,0x44,0x69,0x61,0x6c,
  0x6f,0x67,0x1,0x3,0x0,0x0,0x0,0x4,0x4e,0xb,0x75,0x4c,0x8,0x0,0x0,0x0,
  0x0,0x6,0x0,0x0,0x0,0x6,0x4e,0x65,0x74,0x68,0x65,0x72,0x7,0x0,0x0,0x0,
  0xc,0x45,0x78,0x70,0x6f,0x72,0x74,0x44,0x69,0x61,0x6c,0x6f,0x67,0x1,0x3,0x0,
  0x0,0x0,0x2,0x65,0xe0,0x8,0x0,0x0,0x0,0x0,0x6,0x0,0x0,0x0,0x4,0x4e,
  0x6f,0x6e,0x65,0x7,0x0,0x0,0x0,0xc,0x45,0x78,0x70,0x6f,0x72,0x74,0x44,0x69,
  0x61,0x6c,0x6f,0x67,0x1,0x3,0x0,0x0,0x0,0xa,0x56,0xfe,0x72,0x47,0x65,0x70,
  0x91,0xcf,0x0,0x3a,0x8,0x0,0x0,0x0,0x0,0x6,0x0,0x0,0x0,0x11,0x4e,0x75,
  0x6d,0x62,0x65,0x72,0x20,0x6f,0x66,0x20,0x69,0x6d,0x61,0x67,0x65,0x73,0x3a,0x7,
  0x0,0x0,0x0,0xc,0x45,0x78,0x70,0x6f,0x72,0x74,0x44,0x69,0x61,0x6c,0x6f,0x67,
  0x1,0x3,0x0,0x0,0x0,0xa,0x79,0xcd,0x5b,0x50,0x65,0x70,0x91,0xcf,0x0,0x3a,
  0x8,0x0,0x0,0x0,0x0,0x6,0x0,0x0,0x0,0x10,0x4e,0x75,0x6d,0x62,0x65,0x72,
  0x20,0x6f,0x66,0x20,0x73,0x65,0x65,0x64,0x73,0x3a,0x7,0x0,0x0,0x0,0xc,0x45,
  0x78,0x70,0x6f,0x72,0x74,0x44,0x69,0x61,0x6c,0x6f,0x67,0x1,0x3,0x0,0x0,0x0,
  0xe,0x5d,0xf2,0x5b,0x58,0x57,0x28,0x54,0xc,0x54,0xd,0x65,0x87,0x4e,0xf6,0x8,
  0x0,0x0,0x0,0x0,0x6,0x0,0x0,0x0,0x23,0x4f,0x6e,0x65,0x20,0x6f,0x72,0x20,
  0x6d,0x6f,0x72,0x65,0x20,0x6f,0x66,0x20,0x66,0x69,0x6c,0x65,0x73,0x20,0x61,0x6c,
  0x72,0x65,0x61,0x64,0x79,0x20,0x65,0x78,0x69,0x73,0x74,0x2e,0x7,0x0,0x0,0x0,
  0xc,0x45,0x78,0x70,0x6f,0x72,0x74,0x44,0x69,0x61,0x6c,0x6f,0x67,0x1,0x3,0x0,
  0x0,0x0,0x4,0x60,0x3b,0x89,0xc8,0x8,0x0,0x0,0x0,0x0,0x6,0x0,0x0,0x0,
  0x8,0x4f,0x76,0x65,0x72,0x76,0x69,0x65,0x77,0x7,0x0,0x0,0x0,0xc,0x45,0x78,
  0x70,0x6f,0x72,0x74,0x44,0x69,0x61,0x6c,0x6f,0x67,0x1,0x3,0x0,0x0,0x0,0x6,
  0x4e,0x3b,0x4e,0x16,0x75,0x4c,0x8,0x0,0x0,0x0,0x0,0x6,0x0,0x0,0x0,0x9,
  0x4f,0x76,0x65,0x72,0x77,0x6f,0x72,0x6c,0x64,0x7,0x0,0x0,0x0,0xc,0x45,0x78,
  0x70,0x6f,0x72,0x74,0x44,0x69,0x61,0x6c,0x6f,0x67,0x1,0x3,0x0,0x0,0x0,0x18,
  0x57,0x30,0x56,0xfe,0x5c,0x3a,0x5b,0xf8,0x0,0x28,0x50,0xcf,0x7d,0x20,0x0,0x3a,
  0x65,0xb9,0x57,0x57,0x0,0x29,0x0,0x3a,0x8,0x0,0x0,0x0,0x0,0x6,0x0,0x0,
  0x0,0x15,0x53,0x63,0x61,0x6c,0x65,0x20,0x28,0x70,0x69,0x78,0x65,0x6c,0x3a,0x62,
  0x6c,0x6f,0x63,0x6b,0x73,0x29,0x3a,0x7,0x0,0x0,0x0,0xc,0x45,0x78,0x70,0x6f,
  0x72,0x74,0x44,0x69,0x61,0x6c,0x6f,0x67,0x1,0x3,0x0,0x0,0x0,0x6,0x79,0xcd,
  0x5b,0x50,0x0,0x3a,0x8,0x0,0x0,0x0,0x0,0x6,0x0,0x0,0x0,0x8,0x53,0x65,
  0x65,0x64,0x28,0x73,0x29,0x3a,0x7,0x0,0x0,0x0,0xc,0x45,0x78,0x70,0x6f,0x72,
  0x74,0x44,0x69,0x61,0x6c,0x6f,0x67,0x1,0x3,0x0,0x0,0x0,0xc,0x90,0x9,0x62,
  0xe9,0x5b,0xfc,0x51,0xfa,0x76,0xee,0x5f,0x55,0x8,0x0,0x0,0x0,0x0,0x6,0x0,
  0x0,0x0,0x17,0x53,0x65,0x6c,0x65,0x63,0x74,0x20,0x45,0x78,0x70,0x6f,0x72,0x74,
  0x20,0x44,0x69,0x72,0x65,0x63,0x74,0x6f,0x72,0x79,0x7,0x0,0x0,0x0,0xc,0x45,
  0x78,0x70,0x6f,0x72,0x74,0x44,0x69,0x61,0x6c,0x6f,0x67,0x1,0x3,0x0,0x0,0x0,
  0x4,0x96,0x34,0x5f,0x71,0x8,0x0,0x0,0x0,0x0,0x6,0x0,0x0,0x0,0x7,0x53,
  0x68,0x61,0x64,0x69,0x6e,0x67,0x7,0x0,0x0,0x0,0xc,0x45,0x78,0x70,0x6f,0x72,
  0x74,0x44,0x69,0x61,0x6c,0x6f,0x67,0x1,0x3,0x0,0x0,0x0,0xc,0x96,0x34,0x5f,
  0x71,0x0,0x2b,0x7b,0x49,0x9a,0xd8,0x7e,0xbf,0x8,0x0,0x0,0x0,0x0,0x6,0x0,
  0x0,0x0,0x15,0x53,0x68,0x61,0x64,0x69,0x6e,0x67,0x20,0x77,0x69,0x74,0x68,0x20,
  0x63,0x6f,0x6e,0x74,0x6f,0x75,0x72,0x73,0x7,0x0,0x0,0x0,0xc,0x45,0x78,0x70,
  0x6f,0x72,0x74,0x44,0x69,0x61,0x6c,0x6f,0x67,0x1,0x3,0x0,0x0,0x0,0xe,0x53,
  0x55,0x5f,0x20,0x56,0xfe,0x72,0x47,0x59,0x27,0x5c,0xf,0x0,0x3a,0x8,0x0,0x0,
  0x0,0x0,0x6,0x0,0x0,0x0,0x13,0x53,0x69,0x7a,0x65,0x20,0x6f,0x66,0x20,0x65,
  0x61,0x63,0x68,0x20,0x69,0x6d,0x61,0x67,0x65,0x3a,0x7,0x0,0x0,0x0,0xc,0x45,
  0x78,0x70,0x6f,0x72,0x74,0x44,0x69,0x61,0x6c,0x6f,0x67,0x1,0x3,0x0,0x0,0x0,
  0xe,0x56,0xfe,0x72,0x47,0x52,0x6,0x52,0x72,0x5c,0x3a,0x5b,0xf8,0x0,0x3a,0x8,
  0x0,0x0,0x0,0x0,0x6,0x0,0x0,0x0,0x14,0x53,0x69,0x7a,0x65,0x20,0x6f,0x66,
  0x20,0x69,0x6d,0x61,0x67,0x65,0x20,0x74,0x69,0x6c,0x65,0x73,0x3a,0x7,0x0,0x0,
  0x0,0xc,0x45,0x78,0x70,0x6f,0x72,0x74,0x44,0x69,0x61,0x6c,0x6f,0x67,0x1,0x3,
  0x0,0x0,0x0,0x8,0x52,0x6,0x52,0x72,0x56,0xfe,0x72,0x47,0x8,0x0,0x0,0x0,
  0x0,0x6,0x0,0x0,0x0,0x16,0x53,0x70,0x6c,0x69,0x74,0x20,0x69,0x6d,0x61,0x67,
  0x65,0x20,0x69,0x6e,0x74,0x6f,0x20,0x74,0x69,0x6c,0x65,0x73,0x7,0x0,0x0,0x0,
  0xc,0x45,0x78,0x70,0x6f,0x72,0x74,0x44,0x69,0x61,0x6c,0x6f,0x67,0x1,0x3,0x0,
  0x0,0x0,0x4,0x67,0x2b,0x57,0x30,0x8,0x0,0x0,0x0,0x0,0x6,0x0,0x0,0x0,
  0x7,0x54,0x68,0x65,0x20,0x45,0x6e,0x64,0x7,0x0,0x0,0x0,0xc,0x45,0x78,0x70,
  0x6f,0x72,0x74,0x44,0x69,0x61,0x6c,0x6f,0x67,0x1,0x3,0x0,0x0,0x0,0x6,0x90,
  0xf,0x66,0xe,0x5e,0x95,0x8,0x0,0x0,0x0,0x0,0x6,0x0,0x0,0x0,0xb,0x54,
  0x72,0x61,0x6e,0x73,0x70,0x61,0x72,0x65,0x6e,0x74,0x7,0x0,0x0,0x0,0xc,0x45,
  0x78,0x70,0x6f,0x72,0x74,0x44,0x69,0x61,0x6c,0x6f,0x67,0x1,0x3,0x0,0x0,0x0,
  0xc,0x67,0x0,0x59,0x27,0x50,0x3c,0x0,0x28,0x54,0x2b,0x0,0x29,0x8,0x0,0x0,
  0x0,0x0,0x6,0x0,0x0,0x0,0x17,0x55,0x70,0x70,0x65,0x72,0x20,0x62,0x6f,0x75,
  0x6e,0x64,0x20,0x28,0x69,0x6e,0x63,0x6c,0x75,0x73,0x69,0x76,0x65,0x29,0x7,0x0,
  0x0,0x0,0xc,0x45,0x78,0x70,0x6f,0x72,0x74,0x44,0x69,0x61,0x6c,0x6f,0x67,0x1,
  0x3,0x0,0x0,0x0,0x4,0x8b,0x66,0x54,0x4a,0x8,0x0,0x0,0x0,0x0,0x6,0x0,
  0x0,0x0,0x7,0x57,0x61,0x72,0x6e,0x69,0x6e,0x67,0x7,0x0,0x0,0x0,0xc,0x45,
  0x78,0x70,0x6f,0x72,0x74,0x44,0x69,0x61,0x6c,0x6f,0x67,0x1,0x3,0x0,0x0,0x0,
  0x3c,0x5b,0xfc,0x51,0xfa,0x59,0x1a,0x4e,0x2a,0x79,0xcd,0x5b,0x50,0x65,0xf6,0x0,
  0x2c,0x0,0x20,0x65,0x87,0x4e,0xf6,0x54,0xd,0x5f,0xc5,0x98,0x7b,0x53,0x5,0x54,
  0x2b,0x0,0x22,0x0,0x25,0x0,0x53,0x0,0x22,0x67,0x65,0x63,0x7,0x5b,0x9a,0x65,
  0x87,0x4e,0xf6,0x62,0x40,0x5c,0x5e,0x79,0xcd,0x5b,0x50,0xff,0x1,0x8,0x0,0x0,
  0x0,0x0,0x6,0x0,0x0,0x0,0x71,0x57,0x68,0x65,0x6e,0x20,0x65,0x78,0x70,0x6f,
  0x72,0x74,0x69,0x6e,0x67,0x20,0x6d,0x6f,0x72,0x65,0x20,0x74,0x68,0x61,0x6e,0x20,
  0x6f,0x6e,0x65,0x20,0x73,0x65,0x65,0x64,0x2c,0x20,0x74,0x68,0x65,0x20,0x66,0x69,
  0x6c,0x65,0x20,0x70,0x61,0x74,0x74,0x65,0x72,0x6e,0x20,0x68,0x61,0x73,0x20,0x74,
  0x6f,0x20,0x69,0x6e,0x63,0x6c,0x75,0x64,0x65,0x20,0x74,0x68,0x65,0x20,0x22,0x25,
  0x53,0x22,0x20,0x66,0x6f,0x72,0x6d,0x61,0x74,0x20,0x73,0x70,0x65,0x63,0x69,0x66,
  0x69,0x65,0x72,0x20,0x66,0x6f,0x72,0x20,0x74,0x68,0x65,0x20,0x73,0x65,0x65,0x64,
  0x20,0x6e,0x75,0x6d,0x62,0x65,0x72,0x2e,0x7,0x0,0x0,0x0,0xc,0x45,0x78,0x70,
  0x6f,0x72,0x74,0x44,0x69,0x61,0x6c,0x6f,0x67,0x1,0x3,0x0,0x0,0x0,0x10,0x72,
  0x48,0x67,0x2c,0x0,0x20,0x0,0x26,0x0,0x20,0x7e,0xf4,0x5e,0xa6,0x0,0x3a,0x8,
  0x0,0x0,0x0,0x0,0x6,0x0,0x0,0x0,0x10,0x57,0x6f,0x72,0x6c,0x64,0x20,0x67,
  0x65,0x6e,0x65,0x72,0x61,0x74,0x6f,0x72,0x3a,0x7,0x0,0x0,0x0,0xc,0x45,0x78,
  0x70,0x6f,0x72,0x74,0x44,0x69,0x61,0x6c,0x6f,0x67,0x1,0x3,0x0,0x0,0x0,0x1c,
  0x0,0x58,0x0,0x3c,0x0,0x73,0x0,0x75,0x0,0x62,0x0,0x3e,0x0,0x31,0x0,0x3c,
  0x0,0x2f,0x0,0x73,0x0,0x75,0x0,0x62,0x0,0x3e,0x0,0x3d,0x8,0x0,0x0,0x0,
  0x0,0x6,0x0,0x0,0x0,0xe,0x58,0x3c,0x73,0x75,0x62,0x3e,0x31,0x3c,0x2f,0x73,
  0x75,0x62,0x3e,0x3d,0x7,0x0,0x0,0x0,0xc,0x45,0x78,0x70,0x6f,0x72,0x74,0x44,
  0x69,0x61,0x6c,0x6f,0x67,0x1,0x3,0x0,0x0,0x0,0x1c,0x0,0x58,0x0,0x3c,0x0,
  0x73,0x0,0x75,0x0,0x62,0x0,0x3e,0x0,0x32,0x0,0x3c,0x0,0x2f,0x0,0x73,0x0,
  0x75,0x0,0x62,0x0,0x3e,0x0,0x3d,0x8,0x0,0x0,0x0,0x0,0x6,0x0,0x0,0x0,
  0xe,0x58,0x3c,0x73,0x75,0x62,0x3e,0x32,0x3c,0x2f,0x73,0x75,0x62,0x3e,0x3d,0x7,
  0x0,0x0,0x0,0xc,0x45,0x78,0x70,0x6f,0x72,0x74,0x44,0x69,0x61,0x6c,0x6f,0x67,
  0x1,0x3,0x0,0x0,0x0,0x1c,0x0,0x5a,0x0,0x3c,0x0,0x73,0x0,0x75,0x0,0x62,
  0x0,0x3e,0x0,0x31,0x0,0x3c,0x0,0x2f,0x0,0x73,0x0,0x75,0x0,0x62,0x0,0x3e,
  0x0,0x3d,0x8,0x0,0x0,0x0,0x0,0x6,0x0,0x0,0x0,0xe,0x5a,0x3c,0x73,0x75,
  0x62,0x3e,0x31,0x3c,0x2f,0x73,0x75,0x62,0x3e,0x3d,0x7,0x0,0x0,0x0,0xc,0x45,
  0x78,0x70,0x6f,0x72,0x74,0x44,0x69,0x61,0x6c,0x6f,0x67,0x1,0x3,0x0,0x0,0x0,
  0x1c,0x0,0x5a,0x0,0x3c,0x0,0x73,0x0,0x75,0x0,0x62,0x0,0x3e,0x0,0x32,0x0,
  0x3c,0x0,0x2f,0x0,0x73,0x0,0x75,0x0,0x62,0x0,0x3e,0x0,0x3d,0x8,0x0,0x0,
  0x0,0x0,0x6,0x0,0x0,0x0,0xe,0x5a,0x3c,0x73,0x75,0x62,0x3e,0x32,0x3c,0x2f,
  0x73,0x75,0x62,0x3e,0x3d,0x7,0x0,0x0,0x0,0xc,0x45,0x78,0x70,0x6f,0x72,0x74,
  0x44,0x69,0x61,0x6c,0x6f,0x67,0x1,0x3,0x0,0x0,0x0,0x12,0x54,0x2f,0x75,0x28,
  0x5b,0x9e,0x9a,0x8c,0x60,0x27,0x65,0x2f,0x63,0x1,0x72,0x48,0x67,0x2c,0x8,0x0,
  0x0,0x0,0x0,0x6,0x0,0x0,0x0,0x28,0x45,0x6e,0x61,0x62,0x6c,0x65,0x20,0x65,
  0x78,0x70,0x65,0x72,0x69,0x6d,0x65,0x6e,0x74,0x61,0x6c,0x6c,0x79,0x20,0x73,0x75,
  0x70,0x70,0x6f,0x72,0x74,0x65,0x64,0x20,0x76,0x65,0x72,0x73,0x69,0x6f,0x6e,0x73,
  0x7,0x0,0x0,0x0,0xc,0x45,0x78,0x74,0x47,0x65,0x6e,0x44,0x69,0x61,0x6c,0x6f,
  0x67,0x1,0x3,0x0,0x0,0x0,0x1a,0x6a,0x21,0x62,0xdf,0x75,0x1f,0x62,0x10,0x57,
  0x30,0x5f,0x62,0x0,0x28,0x0,0x31,0x0,0x2e,0x0,0x31,0x0,0x38,0x0,0x2b,0x0,
  0x29,0x8,0x0,0x0,0x0,0x0,0x6,0x0,0x0,0x0,0x18,0x45,0x73,0x74,0x69,0x6d,
  0x61,0x74,0x65,0x20,0x74,0x65,0x72,0x72,0x61,0x69,0x6e,0x20,0x28,0x31,0x2e,0x31,
  0x38,0x2b,0x29,0x7,0x0,0x0,0x0,0xc,0x45,0x78,0x74,0x47,0x65,0x6e,0x44,0x69,
  0x61,0x6c,0x6f,0x67,0x1,0x3,0x0,0x0,0x0,0x16,0x4f,0xee,0x65,0x39,0x53,0x9f,
  0x72,0x48,0x7e,0xd3,0x67,0x84,0x75,0x1f,0x62,0x10,0x96,0x8f,0x67,0x3a,0x65,0x70,
  0x8,0x0,0x0,0x0,0x0,0x6,0x0,0x0,0x0,0x17,0x4f,0x76,0x65,0x72,0x72,0x69,
  0x64,0x65,0x20,0x73,0x74,0x72,0x75,0x63,0x74,0x75,0x72,0x65,0x20,0x73,0x61,0x6c,
  0x74,0x7,0x0,0x0,0x0,0xc,0x45,0x78,0x74,0x47,0x65,0x6e,0x44,0x69,0x61,0x6c,
  0x6f,0x67,0x1,0x3,0x0,0x0,0x0,0x10,0x9a,0xd8,0x7e,0xa7,0x4e,0x16,0x75,0x4c,
  0x75,0x1f,0x62,0x10,0x90,0x9,0x98,0x79,0x8,0x0,0x0,0x0,0x0,0x6,0x0,0x0,
  0x0,0xe,0x57,0x6f,0x72,0x6c,0x64,0x20,0x53,0x65,0x74,0x74,0x69,0x6e,0x67,0x73,
  0x7,0x0,0x0,0x0,0xc,0x45,0x78,0x74,0x47,0x65,0x6e,0x44,0x69,0x61,0x6c,0x6f,
  0x67,0x1,0x3,0x0,0x0,0x0,0xa8,0x87,0xba,0x65,0xcb,0x8f,0xed,0x4e,0xe3,0x56,
  0x68,0x53,0xef,0x4e,0xe5,0x8b,0xa9,0x51,0x76,0x8f,0xde,0x5e,0x26,0x76,0x84,0x64,
  0x1c,0x7d,0x22,0x67,0x61,0x4e,0xf6,0x4e,0xe5,0x56,0xfa,0x5b,0x9a,0x6b,0x65,0x95,
  0x7f,0x90,0x4d,0x53,0x86,0x65,0x74,0x72,0x47,0x53,0x3a,0x57,0xdf,0x0,0x2c,0x0,
  0x20,0x6b,0xcf,0x4e,0x0,0x6b,0x65,0x62,0x40,0x67,0x9,0x67,0x61,0x4e,0xf6,0x90,
  0xfd,0x4f,0x1a,0x91,0xcd,0x65,0xb0,0x68,0xc0,0x67,0xe5,0x4e,0x0,0x90,0x4d,0x30,
  0x2,0x0,0xa,0x8f,0xed,0x4e,0xe3,0x56,0x68,0x4f,0x1a,0x4e,0xe5,0x87,0xba,0x65,
  0xcb,0x72,0xb6,0x8d,0xef,0x5f,0x84,0x72,0xb6,0x90,0x4d,0x53,0x86,0x65,0x74,0x72,
  0x47,0x53,0x3a,0x57,0xdf,0x0,0x2c,0x0,0x20,0x62,0x40,0x4e,0xe5,0x97,0x60,0x8f,
  0xd1,0x53,0x3a,0x57,0xdf,0x4e,0x2d,0x5f,0xc3,0x76,0x84,0x57,0x30,0x65,0xb9,0x4f,
  0x1a,0x88,0xab,0x4f,0x18,0x51,0x48,0x90,0x4d,0x53,0x86,0x52,0x30,0x30,0x2,0x8,
  0x0,0x0,0x0,0x0,0x6,0x0,0x0,0x1,0x40,0x3c,0x68,0x74,0x6d,0x6c,0x3e,0x3c,
  0x68,0x65,0x61,0x64,0x2f,0x3e,0x3c,0x62,0x6f,0x64,0x79,0x3e,0x53,0x70,0x69,0x72,
  0x61,0x6c,0x20,0x69,0x74,0x65,0x72,0x61,0x74,0x6f,0x72,0x20,0x63,0x6f,0x6e,0x64,
  0x69,0x74,0x69,0x6f,0x6e,0x73,0x20,0x63,0x61,0x6e,0x20,0x62,0x65,0x20,0x75,0x73,
  0x65,0x64,0x20,0x74,0x6f,0x20,0x6d,0x6f,0x76,0x65,0x20,0x61,0x20,0x74,0x65,0x73,
  0x74,0x69,0x6e,0x67,0x20,0x70,0x6f,0x73,0x69,0x74,0x69,0x6f,0x6e,0x20,0x61,0x63,
  0x72,0x6f,0x73,0x73,0x20,0x61,0x20,0x67,0x69,0x76,0x65,0x6e,0x20,0x61,0x72,0x65,
  0x61,0x20,0x75,0x73,0x69,0x6e,0x67,0x20,0x61,0x20,0x63,0x65,0x72,0x74,0x61,0x69,
  0x6e,0x20,0x73,0x74,0x65,0x70,0x20,0x73,0x69,0x7a,0x65,0x2e,0x20,0x4f,0x74,0x68,
  0x65,0x72,0x20,0x63,0x6f,0x6e,0x64,0x69,0x74,0x69,0x6f,0x6e,0x73,0x20,0x74,0x68,
  0x61,0x74,0x20,0x72,0x65,0x66,0x65,0x72,0x20,0x74,0x6f,0x20,0x69,0x74,0x20,0x61,
  0x73,0x20,0x61,0x20,0x72,0x65,0x6c,0x61,0x74,0x69,0x76,0x65,0x20,0x6c,0x6f,0x63,
  0x61,0x74,0x69,0x6f,0x6e,0x20,0x77,0x69,0x6c,0x6c,0x20,0x62,0x65,0x20,0x63,0x68,
  0x65,0x63,0x6b,0x65,0x64,0x20,0x61,0x74,0x20,0x65,0x61,0x63,0x68,0x20,0x73,0x74,
  0x65,0x70,0x2e,0x20,0x54,0x68,0x65,0x20,0x69,0x74,0x65,0x72,0x61,0x74,0x69,0x6f,
  0x6e,0x20,0x69,0x73,0x20,0x70,0x65,0x72,0x66,0x6f,0x72,0x6d,0x65,0x64,0x20,0x69,
  0x6e,0x20,0x61,0x20,0x73,0x70,0x69,0x72,0x61,0x6c,0x2c,0x20,0x73,0x6f,0x20,0x70,
  0x6f,0x73,0x69,0x74,0x69,0x6f,0x6e,0x73,0x20,0x63,0x6c,0x6f,0x73,0x65,0x72,0x20,
  0x74,0x6f,0x20,0x74,0x68,0x65,0x20,0x63,0x65,0x6e,0x74,0x65,0x72,0x20,0x67,0x65,
  0x74,0x20,0x70,0x72,0x69,0x6f,0x72,0x69,0x74,0x79,0x2e,0x3c,0x2f,0x62,0x6f,0x64,
  0x79,0x3e,0x3c,0x2f,0x68,0x74,0x6d,0x6c,0x3e,0x7,0x0,0x0,0x0,0x6,0x46,0x69,
  0x6c,0x74,0x65,0x72,0x1,0x3,0x0,0x0,0x0,0x8,0x5e,0x9f,0x5f,0x3,0x77,0xff,
  0x4e,0x95,0x8,0x0,0x0,0x0,0x0,0x6,0x0,0x0,0x0,0x13,0x41,0x62,0x61,0x6e,
  0x64,0x6f,0x6e,0x65,0x64,0x20,0x6d,0x69,0x6e,0x65,0x73,0x68,0x61,0x66,0x74,0x7,
  0x0,0x0,0x0,0x6,0x46,0x69,0x6c,0x74,0x65,0x72,0x1,0x3,0x0,0x0,0x0,0x84,
  0x57,0x28,0x63,0x7,0x5b,0x9a,0x83,0x3,0x56,0xf4,0x51,0x85,0x53,0x5,0x62,0xec,
  0x62,0x40,0x67,0x9,0x4f,0x60,0x60,0xf3,0x89,0x81,0x76,0x84,0x0,0x28,0x0,0x2b,
  0x0,0x29,0x7f,0xa4,0x7c,0xfb,0x5e,0x76,0x63,0x92,0x96,0x64,0x62,0x40,0x67,0x9,
  0x4f,0x60,0x4e,0xd,0x89,0x81,0x76,0x84,0x0,0x28,0x0,0x2d,0x0,0x29,0x0,0xa,
  0x4e,0xc5,0x75,0x1f,0x62,0x10,0x52,0x30,0x51,0xb3,0x5b,0x9a,0x6d,0x77,0x6d,0xb,
  0x6e,0x29,0x5e,0xa6,0x76,0x84,0x0,0x31,0x0,0x3a,0x0,0x32,0x0,0x35,0x0,0x36,
  0x0,0xa,0x8f,0xd9,0x90,0xe8,0x52,0x6,0x7f,0xa4,0x7c,0xfb,0x75,0x1f,0x62,0x10,
  0x4e,0xc5,0x75,0x31,0x79,0xcd,0x5b,0x50,0x4f,0x4e,0x0,0x34,0x0,0x38,0x4f,0x4d,
  0x51,0xb3,0x5b,0x9a,0x8,0x0,0x0,0x0,0x0,0x6,0x0,0x0,0x0,0xfa,0x41,0x6c,
  0x6c,0x6f,0x77,0x73,0x20,0x6f,0x6e,0x6c,0x79,0x20,0x73,0x65,0x65,0x64,0x73,0x20,
  0x77,0x69,0x74,0x68,0x20,0x74,0x68,0x65,0x20,0x69,0x6e,0x63,0x6c,0x75,0x64,0x65,
  0x64,0x20,0x28,0x2b,0x29,0x20,0x62,0x69,0x6f,0x6d,0x65,0x73,0x20,0x69,0x6e,0x20,
  0x74,0x68,0x65,0x20,0x73,0x70,0x65,0x63,0x69,0x66,0x69,0x65,0x64,0x20,0x61,0x72,
  0x65,0x61,0x20,0x61,0x6e,0x64,0x20,0x64,0x69,0x73,0x63,0x61,0x72,0x64,0x20,0x74,
  0x68,0x6f,0x73,0x65,0x20,0x74,0x68,0x61,0x74,0x20,0x68,0x61,0x76,0x65,0x20,0x62,
  0x69,0x6f,0x6d,0x65,0x73,0x20,0x74,0x68,0x61,0x74,0x20,0x61,0x72,0x65,0x20,0x65,
  0x78,0x70,0x6c,0x69,0x63,0x69,0x74,0x6c,0x79,0x20,0x65,0x78,0x63,0x6c,0x75,0x64,
  0x65,0x64,0x20,0x28,0x2d,0x29,0x20,0x61,0x74,0x20,0x6c,0x61,0x79,0x65,0x72,0x20,
  0x4f,0x43,0x45,0x41,0x4e,0x20,0x54,0x45,0x4d,0x50,0x45,0x52,0x41,0x54,0x55,0x52,
  0x45,0x20,0x77,0x69,0x74,0x68,0x20,0x73,0x63,0x61,0x6c,0x65,0x20,0x31,0x3a,0x32,
  0x35,0x36,0x2e,0x20,0x54,0x68,0x69,0x73,0x20,0x67,0x65,0x6e,0x65,0x72,0x61,0x74,
  0x69,0x6f,0x6e,0x20,0x6c,0x61,0x79,0x65,0x72,0x20,0x64,0x65,0x70,0x65,0x6e,0x64,
  0x73,0x20,0x6f,0x6e,0x6c,0x79,0x20,0x6f,0x6e,0x20,0x74,0x68,0x65,0x20,0x6c,0x6f,
  0x77,0x65,0x72,0x20,0x34,0x38,0x2d,0x62,0x69,0x74,0x73,0x20,0x6f,0x66,0x20,0x74,
  0x68,0x65,0x20,0x73,0x65,0x65,0x64,0x2e,0x7,0x0,0x0,0x0,0x6,0x46,0x69,0x6c,
  0x74,0x65,0x72,0x1,0x3,0x0,0x0,0x0,0x70,0x57,0x28,0x63,0x7,0x5b,0x9a,0x83,
  0x3,0x56,0xf4,0x51,0x85,0x53,0x5,0x62,0xec,0x62,0x40,0x67,0x9,0x4f,0x60,0x60,
  0xf3,0x89,0x81,0x76,0x84,0x0,0x28,0x0,0x2b,0x0,0x29,0x7f,0xa4,0x7c,0xfb,0x5e,
  0x76,0x63,0x92,0x96,0x64,0x62,0x40,0x67,0x9,0x4f,0x60,0x4e,0xd,0x89,0x81,0x76,
  0x84,0x0,0x28,0x0,0x2d,0x0,0x29,0x0,0xa,0x4f,0x46,0x66,0x2f,0x53,0xea,0x75,
  0x1f,0x62,0x10,0x52,0x30,0x0,0x31,0x0,0x3a,0x0,0x34,0x5c,0x42,0x76,0x84,0x6c,
  0xb3,0x6d,0x41,0x4e,0x3a,0x6b,0x62,0x0,0x2c,0x0,0x20,0x4e,0xd,0x75,0x1f,0x62,
  0x10,0x6d,0x77,0x6d,0xb,0x53,0xd8,0x79,0xcd,0x8,0x0,0x0,0x0,0x0,0x6,0x0,
  0x0,0x0,0xd4,0x41,0x6c,0x6c,0x6f,0x77,0x73,0x20,0x6f,0x6e,0x6c,0x79,0x20,0x73,
  0x65,0x65,0x64,0x73,0x20,0x77,0x69,0x74,0x68,0x20,0x74,0x68,0x65,0x20,0x69,0x6e,
  0x63,0x6c,0x75,0x64,0x65,0x64,0x20,0x28,0x2b,0x29,0x20,0x62,0x69,0x6f,0x6d,0x65,
  0x73,0x20,0x69,0x6e,0x20,0x74,0x68,0x65,0x20,0x73,0x70,0x65,0x63,0x69,0x66,0x69,
  0x65,0x64,0x20,0x61,0x72,0x65,0x61,0x20,0x61,0x6e,0x64,0x20,0x64,0x69,0x73,0x63,
  0x61,0x72,0x64,0x20,0x74,0x68,0x6f,0x73,0x65,0x20,0x74,0x68,0x61,0x74,0x20,0x68,
  0x61,0x76,0x65,0x20,0x62,0x69,0x6f,0x6d,0x65,0x73,0x20,0x74,0x68,0x61,0x74,0x20,
  0x61,0x72,0x65,0x20,0x65,0x78,0x70,0x6c,0x69,0x63,0x69,0x74,0x6c,0x79,0x20,0x65,
  0x78,0x63,0x6c,0x75,0x64,0x65,0x64,0x20,0x28,0x2d,0x29,0x20,0x61,0x74,0x20,0x6c,
  0x61,0x79,0x65,0x72,0x20,0x52,0x49,0x56,0x45,0x52,0x20,0x77,0x69,0x74,0x68,0x20,
  0x73,0x63,0x61,0x6c,0x65,0x20,0x31,0x3a,0x34,0x2e,0x20,0x54,0x68,0x69,0x73,0x20,
  0x6c,0x61,0x79,0x65,0x72,0x20,0x64,0x6f,0x65,0x73,0x20,0x6e,0x6f,0x74,0x20,0x67,
  0x65,0x6e,0x65,0x72,0x61,0x74,0x65,0x20,0x6f,0x63,0x65,0x61,0x6e,0x20,0x76,0x61,
  0x72,0x69,0x61,0x6e,0x74,0x73,0x2e,0x7,0x0,0x0,0x0,0x6,0x46,0x69,0x6c,0x74,
  0x65,0x72,0x1,0x3,0x0,0x0,0x0,0x3e,0x57,0x28,0x63,0x7,0x5b,0x9a,0x83,0x3,
  0x56,0xf4,0x51,0x85,0x53,0x5,0x62,0xec,0x62,0x40,0x67,0x9,0x4f,0x60,0x60,0xf3,
  0x89,0x81,0x76,0x84,0x0,0x28,0x0,0x2b,0x0,0x29,0x7f,0xa4,0x7c,0xfb,0x5e,0x76,
  0x63,0x92,0x96,0x64,0x62,0x40,0x67,0x9,0x4f,0x60,0x4e,0xd,0x89,0x81,0x76,0x84,
  0x0,0x28,0x0,0x2d,0x0,0x29,0x8,0x0,0x0,0x0,0x0,0x6,0x0,0x0,0x0,0x89,
  0x41,0x6c,0x6c,0x6f,0x77,0x73,0x20,0x6f,0x6e,0x6c,0x79,0x20,0x73,0x65,0x65,0x64,
  0x73,0x20,0x77,0x69,0x74,0x68,0x20,0x74,0x68,0x65,0x20,0x69,0x6e,0x63,0x6c,0x75,
  0x64,0x65,0x64,0x20,0x28,0x2b,0x29,0x20,0x62,0x69,0x6f,0x6d,0x65,0x73,0x20,0x69,
  0x6e,0x20,0x74,0x68,0x65,0x20,0x73,0x70,0x65,0x63,0x69,0x66,0x69,0x65,0x64,0x20,
  0x61,0x72,0x65,0x61,0x20,0x61,0x6e,0x64,0x20,0x64,0x69,0x73,0x63,0x61,0x72,0x64,
  0x20,0x74,0x68,0x6f,0x73,0x65,0x20,0x74,0x68,0x61,0x74,0x20,0x68,0x61,0x76,0x65,
  0x20,0x62,0x69,0x6f,0x6d,0x65,0x73,0x20,0x74,0x68,0x61,0x74,0x20,0x61,0x72,0x65,
  0x20,0x65,0x78,0x70,0x6c,0x69,0x63,0x69,0x74,0x6c,0x79,0x20,0x65,0x78,0x63,0x6c,
  0x75,0x64,0x65,0x64,0x20,0x28,0x2d,0x29,0x2e,0x7,0x0,0x0,0x0,0x6,0x46,0x69,
  0x6c,0x74,0x65,0x72,0x1,0x3,0x0,0x0,0x0,0x8,0x8f,0xdc,0x53,0xe4,0x57,0xce,
  0x5e,0x2,0x8,0x0,0x0,0x0,0x0,0x6,0x0,0x0,0x0,0xc,0x41,0x6e,0x63,0x69,
  0x65,0x6e,0x74,0x20,0x63,0x69,0x74,0x79,0x7,0x0,0x0,0x0,0x6,0x46,0x69,0x6c,
  0x74,0x65,0x72,0x1,0x3,0x0,0x0,0x0,0x8,0x58,0x21,0x57,0x92,0x90,0x57,0x8f,
  0xf9,0x8,0x0,0x0,0x0,0x0,0x6,0x0,0x0,0x0,0xf,0x42,0x61,0x73,0x74,0x69,
  0x6f,0x6e,0x20,0x72,0x65,0x6d,0x6e,0x61,0x6e,0x74,0x7,0x0,0x0,0x0,0x6,0x46,
  0x69,0x6c,0x74,0x65,0x72,0x1,0x3,0x0,0x0,0x0,0x1e,0x7f,0xa4,0x7c,0xfb,0x7b,
  0x5b,0x90,0x9,0x0,0x20,0x0,0x31,0x0,0x3a,0x0,0x32,0x0,0x35,0x0,0x36,0x0,
  0x20,0x6d,0x77,0x6d,0xb,0x6e,0x29,0x5e,0xa6,0x8,0x0,0x0,0x0,0x0,0x6,0x0,
  0x0,0x0,0x18,0x42,0x69,0x6f,0x6d,0x65,0x20,0x6c,0x61,0x79,0x65,0x72,0x20,0x31,
  0x3a,0x32,0x35,0x36,0x20,0x4f,0x2e,0x54,0x45,0x4d,0x50,0x7,0x0,0x0,0x0,0x6,
  0x46,0x69,0x6c,0x74,0x65,0x72,0x1,0x3,0x0,0x0,0x0,0x16,0x7f,0xa4,0x7c,0xfb,
  0x7b,0x5b,0x90,0x9,0x0,0x20,0x0,0x31,0x0,0x3a,0x0,0x34,0x0,0x20,0x6c,0xb3,
  0x6d,0x41,0x8,0x0,0x0,0x0,0x0,0x6,0x0,0x0,0x0,0x15,0x42,0x69,0x6f,0x6d,
  0x65,0x20,0x6c,0x61,0x79,0x65,0x72,0x20,0x31,0x3a,0x34,0x20,0x52,0x49,0x56,0x45,
  0x52,0x7,0x0,0x0,0x0,0x6,0x46,0x69,0x6c,0x74,0x65,0x72,0x1,0x3,0x0,0x0,
  0x0,0x8,0x7f,0xa4,0x7c,0xfb,0x6b,0xd4,0x4f,0x8b,0x8,0x0,0x0,0x0,0x0,0x6,
  0x0,0x0,0x0,0xd,0x42,0x69,0x6f,0x6d,0x65,0x20,0x73,0x61,0x6d,0x70,0x6c,0x65,
  0x73,0x7,0x0,0x0,0x0,0x6,0x46,0x69,0x6c,0x74,0x65,0x72,0x1,0x3,0x0,0x0,
  0x0,0x4,0x5b,0x9d,0x85,0xcf,0x8,0x0,0x0,0x0,0x0,0x6,0x0,0x0,0x0,0xf,
  0x42,0x75,0x72,0x69,0x65,0x64,0x20,0x74,0x72,0x65,0x61,0x73,0x75,0x72,0x65,0x7,
  0x0,0x0,0x0,0x6,0x46,0x69,0x6c,0x74,0x65,0x72,0x1,0x3,0x0,0x0,0x0,0x42,
  0x5b,0x9d,0x85,0xcf,0x60,0x3b,0x66,0x2f,0x51,0xfa,0x73,0xb0,0x57,0x28,0x53,0x3a,
  0x57,0x57,0x4e,0x2d,0x5f,0xc3,0x96,0x44,0x8f,0xd1,0x80,0xc,0x4e,0xd,0x66,0x2f,
  0x53,0x3a,0x57,0x57,0x8f,0xb9,0x75,0x4c,0x96,0x44,0x8f,0xd1,0x0,0x2c,0x0,0x20,
  0x8b,0xf7,0x54,0x8,0x74,0x6,0x52,0x12,0x5b,0x9a,0x67,0xe5,0x62,0x7e,0x83,0x3,
  0x56,0xf4,0x8,0x0,0x0,0x0,0x0,0x6,0x0,0x0,0x0,0x8d,0x42,0x75,0x72,0x69,
  0x65,0x64,0x20,0x74,0x72,0x65,0x61,0x73,0x75,0x72,0x65,0x73,0x20,0x61,0x72,0x65,
  0x20,0x61,0x6c,0x77,0x61,0x79,0x73,0x20,0x70,0x6f,0x73,0x69,0x74,0x69,0x6f,0x6e,
  0x65,0x64,0x20,0x6e,0x65,0x61,0x72,0x20,0x74,0x68,0x65,0x20,0x63,0x65,0x6e,0x74,
  0x65,0x72,0x20,0x6f,0x66,0x20,0x61,0x20,0x63,0x68,0x75,0x6e,0x6b,0x20,0x72,0x61,
  0x74,0x68,0x65,0x72,0x20,0x74,0x68,0x61,0x6e,0x20,0x61,0x20,0x63,0x68,0x75,0x6e,
  0x6b,0x20,0x62,0x6f,0x61,0x72,0x64,0x65,0x72,0x2e,0x20,0x4d,0x61,0x6b,0x65,0x20,
  0x73,0x75,0x72,0x65,0x20,0x74,0x68,0x65,0x20,0x74,0x65,0x73,0x74,0x69,0x6e,0x67,
  0x20,0x61,0x72,0x65,0x61,0x20,0x69,0x73,0x20,0x73,0x65,0x74,0x20,0x61,0x63,0x63,
  0x6f,0x72,0x64,0x69,0x6e,0x67,0x6c,0x79,0x2e,0x7,0x0,0x0,0x0,0x6,0x46,0x69,
  0x6c,0x74,0x65,0x72,0x1,0x3,0x0,0x0,0x0,0x28,0x4e,0xe5,0x0,0x31,0x0,0x3a,
  0x0,0x34,0x76,0x84,0x6b,0xd4,0x4f,0x8b,0x57,0x28,0x67,0xd0,0x4e,0x2a,0x57,0x50,
  0x68,0x7,0x68,0xc0,0x67,0xe5,0x59,0x27,0x81,0xf4,0x57,0x30,0x88,0x68,0x9a,0xd8,
  0x5e,0xa6,0x8,0x0,0x0,0x0,0x0,0x6,0x0,0x0,0x0,0x49,0x43,0x68,0x65,0x63,
  0x6b,0x20,0x74,0x68,0x65,0x20,0x61,0x70,0x70,0x72,0x6f,0x78,0x69,0x6d,0x61,0x74,
  0x65,0x20,0x73,0x75,0x72,0x66,0x61,0x63,0x65,0x20,0x68,0x65,0x69,0x67,0x68,0x74,
  0x20,0x61,0x74,0x20,0x73,0x63,0x61,0x6c,0x65,0x20,0x31,0x3a,0x34,0x20,0x61,0x74,
  0x20,0x61,0x20,0x73,0x69,0x6e,0x67,0x6c,0x65,0x20,0x63,0x6f,0x6f,0x72,0x64,0x69,
  0x6e,0x61,0x74,0x65,0x2e,0x7,0x0,0x0,0x0,0x6,0x46,0x69,0x6c,0x74,0x65,0x72,
  0x1,0x3,0x0,0x0,0x0,0x2a,0x72,0x79,0x63,0x7,0x8f,0xd4,0x7a,0xb,0x62,0x98,
  0x8d,0xc3,0x95,0xe8,0x0,0x2c,0x0,0x20,0x80,0xc,0x97,0x5e,0x90,0xa3,0x4e,0x9b,
  0x4f,0x60,0x62,0x53,0x9f,0x99,0x5f,0x0,0x76,0x84,0x62,0x98,0x8d,0xc3,0x95,0xe8,
  0x8,0x0,0x0,0x0,0x0,0x6,0x0,0x0,0x0,0x62,0x43,0x68,0x65,0x63,0x6b,0x73,
  0x20,0x6f,0x6e,0x6c,0x79,0x20,0x73,0x63,0x61,0x74,0x74,0x65,0x72,0x65,0x64,0x20,
  0x72,0x65,0x74,0x75,0x72,0x6e,0x20,0x67,0x61,0x74,0x65,0x77,0x61,0x79,0x73,0x2e,
  0x20,0x44,0x6f,0x65,0x73,0x20,0x6e,0x6f,0x74,0x20,0x69,0x6e,0x63,0x6c,0x75,0x64,
  0x65,0x20,0x74,0x68,0x6f,0x73,0x65,0x20,0x67,0x65,0x6e,0x65,0x72,0x61,0x74,0x65,
  0x64,0x20,0x77,0x68,0x65,0x6e,0x20,0x64,0x65,0x66,0x65,0x61,0x74,0x69,0x6e,0x67,
  0x20,0x74,0x68,0x65,0x20,0x64,0x72,0x61,0x67,0x6f,0x6e,0x2e,0x7,0x0,0x0,0x0,
  0x6,0x46,0x69,0x6c,0x74,0x65,0x72,0x1,0x3,0x0,0x0,0x0,0x34,0x68,0xc0,0x67,
  0xe5,0x8f,0xd9,0x57,0x57,0x53,0x3a,0x57,0xdf,0x66,0x2f,0x54,0x26,0x53,0x5,0x54,
  0x2b,0x59,0x27,0x4e,0x8e,0x7b,0x49,0x4e,0x8e,0x4f,0x60,0x62,0x40,0x63,0x7,0x5b,
  0x9a,0x76,0x84,0x65,0x70,0x76,0xee,0x76,0x84,0x6e,0x29,0x5e,0xa6,0x7f,0xa4,0x7c,
  0xfb,0x8,0x0,0x0,0x0,0x0,0x6,0x0,0x0,0x0,0x4e,0x43,0x68,0x65,0x63,0x6b,
  0x73,0x20,0x74,0x68,0x61,0x74,0x20,0x74,0x68,0x65,0x20,0x61,0x72,0x65,0x61,0x20,
  0x68,0x61,0x73,0x20,0x61,0x20,0x6d,0x69,0x6e,0x69,0x6d,0x75,0x6d,0x20,0x6f,0x66,
  0x20,0x61,0x6c,0x6c,0x20,0x74,0x68,0x65,0x20,0x72,0x65,0x71,0x75,0x69,0x72,0x65,
  0x64,0x20,0x74,0x65,0x6d,0x70,0x65,0x72,0x61,0x74,0x75,0x72,0x65,0x20,0x63,0x61,
  0x74,0x65,0x67,0x6f,0x72,0x69,0x65,0x73,0x2e,0x7,0x0,0x0,0x0,0x6,0x46,0x69,
  0x6c,0x74,0x65,0x72,0x1,0x3,0x0,0x0,0x0,0x10,0x6c,0x14,0x50,0x19,0x53,0xc2,
  0x65,0x70,0x56,0x6a,0x58,0xf0,0x91,0xc7,0x68,0x37,0x8,0x0,0x0,0x0,0x0,0x6,
  0x0,0x0,0x0,0x15,0x43,0x6c,0x69,0x6d,0x61,0x74,0x65,0x20,0x6e,0x6f,0x69,0x73,
  0x65,0x20,0x73,0x61,0x6d,0x70,0x6c,0x65,0x73,0x7,0x0,0x0,0x0,0x6,0x46,0x69,
  0x6c,0x74,0x65,0x72,0x1,0x3,0x0,0x0,0x0,0xc,0x7f,0xa4,0x7c,0xfb,0x6c,0x14,
  0x50,0x19,0x53,0xc2,0x65,0x70,0x8,0x0,0x0,0x0,0x0,0x6,0x0,0x0,0x0,0x12,
  0x43,0x6c,0x69,0x6d,0x61,0x74,0x65,0x20,0x70,0x61,0x72,0x61,0x6d,0x65,0x74,0x65,
  0x72,0x73,0x7,0x0,0x0,0x0,0x6,0x46,0x69,0x6c,0x74,0x65,0x72,0x1,0x3,0x0,
  0x0,0x0,0xe,0x67,0x61,0x4e,0xf6,0x0,0x20,0x0,0x25,0x0,0x31,0x0,0x3a,0x0,
  0xa,0x8,0x0,0x0,0x0,0x0,0x6,0x0,0x0,0x0,0xe,0x43,0x6f,0x6e,0x64,0x69,
  0x74,0x69,0x6f,0x6e,0x20,0x25,0x31,0x3a,0xa,0x7,0x0,0x0,0x0,0x6,0x46,0x69,
  0x6c,0x74,0x65,0x72,0x1,0x3,0x0,0x0,0x0,0x4,0x67,0x61,0x4e,0xf6,0x8,0x0,
  0x0,0x0,0x0,0x6,0x0,0x0,0x0,0xa,0x43,0x6f,0x6e,0x64,0x69,0x74,0x69,0x6f,
  0x6e,0x73,0x7,0x0,0x0,0x0,0x6,0x46,0x69,0x6c,0x74,0x65,0x72,0x1,0x3,0x0,
  0x0,0x0,0x10,0x57,0x50,0x68,0x7,0x7c,0xfb,0x65,0x70,0x0,0x20,0x0,0x58,0x0,
  0x2a,0x0,0x38,0x8,0x0,0x0,0x0,0x0,0x6,0x0,0x0,0x0,0x15,0x43,0x6f,0x6f,
  0x72,0x64,0x69,0x6e,0x61,0x74,0x65,0x20,0x66,0x61,0x63,0x74,0x6f,0x72,0x20,0x78,
  0x2a,0x38,0x7,0x0,0x0,0x0,0x6,0x46,0x69,0x6c,0x74,0x65,0x72,0x1,0x3,0x0,
  0x0,0x0,0x10,0x57,0x50,0x68,0x7,0x7c,0xfb,0x65,0x70,0x0,0x20,0x0,0x58,0x0,
  0x2f,0x0,0x38,0x8,0x0,0x0,0x0,0x0,0x6,0x0,0x0,0x0,0x15,0x43,0x6f,0x6f,
  0x72,0x64,0x69,0x6e,0x61,0x74,0x65,0x20,0x66,0x61,0x63,0x74,0x6f,0x72,0x20,0x78,
  0x2f,0x38,0x7,0x0,0x0,0x0,0x6,0x46,0x69,0x6c,0x74,0x65,0x72,0x1,0x3,0x0,
  0x0,0x0,0x24,0x81,0xea,0x5b,0x9a,0x4e,0x49,0x63,0x7,0x5b,0x9a,0x53,0x3a,0x57,
  0xdf,0x51,0x85,0x76,0x84,0x7f,0xa4,0x7c,0xfb,0x76,0x84,0x6c,0x14,0x50,0x19,0x53,
  0xc2,0x65,0x70,0x96,0x50,0x52,0x36,0x8,0x0,0x0,0x0,0x0,0x6,0x0,0x0,0x0,
  0x69,0x43,0x75,0x73,0x74,0x6f,0x6d,0x20,0x6c,0x69,0x6d,0x69,0x74,0x73,0x20,0x66,
  0x6f,0x72,0x20,0x74,0x68,0x65,0x20,0x72,0x65,0x71,0x75,0x69,0x72,0x65,0x64,0x20,
  0x61,0x6e,0x64,0x20,0x61,0x6c,0x6c,0x6f,0x77,0x65,0x64,0x20,0x63,0x6c,0x69,0x6d,
  0x61,0x74,0x65,0x20,0x6e,0x6f,0x69,0x73,0x65,0x20,0x70,0x61,0x72,0x61,0x6d,0x65,
  0x74,0x65,0x72,0x73,0x20,0x74,0x68,0x61,0x74,0x20,0x74,0x68,0x65,0x20,0x73,0x70,
  0x65,0x63,0x69,0x66,0x69,0x65,0x64,0x20,0x61,0x72,0x65,0x61,0x20,0x73,0x68,0x6f,
  0x75,0x6c,0x64,0x20,0x63,0x6f,0x76,0x65,0x72,0x2e,0x7,0x0,0x0,0x0,0x6,0x46,
  0x69,0x6c,0x74,0x65,0x72,0x1,0x3,0x0,0x0,0x0,0x18,0x4f,0x7f,0x75,0x28,0x0,
  0x4c,0x0,0x75,0x0,0x61,0x81,0x1a,0x67,0x2c,0x81,0xea,0x5b,0x9a,0x4e,0x49,0x67,
  0x61,0x4e,0xf6,0x8,0x0,0x0,0x0,0x0,0x6,0x0,0x0,0x0,0x2b,0x44,0x65,0x66,
  0x69,0x6e,0x65,0x20,0x63,0x75,0x73,0x74,0x6f,0x6d,0x20,0x63,0x6f,0x6e,0x64,0x69,
  0x74,0x69,0x6f,0x6e,0x73,0x20,0x75,0x73,0x69,0x6e,0x67,0x20,0x4c,0x75,0x61,0x20,
  0x73,0x63,0x72,0x69,0x70,0x74,0x73,0x2e,0x7,0x0,0x0,0x0,0x6,0x46,0x69,0x6c,
  0x74,0x65,0x72,0x1,0x3,0x0,0x0,0x0,0x8,0x6c,0x99,0x6f,0x20,0x79,0x5e,0x6b,
  0xbf,0x8,0x0,0x0,0x0,0x0,0x6,0x0,0x0,0x0,0xe,0x44,0x65,0x73,0x65,0x72,
  0x74,0x20,0x70,0x79,0x72,0x61,0x6d,0x69,0x64,0x7,0x0,0x0,0x0,0x6,0x46,0x69,
  0x6c,0x74,0x65,0x72,0x1,0x3,0x0,0x0,0x0,0x8,0x6c,0x99,0x6f,0x20,0x6c,0x34,
  0x4e,0x95,0x8,0x0,0x0,0x0,0x0,0x6,0x0,0x0,0x0,0xb,0x44,0x65,0x73,0x65,
  0x72,0x74,0x20,0x77,0x65,0x6c,0x6c,0x7,0x0,0x0,0x0,0x6,0x46,0x69,0x6c,0x74,
  0x65,0x72,0x1,0x3,0x0,0x0,0x0,0x2a,0x5c,0x6,0x57,0x50,0x68,0x7,0x96,0x64,
  0x4e,0xe5,0x0,0x38,0x0,0x2c,0x0,0x20,0x75,0x28,0x4f,0x5c,0x4e,0x3b,0x4e,0x16,
  0x75,0x4c,0x52,0x30,0x57,0x30,0x72,0xf1,0x76,0x84,0x57,0x50,0x68,0x7,0x8f,0x6c,
  0x63,0x62,0x8,0x0,0x0,0x0,0x0,0x6,0x0,0x0,0x0,0x39,0x44,0x69,0x76,0x69,
  0x64,0x65,0x73,0x20,0x72,0x65,0x6c,0x61,0x74,0x69,0x76,0x65,0x20,0x6c,0x6f,0x63,
  0x61,0x74,0x69,0x6f,0x6e,0x20,0x62,0x79,0x20,0x38,0x2c,0x20,0x66,0x72,0x6f,0x6d,
  0x20,0x4f,0x76,0x65,0x72,0x77,0x6f,0x72,0x6c,0x64,0x20,0x74,0x6f,0x20,0x4e,0x65,
  0x74,0x68,0x65,0x72,0x2e,0x7,0x0,0x0,0x0,0x6,0x46,0x69,0x6c,0x74,0x65,0x72,
  0x1,0x3,0x0,0x0,0x0,0x8,0x67,0x2b,0x57,0x30,0x7f,0xa4,0x7c,0xfb,0x8,0x0,
  0x0,0x0,0x0,0x6,0x0,0x0,0x0,0xc,0x45,0x6e,0x64,0x20,0x61,0x74,0x20,0x73,
  0x63,0x61,0x6c,0x65,0x7,0x0,0x0,0x0,0x6,0x46,0x69,0x6c,0x74,0x65,0x72,0x1,
  0x3,0x0,0x0,0x0,0x18,0x4e,0xe5,0x4e,0x0,0x5b,0x9a,0x6b,0xd4,0x4f,0x8b,0x53,
  0xd6,0x68,0x37,0x76,0x84,0x67,0x2b,0x57,0x30,0x7f,0xa4,0x7c,0xfb,0x8,0x0,0x0,
  0x0,0x0,0x6,0x0,0x0,0x0,0x24,0x45,0x6e,0x64,0x20,0x62,0x69,0x6f,0x6d,0x65,
  0x73,0x20,0x73,0x61,0x6d,0x70,0x6c,0x65,0x64,0x20,0x6f,0x6e,0x20,0x61,0x20,0x73,
  0x63,0x61,0x6c,0x65,0x64,0x20,0x67,0x72,0x69,0x64,0x2e,0x7,0x0,0x0,0x0,0x6,
  0x46,0x69,0x6c,0x74,0x65,0x72,0x1,0x3,0x0,0x0,0x0,0x6,0x67,0x2b,0x57,0x30,
  0x57,0xce,0x8,0x0,0x0,0x0,0x0,0x6,0x0,0x0,0x0,0x8,0x45,0x6e,0x64,0x20,
  0x63,0x69,0x74,0x79,0x7,0x0,0x0,0x0,0x6,0x46,0x69,0x6c,0x74,0x65,0x72,0x1,
  0x3,0x0,0x0,0x0,0x12,0x67,0x2b,0x57,0x30,0x0,0x28,0x8f,0xd4,0x7a,0xb,0x0,
  0x29,0x62,0x98,0x8d,0xc3,0x95,0xe8,0x8,0x0,0x0,0x0,0x0,0x6,0x0,0x0,0x0,
  0xb,0x45,0x6e,0x64,0x20,0x67,0x61,0x74,0x65,0x77,0x61,0x79,0x7,0x0,0x0,0x0,
  0x6,0x46,0x69,0x6c,0x74,0x65,0x72,0x1,0x3,0x0,0x0,0x0,0x3a,0x7b,0x26,0x54,
  0x8,0x51,0x76,0x4e,0x2d,0x4e,0xfb,0x4e,0x0,0x67,0x61,0x4e,0xf6,0x53,0x73,0x8f,
  0xd4,0x56,0xde,0x0,0x74,0x0,0x72,0x0,0x75,0x0,0x65,0x0,0x2c,0x0,0x20,0x6c,
  0xa1,0x67,0x9,0x67,0x61,0x4e,0xf6,0x65,0xf6,0x9e,0xd8,0x8b,0xa4,0x4e,0x3a,0x0,
  0x74,0x0,0x72,0x0,0x75,0x0,0x65,0x8,0x0,0x0,0x0,0x0,0x6,0x0,0x0,0x0,
  0x9f,0x45,0x76,0x61,0x6c,0x75,0x61,0x74,0x65,0x73,0x20,0x61,0x73,0x20,0x74,0x72,
  0x75,0x65,0x20,0x77,0x68,0x65,0x6e,0x20,0x61,0x6e,0x79,0x20,0x6f,0x66,0x20,0x74,
  0x68,0x65,0x20,0x63,0x6f,0x6e,0x64,0x69,0x74,0x69,0x6f,0x6e,0x73,0x20,0x74,0x68,
  0x61,0x74,0x20,0x72,0x65,0x66,0x65,0x72,0x65,0x6e,0x63,0x65,0x20,0x69,0x74,0x20,
  0x28,0x62,0x79,0x20,0x72,0x65,0x6c,0x61,0x74,0x69,0x76,0x65,0x20,0x6c,0x6f,0x63,
  0x61,0x74,0x69,0x6f,0x6e,0x29,0x20,0x61,0x72,0x65,0x20,0x6d,0x65,0x74,0x2e,0x20,
  0x57,0x68,0x65,0x6e,0x20,0x6e,0x6f,0x20,0x72,0x65,0x66,0x65,0x72,0x65,0x6e,0x63,
  0x69,0x6e,0x67,0x20,0x63,0x6f,0x6e,0x64,0x69,0x74,0x69,0x6f,0x6e,0x73,0x20,0x61,
  0x72,0x65,0x20,0x64,0x65,0x66,0x69,0x6e,0x65,0x64,0x2c,0x20,0x69,0x74,0x20,0x64,
  0x65,0x66,0x61,0x75,0x6c,0x74,0x73,0x20,0x74,0x6f,0x20,0x74,0x72,0x75,0x65,0x2e,
  0x7,0x0,0x0,0x0,0x6,0x46,0x69,0x6c,0x74,0x65,0x72,0x1,0x3,0x0,0x0,0x0,
  0x3c,0x6c,0xa1,0x67,0x9,0x4e,0xfb,0x4f,0x55,0x7b,0x26,0x54,0x8,0x76,0x84,0x67,
  0x61,0x4e,0xf6,0x62,0x4d,0x8f,0xd4,0x56,0xde,0x0,0x74,0x0,0x72,0x0,0x75,0x0,
  0x65,0x0,0x2c,0x0,0x20,0x6c,0xa1,0x67,0x9,0x67,0x61,0x4e,0xf6,0x65,0xf6,0x9e,
  0xd8,0x8b,0xa4,0x4e,0x3a,0x0,0x74,0x0,0x72,0x0,0x75,0x0,0x65,0x8,0x0,0x0,
  0x0,0x0,0x6,0x0,0x0,0x0,0xa0,0x45,0x76,0x61,0x6c,0x75,0x61,0x74,0x65,0x73,
  0x20,0x61,0x73,0x20,0x74,0x72,0x75,0x65,0x20,0x77,0x68,0x65,0x6e,0x20,0x6e,0x6f,
  0x6e,0x65,0x20,0x6f,0x66,0x20,0x74,0x68,0x65,0x20,0x63,0x6f,0x6e,0x64,0x69,0x74,
  0x69,0x6f,0x6e,0x73,0x20,0x74,0x68,0x61,0x74,0x20,0x72,0x65,0x66,0x65,0x72,0x65,
  0x6e,0x63,0x65,0x20,0x69,0x74,0x20,0x28,0x62,0x79,0x20,0x72,0x65,0x6c,0x61,0x74,
  0x69,0x76,0x65,0x20,0x6c,0x6f,0x63,0x61,0x74,0x69,0x6f,0x6e,0x29,0x20,0x61,0x72,
  0x65,0x20,0x6d,0x65,0x74,0x2e,0x20,0x57,0x68,0x65,0x6e,0x20,0x6e,0x6f,0x20,0x72,
  0x65,0x66,0x65,0x72,0x65,0x6e,0x63,0x69,0x6e,0x67,0x20,0x63,0x6f,0x6e,0x64,0x69,
  0x74,0x69,0x6f,0x6e,0x73,0x20,0x61,0x72,0x65,0x20,0x64,0x65,0x66,0x69,0x6e,0x65,
  0x64,0x2c,0x20,0x69,0x74,0x20,0x64,0x65,0x66,0x61,0x75,0x6c,0x74,0x73,0x20,0x74,
  0x6f,0x20,0x74,0x72,0x75,0x65,0x2e,0x7,0x0,0x0,0x0,0x6,0x46,0x69,0x6c,0x74,
  0x65,0x72,0x1,0x3,0x0,0x0,0x0,0x42,0x4e,0xc5,0x4f,0x9d,0x97,0x60,0x4f,0x4e,
  0x0,0x34,0x0,0x38,0x4f,0x4d,0x0,0x28,0x4e,0x8c,0x8f,0xdb,0x52,0x36,0x0,0x29,
  0x62,0x7e,0x52,0x30,0x7b,0x2c,0x4e,0x0,0x4e,0x2a,0x89,0x81,0x58,0x5e,0x76,0x84,
  0x59,0x27,0x81,0xf4,0x4f,0x4d,0x7f,0x6e,0x0,0x28,0x0,0x2b,0x0,0x2f,0x0,0x2d,
  0x0,0x31,0x0,0x31,0x0,0x32,0x68,0x3c,0x0,0x29,0x8,0x0,0x0,0x0,0x0,0x6,
  0x0,0x0,0x0,0x68,0x46,0x69,0x6e,0x64,0x73,0x20,0x74,0x68,0x65,0x20,0x61,0x70,
  0x70,0x72,0x6f,0x78,0x6d,0x69,0x61,0x74,0x65,0x20,0x6c,0x6f,0x63,0x61,0x74,0x69,
  0x6f,0x6e,0x20,0x6f,0x66,0x20,0x74,0x68,0x65,0x20,0x66,0x69,0x72,0x73,0x74,0x20,
  0x73,0x74,0x72,0x6f,0x6e,0x67,0x68,0x6f,0x6c,0x64,0x20,0x28,0x2b,0x2f,0x2d,0x31,
  0x31,0x32,0x20,0x62,0x6c,0x6f,0x63,0x6b,0x73,0x29,0x2e,0x20,0x44,0x65,0x70,0x65,
  0x6e,0x64,0x73,0x20,0x6f,0x6e,0x6c,0x79,0x20,0x6f,0x6e,0x20,0x74,0x68,0x65,0x20,
  0x34,0x38,0x2d,0x62,0x69,0x74,0x20,0x73,0x65,0x65,0x64,0x2e,0x7,0x0,0x0,0x0,
  0x6,0x46,0x69,0x6c,0x74,0x65,0x72,0x1,0x3,0x0,0x0,0x0,0x14,0x62,0x7e,0x52,
  0x30,0x7e,0xd9,0x5b,0x9a,0x7f,0xa4,0x7c,0xfb,0x76,0x84,0x4e,0x2d,0x5f,0xc3,0x70,
  0xb9,0x8,0x0,0x0,0x0,0x0,0x6,0x0,0x0,0x0,0x2b,0x46,0x69,0x6e,0x64,0x73,
  0x20,0x74,0x68,0x65,0x20,0x63,0x65,0x6e,0x74,0x65,0x72,0x20,0x70,0x6f,0x73,0x69,
  0x74,0x69,0x6f,0x6e,0x20,0x6f,0x66,0x20,0x61,0x20,0x67,0x69,0x76,0x65,0x6e,0x20,
  0x62,0x69,0x6f,0x6d,0x65,0x2e,0x7,0x0,0x0,0x0,0x6,0x46,0x69,0x6c,0x74,0x65,
  0x72,0x1,0x3,0x0,0x0,0x0,0x28,0x57,0xfa,0x4e,0x8e,0x0,0x31,0x0,0x3a,0x0,
  0x32,0x0,0x35,0x0,0x36,0x7f,0xa4,0x7c,0xfb,0x5c,0x42,0x62,0x7e,0x52,0x30,0x7e,
  0xd9,0x5b,0x9a,0x7f,0xa4,0x7c,0xfb,0x76,0x84,0x4e,0x2d,0x5f,0xc3,0x70,0xb9,0x8,
  0x0,0x0,0x0,0x0,0x6,0x0,0x0,0x0,0x4b,0x46,0x69,0x6e,0x64,0x73,0x20,0x74,
  0x68,0x65,0x20,0x63,0x65,0x6e,0x74,0x65,0x72,0x20,0x70,0x6f,0x73,0x69,0x74,0x69,
  0x6f,0x6e,0x20,0x6f,0x66,0x20,0x61,0x20,0x67,0x69,0x76,0x65,0x6e,0x20,0x62,0x69,
  0x6f,0x6d,0x65,0x2e,0x20,0x42,0x61,0x73,0x65,0x64,0x20,0x6f,0x6e,0x20,0x74,0x68,
  0x65,0x20,0x31,0x3a,0x32,0x35,0x36,0x20,0x62,0x69,0x6f,0x6d,0x65,0x20,0x6c,0x61,
  0x79,0x65,0x72,0x2e,0x7,0x0,0x0,0x0,0x6,0x46,0x69,0x6c,0x74,0x65,0x72,0x1,
  0x3,0x0,0x0,0x0,0x1a,0x62,0x7e,0x52,0x30,0x8b,0xe5,0x53,0x3a,0x57,0xdf,0x4e,
  0x2d,0x6c,0x14,0x50,0x19,0x53,0xc2,0x65,0x70,0x76,0x84,0x67,0x81,0x50,0x3c,0x8,
  0x0,0x0,0x0,0x0,0x6,0x0,0x0,0x0,0x4c,0x46,0x69,0x6e,0x64,0x73,0x20,0x74,
  0x68,0x65,0x20,0x6c,0x6f,0x63,0x61,0x74,0x69,0x6f,0x6e,0x20,0x77,0x68,0x65,0x72,
  0x65,0x20,0x61,0x20,0x63,0x6c,0x69,0x6d,0x61,0x74,0x65,0x20,0x70,0x61,0x72,0x61,
  0x6d,0x65,0x74,0x65,0x72,0x20,0x72,0x65,0x61,0x63,0x68,0x65,0x73,0x20,0x69,0x74,
  0x73,0x20,0x6d,0x69,0x6e,0x69,0x6d,0x75,0x6d,0x20,0x6f,0x72,0x20,0x6d,0x61,0x78,
  0x69,0x6d,0x75,0x6d,0x2e,0x7,0x0,0x0,0x0,0x6,0x46,0x69,0x6c,0x74,0x65,0x72,
  0x1,0x3,0x0,0x0,0x0,0x8,0x99,0x96,0x4e,0x2a,0x89,0x81,0x58,0x5e,0x8,0x0,
  0x0,0x0,0x0,0x6,0x0,0x0,0x0,0x10,0x46,0x69,0x72,0x73,0x74,0x20,0x73,0x74,
  0x72,0x6f,0x6e,0x67,0x68,0x6f,0x6c,0x64,0x7,0x0,0x0,0x0,0x6,0x46,0x69,0x6c,
  0x74,0x65,0x72,0x1,0x3,0x0,0x0,0x0,0x4,0x51,0xb0,0x5c,0x4b,0x8,0x0,0x0,
  0x0,0x0,0x6,0x0,0x0,0x0,0x5,0x49,0x67,0x6c,0x6f,0x6f,0x7,0x0,0x0,0x0,
  0x6,0x46,0x69,0x6c,0x74,0x65,0x72,0x1,0x3,0x0,0x0,0x0,0x9e,0x6c,0xe8,0x61,
  0xf,0x0,0x2c,0x0,0x20,0x57,0x28,0x0,0x31,0x0,0x2e,0x0,0x31,0x0,0x38,0x4e,
  0x2d,0x0,0x2c,0x0,0x20,0x67,0x97,0x57,0x30,0x5e,0x9c,0x90,0xb8,0x30,0x1,0x6c,
  0x99,0x6f,0x20,0x79,0x5e,0x6b,0xbf,0x54,0x8c,0x4e,0x1b,0x67,0x97,0x79,0x5e,0x6b,
  0xbf,0x76,0x84,0x75,0x1f,0x62,0x10,0x8f,0xd8,0x4f,0x1a,0x80,0x3,0x86,0x51,0x51,
  0x76,0x88,0x68,0x97,0x62,0x76,0x84,0x9a,0xd8,0x5e,0xa6,0x0,0x2c,0x0,0x20,0x62,
  0x40,0x4e,0xe5,0x51,0x76,0x57,0x28,0xff,0x8,0x54,0x2b,0x6c,0x34,0xff,0x9,0x6d,
  0x1e,0x7a,0x74,0x30,0x1,0x6c,0xb3,0x6d,0x41,0x62,0x16,0x80,0x5,0x6d,0x77,0x6d,
  0xb,0x7f,0xa4,0x7c,0xfb,0xff,0x8,0x75,0x1a,0x81,0xf3,0x66,0x2f,0x8f,0x83,0x9a,
  0xd8,0x76,0x84,0x6c,0x99,0x4e,0x18,0xff,0x9,0x54,0x68,0x56,0xf4,0x53,0xef,0x80,
  0xfd,0x4f,0x1a,0x75,0x1f,0x62,0x10,0x59,0x31,0x8d,0x25,0x8,0x0,0x0,0x0,0x0,
  0x6,0x0,0x0,0x0,0x7b,0x49,0x6e,0x20,0x76,0x65,0x72,0x73,0x69,0x6f,0x6e,0x20,
  0x31,0x2e,0x31,0x38,0x2b,0x2c,0x20,0x64,0x65,0x73,0x65,0x72,0x74,0x20,0x70,0x79,
  0x72,0x61,0x6d,0x69,0x64,0x73,0x20,0x64,0x65,0x70,0x65,0x6e,0x64,0x20,0x6f,0x6e,
  0x20,0x73,0x75,0x72,0x66,0x61,0x63,0x65,0x20,0x68,0x65,0x69,0x67,0x68,0x74,0x20,
  0x61,0x6e,0x64,0x20,0x6d,0x61,0x79,0x20,0x66,0x61,0x69,0x6c,0x20,0x74,0x6f,0x20,
  0x67,0x65,0x6e,0x65,0x72,0x61,0x74,0x65,0x20,0x6e,0x65,0x61,0x72,0x20,0x63,0x61,
  0x76,0x65,0x73,0x2f,0x61,0x71,0x75,0x69,0x66,0x65,0x72,0x73,0x2c,0x20,0x72,0x69,
  0x76,0x65,0x72,0x73,0x20,0x61,0x6e,0x64,0x20,0x6f,0x63,0x65,0x61,0x6e,0x73,0x2e,
  0x7,0x0,0x0,0x0,0x6,0x46,0x69,0x6c,0x74,0x65,0x72,0x1,0x3,0x0,0x0,0x0,
  0x9e,0x6c,0xe8,0x61,0xf,0x0,0x2c,0x0,0x20,0x57,0x28,0x0,0x31,0x0,0x2e,0x0,
  0x31,0x0,0x38,0x4e,0x2d,0x0,0x2c,0x0,0x20,0x67,0x97,0x57,0x30,0x5e,0x9c,0x90,
  0xb8,0x30,0x1,0x6c,0x99,0x6f,0x20,0x79,0x5e,0x6b,0xbf,0x54,0x8c,0x4e,0x1b,0x67,
  0x97,0x79,0x5e,0x6b,0xbf,0x76,0x84,0x75,0x1f,0x62,0x10,0x8f,0xd8,0x4f,0x1a,0x80,
  0x3,0x86,0x51,0x51,0x76,0x88,0x68,0x97,0x62,0x76,0x84,0x9a,0xd8,0x5e,0xa6,0x0,
  0x2c,0x0,0x20,0x62,0x40,0x4e,0xe5,0x51,0x76,0x57,0x28,0xff,0x8,0x54,0x2b,0x6c,
  0x34,0xff,0x9,0x6d,0x1e,0x7a,0x74,0x30,0x1,0x6c,0xb3,0x6d,0x41,0x62,0x16,0x80,
  0x5,0x6d,0x77,0x6d,0xb,0x7f,0xa4,0x7c,0xfb,0xff,0x8,0x75,0x1a,0x81,0xf3,0x66,
  0x2f,0x8f,0x83,0x9a,0xd8,0x76,0x84,0x6c,0x99,0x4e,0x18,0xff,0x9,0x54,0x68,0x56,
  0xf4,0x53,0xef,0x80,0xfd,0x4f,0x1a,0x75,0x1f,0x62,0x10,0x59,0x31,0x8d,0x25,0x8,
  0x0,0x0,0x0,0x0,0x6,0x0,0x0,0x0,0x7a,0x49,0x6e,0x20,0x76,0x65,0x72,0x73,
  0x69,0x6f,0x6e,0x20,0x31,0x2e,0x31,0x38,0x2b,0x2c,0x20,0x6a,0x75,0x6e,0x67,0x6c,
  0x65,0x20,0x74,0x65,0x6d,0x70,0x6c,0x65,0x73,0x20,0x64,0x65,0x70,0x65,0x6e,0x64,
  0x20,0x6f,0x6e,0x20,0x73,0x75,0x72,0x66,0x61,0x63,0x65,0x20,0x68,0x65,0x69,0x67,
  0x68,0x74,0x20,0x61,0x6e,0x64,0x20,0x6d,0x61,0x79,0x20,0x66,0x61,0x69,0x6c,0x20,
  0x74,0x6f,0x20,0x67,0x65,0x6e,0x65,0x72,0x61,0x74,0x65,0x20,0x6e,0x65,0x61,0x72,
  0x20,0x63,0x61,0x76,0x65,0x73,0x2f,0x61,0x71,0x75,0x69,0x66,0x65,0x72,0x73,0x2c,
  0x20,0x72,0x69,0x76,0x65,0x72,0x73,0x20,0x61,0x6e,0x64,0x20,0x6f,0x63,0x65,0x61,
  0x6e,0x73,0x2e,0x7,0x0,0x0,0x0,0x6,0x46,0x69,0x6c,0x74,0x65,0x72,0x1,0x3,
  0x0,0x0,0x0,0x9e,0x6c,0xe8,0x61,0xf,0x0,0x2c,0x0,0x20,0x57,0x28,0x0,0x31,
  0x0,0x2e,0x0,0x31,0x0,0x38,0x4e,0x2d,0x0,0x2c,0x0,0x20,0x67,0x97,0x57,0x30,
  0x5e,0x9c,0x90,0xb8,0x30,0x1,0x6c,0x99,0x6f,0x20,0x79,0x5e,0x6b,0xbf,0x54,0x8c,
  0x4e,0x1b,0x67,0x97,0x79,0x5e,0x6b,0xbf,0x76,0x84,0x75,0x1f,0x62,0x10,0x8f,0xd8,
  0x4f,0x1a,0x80,0x3,0x86,0x51,0x51,0x76,0x88,0x68,0x97,0x62,0x76,0x84,0x9a,0xd8,
  0x5e,0xa6,0x0,0x2c,0x0,0x20,0x62,0x40,0x4e,0xe5,0x51,0x76,0x57,0x28,0xff,0x8,
  0x54,0x2b,0x6c,0x34,0xff,0x9,0x6d,0x1e,0x7a,0x74,0x30,0x1,0x6c,0xb3,0x6d,0x41,
  0x62,0x16,0x80,0x5,0x6d,0x77,0x6d,0xb,0x7f,0xa4,0x7c,0xfb,0xff,0x8,0x75,0x1a,
  0x81,0xf3,0x66,0x2f,0x8f,0x83,0x9a,0xd8,0x76,0x84,0x6c,0x99,0x4e,0x18,0xff,0x9,
  0x54,0x68,0x56,0xf4,0x53,0xef,0x80,0xfd,0x4f,0x1a,0x75,0x1f,0x62,0x10,0x59,0x31,
  0x8d,0x25,0x8,0x0,0x0,0x0,0x0,0x6,0x0,0x0,0x0,0x74,0x49,0x6e,0x20,0x76,
  0x65,0x72,0x73,0x69,0x6f,0x6e,0x20,0x31,0x2e,0x31,0x38,0x2b,0x2c,0x20,0x6d,0x61,
  0x6e,0x73,0x69,0x6f,0x6e,0x73,0x20,0x64,0x65,0x70,0x65,0x6e,0x64,0x20,0x6f,0x6e,
  0x20,0x73,0x75,0x72,0x66,0x61,0x63,0x65,0x20,0x68,0x65,0x69,0x67,0x68,0x74,0x20,
  0x61,0x6e,0x64,0x20,0x6d,0x61,0x79,0x20,0x66,0x61,0x69,0x6c,0x20,0x74,0x6f,0x20,
  0x67,0x65,0x6e,0x65,0x72,0x61,0x74,0x65,0x20,0x6e,0x65,0x61,0x72,0x20,0x63,0x61,
  0x76,0x65,0x73,0x2f,0x61,0x71,0x75,0x69,0x66,0x65,0x72,0x73,0x2c,0x20,0x72,0x69,
  0x76,0x65,0x72,0x73,0x20,0x61,0x6e,0x64,0x20,0x6f,0x63,0x65,0x61,0x6e,0x73,0x2e,
  0x7,0x0,0x0,0x0,0x6,0x46,0x69,0x6c,0x74,0x65,0x72,0x1,0x3,0x0,0x0,0x0,
  0x8,0x4e,0x1b,0x67,0x97,0x79,0x5e,0x6b,0xbf,0x8,0x0,0x0,0x0,0x0,0x6,0x0,
  0x0,0x0,0xd,0x4a,0x75,0x6e,0x67,0x6c,0x65,0x20,0x74,0x65,0x6d,0x70,0x6c,0x65,
  0x7,0x0,0x0,0x0,0x6,0x46,0x69,0x6c,0x74,0x65,0x72,0x1,0x3,0x0,0x0,0x0,
  0xc,0x5b,0x9a,0x4f,0x4d,0x7f,0xa4,0x7c,0xfb,0x4e,0x2d,0x5f,0xc3,0x8,0x0,0x0,
  0x0,0x0,0x6,0x0,0x0,0x0,0x13,0x4c,0x6f,0x63,0x61,0x74,0x65,0x20,0x62,0x69,
  0x6f,0x6d,0x65,0x20,0x63,0x65,0x6e,0x74,0x65,0x72,0x7,0x0,0x0,0x0,0x6,0x46,
  0x69,0x6c,0x74,0x65,0x72,0x1,0x3,0x0,0x0,0x0,0x1a,0x7f,0xa4,0x7c,0xfb,0x4e,
  0x2d,0x5f,0xc3,0x5b,0x9a,0x4f,0x4d,0x56,0x68,0x0,0x20,0x0,0x31,0x0,0x3a,0x0,
  0x32,0x0,0x35,0x0,0x36,0x8,0x0,0x0,0x0,0x0,0x6,0x0,0x0,0x0,0x19,0x4c,
  0x6f,0x63,0x61,0x74,0x65,0x20,0x62,0x69,0x6f,0x6d,0x65,0x20,0x63,0x65,0x6e,0x74,
  0x65,0x72,0x20,0x31,0x3a,0x32,0x35,0x36,0x7,0x0,0x0,0x0,0x6,0x46,0x69,0x6c,
  0x74,0x65,0x72,0x1,0x3,0x0,0x0,0x0,0x10,0x5b,0x9a,0x4f,0x4d,0x7f,0xa4,0x7c,
  0xfb,0x53,0xc2,0x65,0x70,0x67,0x81,0x50,0x3c,0x8,0x0,0x0,0x0,0x0,0x6,0x0,
  0x0,0x0,0x16,0x4c,0x6f,0x63,0x61,0x74,0x65,0x20,0x63,0x6c,0x69,0x6d,0x61,0x74,
  0x65,0x20,0x65,0x78,0x74,0x72,0x65,0x6d,0x65,0x7,0x0,0x0,0x0,0x6,0x46,0x69,
  0x6c,0x74,0x65,0x72,0x1,0x3,0x0,0x0,0x0,0x12,0x5b,0x9a,0x4f,0x4d,0x6c,0x14,
  0x50,0x19,0x53,0xc2,0x65,0x70,0x76,0x84,0x67,0x81,0x50,0x3c,0x8,0x0,0x0,0x0,
  0x0,0x6,0x0,0x0,0x0,0x1e,0x4c,0x6f,0x63,0x61,0x74,0x65,0x20,0x63,0x6c,0x69,
  0x6d,0x61,0x74,0x65,0x20,0x6d,0x69,0x6e,0x69,0x6d,0x75,0x6d,0x2f,0x6d,0x61,0x78,
  0x69,0x6d,0x75,0x6d,0x7,0x0,0x0,0x0,0x6,0x46,0x69,0x6c,0x74,0x65,0x72,0x1,
  0x3,0x0,0x0,0x0,0x6,0x0,0x4c,0x0,0x75,0x0,0x61,0x8,0x0,0x0,0x0,0x0,
  0x6,0x0,0x0,0x0,0x3,0x4c,0x75,0x61,0x7,0x0,0x0,0x0,0x6,0x46,0x69,0x6c,
  0x74,0x65,0x72,0x1,0x3,0x0,0x0,0x0,0x2a,0x5c,0x6,0x57,0x50,0x68,0x7,0x4e,
  0x58,0x4e,0xe5,0x0,0x38,0x0,0x2c,0x0,0x20,0x75,0x28,0x4f,0x5c,0x57,0x30,0x72,
  0xf1,0x52,0x30,0x4e,0x3b,0x4e,0x16,0x75,0x4c,0x76,0x84,0x57,0x50,0x68,0x7,0x8f,
  0x6c,0x63,0x62,0x8,0x0,0x0,0x0,0x0,0x6,0x0,0x0,0x0,0x3c,0x4d,0x75,0x6c,
  0x74,0x69,0x70,0x6c,0x69,0x65,0x73,0x20,0x72,0x65,0x6c,0x61,0x74,0x69,0x76,0x65,
  0x20,0x6c,0x6f,0x63,0x61,0x74,0x69,0x6f,0x6e,0x20,0x62,0x79,0x20,0x38,0x2c,0x20,
  0x66,0x72,0x6f,0x6d,0x20,0x4e,0x65,0x74,0x68,0x65,0x72,0x20,0x74,0x6f,0x20,0x4f,
  0x76,0x65,0x72,0x77,0x6f,0x72,0x6c,0x64,0x2e,0x7,0x0,0x0,0x0,0x6,0x46,0x69,
  0x6c,0x74,0x65,0x72,0x1,0x3,0x0,0x0,0x0,0x6,0x90,0x3b,0x8f,0x91,0x54,0x26,
  0x8,0x0,0x0,0x0,0x0,0x6,0x0,0x0,0x0,0xe,0x4e,0x4f,0x54,0x20,0x6c,0x6f,
  0x67,0x69,0x63,0x20,0x67,0x61,0x74,0x65,0x7,0x0,0x0,0x0,0x6,0x46,0x69,0x6c,
  0x74,0x65,0x72,0x1,0x3,0x0,0x0,0x0,0x8,0x4e,0xb,0x75,0x4c,0x7f,0xa4,0x7c,
  0xfb,0x8,0x0,0x0,0x0,0x0,0x6,0x0,0x0,0x0,0xf,0x4e,0x65,0x74,0x68,0x65,
  0x72,0x20,0x61,0x74,0x20,0x73,0x63,0x61,0x6c,0x65,0x7,0x0,0x0,0x0,0x6,0x46,
  0x69,0x6c,0x74,0x65,0x72,0x1,0x3,0x0,0x0,0x0,0x18,0x4e,0xe5,0x4e,0x0,0x5b,
  0x9a,0x6b,0xd4,0x4f,0x8b,0x53,0xd6,0x68,0x37,0x76,0x84,0x4e,0xb,0x75,0x4c,0x7f,
  0xa4,0x7c,0xfb,0x8,0x0,0x0,0x0,0x0,0x6,0x0,0x0,0x0,0x27,0x4e,0x65,0x74,
  0x68,0x65,0x72,0x20,0x62,0x69,0x6f,0x6d,0x65,0x73,0x20,0x73,0x61,0x6d,0x70,0x6c,
  0x65,0x64,0x20,0x6f,0x6e,0x20,0x61,0x20,0x73,0x63,0x61,0x6c,0x65,0x64,0x20,0x67,
  0x72,0x69,0x64,0x2e,0x7,0x0,0x0,0x0,0x6,0x46,0x69,0x6c,0x74,0x65,0x72,0x1,
  0x3,0x0,0x0,0x0,0x8,0x4e,0xb,0x75,0x4c,0x89,0x81,0x58,0x5e,0x8,0x0,0x0,
  0x0,0x0,0x6,0x0,0x0,0x0,0xf,0x4e,0x65,0x74,0x68,0x65,0x72,0x20,0x66,0x6f,
  0x72,0x74,0x72,0x65,0x73,0x73,0x7,0x0,0x0,0x0,0x6,0x46,0x69,0x6c,0x74,0x65,
  0x72,0x1,0x3,0x0,0x0,0x0,0x6,0x90,0x3b,0x8f,0x91,0x62,0x16,0x8,0x0,0x0,
  0x0,0x0,0x6,0x0,0x0,0x0,0xd,0x4f,0x52,0x20,0x6c,0x6f,0x67,0x69,0x63,0x20,
  0x67,0x61,0x74,0x65,0x7,0x0,0x0,0x0,0x6,0x46,0x69,0x6c,0x74,0x65,0x72,0x1,
  0x3,0x0,0x0,0x0,0x8,0x6d,0x77,0x5e,0x95,0x79,0x5e,0x6b,0xbf,0x8,0x0,0x0,
  0x0,0x0,0x6,0x0,0x0,0x0,0xe,0x4f,0x63,0x65,0x61,0x6e,0x20,0x6d,0x6f,0x6e,
  0x75,0x6d,0x65,0x6e,0x74,0x7,0x0,0x0,0x0,0x6,0x46,0x69,0x6c,0x74,0x65,0x72,
  0x1,0x3,0x0,0x0,0x0,0x8,0x6d,0x77,0x5e,0x95,0x90,0x57,0x8f,0xf9,0x8,0x0,
  0x0,0x0,0x0,0x6,0x0,0x0,0x0,0xa,0x4f,0x63,0x65,0x61,0x6e,0x20,0x72,0x75,
  0x69,0x6e,0x7,0x0,0x0,0x0,0x6,0x46,0x69,0x6c,0x74,0x65,0x72,0x1,0x3,0x0,
  0x0,0x0,0xa,0x4e,0x3b,0x4e,0x16,0x75,0x4c,0x7f,0xa4,0x7c,0xfb,0x8,0x0,0x0,
  0x0,0x0,0x6,0x0,0x0,0x0,0x12,0x4f,0x76,0x65,0x72,0x77,0x6f,0x72,0x6c,0x64,
  0x20,0x61,0x74,0x20,0x73,0x63,0x61,0x6c,0x65,0x7,0x0,0x0,0x0,0x6,0x46,0x69,
  0x6c,0x74,0x65,0x72,0x1,0x3,0x0,0x0,0x0,0xc,0x63,0xa0,0x59,0x3a,0x80,0x5,
  0x52,0x4d,0x54,0xe8,0x7a,0xd9,0x8,0x0,0x0,0x0,0x0,0x6,0x0,0x0,0x0,0x10,
  0x50,0x69,0x6c,0x6c,0x61,0x67,0x65,0x72,0x20,0x6f,0x75,0x74,0x70,0x6f,0x73,0x74,
  0x7,0x0,0x0,0x0,0x6,0x46,0x69,0x6c,0x74,0x65,0x72,0x1,0x3,0x0,0x0,0x0,
  0x16,0x56,0xdb,0x80,0x54,0x59,0x73,0x5d,0xeb,0x5c,0xf,0x5c,0x4b,0x0,0x28,0x52,
  0xc9,0x5f,0x3a,0x57,0x8b,0x0,0x29,0x8,0x0,0x0,0x0,0x0,0x6,0x0,0x0,0x0,
  0x11,0x51,0x75,0x61,0x64,0x2d,0x68,0x75,0x74,0x20,0x28,0x62,0x61,0x72,0x65,0x6c,
  0x79,0x29,0x7,0x0,0x0,0x0,0x6,0x46,0x69,0x6c,0x74,0x65,0x72,0x1,0x3,0x0,
  0x0,0x0,0x16,0x56,0xdb,0x80,0x54,0x59,0x73,0x5d,0xeb,0x5c,0xf,0x5c,0x4b,0x0,
  0x28,0x7e,0xcf,0x51,0x78,0x57,0x8b,0x0,0x29,0x8,0x0,0x0,0x0,0x0,0x6,0x0,
  0x0,0x0,0x12,0x51,0x75,0x61,0x64,0x2d,0x68,0x75,0x74,0x20,0x28,0x63,0x6c,0x61,
  0x73,0x73,0x69,0x63,0x29,0x7,0x0,0x0,0x0,0x6,0x46,0x69,0x6c,0x74,0x65,0x72,
  0x1,0x3,0x0,0x0,0x0,0x16,0x56,0xdb,0x80,0x54,0x59,0x73,0x5d,0xeb,0x5c,0xf,
  0x5c,0x4b,0x0,0x28,0x74,0x6,0x60,0xf3,0x57,0x8b,0x0,0x29,0x8,0x0,0x0,0x0,
  0x0,0x6,0x0,0x0,0x0,0x10,0x51,0x75,0x61,0x64,0x2d,0x68,0x75,0x74,0x20,0x28,
  0x69,0x64,0x65,0x61,0x6c,0x29,0x7,0x0,0x0,0x0,0x6,0x46,0x69,0x6c,0x74,0x65,
  0x72,0x1,0x3,0x0,0x0,0x0,0x16,0x56,0xdb,0x80,0x54,0x59,0x73,0x5d,0xeb,0x5c,
  0xf,0x5c,0x4b,0x0,0x28,0x66,0x6e,0x90,0x1a,0x57,0x8b,0x0,0x29,0x8,0x0,0x0,
  0x0,0x0,0x6,0x0,0x0,0x0,0x11,0x51,0x75,0x61,0x64,0x2d,0x68,0x75,0x74,0x20,
  0x28,0x6e,0x6f,0x72,0x6d,0x61,0x6c,0x29,0x7,0x0,0x0,0x0,0x6,0x46,0x69,0x6c,
  0x74,0x65,0x72,0x1,0x3,0x0,0x0,0x0,0x18,0x56,0xdb,0x80,0x54,0x6d,0x77,0x5e,
  0x95,0x79,0x5e,0x6b,0xbf,0x0,0x28,0x0,0x3e,0x0,0x39,0x0,0x30,0x0,0x25,0x0,
  0x29,0x8,0x0,0x0,0x0,0x0,0x6,0x0,0x0,0x0,0x1a,0x51,0x75,0x61,0x64,0x2d,
  0x6f,0x63,0x65,0x61,0x6e,0x2d,0x6d,0x6f,0x6e,0x75,0x6d,0x65,0x6e,0x74,0x20,0x28,
  0x3e,0x39,0x30,0x25,0x29,0x7,0x0,0x0,0x0,0x6,0x46,0x69,0x6c,0x74,0x65,0x72,
  0x1,0x3,0x0,0x0,0x0,0x18,0x56,0xdb,0x80,0x54,0x6d,0x77,0x5e,0x95,0x79,0x5e,
  0x6b,0xbf,0x0,0x28,0x0,0x3e,0x0,0x39,0x0,0x35,0x0,0x25,0x0,0x29,0x8,0x0,
  0x0,0x0,0x0,0x6,0x0,0x0,0x0,0x1a,0x51,0x75,0x61,0x64,0x2d,0x6f,0x63,0x65,
  0x61,0x6e,0x2d,0x6d,0x6f,0x6e,0x75,0x6d,0x65,0x6e,0x74,0x20,0x28,0x3e,0x39,0x35,
  0x25,0x29,0x7,0x0,0x0,0x0,0x6,0x46,0x69,0x6c,0x74,0x65,0x72,0x1,0x3,0x0,
  0x0,0x0,0x12,0x5e,0x9f,0x5f,0x3,0x4f,0x20,0x90,0x1,0x95,0xe8,0x0,0x28,0x4e,
  0xb,0x75,0x4c,0x0,0x29,0x8,0x0,0x0,0x0,0x0,0x6,0x0,0x0,0x0,0x16,0x52,
  0x75,0x69,0x6e,0x65,0x64,0x20,0x70,0x6f,0x72,0x74,0x61,0x6c,0x20,0x28,0x6e,0x65,
  0x74,0x68,0x65,0x72,0x29,0x7,0x0,0x0,0x0,0x6,0x46,0x69,0x6c,0x74,0x65,0x72,
  0x1,0x3,0x0,0x0,0x0,0x14,0x5e,0x9f,0x5f,0x3,0x4f,0x20,0x90,0x1,0x95,0xe8,
  0x0,0x28,0x4e,0x3b,0x4e,0x16,0x75,0x4c,0x0,0x29,0x8,0x0,0x0,0x0,0x0,0x6,
  0x0,0x0,0x0,0x19,0x52,0x75,0x69,0x6e,0x65,0x64,0x20,0x70,0x6f,0x72,0x74,0x61,
  0x6c,0x20,0x28,0x6f,0x76,0x65,0x72,0x77,0x6f,0x72,0x6c,0x64,0x29,0x7,0x0,0x0,
  0x0,0x6,0x46,0x69,0x6c,0x74,0x65,0x72,0x1,0x3,0x0,0x0,0x0,0x2e,0x52,0x24,
  0x65,0xad,0x63,0x7,0x5b,0x9a,0x53,0x3a,0x57,0xdf,0x51,0x85,0x76,0x84,0x7f,0xa4,
  0x7c,0xfb,0x6b,0xd4,0x4f,0x8b,0x66,0x2f,0x54,0x26,0x6e,0xe1,0x8d,0xb3,0x63,0x7,
  0x5b,0x9a,0x76,0x84,0x7f,0xa4,0x7c,0xfb,0x6b,0xd4,0x4f,0x8b,0x8,0x0,0x0,0x0,
  0x0,0x6,0x0,0x0,0x0,0x63,0x53,0x61,0x6d,0x70,0x6c,0x65,0x73,0x20,0x62,0x69,
  0x6f,0x6d,0x65,0x73,0x20,0x69,0x6e,0x20,0x61,0x20,0x67,0x69,0x76,0x65,0x6e,0x20,
  0x61,0x72,0x65,0x61,0x20,0x74,0x6f,0x20,0x66,0x69,0x6e,0x64,0x20,0x69,0x66,0x20,
  0x61,0x20,0x70,0x72,0x6f,0x70,0x6f,0x72,0x74,0x69,0x6f,0x6e,0x20,0x6f,0x66,0x20,
  0x74,0x68,0x65,0x20,0x62,0x69,0x6f,0x6d,0x65,0x73,0x20,0x6d,0x61,0x74,0x63,0x68,
  0x20,0x61,0x20,0x73,0x65,0x74,0x20,0x6f,0x66,0x20,0x61,0x6c,0x6c,0x6f,0x77,0x65,
  0x64,0x20,0x62,0x69,0x6f,0x6d,0x65,0x73,0x2e,0x7,0x0,0x0,0x0,0x6,0x46,0x69,
  0x6c,0x74,0x65,0x72,0x1,0x3,0x0,0x0,0x0,0x30,0x52,0x24,0x65,0xad,0x63,0x7,
  0x5b,0x9a,0x53,0x3a,0x57,0xdf,0x51,0x85,0x76,0x84,0x6c,0x14,0x50,0x19,0x53,0xc2,
  0x65,0x70,0x66,0x2f,0x54,0x26,0x67,0x9,0x63,0x7,0x5b,0x9a,0x76,0x84,0x6b,0xd4,
  0x4f,0x8b,0x6e,0xe1,0x8d,0xb3,0x89,0x81,0x6c,0x42,0x8,0x0,0x0,0x0,0x0,0x6,
  0x0,0x0,0x0,0x6a,0x53,0x61,0x6d,0x70,0x6c,0x65,0x73,0x20,0x63,0x6c,0x69,0x6d,
  0x61,0x74,0x65,0x20,0x6e,0x6f,0x69,0x73,0x65,0x20,0x69,0x6e,0x20,0x61,0x20,0x67,
  0x69,0x76,0x65,0x6e,0x20,0x61,0x72,0x65,0x61,0x20,0x74,0x6f,0x20,0x66,0x69,0x6e,
  0x64,0x20,0x69,0x66,0x20,0x61,0x20,0x70,0x72,0x6f,0x70,0x6f,0x72,0x74,0x69,0x6f,
  0x6e,0x20,0x6f,0x66,0x20,0x74,0x68,0x65,0x20,0x62,0x69,0x6f,0x6d,0x65,0x73,0x20,
  0x6d,0x61,0x74,0x63,0x68,0x20,0x61,0x20,0x73,0x65,0x74,0x20,0x6f,0x66,0x20,0x61,
  0x6c,0x6c,0x6f,0x77,0x65,0x64,0x20,0x62,0x69,0x6f,0x6d,0x65,0x73,0x2e,0x7,0x0,
  0x0,0x0,0x6,0x46,0x69,0x6c,0x74,0x65,0x72,0x1,0x3,0x0,0x0,0x0,0x4,0x6c,
  0x89,0x82,0x39,0x8,0x0,0x0,0x0,0x0,0x6,0x0,0x0,0x0,0x9,0x53,0x68,0x69,
  0x70,0x77,0x72,0x65,0x63,0x6b,0x7,0x0,0x0,0x0,0x6,0x46,0x69,0x6c,0x74,0x65,
  0x72,0x1,0x3,0x0,0x0,0x0,0xa,0x53,0xf2,0x83,0xb1,0x59,0xc6,0x53,0x3a,0x57,
  0x57,0x8,0x0,0x0,0x0,0x0,0x6,0x0,0x0,0x0,0xb,0x53,0x6c,0x69,0x6d,0x65,
  0x20,0x63,0x68,0x75,0x6e,0x6b,0x7,0x0,0x0,0x0,0x6,0x46,0x69,0x6c,0x74,0x65,
  0x72,0x1,0x3,0x0,0x0,0x0,0x6,0x51,0xfa,0x75,0x1f,0x70,0xb9,0x8,0x0,0x0,
  0x0,0x0,0x6,0x0,0x0,0x0,0x5,0x53,0x70,0x61,0x77,0x6e,0x7,0x0,0x0,0x0,
  0x6,0x46,0x69,0x6c,0x74,0x65,0x72,0x1,0x3,0x0,0x0,0x0,0xa,0x87,0xba,0x65,
  0xcb,0x8f,0xed,0x4e,0xe3,0x56,0x68,0x8,0x0,0x0,0x0,0x0,0x6,0x0,0x0,0x0,
  0xf,0x53,0x70,0x69,0x72,0x61,0x6c,0x20,0x69,0x74,0x65,0x72,0x61,0x74,0x6f,0x72,
  0x7,0x0,0x0,0x0,0x6,0x46,0x69,0x6c,0x74,0x65,0x72,0x1,0x3,0x0,0x0,0x0,
  0x4,0x89,0x81,0x58,0x5e,0x8,0x0,0x0,0x0,0x0,0x6,0x0,0x0,0x0,0xa,0x53,
  0x74,0x72,0x6f,0x6e,0x67,0x68,0x6f,0x6c,0x64,0x7,0x0,0x0,0x0,0x6,0x46,0x69,
  0x6c,0x74,0x65,0x72,0x1,0x3,0x0,0x0,0x0,0x8,0x57,0x30,0x88,0x68,0x9a,0xd8,
  0x5e,0xa6,0x8,0x0,0x0,0x0,0x0,0x6,0x0,0x0,0x0,0xe,0x53,0x75,0x72,0x66,
  0x61,0x63,0x65,0x20,0x68,0x65,0x69,0x67,0x68,0x74,0x7,0x0,0x0,0x0,0x6,0x46,
  0x69,0x6c,0x74,0x65,0x72,0x1,0x3,0x0,0x0,0x0,0x8,0x59,0x73,0x5d,0xeb,0x5c,
  0xf,0x5c,0x4b,0x8,0x0,0x0,0x0,0x0,0x6,0x0,0x0,0x0,0x9,0x53,0x77,0x61,
  0x6d,0x70,0x20,0x68,0x75,0x74,0x7,0x0,0x0,0x0,0x6,0x46,0x69,0x6c,0x74,0x65,
  0x72,0x1,0x3,0x0,0x0,0x0,0x8,0x6e,0x29,0x5e,0xa6,0x7c,0x7b,0x52,0x2b,0x8,
  0x0,0x0,0x0,0x0,0x6,0x0,0x0,0x0,0x16,0x54,0x65,0x6d,0x70,0x65,0x72,0x61,
  0x74,0x75,0x72,0x65,0x20,0x63,0x61,0x74,0x65,0x67,0x6f,0x72,0x69,0x65,0x73,0x7,
  0x0,0x0,0x0,0x6,0x46,0x69,0x6c,0x74,0x65,0x72,0x1,0x3,0x0,0x0,0x0,0x6c,
  0x79,0xcd,0x5b,0x50,0x76,0x84,0x4f,0x4e,0x0,0x34,0x0,0x38,0x4f,0x4d,0x0,0x28,
  0x4e,0x8c,0x8f,0xdb,0x52,0x36,0x0,0x29,0x51,0xb3,0x5b,0x9a,0x4e,0x86,0x8b,0xe5,
  0x79,0xcd,0x5b,0x50,0x51,0x77,0x67,0x9,0x62,0x10,0x4e,0x3a,0x56,0xdb,0x80,0x54,
  0x6d,0x77,0x5e,0x95,0x79,0x5e,0x6b,0xbf,0x76,0x84,0x53,0xef,0x80,0xfd,0x60,0x27,
  0x0,0x2c,0x0,0x20,0x5e,0x76,0x4e,0x14,0x67,0x9,0x8d,0x85,0x8f,0xc7,0x0,0x39,
  0x0,0x30,0x0,0x25,0x76,0x84,0x97,0x62,0x79,0xef,0x84,0x3d,0x57,0x28,0x53,0x55,
  0x4e,0xba,0x63,0x2,0x67,0x3a,0x8d,0xdd,0x79,0xbb,0x51,0x85,0x8,0x0,0x0,0x0,
  0x0,0x6,0x0,0x0,0x0,0x7b,0x54,0x68,0x65,0x20,0x6c,0x6f,0x77,0x65,0x72,0x20,
  0x34,0x38,0x2d,0x62,0x69,0x74,0x73,0x20,0x70,0x72,0x6f,0x76,0x69,0x64,0x65,0x20,
  0x70,0x6f,0x74,0x65,0x6e,0x74,0x69,0x61,0x6c,0x20,0x66,0x6f,0x72,0x20,0x39,0x30,
  0x25,0x20,0x6f,0x66,0x20,0x74,0x68,0x65,0x20,0x61,0x72,0x65,0x61,0x20,0x6f,0x66,
  0x20,0x66,0x6f,0x75,0x72,0x20,0x6f,0x63,0x65,0x61,0x6e,0x20,0x6d,0x6f,0x6e,0x75,
  0x6d,0x65,0x6e,0x74,0x73,0x20,0x74,0x6f,0x20,0x62,0x65,0x20,0x77,0x69,0x74,0x68,
  0x69,0x6e,0x20,0x31,0x32,0x38,0x20,0x62,0x6c,0x6f,0x63,0x6b,0x73,0x20,0x6f,0x66,
  0x20,0x61,0x6e,0x20,0x41,0x46,0x4b,0x20,0x6c,0x6f,0x63,0x61,0x74,0x69,0x6f,0x6e,
  0x2e,0x7,0x0,0x0,0x0,0x6,0x46,0x69,0x6c,0x74,0x65,0x72,0x1,0x3,0x0,0x0,
  0x0,0x6c,0x79,0xcd,0x5b,0x50,0x76,0x84,0x4f,0x4e,0x0,0x34,0x0,0x38,0x4f,0x4d,
  0x0,0x28,0x4e,0x8c,0x8f,0xdb,0x52,0x36,0x0,0x29,0x51,0xb3,0x5b,0x9a,0x4e,0x86,
  0x8b,0xe5,0x79,0xcd,0x5b,0x50,0x51,0x77,0x67,0x9,0x62,0x10,0x4e,0x3a,0x56,0xdb,
  0x80,0x54,0x6d,0x77,0x5e,0x95,0x79,0x5e,0x6b,0xbf,0x76,0x84,0x53,0xef,0x80,0xfd,
  0x60,0x27,0x0,0x2c,0x0,0x20,0x5e,0x76,0x4e,0x14,0x67,0x9,0x8d,0x85,0x8f,0xc7,
  0x0,0x39,0x0,0x35,0x0,0x25,0x76,0x84,0x97,0x62,0x79,0xef,0x84,0x3d,0x57,0x28,
  0x53,0x55,0x4e,0xba,0x63,0x2,0x67,0x3a,0x8d,0xdd,0x79,0xbb,0x51,0x85,0x8,0x0,
  0x0,0x0,0x0,0x6,0x0,0x0,0x0,0x7b,0x54,0x68,0x65,0x20,0x6c,0x6f,0x77,0x65,
  0x72,0x20,0x34,0x38,0x2d,0x62,0x69,0x74,0x73,0x20,0x70,0x72,0x6f,0x76,0x69,0x64,
  0x65,0x20,0x70,0x6f,0x74,0x65,0x6e,0x74,0x69,0x61,0x6c,0x20,0x66,0x6f,0x72,0x20,
  0x39,0x35,0x25,0x20,0x6f,0x66,0x20,0x74,0x68,0x65,0x20,0x61,0x72,0x65,0x61,0x20,
  0x6f,0x66,0x20,0x66,0x6f,0x75,0x72,0x20,0x6f,0x63,0x65,0x61,0x6e,0x20,0x6d,0x6f,
  0x6e,0x75,0x6d,0x65,0x6e,0x74,0x73,0x20,0x74,0x6f,0x20,0x62,0x65,0x20,0x77,0x69,
  0x74,0x68,0x69,0x6e,0x20,0x31,0x32,0x38,0x20,0x62,0x6c,0x6f,0x63,0x6b,0x73,0x20,
  0x6f,0x66,0x20,0x61,0x6e,0x20,0x41,0x46,0x4b,0x20,0x6c,0x6f,0x63,0x61,0x74,0x69,
  0x6f,0x6e,0x2e,0x7,0x0,0x0,0x0,0x6,0x46,0x69,0x6c,0x74,0x65,0x72,0x1,0x3,
  0x0,0x0,0x0,0x72,0x79,0xcd,0x5b,0x50,0x76,0x84,0x4f,0x4e,0x0,0x34,0x0,0x38,
  0x4f,0x4d,0x0,0x28,0x4e,0x8c,0x8f,0xdb,0x52,0x36,0x0,0x29,0x51,0xb3,0x5b,0x9a,
  0x4e,0x86,0x8b,0xe5,0x79,0xcd,0x5b,0x50,0x51,0x77,0x67,0x9,0x62,0x10,0x4e,0x3a,
  0x67,0x0,0x5d,0xee,0x91,0x4d,0x7f,0x6e,0x76,0x84,0x56,0xdb,0x80,0x54,0x59,0x73,
  0x5d,0xeb,0x5c,0xf,0x5c,0x4b,0x76,0x84,0x53,0xef,0x80,0xfd,0x60,0x27,0x0,0xa,
  0x0,0x28,0x53,0xea,0x80,0xfd,0x4f,0xdd,0x8b,0xc1,0x56,0xdb,0x4e,0x2a,0x5c,0xf,
  0x5c,0x4b,0x90,0xfd,0x57,0x28,0x53,0x55,0x4e,0xba,0x63,0x2,0x67,0x3a,0x8d,0xdd,
  0x79,0xbb,0x51,0x85,0x0,0x29,0x8,0x0,0x0,0x0,0x0,0x6,0x0,0x0,0x0,0xad,
  0x54,0x68,0x65,0x20,0x6c,0x6f,0x77,0x65,0x72,0x20,0x34,0x38,0x2d,0x62,0x69,0x74,
  0x73,0x20,0x70,0x72,0x6f,0x76,0x69,0x64,0x65,0x20,0x70,0x6f,0x74,0x65,0x6e,0x74,
  0x69,0x61,0x6c,0x20,0x66,0x6f,0x72,0x20,0x66,0x6f,0x75,0x72,0x20,0x73,0x77,0x61,
  0x6d,0x70,0x20,0x68,0x75,0x74,0x73,0x20,0x69,0x6e,0x20,0x73,0x70,0x61,0x77,0x6e,
  0x69,0x6e,0x67,0x20,0x72,0x61,0x6e,0x67,0x65,0x2c,0x20,0x69,0x6e,0x20,0x61,0x6e,
  0x79,0x20,0x63,0x6f,0x6e,0x66,0x69,0x67,0x75,0x72,0x61,0x74,0x69,0x6f,0x6e,0x2c,
  0x20,0x73,0x75,0x63,0x68,0x20,0x74,0x68,0x61,0x74,0x20,0x74,0x68,0x65,0x20,0x62,
  0x6f,0x75,0x6e,0x64,0x69,0x6e,0x67,0x20,0x62,0x6f,0x78,0x65,0x73,0x20,0x61,0x72,
  0x65,0x20,0x77,0x69,0x74,0x68,0x69,0x6e,0x20,0x31,0x32,0x38,0x20,0x62,0x6c,0x6f,
  0x63,0x6b,0x73,0x20,0x6f,0x66,0x20,0x61,0x20,0x73,0x69,0x6e,0x67,0x6c,0x65,0x20,
  0x41,0x46,0x4b,0x20,0x6c,0x6f,0x63,0x61,0x74,0x69,0x6f,0x6e,0x2e,0x7,0x0,0x0,
  0x0,0x6,0x46,0x69,0x6c,0x74,0x65,0x72,0x1,0x3,0x0,0x0,0x0,0x4a,0x79,0xcd,
  0x5b,0x50,0x76,0x84,0x4f,0x4e,0x0,0x34,0x0,0x38,0x4f,0x4d,0x0,0x28,0x4e,0x8c,
  0x8f,0xdb,0x52,0x36,0x0,0x29,0x51,0xb3,0x5b,0x9a,0x4e,0x86,0x8b,0xe5,0x79,0xcd,
  0x5b,0x50,0x51,0x77,0x67,0x9,0x62,0x10,0x4e,0x3a,0x7e,0xcf,0x51,0x78,0x91,0x4d,
  0x7f,0x6e,0x76,0x84,0x56,0xdb,0x80,0x54,0x59,0x73,0x5d,0xeb,0x5c,0xf,0x5c,0x4b,
  0x76,0x84,0x53,0xef,0x80,0xfd,0x60,0x27,0x8,0x0,0x0,0x0,0x0,0x6,0x0,0x0,
  0x0,0xb5,0x54,0x68,0x65,0x20,0x6c,0x6f,0x77,0x65,0x72,0x20,0x34,0x38,0x2d,0x62,
  0x69,0x74,0x73,0x20,0x70,0x72,0x6f,0x76,0x69,0x64,0x65,0x20,0x70,0x6f,0x74,0x65,
  0x6e,0x74,0x69,0x61,0x6c,0x20,0x66,0x6f,0x72,0x20,0x66,0x6f,0x75,0x72,0x20,0x73,
  0x77,0x61,0x6d,0x70,0x20,0x68,0x75,0x74,0x73,0x20,0x69,0x6e,0x20,0x73,0x70,0x61,
  0x77,0x6e,0x69,0x6e,0x67,0x20,0x72,0x61,0x6e,0x67,0x65,0x2c,0x20,0x69,0x6e,0x20,
  0x6f,0x6e,0x65,0x20,0x6f,0x66,0x20,0x74,0x68,0x65,0x20,0x22,0x63,0x6c,0x61,0x73,
  0x73,0x69,0x63,0x22,0x20,0x63,0x6f,0x6e,0x66,0x69,0x67,0x75,0x72,0x61,0x74,0x69,
  0x6f,0x6e,0x73,0x2e,0x20,0x28,0x43,0x68,0x65,0x63,0x6b,0x73,0x20,0x66,0x6f,0x72,
  0x20,0x68,0x75,0x74,0x73,0x20,0x69,0x6e,0x20,0x74,0x68,0x65,0x20,0x6e,0x65,0x61,
  0x72,0x65,0x73,0x74,0x20,0x32,0x78,0x32,0x20,0x63,0x68,0x75,0x6e,0x6b,0x20,0x63,
  0x6f,0x72,0x6e,0x65,0x72,0x73,0x20,0x6f,0x66,0x20,0x65,0x61,0x63,0x68,0x20,0x72,
  0x65,0x67,0x69,0x6f,0x6e,0x2e,0x29,0x7,0x0,0x0,0x0,0x6,0x46,0x69,0x6c,0x74,
  0x65,0x72,0x1,0x3,0x0,0x0,0x0,0x4a,0x79,0xcd,0x5b,0x50,0x76,0x84,0x4f,0x4e,
  0x0,0x34,0x0,0x38,0x4f,0x4d,0x0,0x28,0x4e,0x8c,0x8f,0xdb,0x52,0x36,0x0,0x29,
  0x51,0xb3,0x5b,0x9a,0x4e,0x86,0x8b,0xe5,0x79,0xcd,0x5b,0x50,0x51,0x77,0x67,0x9,
  0x62,0x10,0x4e,0x3a,0x67,0x0,0x4f,0x73,0x91,0x4d,0x7f,0x6e,0x76,0x84,0x56,0xdb,
  0x80,0x54,0x59,0x73,0x5d,0xeb,0x5c,0xf,0x5c,0x4b,0x76,0x84,0x53,0xef,0x80,0xfd,
  0x60,0x27,0x8,0x0,0x0,0x0,0x0,0x6,0x0,0x0,0x0,0x78,0x54,0x68,0x65,0x20,
  0x6c,0x6f,0x77,0x65,0x72,0x20,0x34,0x38,0x2d,0x62,0x69,0x74,0x73,0x20,0x70,0x72,
  0x6f,0x76,0x69,0x64,0x65,0x20,0x70,0x6f,0x74,0x65,0x6e,0x74,0x69,0x61,0x6c,0x20,
  0x66,0x6f,0x72,0x20,0x66,0x6f,0x75,0x72,0x20,0x73,0x77,0x61,0x6d,0x70,0x20,0x68,
  0x75,0x74,0x73,0x20,0x69,0x6e,0x20,0x73,0x70,0x61,0x77,0x6e,0x69,0x6e,0x67,0x20,
  0x72,0x61,0x6e,0x67,0x65,0x2c,0x20,0x69,0x6e,0x20,0x6f,0x6e,0x65,0x20,0x6f,0x66,
  0x20,0x74,0x68,0x65,0x20,0x62,0x65,0x73,0x74,0x20,0x63,0x6f,0x6e,0x66,0x69,0x67,
  0x75,0x72,0x61,0x74,0x69,0x6f,0x6e,0x73,0x20,0x74,0x68,0x61,0x74,0x20,0x65,0x78,
  0x69,0x73,0x74,0x2e,0x7,0x0,0x0,0x0,0x6,0x46,0x69,0x6c,0x74,0x65,0x72,0x1,
  0x3,0x0,0x0,0x0,0x8e,0x79,0xcd,0x5b,0x50,0x76,0x84,0x4f,0x4e,0x0,0x34,0x0,
  0x38,0x4f,0x4d,0x0,0x28,0x4e,0x8c,0x8f,0xdb,0x52,0x36,0x0,0x29,0x51,0xb3,0x5b,
  0x9a,0x4e,0x86,0x8b,0xe5,0x79,0xcd,0x5b,0x50,0x51,0x77,0x67,0x9,0x62,0x10,0x4e,
  0x3a,0x66,0x6e,0x90,0x1a,0x91,0x4d,0x7f,0x6e,0x76,0x84,0x56,0xdb,0x80,0x54,0x59,
  0x73,0x5d,0xeb,0x5c,0xf,0x5c,0x4b,0x76,0x84,0x53,0xef,0x80,0xfd,0x60,0x27,0x0,
  0xa,0x0,0x28,0x4f,0xdd,0x8b,0xc1,0x56,0xdb,0x4e,0x2a,0x5c,0xf,0x5c,0x4b,0x90,
  0xfd,0x57,0x28,0x53,0x55,0x4e,0xba,0x63,0x2,0x67,0x3a,0x8d,0xdd,0x79,0xbb,0x51,
  0x85,0x5e,0x76,0x4e,0x14,0x90,0xfd,0x67,0x9,0x8d,0xb3,0x59,0x1f,0x76,0x84,0x57,
  0x82,0x76,0xf4,0x7a,0x7a,0x95,0xf4,0x67,0x65,0x64,0x54,0x6b,0x7b,0x59,0x73,0x5d,
  0xeb,0x0,0x29,0x8,0x0,0x0,0x0,0x0,0x6,0x0,0x0,0x0,0xc8,0x54,0x68,0x65,
  0x20,0x6c,0x6f,0x77,0x65,0x72,0x20,0x34,0x38,0x2d,0x62,0x69,0x74,0x73,0x20,0x70,
  0x72,0x6f,0x76,0x69,0x64,0x65,0x20,0x70,0x6f,0x74,0x65,0x6e,0x74,0x69,0x61,0x6c,
  0x20,0x66,0x6f,0x72,0x20,0x66,0x6f,0x75,0x72,0x20,0x73,0x77,0x61,0x6d,0x70,0x20,
  0x68,0x75,0x74,0x73,0x20,0x69,0x6e,0x20,0x73,0x70,0x61,0x77,0x6e,0x69,0x6e,0x67,
  0x20,0x72,0x61,0x6e,0x67,0x65,0x2c,0x20,0x73,0x75,0x63,0x68,0x20,0x74,0x68,0x61,
  0x74,0x20,0x61,0x6c,0x6c,0x20,0x6f,0x66,0x20,0x74,0x68,0x65,0x6d,0x20,0x61,0x72,
  0x65,0x20,0x77,0x69,0x74,0x68,0x69,0x6e,0x20,0x31,0x32,0x38,0x20,0x62,0x6c,0x6f,
  0x63,0x6b,0x73,0x20,0x6f,0x66,0x20,0x61,0x20,0x73,0x69,0x6e,0x67,0x6c,0x65,0x20,
  0x41,0x46,0x4b,0x20,0x6c,0x6f,0x63,0x61,0x74,0x69,0x6f,0x6e,0x2c,0x20,0x69,0x6e,
  0x63,0x6c,0x75,0x64,0x69,0x6e,0x67,0x20,0x61,0x20,0x76,0x65,0x72,0x74,0x69,0x63,
  0x61,0x6c,0x20,0x74,0x6f,0x6c,0x65,0x72,0x61,0x6e,0x63,0x65,0x20,0x66,0x6f,0x72,
  0x20,0x61,0x20,0x66,0x61,0x6c,0x6c,0x20,0x64,0x61,0x6d,0x61,0x67,0x65,0x20,0x63,
  0x68,0x75,0x74,0x65,0x2e,0x7,0x0,0x0,0x0,0x6,0x46,0x69,0x6c,0x74,0x65,0x72,
  0x1,0x3,0x0,0x0,0x0,0x8,0x53,0xe4,0x8f,0xf9,0x5e,0x9f,0x58,0x9f,0x8,0x0,
  0x0,0x0,0x0,0x6,0x0,0x0,0x0,0xb,0x54,0x72,0x61,0x69,0x6c,0x20,0x72,0x75,
  0x69,0x6e,0x73,0x7,0x0,0x0,0x0,0x6,0x46,0x69,0x6c,0x74,0x65,0x72,0x1,0x3,
  0x0,0x0,0x0,0x8,0x8b,0xd5,0x70,0xbc,0x5b,0xc6,0x5b,0xa4,0x8,0x0,0x0,0x0,
  0x0,0x6,0x0,0x0,0x0,0xe,0x54,0x72,0x69,0x61,0x6c,0x20,0x63,0x68,0x61,0x6d,
  0x62,0x65,0x72,0x73,0x7,0x0,0x0,0x0,0x6,0x46,0x69,0x6c,0x74,0x65,0x72,0x1,
  0x3,0x0,0x0,0x0,0x4,0x67,0x51,0x5e,0x84,0x8,0x0,0x0,0x0,0x0,0x6,0x0,
  0x0,0x0,0x7,0x56,0x69,0x6c,0x6c,0x61,0x67,0x65,0x7,0x0,0x0,0x0,0x6,0x46,
  0x69,0x6c,0x74,0x65,0x72,0x1,0x3,0x0,0x0,0x0,0x8,0x67,0x97,0x57,0x30,0x5e,
  0x9c,0x90,0xb8,0x8,0x0,0x0,0x0,0x0,0x6,0x0,0x0,0x0,0x10,0x57,0x6f,0x6f,
  0x64,0x6c,0x61,0x6e,0x64,0x20,0x6d,0x61,0x6e,0x73,0x69,0x6f,0x6e,0x7,0x0,0x0,
  0x0,0x6,0x46,0x69,0x6c,0x74,0x65,0x72,0x1,0x3,0x0,0x0,0x0,0xc,0x0,0x5b,
  0x81,0x1a,0x67,0x2c,0x7f,0x3a,0x59,0x31,0x0,0x5d,0x8,0x0,0x0,0x0,0x0,0x6,
  0x0,0x0,0x0,0x10,0x5b,0x73,0x63,0x72,0x69,0x70,0x74,0x20,0x6d,0x69,0x73,0x73,
  0x69,0x6e,0x67,0x5d,0x7,0x0,0x0,0x0,0x6,0x46,0x69,0x6c,0x74,0x65,0x72,0x1,
  0x3,0x0,0x0,0x0,0x1a,0x67,0x2a,0x5b,0x9a,0x4e,0x49,0x0,0x63,0x0,0x68,0x0,
  0x65,0x0,0x63,0x0,0x6b,0x0,0x28,0x0,0x29,0x51,0xfd,0x65,0x70,0xff,0x1,0x8,
  0x0,0x0,0x0,0x0,0x6,0x0,0x0,0x0,0x20,0x66,0x75,0x6e,0x63,0x74,0x69,0x6f,
  0x6e,0x20,0x63,0x68,0x65,0x63,0x6b,0x28,0x29,0x20,0x77,0x61,0x73,0x20,0x6e,0x6f,
  0x74,0x20,0x64,0x65,0x66,0x69,0x6e,0x65,0x64,0x7,0x0,0x0,0x0,0x6,0x46,0x69,
  0x6c,0x74,0x65,0x72,0x1,0x3,0x0,0x0,0x0,0x16,0x67,0x61,0x4e,0xf6,0x0,0x20,
  0x0,0x25,0x0,0x31,0x0,0x20,0x6c,0xa1,0x67,0x9,0x81,0x1a,0x67,0x2c,0xff,0x1,
  0x8,0x0,0x0,0x0,0x0,0x6,0x0,0x0,0x0,0x1f,0x6d,0x69,0x73,0x73,0x69,0x6e,
  0x67,0x20,0x73,0x63,0x72,0x69,0x70,0x74,0x20,0x66,0x6f,0x72,0x20,0x63,0x6f,0x6e,
  0x64,0x69,0x74,0x69,0x6f,0x6e,0x20,0x25,0x31,0x7,0x0,0x0,0x0,0x6,0x46,0x69,
  0x6c,0x74,0x65,0x72,0x1,0x3,0x0,0x0,0x0,0x4,0x6d,0xfb,0x52,0xa0,0x8,0x0,
  0x0,0x0,0x0,0x6,0x0,0x0,0x0,0x3,0x41,0x64,0x64,0x7,0x0,0x0,0x0,0xe,
  0x46,0x6f,0x72,0x6d,0x43,0x6f,0x6e,0x64,0x69,0x74,0x69,0x6f,0x6e,0x73,0x1,0x3,
  0x0,0x0,0x0,0x8,0x65,0xb0,0x58,0x9e,0x67,0x61,0x4e,0xf6,0x8,0x0,0x0,0x0,
  0x0,0x6,0x0,0x0,0x0,0x11,0x41,0x64,0x64,0x20,0x6e,0x65,0x77,0x20,0x63,0x6f,
  0x6e,0x64,0x69,0x74,0x69,0x6f,0x6e,0x7,0x0,0x0,0x0,0xe,0x46,0x6f,0x72,0x6d,
  0x43,0x6f,0x6e,0x64,0x69,0x74,0x69,0x6f,0x6e,0x73,0x1,0x3,0x0,0x0,0x0,0x12,
  0x59,0xd,0x52,0x36,0x0,0x20,0x0,0x25,0x0,0x6e,0x0,0x20,0x4e,0x2a,0x67,0x61,
  0x4e,0xf6,0x8,0x0,0x0,0x0,0x0,0x6,0x0,0x0,0x0,0x14,0x43,0x6f,0x70,0x79,
  0x20,0x25,0x6e,0x20,0x63,0x6f,0x6e,0x64,0x69,0x74,0x69,0x6f,0x6e,0x28,0x73,0x29,
  0x7,0x0,0x0,0x0,0xe,0x46,0x6f,0x72,0x6d,0x43,0x6f,0x6e,0x64,0x69,0x74,0x69,
  0x6f,0x6e,0x73,0x1,0x3,0x0,0x0,0x0,0x12,0x52,0x6a,0x52,0x7,0x0,0x20,0x0,
  0x25,0x0,0x6e,0x0,0x20,0x4e,0x2a,0x67,0x61,0x4e,0xf6,0x8,0x0,0x0,0x0,0x0,
  0x6,0x0,0x0,0x0,0x13,0x43,0x75,0x74,0x20,0x25,0x6e,0x20,0x63,0x6f,0x6e,0x64,
  0x69,0x74,0x69,0x6f,0x6e,0x28,0x73,0x29,0x7,0x0,0x0,0x0,0xe,0x46,0x6f,0x72,
  0x6d,0x43,0x6f,0x6e,0x64,0x69,0x74,0x69,0x6f,0x6e,0x73,0x1,0x3,0x0,0x0,0x0,
  0xa,0x79,0x81,0x75,0x28,0x0,0x2f,0x54,0x2f,0x75,0x28,0x8,0x0,0x0,0x0,0x0,
  0x6,0x0,0x0,0x0,0xb,0x44,0x69,0x73,0x2d,0x2f,0x45,0x6e,0x61,0x62,0x6c,0x65,
  0x7,0x0,0x0,0x0,0xe,0x46,0x6f,0x72,0x6d,0x43,0x6f,0x6e,0x64,0x69,0x74,0x69,
  0x6f,0x6e,0x73,0x1,0x3,0x0,0x0,0x0,0x4,0x79,0x81,0x75,0x28,0x8,0x0,0x0,
  0x0,0x0,0x6,0x0,0x0,0x0,0x7,0x44,0x69,0x73,0x61,0x62,0x6c,0x65,0x7,0x0,
  0x0,0x0,0xe,0x46,0x6f,0x72,0x6d,0x43,0x6f,0x6e,0x64,0x69,0x74,0x69,0x6f,0x6e,
  0x73,0x1,0x3,0x0,0x0,0x0,0x4,0x7f,0x16,0x8f,0x91,0x8,0x0,0x0,0x0,0x0,
  0x6,0x0,0x0,0x0,0x4,0x45,0x64,0x69,0x74,0x7,0x0,0x0,0x0,0xe,0x46,0x6f,
  0x72,0x6d,0x43,0x6f,0x6e,0x64,0x69,0x74,0x69,0x6f,0x6e,0x73,0x1,0x3,0x0,0x0,
  0x0,0x8,0x7f,0x16,0x8f,0x91,0x67,0x61,0x4e,0xf6,0x8,0x0,0x0,0x0,0x0,0x6,
  0x0,0x0,0x0,0xe,0x45,0x64,0x69,0x74,0x20,0x63,0x6f,0x6e,0x64,0x69,0x74,0x69,
  0x6f,0x6e,0x7,0x0,0x0,0x0,0xe,0x46,0x6f,0x72,0x6d,0x43,0x6f,0x6e,0x64,0x69,
  0x74,0x69,0x6f,0x6e,0x73,0x1,0x3,0x0,0x0,0x0,0x4,0x54,0x2f,0x75,0x28,0x8,
  0x0,0x0,0x0,0x0,0x6,0x0,0x0,0x0,0x6,0x45,0x6e,0x61,0x62,0x6c,0x65,0x7,
  0x0,0x0,0x0,0xe,0x46,0x6f,0x72,0x6d,0x43,0x6f,0x6e,0x64,0x69,0x74,0x69,0x6f,
  0x6e,0x73,0x1,0x3,0x0,0x0,0x0,0x12,0x7c,0x98,0x8d,0x34,0x0,0x20,0x0,0x25,
  0x0,0x6e,0x0,0x20,0x4e,0x2a,0x67,0x61,0x4e,0xf6,0x8,0x0,0x0,0x0,0x0,0x6,
  0x0,0x0,0x0,0x15,0x50,0x61,0x73,0x74,0x65,0x20,0x25,0x6e,0x20,0x63,0x6f,0x6e,
  0x64,0x69,0x74,0x69,0x6f,0x6e,0x28,0x73,0x29,0x7,0x0,0x0,0x0,0xe,0x46,0x6f,
  0x72,0x6d,0x43,0x6f,0x6e,0x64,0x69,0x74,0x69,0x6f,0x6e,0x73,0x1,0x3,0x0,0x0,
  0x0,0x4,0x52,0x20,0x96,0x64,0x8,0x0,0x0,0x0,0x0,0x6,0x0,0x0,0x0,0x6,
  0x52,0x65,0x6d,0x6f,0x76,0x65,0x7,0x0,0x0,0x0,0xe,0x46,0x6f,0x72,0x6d,0x43,
  0x6f,0x6e,0x64,0x69,0x74,0x69,0x6f,0x6e,0x73,0x1,0x3,0x0,0x0,0x0,0x12,0x52,
  0x20,0x96,0x64,0x0,0x20,0x0,0x25,0x0,0x6e,0x0,0x20,0x4e,0x2a,0x67,0x61,0x4e,
  0xf6,0x8,0x0,0x0,0x0,0x0,0x6,0x0,0x0,0x0,0x16,0x52,0x65,0x6d,0x6f,0x76,
  0x65,0x20,0x25,0x6e,0x20,0x63,0x6f,0x6e,0x64,0x69,0x74,0x69,0x6f,0x6e,0x28,0x73,
  0x29,0x7,0x0,0x0,0x0,0xe,0x46,0x6f,0x72,0x6d,0x43,0x6f,0x6e,0x64,0x69,0x74,
  0x69,0x6f,0x6e,0x73,0x1,0x3,0x0,0x0,0x0,0x4,0x6e,0x5,0x7a,0x7a,0x8,0x0,
  0x0,0x0,0x0,0x6,0x0,0x0,0x0,0xa,0x52,0x65,0x6d,0x6f,0x76,0x65,0x20,0x61,
  0x6c,0x6c,0x7,0x0,0x0,0x0,0xe,0x46,0x6f,0x72,0x6d,0x43,0x6f,0x6e,0x64,0x69,
  0x74,0x69,0x6f,0x6e,0x73,0x1,0x3,0x0,0x0,0x0,0x4,0x5f,0x0,0x51,0x73,0x8,
  0x0,0x0,0x0,0x0,0x6,0x0,0x0,0x0,0x6,0x54,0x6f,0x67,0x67,0x6c,0x65,0x7,
  0x0,0x0,0x0,0xe,0x46,0x6f,0x72,0x6d,0x43,0x6f,0x6e,0x64,0x69,0x74,0x69,0x6f,
  0x6e,0x73,0x1,0x3,0x0,0x0,0x0,0x20,0x0,0x25,0x0,0x31,0x0,0x20,0x0,0x25,
  0x0,0x32,0x0,0x20,0x0,0x36,0x0,0x35,0x0,0x35,0x0,0x33,0x0,0x36,0x0,0x20,
  0x0,0x3d,0x0,0x20,0x0,0x25,0x0,0x33,0x8,0x0,0x0,0x0,0x0,0x6,0x0,0x0,
  0x0,0x10,0x25,0x31,0x20,0x25,0x32,0x20,0x36,0x35,0x35,0x33,0x36,0x20,0x3d,0x20,
  0x25,0x33,0x7,0x0,0x0,0x0,0x9,0x46,0x6f,0x72,0x6d,0x47,0x65,0x6e,0x34,0x38,
  0x1,0x3,0x0,0x0,0x0,0x6,0x0,0x2e,0x0,0x2e,0x0,0x2e,0x8,0x0,0x0,0x0,
  0x0,0x6,0x0,0x0,0x0,0x3,0x2e,0x2e,0x2e,0x7,0x0,0x0,0x0,0x9,0x46,0x6f,
  0x72,0x6d,0x47,0x65,0x6e,0x34,0x38,0x1,0x3,0x0,0x0,0x0,0x2,0x0,0x30,0x8,
  0x0,0x0,0x0,0x0,0x6,0x0,0x0,0x0,0x1,0x30,0x7,0x0,0x0,0x0,0x9,0x46,
  0x6f,0x72,0x6d,0x47,0x65,0x6e,0x34,0x38,0x1,0x3,0x0,0x0,0x0,0x16,0x81,0xea,
  0x5b,0x9a,0x4e,0x49,0x7e,0xd3,0x67,0x84,0x75,0x1f,0x62,0x10,0x96,0x8f,0x67,0x3a,
  0x65,0x70,0x0,0x3a,0x8,0x0,0x0,0x0,0x0,0x6,0x0,0x0,0x0,0x13,0x41,0x64,
  0x64,0x20,0x73,0x74,0x72,0x75,0x63,0x74,0x75,0x72,0x65,0x20,0x73,0x61,0x6c,0x74,
  0x3a,0x7,0x0,0x0,0x0,0x9,0x46,0x6f,0x72,0x6d,0x47,0x65,0x6e,0x34,0x38,0x1,
  0x3,0x0,0x0,0x0,0x4,0x81,0xea,0x52,0xa8,0x8,0x0,0x0,0x0,0x0,0x6,0x0,
  0x0,0x0,0x4,0x41,0x75,0x74,0x6f,0x7,0x0,0x0,0x0,0x9,0x46,0x6f,0x72,0x6d,
  0x47,0x65,0x6e,0x34,0x38,0x1,0x3,0x0,0x0,0x0,0x8,0x81,0xea,0x52,0xa8,0x0,
  0x2f,0x65,0xe0,0x8,0x0,0x0,0x0,0x0,0x6,0x0,0x0,0x0,0x9,0x41,0x75,0x74,
  0x6f,0x2f,0x4e,0x6f,0x6e,0x65,0x7,0x0,0x0,0x0,0x9,0x46,0x6f,0x72,0x6d,0x47,
  0x65,0x6e,0x34,0x38,0x1,0x3,0x0,0x0,0x0,0x14,0x68,0x39,0x63,0x6e,0x5d,0xf2,
  0x67,0x9,0x67,0x61,0x4e,0xf6,0x81,0xea,0x52,0xa8,0x90,0x9,0x62,0xe9,0x8,0x0,
  0x0,0x0,0x0,0x6,0x0,0x0,0x0,0x3a,0x41,0x75,0x74,0x6f,0x6d,0x61,0x74,0x69,
  0x63,0x61,0x6c,0x6c,0x79,0x20,0x73,0x65,0x6c,0x65,0x63,0x74,0x20,0x73,0x75,0x69,
  0x74,0x61,0x62,0x6c,0x65,0x20,0x6f,0x70,0x74,0x69,0x6f,0x6e,0x73,0x20,0x62,0x61,
  0x73,0x65,0x64,0x20,0x6f,0x6e,0x20,0x63,0x6f,0x6e,0x64,0x69,0x74,0x69,0x6f,0x6e,
  0x73,0x2e,0x7,0x0,0x0,0x0,0x9,0x46,0x6f,0x72,0x6d,0x47,0x65,0x6e,0x34,0x38,
  0x1,0x3,0x0,0x0,0x0,0x3a,0x65,0xe0,0x6c,0xd5,0x4e,0xce,0x4e,0xe5,0x4e,0xb,
  0x65,0x87,0x4e,0xf6,0x4e,0x2d,0x8b,0xfb,0x53,0xd6,0x4f,0x4e,0x0,0x34,0x0,0x38,
  0x4f,0x4d,0x0,0x28,0x4e,0x8c,0x8f,0xdb,0x52,0x36,0x0,0x29,0x79,0xcd,0x5b,0x50,
  0x52,0x17,0x88,0x68,0x0,0x3a,0x0,0xa,0x0,0x22,0x0,0x25,0x0,0x31,0x0,0x22,
  0x8,0x0,0x0,0x0,0x0,0x6,0x0,0x0,0x0,0x2f,0x46,0x61,0x69,0x6c,0x65,0x64,
  0x20,0x74,0x6f,0x20,0x6c,0x6f,0x61,0x64,0x20,0x34,0x38,0x2d,0x62,0x69,0x74,0x20,
  0x73,0x65,0x65,0x64,0x20,0x6c,0x69,0x73,0x74,0x20,0x66,0x72,0x6f,0x6d,0x20,0x66,
  0x69,0x6c,0x65,0x3a,0xa,0x22,0x25,0x31,0x22,0x7,0x0,0x0,0x0,0x9,0x46,0x6f,
  0x72,0x6d,0x47,0x65,0x6e,0x34,0x38,0x1,0x3,0x0,0x0,0x0,0x1c,0x79,0xcd,0x5b,
  0x50,0x75,0x1f,0x62,0x10,0x56,0x68,0x0,0x28,0x4f,0x4e,0x0,0x34,0x0,0x38,0x4e,
  0x8c,0x8f,0xdb,0x52,0x36,0x4f,0x4d,0x0,0x29,0x8,0x0,0x0,0x0,0x0,0x6,0x0,
  0x0,0x0,0x4,0x46,0x6f,0x72,0x6d,0x7,0x0,0x0,0x0,0x9,0x46,0x6f,0x72,0x6d,
  0x47,0x65,0x6e,0x34,0x38,0x1,0x3,0x0,0x0,0x0,0x20,0x81,0xea,0x5b,0x9a,0x4e,
  0x49,0x0,0x34,0x0,0x38,0x4f,0x4d,0x0,0x28,0x4e,0x8c,0x8f,0xdb,0x52,0x36,0x0,
  0x29,0x79,0xcd,0x5b,0x50,0x6e,0x5,0x53,0x55,0x0,0x3a,0x8,0x0,0x0,0x0,0x0,
  0x6,0x0,0x0,0x0,0x16,0x4c,0x6f,0x61,0x64,0x20,0x34,0x38,0x2d,0x62,0x69,0x74,
  0x20,0x73,0x65,0x65,0x64,0x20,0x6c,0x69,0x73,0x74,0x3a,0x7,0x0,0x0,0x0,0x9,
  0x46,0x6f,0x72,0x6d,0x47,0x65,0x6e,0x34,0x38,0x1,0x3,0x0,0x0,0x0,0xc,0x5b,
  0xfc,0x51,0x65,0x79,0xcd,0x5b,0x50,0x52,0x17,0x88,0x68,0x8,0x0,0x0,0x0,0x0,
  0x6,0x0,0x0,0x0,0xe,0x4c,0x6f,0x61,0x64,0x20,0x73,0x65,0x65,0x64,0x20,0x6c,
  0x69,0x73,0x74,0x7,0x0,0x0,0x0,0x9,0x46,0x6f,0x72,0x6d,0x47,0x65,0x6e,0x34,
  0x38,0x1,0x3,0x0,0x0,0x0,0xc,0x67,0x0,0x5c,0xf,0x50,0x3c,0x0,0x28,0x54,
  0x2b,0x0,0x29,0x8,0x0,0x0,0x0,0x0,0x6,0x0,0x0,0x0,0x17,0x4c,0x6f,0x77,
  0x65,0x72,0x20,0x62,0x6f,0x75,0x6e,0x64,0x20,0x28,0x69,0x6e,0x63,0x6c,0x75,0x73,
  0x69,0x76,0x65,0x29,0x7,0x0,0x0,0x0,0x9,0x46,0x6f,0x72,0x6d,0x47,0x65,0x6e,
  0x34,0x38,0x1,0x3,0x0,0x0,0x0,0x4,0x62,0x4b,0x52,0xa8,0x8,0x0,0x0,0x0,
  0x0,0x6,0x0,0x0,0x0,0x6,0x4d,0x61,0x6e,0x75,0x61,0x6c,0x7,0x0,0x0,0x0,
  0x9,0x46,0x6f,0x72,0x6d,0x47,0x65,0x6e,0x34,0x38,0x1,0x3,0x0,0x0,0x0,0x14,
  0x53,0x55,0x5c,0x42,0x67,0x0,0x5c,0xf,0x53,0xef,0x52,0x37,0x60,0x2a,0x97,0x62,
  0x79,0xef,0x0,0x3a,0x8,0x0,0x0,0x0,0x0,0x6,0x0,0x0,0x0,0x13,0x4d,0x69,
  0x6e,0x2e,0x20,0x6d,0x6f,0x6e,0x75,0x6d,0x65,0x6e,0x74,0x20,0x61,0x72,0x65,0x61,
  0x3a,0x7,0x0,0x0,0x0,0x9,0x46,0x6f,0x72,0x6d,0x47,0x65,0x6e,0x34,0x38,0x1,
  0x3,0x0,0x0,0x0,0x4a,0x63,0x2,0x67,0x3a,0x53,0x4a,0x5f,0x84,0x53,0xef,0x6d,
  0xb5,0x76,0xd6,0x76,0x84,0x53,0x55,0x5c,0x42,0x67,0x0,0x5c,0xf,0x53,0xef,0x52,
  0x37,0x60,0x2a,0x97,0x62,0x79,0xef,0x0,0x28,0x4e,0xa,0x96,0x50,0x4e,0x3a,0x0,
  0x34,0x0,0xd7,0x0,0x35,0x0,0x38,0x0,0xd7,0x0,0x35,0x0,0x38,0x0,0x20,0x0,
  0x3d,0x0,0x20,0x0,0x31,0x0,0x33,0x0,0x34,0x0,0x35,0x0,0x36,0x0,0x29,0x8,
  0x0,0x0,0x0,0x0,0x6,0x0,0x0,0x0,0x92,0x4e,0x75,0x6d,0x62,0x65,0x72,0x20,
  0x6f,0x66,0x20,0x70,0x6c,0x61,0x6e,0x61,0x72,0x20,0x73,0x70,0x61,0x77,0x6e,0x69,
  0x6e,0x67,0x20,0x73,0x70,0x61,0x63,0x65,0x73,0x20,0x69,0x6e,0x73,0x69,0x64,0x65,
  0x20,0x6d,0x6f,0x6e,0x75,0x6d,0x65,0x6e,0x74,0x73,0x20,0x74,0x68,0x61,0x74,0x20,
  0x61,0x72,0x65,0x20,0x77,0x69,0x74,0x68,0x69,0x6e,0x20,0x31,0x32,0x38,0x20,0x62,
  0x6c,0x6f,0x63,0x6b,0x73,0x20,0x6f,0x66,0x20,0x61,0x20,0x63,0x65,0x6e,0x74,0x65,
  0x72,0x20,0x70,0x6f,0x73,0x69,0x74,0x69,0x6f,0x6e,0xa,0x28,0x69,0x2e,0x65,0x2e,
  0x20,0x74,0x68,0x69,0x73,0x20,0x69,0x73,0x20,0x61,0x20,0x6d,0x65,0x61,0x73,0x75,
  0x72,0x65,0x20,0x71,0x75,0x61,0x6c,0x69,0x74,0x79,0x2c,0x20,0x6f,0x75,0x74,0x20,
  0x6f,0x66,0x20,0x34,0x2a,0x35,0x38,0x2a,0x35,0x38,0x29,0x7,0x0,0x0,0x0,0x9,
  0x46,0x6f,0x72,0x6d,0x47,0x65,0x6e,0x34,0x38,0x1,0x3,0x0,0x0,0x0,0x14,0x56,
  0xdb,0x80,0x54,0x7e,0xd3,0x67,0x84,0x0,0x28,0x59,0x73,0x5d,0xeb,0x5c,0xf,0x5c,
  0x4b,0x0,0x29,0x8,0x0,0x0,0x0,0x0,0x6,0x0,0x0,0x0,0xc,0x51,0x75,0x61,
  0x64,0x2d,0x66,0x65,0x61,0x74,0x75,0x72,0x65,0x7,0x0,0x0,0x0,0x9,0x46,0x6f,
  0x72,0x6d,0x47,0x65,0x6e,0x34,0x38,0x1,0x3,0x0,0x0,0x0,0x26,0x51,0x76,0x4e,
  0xd6,0x56,0xdb,0x80,0x54,0x7e,0xd3,0x67,0x84,0x0,0x28,0x74,0x6,0x60,0xf3,0x57,
  0x8b,0x0,0x2c,0x0,0x20,0x81,0xea,0x5b,0x9a,0x4e,0x49,0x96,0x8f,0x67,0x3a,0x65,
  0x70,0x0,0x29,0x8,0x0,0x0,0x0,0x0,0x6,0x0,0x0,0x0,0x21,0x51,0x75,0x61,
  0x64,0x2d,0x66,0x65,0x61,0x74,0x75,0x72,0x65,0x20,0x28,0x69,0x64,0x65,0x61,0x6c,
  0x2c,0x20,0x63,0x75,0x73,0x74,0x6f,0x6d,0x20,0x73,0x61,0x6c,0x74,0x29,0x7,0x0,
  0x0,0x0,0x9,0x46,0x6f,0x72,0x6d,0x47,0x65,0x6e,0x34,0x38,0x1,0x3,0x0,0x0,
  0x0,0x16,0x56,0xdb,0x80,0x54,0x59,0x73,0x5d,0xeb,0x5c,0xf,0x5c,0x4b,0x0,0x28,
  0x52,0xc9,0x5f,0x3a,0x57,0x8b,0x0,0x29,0x8,0x0,0x0,0x0,0x0,0x6,0x0,0x0,
  0x0,0x11,0x51,0x75,0x61,0x64,0x2d,0x68,0x75,0x74,0x20,0x28,0x62,0x61,0x72,0x65,
  0x6c,0x79,0x29,0x7,0x0,0x0,0x0,0x9,0x46,0x6f,0x72,0x6d,0x47,0x65,0x6e,0x34,
  0x38,0x1,0x3,0x0,0x0,0x0,0x16,0x56,0xdb,0x80,0x54,0x59,0x73,0x5d,0xeb,0x5c,
  0xf,0x5c,0x4b,0x0,0x28,0x7e,0xcf,0x51,0x78,0x57,0x8b,0x0,0x29,0x8,0x0,0x0,
  0x0,0x0,0x6,0x0,0x0,0x0,0x12,0x51,0x75,0x61,0x64,0x2d,0x68,0x75,0x74,0x20,
  0x28,0x63,0x6c,0x61,0x73,0x73,0x69,0x63,0x29,0x7,0x0,0x0,0x0,0x9,0x46,0x6f,
  0x72,0x6d,0x47,0x65,0x6e,0x34,0x38,0x1,0x3,0x0,0x0,0x0,0x16,0x56,0xdb,0x80,
  0x54,0x59,0x73,0x5d,0xeb,0x5c,0xf,0x5c,0x4b,0x0,0x28,0x74,0x6,0x60,0xf3,0x57,
  0x8b,0x0,0x29,0x8,0x0,0x0,0x0,0x0,0x6,0x0,0x0,0x0,0x10,0x51,0x75,0x61,
  0x64,0x2d,0x68,0x75,0x74,0x20,0x28,0x69,0x64,0x65,0x61,0x6c,0x29,0x7,0x0,0x0,
  0x0,0x9,0x46,0x6f,0x72,0x6d,0x47,0x65,0x6e,0x34,0x38,0x1,0x3,0x0,0x0,0x0,
  0x16,0x56,0xdb,0x80,0x54,0x59,0x73,0x5d,0xeb,0x5c,0xf,0x5c,0x4b,0x0,0x28,0x66,
  0x6e,0x90,0x1a,0x57,0x8b,0x0,0x29,0x8,0x0,0x0,0x0,0x0,0x6,0x0,0x0,0x0,
  0x11,0x51,0x75,0x61,0x64,0x2d,0x68,0x75,0x74,0x20,0x28,0x6e,0x6f,0x72,0x6d,0x61,
  0x6c,0x29,0x7,0x0,0x0,0x0,0x9,0x46,0x6f,0x72,0x6d,0x47,0x65,0x6e,0x34,0x38,
  0x1,0x3,0x0,0x0,0x0,0xc,0x56,0xdb,0x80,0x54,0x6d,0x77,0x5e,0x95,0x79,0x5e,
  0x6b,0xbf,0x8,0x0,0x0,0x0,0x0,0x6,0x0,0x0,0x0,0xd,0x51,0x75,0x61,0x64,
  0x2d,0x6d,0x6f,0x6e,0x75,0x6d,0x65,0x6e,0x74,0x7,0x0,0x0,0x0,0x9,0x46,0x6f,
  0x72,0x6d,0x47,0x65,0x6e,0x34,0x38,0x1,0x3,0x0,0x0,0x0,0x12,0x66,0x2f,0x54,
  0x26,0x91,0xcd,0x7f,0x6e,0x52,0x17,0x88,0x68,0x8d,0xef,0x5f,0x84,0x0,0x3f,0x8,
  0x0,0x0,0x0,0x0,0x6,0x0,0x0,0x0,0x10,0x52,0x65,0x73,0x65,0x74,0x20,0x6c,
  0x69,0x73,0x74,0x20,0x70,0x61,0x74,0x68,0x3f,0x7,0x0,0x0,0x0,0x9,0x46,0x6f,
  0x72,0x6d,0x47,0x65,0x6e,0x34,0x38,0x1,0x3,0x0,0x0,0x0,0x20,0x79,0xcd,0x5b,
  0x50,0x4f,0x4e,0x0,0x32,0x0,0x30,0x4f,0x4d,0x0,0x28,0x4e,0x8c,0x8f,0xdb,0x52,
  0x36,0x0,0x29,0x98,0x84,0x8b,0xbe,0x7c,0x7b,0x57,0x8b,0x0,0x3a,0x8,0x0,0x0,
  0x0,0x0,0x6,0x0,0x0,0x0,0x14,0x52,0x65,0x73,0x74,0x72,0x69,0x63,0x74,0x20,
  0x6c,0x6f,0x77,0x65,0x72,0x20,0x62,0x69,0x74,0x73,0x3a,0x7,0x0,0x0,0x0,0x9,
  0x46,0x6f,0x72,0x6d,0x47,0x65,0x6e,0x34,0x38,0x1,0x3,0x0,0x0,0x0,0xe,0x81,
  0xea,0x5b,0x9a,0x4e,0x49,0x79,0xcd,0x5b,0x50,0x52,0x17,0x88,0x68,0x8,0x0,0x0,
  0x0,0x0,0x6,0x0,0x0,0x0,0x9,0x53,0x65,0x65,0x64,0x20,0x6c,0x69,0x73,0x74,
  0x7,0x0,0x0,0x0,0x9,0x46,0x6f,0x72,0x6d,0x47,0x65,0x6e,0x34,0x38,0x1,0x3,
  0x0,0x0,0x0,0xe,0x5f,0x85,0x64,0x1c,0x7d,0x22,0x79,0xcd,0x5b,0x50,0x65,0x70,
  0x0,0x3a,0x8,0x0,0x0,0x0,0x0,0x6,0x0,0x0,0x0,0x16,0x53,0x65,0x65,0x64,
  0x73,0x20,0x69,0x6e,0x20,0x73,0x65,0x61,0x72,0x63,0x68,0x20,0x73,0x70,0x61,0x63,
  0x65,0x3a,0x7,0x0,0x0,0x0,0x9,0x46,0x6f,0x72,0x6d,0x47,0x65,0x6e,0x34,0x38,
  0x1,0x3,0x0,0x0,0x0,0x72,0x90,0x9,0x62,0xe9,0x4e,0x0,0x7e,0xc4,0x53,0xef,
  0x4e,0xe5,0x75,0x28,0x4e,0x8e,0x75,0x1f,0x62,0x10,0x56,0xdb,0x80,0x54,0x7e,0xd3,
  0x67,0x84,0x76,0x84,0x4f,0x4e,0x0,0x32,0x0,0x30,0x4f,0x4d,0x0,0x28,0x4e,0x8c,
  0x8f,0xdb,0x52,0x36,0x0,0x29,0x76,0x84,0x50,0x3c,0x0,0xa,0x53,0xea,0x90,0x2,
  0x75,0x28,0x4e,0x8e,0x53,0x3a,0x57,0xdf,0x59,0x27,0x5c,0xf,0x0,0x3d,0x0,0x33,
  0x0,0x32,0x0,0x2c,0x0,0x20,0x53,0x3a,0x57,0x57,0x95,0xf4,0x96,0x94,0x0,0x3d,
  0x0,0x38,0x76,0x84,0x7e,0xd3,0x67,0x84,0x0,0x2c,0x0,0x20,0x4f,0x8b,0x59,0x82,
  0x59,0x73,0x5d,0xeb,0x5c,0xf,0x5c,0x4b,0x8,0x0,0x0,0x0,0x0,0x6,0x0,0x0,
  0x0,0xca,0x53,0x65,0x6c,0x65,0x63,0x74,0x73,0x20,0x61,0x20,0x73,0x65,0x74,0x20,
  0x6f,0x66,0x20,0x76,0x61,0x6c,0x75,0x65,0x73,0x20,0x66,0x6f,0x72,0x20,0x74,0x68,
  0x65,0x20,0x6c,0x6f,0x77,0x65,0x72,0x20,0x32,0x30,0x2d,0x62,0x69,0x74,0x73,0x20,
  0x6f,0x66,0x20,0x74,0x68,0x65,0x20,0x73,0x65,0x65,0x64,0x2c,0x20,0x63,0x6f,0x72,
  0x72,0x65,0x73,0x70,0x6f,0x6e,0x64,0x69,0x6e,0x67,0x20,0x74,0x6f,0x20,0x71,0x75,
  0x61,0x64,0x2d,0x66,0x65,0x61,0x74,0x75,0x72,0x65,0x20,0x63,0x6f,0x6e,0x73,0x74,
  0x65,0x6c,0x6c,0x61,0x74,0x69,0x6f,0x6e,0x73,0xa,0x41,0x70,0x70,0x6c,0x69,0x65,
  0x73,0x20,0x6f,0x6e,0x6c,0x79,0x20,0x74,0x6f,0x20,0x66,0x65,0x61,0x74,0x75,0x72,
  0x65,0x2d,0x73,0x74,0x72,0x75,0x63,0x74,0x75,0x72,0x65,0x73,0x20,0x6f,0x66,0x20,
  0x72,0x65,0x67,0x69,0x6f,0x6e,0x2d,0x73,0x69,0x7a,0x65,0x20,0x3d,0x20,0x33,0x32,
  0x20,0x61,0x6e,0x64,0x20,0x63,0x68,0x75,0x6e,0x6b,0x2d,0x67,0x61,0x70,0x20,0x3d,
  0x20,0x38,0x2c,0x20,0x69,0x6e,0x20,0x70,0x61,0x72,0x74,0x69,0x63,0x75,0x6c,0x61,
  0x72,0x20,0x73,0x77,0x61,0x6d,0x70,0x2d,0x68,0x75,0x74,0x73,0x7,0x0,0x0,0x0,
  0x9,0x46,0x6f,0x72,0x6d,0x47,0x65,0x6e,0x34,0x38,0x1,0x3,0x0,0x0,0x0,0x2c,
  0x65,0x87,0x67,0x2c,0x65,0x87,0x4e,0xf6,0x0,0x20,0x0,0x28,0x0,0x2a,0x0,0x2e,
  0x0,0x74,0x0,0x78,0x0,0x74,0x0,0x29,0x0,0x3b,0x0,0x3b,0x4e,0xfb,0x61,0xf,
  0x65,0x87,0x4e,0xf6,0x0,0x20,0x0,0x28,0x0,0x2a,0x0,0x29,0x8,0x0,0x0,0x0,
  0x0,0x6,0x0,0x0,0x0,0x21,0x54,0x65,0x78,0x74,0x20,0x66,0x69,0x6c,0x65,0x73,
  0x20,0x28,0x2a,0x2e,0x74,0x78,0x74,0x29,0x3b,0x3b,0x41,0x6e,0x79,0x20,0x66,0x69,
  0x6c,0x65,0x73,0x20,0x28,0x2a,0x29,0x7,0x0,0x0,0x0,0x9,0x46,0x6f,0x72,0x6d,
  0x47,0x65,0x6e,0x34,0x38,0x1,0x3,0x0,0x0,0x0,0x1c,0x8f,0x6c,0x63,0x62,0x62,
  0x10,0x53,0x3a,0x57,0xdf,0x0,0x28,0x57,0x50,0x68,0x7,0x0,0xd7,0x0,0x35,0x0,
  0x31,0x0,0x32,0x0,0x29,0x0,0x3a,0x8,0x0,0x0,0x0,0x0,0x6,0x0,0x0,0x0,
  0x2b,0x54,0x72,0x61,0x6e,0x73,0x70,0x6f,0x73,0x65,0x20,0x62,0x79,0x20,0x72,0x65,
  0x67,0x69,0x6f,0x6e,0x73,0x20,0x28,0x6d,0x75,0x6c,0x74,0x69,0x70,0x6c,0x69,0x65,
  0x64,0x20,0x62,0x79,0x20,0xc3,0x97,0x35,0x31,0x32,0x29,0x3a,0x7,0x0,0x0,0x0,
  0x9,0x46,0x6f,0x72,0x6d,0x47,0x65,0x6e,0x34,0x38,0x1,0x3,0x0,0x0,0x0,0xc,
  0x67,0x0,0x59,0x27,0x50,0x3c,0x0,0x28,0x54,0x2b,0x0,0x29,0x8,0x0,0x0,0x0,
  0x0,0x6,0x0,0x0,0x0,0x17,0x55,0x70,0x70,0x65,0x72,0x20,0x62,0x6f,0x75,0x6e,
  0x64,0x20,0x28,0x69,0x6e,0x63,0x6c,0x75,0x73,0x69,0x76,0x65,0x29,0x7,0x0,0x0,
  0x0,0x9,0x46,0x6f,0x72,0x6d,0x47,0x65,0x6e,0x34,0x38,0x1,0x3,0x0,0x0,0x0,
  0x30,0x4f,0x7f,0x75,0x28,0x81,0xea,0x5b,0x9a,0x4e,0x49,0x79,0xcd,0x5b,0x50,0x52,
  0x17,0x88,0x68,0x4f,0x5c,0x4e,0x3a,0x4f,0x4e,0x0,0x34,0x0,0x38,0x4f,0x4d,0x0,
  0x28,0x4e,0x8c,0x8f,0xdb,0x52,0x36,0x0,0x29,0x79,0xcd,0x5b,0x50,0x50,0x19,0x90,
  0x9,0x8,0x0,0x0,0x0,0x0,0x6,0x0,0x0,0x0,0x3b,0x55,0x73,0x65,0x20,0x61,
  0x20,0x63,0x75,0x73,0x74,0x6f,0x6d,0x20,0x73,0x65,0x65,0x64,0x20,0x6c,0x69,0x73,
  0x74,0x20,0x61,0x73,0x20,0x73,0x6f,0x75,0x72,0x63,0x65,0x20,0x66,0x6f,0x72,0x20,
  0x34,0x38,0x2d,0x62,0x69,0x74,0x20,0x73,0x65,0x65,0x64,0x20,0x63,0x61,0x6e,0x64,
  0x69,0x64,0x61,0x74,0x65,0x73,0x7,0x0,0x0,0x0,0x9,0x46,0x6f,0x72,0x6d,0x47,
  0x65,0x6e,0x34,0x38,0x1,0x3,0x0,0x0,0x0,0x28,0x52,0xa0,0x51,0x65,0x0,0x34,
  0x0,0x38,0x4f,0x4d,0x79,0xcd,0x5b,0x50,0x76,0x84,0x50,0x3c,0x0,0x28,0x4f,0x8b,
  0x59,0x82,0x7e,0xd3,0x67,0x84,0x75,0x1f,0x62,0x10,0x96,0x8f,0x67,0x3a,0x65,0x70,
  0x0,0x29,0x8,0x0,0x0,0x0,0x0,0x6,0x0,0x0,0x0,0x3a,0x56,0x61,0x6c,0x75,
  0x65,0x20,0x28,0x73,0x75,0x63,0x68,0x20,0x61,0x73,0x20,0x61,0x20,0x73,0x74,0x72,
  0x75,0x63,0x74,0x75,0x72,0x65,0x20,0x73,0x61,0x6c,0x74,0x29,0x20,0x61,0x64,0x64,
  0x65,0x64,0x20,0x74,0x6f,0x20,0x74,0x68,0x65,0x20,0x34,0x38,0x2d,0x62,0x69,0x74,
  0x20,0x73,0x65,0x65,0x64,0x73,0x7,0x0,0x0,0x0,0x9,0x46,0x6f,0x72,0x6d,0x47,
  0x65,0x6e,0x34,0x38,0x1,0x3,0x0,0x0,0x0,0x4,0x8b,0x66,0x54,0x4a,0x8,0x0,
  0x0,0x0,0x0,0x6,0x0,0x0,0x0,0x7,0x57,0x61,0x72,0x6e,0x69,0x6e,0x67,0x7,
  0x0,0x0,0x0,0x9,0x46,0x6f,0x72,0x6d,0x47,0x65,0x6e,0x34,0x38,0x1,0x3,0x0,
  0x0,0x0,0x1c,0x0,0x58,0x0,0x3c,0x0,0x73,0x0,0x75,0x0,0x62,0x0,0x3e,0x0,
  0x31,0x0,0x3c,0x0,0x2f,0x0,0x73,0x0,0x75,0x0,0x62,0x0,0x3e,0x0,0x3a,0x8,
  0x0,0x0,0x0,0x0,0x6,0x0,0x0,0x0,0xe,0x58,0x3c,0x73,0x75,0x62,0x3e,0x31,
  0x3c,0x2f,0x73,0x75,0x62,0x3e,0x3a,0x7,0x0,0x0,0x0,0x9,0x46,0x6f,0x72,0x6d,
  0x47,0x65,0x6e,0x34,0x38,0x1,0x3,0x0,0x0,0x0,0x1c,0x0,0x58,0x0,0x3c,0x0,
  0x73,0x0,0x75,0x0,0x62,0x0,0x3e,0x0,0x32,0x0,0x3c,0x0,0x2f,0x0,0x73,0x0,
  0x75,0x0,0x62,0x0,0x3e,0x0,0x3a,0x8,0x0,0x0,0x0,0x0,0x6,0x0,0x0,0x0,
  0xe,0x58,0x3c,0x73,0x75,0x62,0x3e,0x32,0x3c,0x2f,0x73,0x75,0x62,0x3e,0x3a,0x7,
  0x0,0x0,0x0,0x9,0x46,0x6f,0x72,0x6d,0x47,0x65,0x6e,0x34,0x38,0x1,0x3,0x0,
  0x0,0x0,0x1c,0x0,0x5a,0x0,0x3c,0x0,0x73,0x0,0x75,0x0,0x62,0x0,0x3e,0x0,
  0x31,0x0,0x3c,0x0,0x2f,0x0,0x73,0x0,0x75,0x0,0x62,0x0,0x3e,0x0,0x3a,0x8,
  0x0,0x0,0x0,0x0,0x6,0x0,0x0,0x0,0xe,0x5a,0x3c,0x73,0x75,0x62,0x3e,0x31,
  0x3c,0x2f,0x73,0x75,0x62,0x3e,0x3a,0x7,0x0,0x0,0x0,0x9,0x46,0x6f,0x72,0x6d,
  0x47,0x65,0x6e,0x34,0x38,0x1,0x3,0x0,0x0,0x0,0x1c,0x0,0x5a,0x0,0x3c,0x0,
  0x73,0x0,0x75,0x0,0x62,0x0,0x3e,0x0,0x32,0x0,0x3c,0x0,0x2f,0x0,0x73,0x0,
  0x75,0x0,0x62,0x0,0x3e,0x0,0x3a,0x8,0x0,0x0,0x0,0x0,0x6,0x0,0x0,0x0,
  0xe,0x5a,0x3c,0x73,0x75,0x62,0x3e,0x32,0x3c,0x2f,0x73,0x75,0x62,0x3e,0x3a,0x7,
  0x0,0x0,0x0,0x9,0x46,0x6f,0x72,0x6d,0x47,0x65,0x6e,0x34,0x38,0x1,0x3,0x0,
  0x0,0x0,0x10,0x0,0x5b,0x0,0x25,0x0,0x6e,0x0,0x20,0x4e,0x2a,0x79,0xcd,0x5b,
  0x50,0x0,0x5d,0x8,0x0,0x0,0x0,0x0,0x6,0x0,0x0,0x0,0xc,0x5b,0x25,0x6e,
  0x20,0x73,0x65,0x65,0x64,0x28,0x73,0x29,0x5d,0x7,0x0,0x0,0x0,0x9,0x46,0x6f,
  0x72,0x6d,0x47,0x65,0x6e,0x34,0x38,0x1,0x3,0x0,0x0,0x0,0x16,0x0,0x5b,0x0,
  0x25,0x0,0x6e,0x0,0x20,0x4e,0x2a,0x79,0xcd,0x5b,0x50,0x0,0x5d,0x0,0x20,0x0,
  0x25,0x0,0x31,0x8,0x0,0x0,0x0,0x0,0x6,0x0,0x0,0x0,0xf,0x5b,0x25,0x6e,
  0x20,0x73,0x65,0x65,0x64,0x28,0x73,0x29,0x5d,0x20,0x25,0x31,0x7,0x0,0x0,0x0,
  0x9,0x46,0x6f,0x72,0x6d,0x47,0x65,0x6e,0x34,0x38,0x1,0x3,0x0,0x0,0x0,0x6,
  0x0,0x5b,0x65,0xe0,0x0,0x5d,0x8,0x0,0x0,0x0,0x0,0x6,0x0,0x0,0x0,0x6,
  0x5b,0x4e,0x6f,0x6e,0x65,0x5d,0x7,0x0,0x0,0x0,0x9,0x46,0x6f,0x72,0x6d,0x47,
  0x65,0x6e,0x34,0x38,0x1,0x3,0x0,0x0,0x0,0x10,0x0,0x5b,0x56,0xdb,0x80,0x54,
  0x59,0x73,0x5d,0xeb,0x5c,0xf,0x5c,0x4b,0x0,0x5d,0x8,0x0,0x0,0x0,0x0,0x6,
  0x0,0x0,0x0,0xa,0x5b,0x51,0x75,0x61,0x64,0x2d,0x68,0x75,0x74,0x5d,0x7,0x0,
  0x0,0x0,0x9,0x46,0x6f,0x72,0x6d,0x47,0x65,0x6e,0x34,0x38,0x1,0x3,0x0,0x0,
  0x0,0x10,0x0,0x5b,0x56,0xdb,0x80,0x54,0x6d,0x77,0x5e,0x95,0x79,0x5e,0x6b,0xbf,
  0x0,0x5d,0x8,0x0,0x0,0x0,0x0,0x6,0x0,0x0,0x0,0xf,0x5b,0x51,0x75,0x61,
  0x64,0x2d,0x6d,0x6f,0x6e,0x75,0x6d,0x65,0x6e,0x74,0x5d,0x7,0x0,0x0,0x0,0x9,
  0x46,0x6f,0x72,0x6d,0x47,0x65,0x6e,0x34,0x38,0x1,0x3,0x0,0x0,0x0,0xe,0x0,
  0x5b,0x6c,0xa1,0x67,0x9,0x79,0xcd,0x5b,0x50,0x0,0x21,0x0,0x5d,0x8,0x0,0x0,
  0x0,0x0,0x6,0x0,0x0,0x0,0xb,0x5b,0x6e,0x6f,0x20,0x73,0x65,0x65,0x64,0x73,
  0x21,0x5d,0x7,0x0,0x0,0x0,0x9,0x46,0x6f,0x72,0x6d,0x47,0x65,0x6e,0x34,0x38,
  0x1,0x3,0x0,0x0,0x0,0x14,0x0,0x5b,0x6c,0xa1,0x67,0x9,0x79,0xcd,0x5b,0x50,
  0x0,0x21,0x0,0x5d,0x0,0x20,0x0,0x25,0x0,0x31,0x8,0x0,0x0,0x0,0x0,0x6,
  0x0,0x0,0x0,0xe,0x5b,0x6e,0x6f,0x20,0x73,0x65,0x65,0x64,0x73,0x21,0x5d,0x20,
  0x25,0x31,0x7,0x0,0x0,0x0,0x9,0x46,0x6f,0x72,0x6d,0x47,0x65,0x6e,0x34,0x38,
  0x1,0x3,0x0,0x0,0x0,0x6,0x0,0x5b,0x65,0xe0,0x0,0x5d,0x8,0x0,0x0,0x0,
  0x0,0x6,0x0,0x0,0x0,0x6,0x5b,0x6e,0x6f,0x6e,0x65,0x5d,0x7,0x0,0x0,0x0,
  0x9,0x46,0x6f,0x72,0x6d,0x47,0x65,0x6e,0x34,0x38,0x1,0x3,0x0,0x0,0x0,0xa,
  0x5b,0x8c,0x65,0x74,0x79,0xcd,0x5b,0x50,0x57,0xdf,0x8,0x0,0x0,0x0,0x0,0x6,
  0x0,0x0,0x0,0x3,0x61,0x6c,0x6c,0x7,0x0,0x0,0x0,0x9,0x46,0x6f,0x72,0x6d,
  0x47,0x65,0x6e,0x34,0x38,0x1,0x3,0x0,0x0,0x0,0x6,0x0,0x2e,0x0,0x2e,0x0,
  0x2e,0x8,0x0,0x0,0x0,0x0,0x6,0x0,0x0,0x0,0x3,0x2e,0x2e,0x2e,0x7,0x0,
  0x0,0x0,0x11,0x46,0x6f,0x72,0x6d,0x53,0x65,0x61,0x72,0x63,0x68,0x43,0x6f,0x6e,
  0x74,0x72,0x6f,0x6c,0x1,0x3,0x0,0x0,0x0,0x6,0x67,0x2a,0x5f,0x0,0x59,0xcb,
  0x8,0x0,0x0,0x0,0x0,0x6,0x0,0x0,0x0,0x1,0x30,0x7,0x0,0x0,0x0,0x11,
  0x46,0x6f,0x72,0x6d,0x53,0x65,0x61,0x72,0x63,0x68,0x43,0x6f,0x6e,0x74,0x72,0x6f,
  0x6c,0x1,0x3,0x0,0x0,0x0,0x1e,0x57,0xfa,0x4e,0x8e,0x4f,0x4e,0x0,0x34,0x0,
  0x38,0x4f,0x4d,0x0,0x28,0x4e,0x8c,0x8f,0xdb,0x52,0x36,0x0,0x29,0x76,0x84,0x79,
  0xcd,0x5b,0x50,0x96,0xc6,0x8,0x0,0x0,0x0,0x0,0x6,0x0,0x0,0x0,0x14,0x34,
  0x38,0x2d,0x62,0x69,0x74,0x20,0x66,0x61,0x6d,0x69,0x6c,0x79,0x20,0x62,0x6c,0x6f,
  0x63,0x6b,0x73,0x7,0x0,0x0,0x0,0x11,0x46,0x6f,0x72,0x6d,0x53,0x65,0x61,0x72,
  0x63,0x68,0x43,0x6f,0x6e,0x74,0x72,0x6f,0x6c,0x1,0x3,0x0,0x0,0x0,0x14,0x4e,
  0xc5,0x4f,0x4e,0x0,0x34,0x0,0x38,0x4f,0x4d,0x0,0x28,0x4e,0x8c,0x8f,0xdb,0x52,
  0x36,0x0,0x29,0x8,0x0,0x0,0x0,0x0,0x6,0x0,0x0,0x0,0xb,0x34,0x38,0x2d,
  0x62,0x69,0x74,0x20,0x6f,0x6e,0x6c,0x79,0x7,0x0,0x0,0x0,0x11,0x46,0x6f,0x72,
  0x6d,0x53,0x65,0x61,0x72,0x63,0x68,0x43,0x6f,0x6e,0x74,0x72,0x6f,0x6c,0x1,0x3,
  0x0,0x0,0x0,0xb4,0x0,0x3c,0x0,0x68,0x0,0x74,0x0,0x6d,0x0,0x6c,0x0,0x3e,
  0x0,0x3c,0x0,0x68,0x0,0x65,0x0,0x61,0x0,0x64,0x0,0x2f,0x0,0x3e,0x0,0x3c,
  0x0,0x62,0x0,0x6f,0x0,0x64,0x0,0x79,0x0,0x3e,0x0,0x3c,0x0,0x70,0x0,0x3e,
  0x64,0x1c,0x7d,0x22,0x65,0xb9,0x6c,0xd5,0x8b,0xf4,0x66,0xe,0x0,0x3c,0x0,0x2f,
  0x0,0x70,0x0,0x3e,0x0,0x3c,0x0,0x70,0x0,0x3e,0x90,0x12,0x58,0x9e,0x0,0x3a,
  0x0,0x20,0x90,0x2,0x75,0x28,0x4e,0x8e,0x7b,0x80,0x53,0x55,0x7f,0xa4,0x7c,0xfb,
  0x64,0x1c,0x7d,0x22,0x0,0x3c,0x0,0x2f,0x0,0x70,0x0,0x3e,0x0,0x3c,0x0,0x70,
  0x0,0x3e,0x0,0x34,0x0,0x38,0x4f,0x4d,0x79,0xcd,0x5b,0x50,0x96,0xc6,0x0,0x3a,
  0x0,0x20,0x90,0x2,0x75,0x28,0x4e,0x8e,0x59,0xd,0x67,0x42,0x7e,0xd3,0x67,0x84,
  0x64,0x1c,0x7d,0x22,0x0,0x3c,0x0,0x2f,0x0,0x70,0x0,0x3e,0x0,0x3c,0x0,0x2f,
  0x0,0x62,0x0,0x6f,0x0,0x64,0x0,0x79,0x0,0x3e,0x0,0x3c,0x0,0x2f,0x0,0x68,
  0x0,0x74,0x0,0x6d,0x0,0x6c,0x0,0x3e,0x8,0x0,0x0,0x0,0x0,0x6,0x0,0x0,
  0x1,0x18,0x3c,0x68,0x74,0x6d,0x6c,0x3e,0x3c,0x68,0x65,0x61,0x64,0x2f,0x3e,0x3c,
  0x62,0x6f,0x64,0x79,0x3e,0x3c,0x70,0x3e,0x73,0x65,0x61,0x72,0x63,0x68,0x69,0x6e,
  0x67,0x20,0x61,0x6c,0x67,0x6f,0x72,0x69,0x74,0x68,0x6d,0x3c,0x2f,0x70,0x3e,0x3c,
  0x70,0x3e,0x69,0x6e,0x63,0x72,0x65,0x6d,0x65,0x6e,0x74,0x61,0x6c,0x3a,0x20,0x62,
  0x65,0x73,0x74,0x20,0x66,0x6f,0x72,0x20,0x6e,0x6f,0x6e,0x2d,0x65,0x78,0x68,0x61,
  0x75,0x73,0x74,0x69,0x76,0x65,0x20,0x62,0x69,0x6f,0x6d,0x65,0x20,0x73,0x65,0x61,
  0x72,0x63,0x68,0x65,0x73,0x3c,0x2f,0x70,0x3e,0x3c,0x70,0x3e,0x34,0x38,0x2d,0x62,
  0x69,0x74,0x20,0x66,0x61,0x6d,0x69,0x6c,0x79,0x20,0x62,0x6c,0x6f,0x63,0x6b,0x73,
  0x3a,0x20,0x62,0x65,0x73,0x74,0x20,0x66,0x6f,0x72,0x20,0x73,0x65,0x61,0x72,0x63,
  0x68,0x65,0x73,0x20,0x77,0x69,0x74,0x68,0x20,0x73,0x74,0x72,0x6f,0x6e,0x67,0x20,
  0x73,0x74,0x72,0x75,0x63,0x74,0x75,0x72,0x65,0x20,0x72,0x65,0x73,0x74,0x72,0x69,
  0x63,0x74,0x69,0x6f,0x6e,0x73,0x3c,0x2f,0x70,0x3e,0x3c,0x70,0x3e,0x73,0x65,0x65,
  0x64,0x20,0x6c,0x69,0x73,0x74,0x20,0x66,0x72,0x6f,0x6d,0x20,0x66,0x69,0x6c,0x65,
  0x2e,0x2e,0x2e,0x3a,0x20,0x6c,0x6f,0x61,0x64,0x20,0x61,0x6e,0x64,0x20,0x73,0x65,
  0x61,0x72,0x63,0x68,0x20,0x74,0x68,0x72,0x6f,0x75,0x67,0x68,0x20,0x61,0x20,0x70,
  0x72,0x65,0x2d,0x63,0x6f,0x6d,0x70,0x75,0x74,0x65,0x64,0x20,0x6c,0x69,0x73,0x74,
  0x20,0x6f,0x66,0x20,0x73,0x65,0x65,0x64,0x3c,0x2f,0x70,0x3e,0x3c,0x2f,0x62,0x6f,
  0x64,0x79,0x3e,0x3c,0x2f,0x68,0x74,0x6d,0x6c,0x3e,0x7,0x0,0x0,0x0,0x11,0x46,
  0x6f,0x72,0x6d,0x53,0x65,0x61,0x72,0x63,0x68,0x43,0x6f,0x6e,0x74,0x72,0x6f,0x6c,
  0x1,0x3,0x0,0x0,0x0,0x8,0x66,0x82,0x50,0x5c,0x64,0x1c,0x7d,0x22,0x8,0x0,
  0x0,0x0,0x0,0x6,0x0,0x0,0x0,0xc,0x41,0x62,0x6f,0x72,0x74,0x20,0x73,0x65,
  0x61,0x72,0x63,0x68,0x7,0x0,0x0,0x0,0x11,0x46,0x6f,0x72,0x6d,0x53,0x65,0x61,
  0x72,0x63,0x68,0x43,0x6f,0x6e,0x74,0x72,0x6f,0x6c,0x1,0x3,0x0,0x0,0x0,0x8,
  0x6e,0x5,0x7a,0x7a,0x7e,0xd3,0x67,0x9c,0x8,0x0,0x0,0x0,0x0,0x6,0x0,0x0,
  0x0,0xd,0x43,0x6c,0x65,0x61,0x72,0x20,0x72,0x65,0x73,0x75,0x6c,0x74,0x73,0x7,
  0x0,0x0,0x0,0x11,0x46,0x6f,0x72,0x6d,0x53,0x65,0x61,0x72,0x63,0x68,0x43,0x6f,
  0x6e,0x74,0x72,0x6f,0x6c,0x1,0x3,0x0,0x0,0x0,0xc,0x59,0xd,0x52,0x36,0x62,
  0x40,0x67,0x9,0x79,0xcd,0x5b,0x50,0x8,0x0,0x0,0x0,0x0,0x6,0x0,0x0,0x0,
  0xe,0x43,0x6f,0x70,0x79,0x20,0x73,0x65,0x65,0x64,0x20,0x6c,0x69,0x73,0x74,0x7,
  0x0,0x0,0x0,0x11,0x46,0x6f,0x72,0x6d,0x53,0x65,0x61,0x72,0x63,0x68,0x43,0x6f,
  0x6e,0x74,0x72,0x6f,0x6c,0x1,0x3,0x0,0x0,0x0,0xe,0x59,0xd,0x52,0x36,0x90,
  0x9,0x5b,0x9a,0x76,0x84,0x79,0xcd,0x5b,0x50,0x8,0x0,0x0,0x0,0x0,0x6,0x0,
  0x0,0x0,0x12,0x43,0x6f,0x70,0x79,0x20,0x73,0x65,0x6c,0x65,0x63,0x74,0x65,0x64,
  0x20,0x73,0x65,0x65,0x64,0x7,0x0,0x0,0x0,0x11,0x46,0x6f,0x72,0x6d,0x53,0x65,
  0x61,0x72,0x63,0x68,0x43,0x6f,0x6e,0x74,0x72,0x6f,0x6c,0x1,0x3,0x0,0x0,0x0,
  0x6,0x5d,0xf2,0x5b,0x8c,0x62,0x10,0x8,0x0,0x0,0x0,0x0,0x6,0x0,0x0,0x0,
  0x4,0x44,0x6f,0x6e,0x65,0x7,0x0,0x0,0x0,0x11,0x46,0x6f,0x72,0x6d,0x53,0x65,
  0x61,0x72,0x63,0x68,0x43,0x6f,0x6e,0x74,0x72,0x6f,0x6c,0x1,0x3,0x0,0x0,0x0,
  0x26,0x65,0xe0,0x6c,0xd5,0x4e,0xce,0x4e,0xe5,0x4e,0xb,0x65,0x87,0x4e,0xf6,0x8b,
  0xfb,0x53,0xd6,0x79,0xcd,0x5b,0x50,0x52,0x17,0x88,0x68,0x0,0x3a,0x0,0xa,0x0,
  0x22,0x0,0x25,0x0,0x31,0x0,0x22,0x8,0x0,0x0,0x0,0x0,0x6,0x0,0x0,0x0,
  0x2f,0x46,0x61,0x69,0x6c,0x65,0x64,0x20,0x74,0x6f,0x20,0x6c,0x6f,0x61,0x64,0x20,
  0x36,0x34,0x2d,0x62,0x69,0x74,0x20,0x73,0x65,0x65,0x64,0x20,0x6c,0x69,0x73,0x74,
  0x20,0x66,0x72,0x6f,0x6d,0x20,0x66,0x69,0x6c,0x65,0x3a,0xa,0x22,0x25,0x31,0x22,
  0x7,0x0,0x0,0x0,0x11,0x46,0x6f,0x72,0x6d,0x53,0x65,0x61,0x72,0x63,0x68,0x43,
  0x6f,0x6e,0x74,0x72,0x6f,0x6c,0x1,0x3,0x0,0x0,0x0,0xe,0x7b,0x26,0x54,0x8,
  0x67,0x61,0x4e,0xf6,0x76,0x84,0x79,0xcd,0x5b,0x50,0x8,0x0,0x0,0x0,0x0,0x6,
  0x0,0x0,0x0,0x4,0x46,0x6f,0x72,0x6d,0x7,0x0,0x0,0x0,0x11,0x46,0x6f,0x72,
  0x6d,0x53,0x65,0x61,0x72,0x63,0x68,0x43,0x6f,0x6e,0x74,0x72,0x6f,0x6c,0x1,0x3,
  0x0,0x0,0x0,0x4,0x7a,0x7a,0x95,0xf2,0x8,0x0,0x0,0x0,0x0,0x6,0x0,0x0,
  0x0,0x4,0x49,0x64,0x6c,0x65,0x7,0x0,0x0,0x0,0x11,0x46,0x6f,0x72,0x6d,0x53,
  0x65,0x61,0x72,0x63,0x68,0x43,0x6f,0x6e,0x74,0x72,0x6f,0x6c,0x1,0x3,0x0,0x0,
  0x0,0x4,0x7a,0x7a,0x95,0xf2,0x8,0x0,0x0,0x0,0xb,0x50,0x72,0x6f,0x67,0x72,
  0x65,0x73,0x73,0x62,0x61,0x72,0x6,0x0,0x0,0x0,0x4,0x49,0x64,0x6c,0x65,0x7,
  0x0,0x0,0x0,0x11,0x46,0x6f,0x72,0x6d,0x53,0x65,0x61,0x72,0x63,0x68,0x43,0x6f,
  0x6e,0x74,0x72,0x6f,0x6c,0x1,0x3,0x0,0x0,0x0,0xc,0x5b,0xfc,0x51,0x65,0x79,
  0xcd,0x5b,0x50,0x52,0x17,0x88,0x68,0x8,0x0,0x0,0x0,0x0,0x6,0x0,0x0,0x0,
  0xe,0x4c,0x6f,0x61,0x64,0x20,0x73,0x65,0x65,0x64,0x20,0x6c,0x69,0x73,0x74,0x7,
  0x0,0x0,0x0,0x11,0x46,0x6f,0x72,0x6d,0x53,0x65,0x61,0x72,0x63,0x68,0x43,0x6f,
  0x6e,0x74,0x72,0x6f,0x6c,0x1,0x3,0x0,0x0,0x0,0x1c,0x5d,0xf2,0x8f,0xbe,0x52,
  0x30,0x67,0x0,0x59,0x27,0x7e,0xd3,0x67,0x9c,0x65,0x70,0x0,0x20,0x0,0x28,0x0,
  0x25,0x0,0x31,0x0,0x29,0xff,0x1,0x8,0x0,0x0,0x0,0x0,0x6,0x0,0x0,0x0,
  0x27,0x4d,0x61,0x78,0x69,0x6d,0x75,0x6d,0x20,0x6e,0x75,0x6d,0x62,0x65,0x72,0x20,
  0x6f,0x66,0x20,0x72,0x65,0x73,0x75,0x6c,0x74,0x73,0x20,0x72,0x65,0x61,0x63,0x68,
  0x65,0x64,0x20,0x28,0x25,0x31,0x29,0x2e,0x7,0x0,0x0,0x0,0x11,0x46,0x6f,0x72,
  0x6d,0x53,0x65,0x61,0x72,0x63,0x68,0x43,0x6f,0x6e,0x74,0x72,0x6f,0x6c,0x1,0x3,
  0x0,0x0,0x0,0x14,0x8b,0xf7,0x90,0x9,0x62,0xe9,0x79,0xcd,0x5b,0x50,0x52,0x17,
  0x88,0x68,0x65,0x87,0x4e,0xf6,0xff,0x1,0x8,0x0,0x0,0x0,0x0,0x6,0x0,0x0,
  0x0,0x1b,0x4e,0x6f,0x20,0x73,0x65,0x65,0x64,0x20,0x6c,0x69,0x73,0x74,0x20,0x66,
  0x69,0x6c,0x65,0x20,0x73,0x65,0x6c,0x65,0x63,0x74,0x65,0x64,0x2e,0x7,0x0,0x0,
  0x0,0x11,0x46,0x6f,0x72,0x6d,0x53,0x65,0x61,0x72,0x63,0x68,0x43,0x6f,0x6e,0x74,
  0x72,0x6f,0x6c,0x1,0x3,0x0,0x0,0x0,0x1a,0x4e,0xce,0x52,0x6a,0x8d,0x34,0x67,
  0x7f,0x7c,0x98,0x8d,0x34,0x0,0x20,0x0,0x25,0x0,0x6e,0x0,0x20,0x4e,0x2a,0x79,
  0xcd,0x5b,0x50,0x8,0x0,0x0,0x0,0x0,0x6,0x0,0x0,0x0,0x1f,0x50,0x61,0x73,
  0x74,0x65,0x20,0x25,0x6e,0x20,0x73,0x65,0x65,0x64,0x28,0x73,0x29,0x20,0x66,0x72,
  0x6f,0x6d,0x20,0x63,0x6c,0x69,0x70,0x62,0x6f,0x61,0x72,0x64,0x7,0x0,0x0,0x0,
  0x11,0x46,0x6f,0x72,0x6d,0x53,0x65,0x61,0x72,0x63,0x68,0x43,0x6f,0x6e,0x74,0x72,
  0x6f,0x6c,0x1,0x3,0x0,0x0,0x0,0x2e,0x8b,0xf7,0x4f,0x7f,0x75,0x28,0x0,0x22,
  0x6d,0xfb,0x52,0xa0,0x0,0x22,0x63,0x9,0x94,0xae,0x58,0x9e,0x52,0xa0,0x4e,0x0,
  0x4e,0x9b,0x7b,0x5b,0x90,0x9,0x67,0x61,0x4e,0xf6,0x51,0x8d,0x5f,0x0,0x59,0xcb,
  0x64,0x1c,0x7d,0x22,0xff,0x1,0x8,0x0,0x0,0x0,0x0,0x6,0x0,0x0,0x0,0x36,
  0x50,0x6c,0x65,0x61,0x73,0x65,0x20,0x64,0x65,0x66,0x69,0x6e,0x65,0x20,0x73,0x6f,
  0x6d,0x65,0x20,0x63,0x6f,0x6e,0x73,0x74,0x72,0x61,0x69,0x6e,0x74,0x73,0x20,0x75,
  0x73,0x69,0x6e,0x67,0x20,0x74,0x68,0x65,0x20,0x22,0x41,0x64,0x64,0x22,0x20,0x62,
  0x75,0x74,0x74,0x6f,0x6e,0x2e,0x7,0x0,0x0,0x0,0x11,0x46,0x6f,0x72,0x6d,0x53,
  0x65,0x61,0x72,0x63,0x68,0x43,0x6f,0x6e,0x74,0x72,0x6f,0x6c,0x1,0x3,0x0,0x0,
  0x0,0x14,0x67,0x2c,0x6b,0x21,0x64,0x1c,0x7d,0x22,0x4e,0x2d,0x63,0x92,0x96,0x1f,
  0x76,0x84,0x8f,0xdb,0x7a,0xb,0x8,0x0,0x0,0x0,0x0,0x6,0x0,0x0,0x0,0x25,
  0x51,0x75,0x65,0x75,0x65,0x64,0x20,0x70,0x72,0x6f,0x67,0x72,0x65,0x73,0x73,0x20,
  0x77,0x69,0x74,0x68,0x69,0x6e,0x20,0x74,0x68,0x65,0x20,0x73,0x65,0x61,0x72,0x63,
  0x68,0x20,0x73,0x65,0x74,0x7,0x0,0x0,0x0,0x11,0x46,0x6f,0x72,0x6d,0x53,0x65,
  0x61,0x72,0x63,0x68,0x43,0x6f,0x6e,0x74,0x72,0x6f,0x6c,0x1,0x3,0x0,0x0,0x0,
  0xe,0x52,0x20,0x96,0x64,0x90,0x9,0x5b,0x9a,0x76,0x84,0x79,0xcd,0x5b,0x50,0x8,
  0x0,0x0,0x0,0x0,0x6,0x0,0x0,0x0,0x14,0x52,0x65,0x6d,0x6f,0x76,0x65,0x20,
  0x73,0x65,0x6c,0x65,0x63,0x74,0x65,0x64,0x20,0x73,0x65,0x65,0x64,0x7,0x0,0x0,
  0x0,0x11,0x46,0x6f,0x72,0x6d,0x53,0x65,0x61,0x72,0x63,0x68,0x43,0x6f,0x6e,0x74,
  0x72,0x6f,0x6c,0x1,0x3,0x0,0x0,0x0,0x12,0x66,0x2f,0x54,0x26,0x91,0xcd,0x7f,
  0x6e,0x52,0x17,0x88,0x68,0x8d,0xef,0x5f,0x84,0x0,0x3f,0x8,0x0,0x0,0x0,0x0,
  0x6,0x0,0x0,0x0,0x10,0x52,0x65,0x73,0x65,0x74,0x20,0x6c,0x69,0x73,0x74,0x20,
  0x70,0x61,0x74,0x68,0x3f,0x7,0x0,0x0,0x0,0x11,0x46,0x6f,0x72,0x6d,0x53,0x65,
  0x61,0x72,0x63,0x68,0x43,0x6f,0x6e,0x74,0x72,0x6f,0x6c,0x1,0x3,0x0,0x0,0x0,
  0xe,0x6b,0x63,0x57,0x28,0x8f,0xd0,0x88,0x4c,0x0,0x2e,0x0,0x2e,0x0,0x2e,0x8,
  0x0,0x0,0x0,0x0,0x6,0x0,0x0,0x0,0xa,0x52,0x75,0x6e,0x6e,0x69,0x6e,0x67,
  0x2e,0x2e,0x2e,0x7,0x0,0x0,0x0,0x11,0x46,0x6f,0x72,0x6d,0x53,0x65,0x61,0x72,
  0x63,0x68,0x43,0x6f,0x6e,0x74,0x72,0x6f,0x6c,0x1,0x3,0x0,0x0,0x0,0xa,0x64,
  0x1c,0x7d,0x22,0x65,0xb9,0x5f,0xf,0x0,0x3a,0x8,0x0,0x0,0x0,0x0,0x6,0x0,
  0x0,0x0,0x7,0x53,0x65,0x61,0x72,0x63,0x68,0x3a,0x7,0x0,0x0,0x0,0x11,0x46,
  0x6f,0x72,0x6d,0x53,0x65,0x61,0x72,0x63,0x68,0x43,0x6f,0x6e,0x74,0x72,0x6f,0x6c,
  0x1,0x3,0x0,0x0,0x0,0xa,0x5f,0x53,0x52,0x4d,0x79,0xcd,0x5b,0x50,0x0,0x3a,
  0x8,0x0,0x0,0x0,0x0,0x6,0x0,0x0,0x0,0x5,0x53,0x65,0x65,0x64,0x3a,0x7,
  0x0,0x0,0x0,0x11,0x46,0x6f,0x72,0x6d,0x53,0x65,0x61,0x72,0x63,0x68,0x43,0x6f,
  0x6e,0x74,0x72,0x6f,0x6c,0x1,0x3,0x0,0x0,0x0,0x8,0x5f,0x0,0x59,0xcb,0x64,
  0x1c,0x7d,0x22,0x8,0x0,0x0,0x0,0x0,0x6,0x0,0x0,0x0,0xc,0x53,0x74,0x61,
  0x72,0x74,0x20,0x73,0x65,0x61,0x72,0x63,0x68,0x7,0x0,0x0,0x0,0x11,0x46,0x6f,
  0x72,0x6d,0x53,0x65,0x61,0x72,0x63,0x68,0x43,0x6f,0x6e,0x74,0x72,0x6f,0x6c,0x1,
  0x3,0x0,0x0,0x0,0x10,0x62,0x7e,0x52,0x30,0x7e,0xd3,0x67,0x9c,0x7a,0xcb,0x53,
  0x73,0x50,0x5c,0x6b,0x62,0x8,0x0,0x0,0x0,0x0,0x6,0x0,0x0,0x0,0xf,0x53,
  0x74,0x6f,0x70,0x20,0x6f,0x6e,0x20,0x72,0x65,0x73,0x75,0x6c,0x74,0x73,0x7,0x0,
  0x0,0x0,0x11,0x46,0x6f,0x72,0x6d,0x53,0x65,0x61,0x72,0x63,0x68,0x43,0x6f,0x6e,
  0x74,0x72,0x6f,0x6c,0x1,0x3,0x0,0x0,0x0,0x2c,0x65,0x87,0x67,0x2c,0x65,0x87,
  0x4e,0xf6,0x0,0x20,0x0,0x28,0x0,0x2a,0x0,0x2e,0x0,0x74,0x0,0x78,0x0,0x74,
  0x0,0x29,0x0,0x3b,0x0,0x3b,0x4e,0xfb,0x61,0xf,0x65,0x87,0x4e,0xf6,0x0,0x20,
  0x0,0x28,0x0,0x2a,0x0,0x29,0x8,0x0,0x0,0x0,0x0,0x6,0x0,0x0,0x0,0x21,
  0x54,0x65,0x78,0x74,0x20,0x66,0x69,0x6c,0x65,0x73,0x20,0x28,0x2a,0x2e,0x74,0x78,
  0x74,0x29,0x3b,0x3b,0x41,0x6e,0x79,0x20,0x66,0x69,0x6c,0x65,0x73,0x20,0x28,0x2a,
  0x29,0x7,0x0,0x0,0x0,0x11,0x46,0x6f,0x72,0x6d,0x53,0x65,0x61,0x72,0x63,0x68,
  0x43,0x6f,0x6e,0x74,0x72,0x6f,0x6c,0x1,0x3,0x0,0x0,0x0,0x8,0x7e,0xbf,0x7a,
  0xb,0x65,0x70,0x0,0x3a,0x8,0x0,0x0,0x0,0x0,0x6,0x0,0x0,0x0,0x8,0x54,
  0x68,0x72,0x65,0x61,0x64,0x73,0x3a,0x7,0x0,0x0,0x0,0x11,0x46,0x6f,0x72,0x6d,
  0x53,0x65,0x61,0x72,0x63,0x68,0x43,0x6f,0x6e,0x74,0x72,0x6f,0x6c,0x1,0x3,0x0,
  0x0,0x0,0x4,0x8b,0x66,0x54,0x4a,0x8,0x0,0x0,0x0,0x0,0x6,0x0,0x0,0x0,
  0x7,0x57,0x61,0x72,0x6e,0x69,0x6e,0x67,0x7,0x0,0x0,0x0,0x11,0x46,0x6f,0x72,
  0x6d,0x53,0x65,0x61,0x72,0x63,0x68,0x43,0x6f,0x6e,0x74,0x72,0x6f,0x6c,0x1,0x3,
  0x0,0x0,0x0,0x4,0x90,0x12,0x58,0x9e,0x8,0x0,0x0,0x0,0x0,0x6,0x0,0x0,
  0x0,0xb,0x69,0x6e,0x63,0x72,0x65,0x6d,0x65,0x6e,0x74,0x61,0x6c,0x7,0x0,0x0,
  0x0,0x11,0x46,0x6f,0x72,0x6d,0x53,0x65,0x61,0x72,0x63,0x68,0x43,0x6f,0x6e,0x74,
  0x72,0x6f,0x6c,0x1,0x3,0x0,0x0,0x0,0x10,0x4e,0xce,0x65,0x87,0x4e,0xf6,0x5b,
  0xfc,0x51,0x65,0x0,0x2e,0x0,0x2e,0x0,0x2e,0x8,0x0,0x0,0x0,0x0,0x6,0x0,
  0x0,0x0,0x16,0x73,0x65,0x65,0x64,0x20,0x6c,0x69,0x73,0x74,0x20,0x66,0x72,0x6f,
  0x6d,0x20,0x66,0x69,0x6c,0x65,0x2e,0x2e,0x2e,0x7,0x0,0x0,0x0,0x11,0x46,0x6f,
  0x72,0x6d,0x53,0x65,0x61,0x72,0x63,0x68,0x43,0x6f,0x6e,0x74,0x72,0x6f,0x6c,0x1,
  0x3,0x0,0x0,0x0,0x10,0x62,0x7e,0x52,0x30,0x7e,0xd3,0x67,0x9c,0x7a,0xcb,0x53,
  0x73,0x50,0x5c,0x6b,0x62,0x8,0x0,0x0,0x0,0x0,0x6,0x0,0x0,0x0,0x37,0x73,
  0x74,0x6f,0x70,0x20,0x61,0x73,0x20,0x73,0x6f,0x6f,0x6e,0x20,0x61,0x73,0x20,0x74,
  0x68,0x65,0x20,0x6e,0x65,0x78,0x74,0x20,0x73,0x65,0x74,0x20,0x6f,0x66,0x20,0x6d,
  0x61,0x74,0x63,0x68,0x69,0x6e,0x67,0x20,0x73,0x65,0x65,0x64,0x73,0x20,0x69,0x73,
  0x20,0x66,0x6f,0x75,0x6e,0x64,0x7,0x0,0x0,0x0,0x11,0x46,0x6f,0x72,0x6d,0x53,
  0x65,0x61,0x72,0x63,0x68,0x43,0x6f,0x6e,0x74,0x72,0x6f,0x6c,0x1,0x3,0x0,0x0,
  0x0,0x18,0x7f,0x29,0x65,0x3e,0x6b,0xd4,0x4f,0x8b,0x8f,0xc7,0x59,0x27,0x53,0xef,
  0x80,0xfd,0x5b,0xfc,0x81,0xf4,0x53,0x61,0x6b,0x7b,0x8,0x0,0x0,0x0,0x0,0x6,
  0x0,0x0,0x0,0x20,0x41,0x20,0x76,0x65,0x72,0x79,0x20,0x6c,0x61,0x72,0x67,0x65,
  0x20,0x73,0x63,0x61,0x6c,0x65,0x20,0x6d,0x61,0x79,0x20,0x62,0x65,0x20,0x75,0x6e,
  0x73,0x61,0x66,0x65,0x7,0x0,0x0,0x0,0xa,0x47,0x6f,0x74,0x6f,0x44,0x69,0x61,
  0x6c,0x6f,0x67,0x1,0x3,0x0,0x0,0x0,0xc,0x64,0xad,0x65,0x3e,0x79,0xfb,0x52,
  0xa8,0x52,0xa8,0x75,0x3b,0x8,0x0,0x0,0x0,0x0,0x6,0x0,0x0,0x0,0xe,0x41,
  0x6e,0x69,0x6d,0x61,0x74,0x65,0x20,0x74,0x72,0x61,0x76,0x65,0x6c,0x7,0x0,0x0,
  0x0,0xa,0x47,0x6f,0x74,0x6f,0x44,0x69,0x61,0x6c,0x6f,0x67,0x1,0x3,0x0,0x0,
  0x0,0x4,0x57,0x50,0x68,0x7,0x8,0x0,0x0,0x0,0x0,0x6,0x0,0x0,0x0,0xb,
  0x43,0x6f,0x6f,0x72,0x64,0x69,0x6e,0x61,0x74,0x65,0x73,0x7,0x0,0x0,0x0,0xa,
  0x47,0x6f,0x74,0x6f,0x44,0x69,0x61,0x6c,0x6f,0x67,0x1,0x3,0x0,0x0,0x0,0x6,
  0x57,0x50,0x68,0x7,0x0,0x3a,0x8,0x0,0x0,0x0,0x0,0x6,0x0,0x0,0x0,0xc,
  0x43,0x6f,0x6f,0x72,0x64,0x69,0x6e,0x61,0x74,0x65,0x73,0x3a,0x7,0x0,0x0,0x0,
  0xa,0x47,0x6f,0x74,0x6f,0x44,0x69,0x61,0x6c,0x6f,0x67,0x1,0x3,0x0,0x0,0x0,
  0xa,0x7f,0x29,0x65,0x3e,0x7b,0x49,0x7e,0xa7,0x0,0x3a,0x8,0x0,0x0,0x0,0x0,
  0x6,0x0,0x0,0x0,0x6,0x53,0x63,0x61,0x6c,0x65,0x3a,0x7,0x0,0x0,0x0,0xa,
  0x47,0x6f,0x74,0x6f,0x44,0x69,0x61,0x6c,0x6f,0x67,0x1,0x3,0x0,0x0,0x0,0x2,
  0x0,0x58,0x8,0x0,0x0,0x0,0x0,0x6,0x0,0x0,0x0,0x1,0x58,0x7,0x0,0x0,
  0x0,0xa,0x47,0x6f,0x74,0x6f,0x44,0x69,0x61,0x6c,0x6f,0x67,0x1,0x3,0x0,0x0,
  0x0,0x2,0x0,0x5a,0x8,0x0,0x0,0x0,0x0,0x6,0x0,0x0,0x0,0x1,0x5a,0x7,
  0x0,0x0,0x0,0xa,0x47,0x6f,0x74,0x6f,0x44,0x69,0x61,0x6c,0x6f,0x67,0x1,0x3,
  0x0,0x0,0x0,0xa,0x65,0xb9,0x57,0x57,0x0,0x2f,0x50,0xcf,0x7d,0x20,0x8,0x0,
  0x0,0x0,0x0,0x6,0x0,0x0,0x0,0x10,0x62,0x6c,0x6f,0x63,0x6b,0x73,0x20,0x70,
  0x65,0x72,0x20,0x70,0x69,0x78,0x65,0x6c,0x7,0x0,0x0,0x0,0xa,0x47,0x6f,0x74,
  0x6f,0x44,0x69,0x61,0x6c,0x6f,0x67,0x1,0x3,0x0,0x0,0x0,0x12,0x0,0x31,0x0,
  0x3a,0x0,0x31,0x0,0x20,0x6c,0xf0,0x68,0xee,0x59,0x1a,0x8f,0xb9,0x5f,0x62,0x8,
  0x0,0x0,0x0,0x0,0x6,0x0,0x0,0x0,0xb,0x31,0x3a,0x31,0x20,0x56,0x6f,0x72,
  0x6f,0x6e,0x6f,0x69,0x7,0x0,0x0,0x0,0x5,0x4c,0x61,0x79,0x65,0x72,0x1,0x3,
  0x0,0x0,0x0,0xe,0x0,0x31,0x0,0x3a,0x0,0x31,0x0,0x36,0x0,0x20,0x6d,0x77,
  0x5c,0xb8,0x8,0x0,0x0,0x0,0x0,0x6,0x0,0x0,0x0,0xa,0x31,0x3a,0x31,0x36,
  0x20,0x53,0x68,0x6f,0x72,0x65,0x7,0x0,0x0,0x0,0x5,0x4c,0x61,0x79,0x65,0x72,
  0x1,0x3,0x0,0x0,0x0,0x12,0x0,0x31,0x0,0x3a,0x0,0x31,0x0,0x36,0x0,0x20,
  0x6c,0xbc,0x6c,0xfd,0x6c,0xb3,0x6d,0x41,0x8,0x0,0x0,0x0,0x0,0x6,0x0,0x0,
  0x0,0x10,0x31,0x3a,0x31,0x36,0x20,0x53,0x77,0x61,0x6d,0x70,0x20,0x52,0x69,0x76,
  0x65,0x72,0x7,0x0,0x0,0x0,0x5,0x4c,0x61,0x79,0x65,0x72,0x1,0x3,0x0,0x0,
  0x0,0x10,0x0,0x31,0x0,0x3a,0x0,0x32,0x0,0x35,0x0,0x36,0x0,0x20,0x7a,0xf9,
  0x67,0x97,0x8,0x0,0x0,0x0,0x0,0x6,0x0,0x0,0x0,0xc,0x31,0x3a,0x32,0x35,
  0x36,0x20,0x42,0x61,0x6d,0x62,0x6f,0x6f,0x7,0x0,0x0,0x0,0x5,0x4c,0x61,0x79,
  0x65,0x72,0x1,0x3,0x0,0x0,0x0,0x10,0x0,0x31,0x0,0x3a,0x0,0x32,0x0,0x35,
  0x0,0x36,0x0,0x20,0x7f,0xa4,0x7c,0xfb,0x8,0x0,0x0,0x0,0x0,0x6,0x0,0x0,
  0x0,0xb,0x31,0x3a,0x32,0x35,0x36,0x20,0x42,0x69,0x6f,0x6d,0x65,0x7,0x0,0x0,
  0x0,0x5,0x4c,0x61,0x79,0x65,0x72,0x1,0x3,0x0,0x0,0x0,0xc,0x0,0x31,0x0,
  0x3a,0x0,0x34,0x0,0x20,0x6d,0x77,0x6d,0xb,0x8,0x0,0x0,0x0,0x0,0x6,0x0,
  0x0,0x0,0xd,0x31,0x3a,0x34,0x20,0x4f,0x63,0x65,0x61,0x6e,0x20,0x4d,0x69,0x78,
  0x7,0x0,0x0,0x0,0x5,0x4c,0x61,0x79,0x65,0x72,0x1,0x3,0x0,0x0,0x0,0xc,
  0x0,0x31,0x0,0x3a,0x0,0x34,0x0,0x20,0x6c,0xb3,0x6d,0x41,0x8,0x0,0x0,0x0,
  0x0,0x6,0x0,0x0,0x0,0xd,0x31,0x3a,0x34,0x20,0x52,0x69,0x76,0x65,0x72,0x20,
  0x4d,0x69,0x78,0x7,0x0,0x0,0x0,0x5,0x4c,0x61,0x79,0x65,0x72,0x1,0x3,0x0,
  0x0,0x0,0xc,0x0,0x31,0x0,0x3a,0x0,0x34,0x0,0x20,0x7f,0x29,0x65,0x3e,0x8,
  0x0,0x0,0x0,0x0,0x6,0x0,0x0,0x0,0x8,0x31,0x3a,0x34,0x20,0x5a,0x6f,0x6f,
  0x6d,0x7,0x0,0x0,0x0,0x5,0x4c,0x61,0x79,0x65,0x72,0x1,0x3,0x0,0x0,0x0,
  0xe,0x0,0x31,0x0,0x3a,0x0,0x36,0x0,0x34,0x0,0x20,0x4e,0x18,0x96,0x75,0x8,
  0x0,0x0,0x0,0x0,0x6,0x0,0x0,0x0,0xa,0x31,0x3a,0x36,0x34,0x20,0x48,0x69,
  0x6c,0x6c,0x73,0x7,0x0,0x0,0x0,0x5,0x4c,0x61,0x79,0x65,0x72,0x1,0x3,0x0,
  0x0,0x0,0x14,0x0,0x31,0x0,0x3a,0x0,0x36,0x0,0x34,0x0,0x20,0x54,0x11,0x65,
  0xe5,0x84,0x75,0x5e,0x73,0x53,0x9f,0x8,0x0,0x0,0x0,0x0,0x6,0x0,0x0,0x0,
  0xe,0x31,0x3a,0x36,0x34,0x20,0x53,0x75,0x6e,0x66,0x6c,0x6f,0x77,0x65,0x72,0x7,
  0x0,0x0,0x0,0x5,0x4c,0x61,0x79,0x65,0x72,0x1,0x3,0x0,0x0,0x0,0xc,0x62,
  0x40,0x67,0x9,0x50,0xd,0x98,0x91,0x7b,0x49,0x7e,0xa7,0x8,0x0,0x0,0x0,0x0,
  0x6,0x0,0x0,0x0,0xb,0x41,0x6c,0x6c,0x20,0x6f,0x63,0x74,0x61,0x76,0x65,0x73,
  0x7,0x0,0x0,0x0,0xb,0x4c,0x61,0x79,0x65,0x72,0x44,0x69,0x61,0x6c,0x6f,0x67,
  0x1,0x3,0x0,0x0,0x0,0x12,0x8f,0xd1,0x4f,0x3c,0x57,0x30,0x88,0x68,0x9a,0xd8,
  0x5e,0xa6,0x52,0x6,0x5e,0x3,0x56,0xfe,0x8,0x0,0x0,0x0,0x0,0x6,0x0,0x0,
  0x0,0x17,0x41,0x70,0x70,0x72,0x6f,0x78,0x2e,0x20,0x73,0x75,0x72,0x66,0x61,0x63,
  0x65,0x20,0x68,0x65,0x69,0x67,0x68,0x74,0x3a,0x7,0x0,0x0,0x0,0xb,0x4c,0x61,
  0x79,0x65,0x72,0x44,0x69,0x61,0x6c,0x6f,0x67,0x1,0x3,0x0,0x0,0x0,0x20,0x0,
  0x28,0x0,0x42,0x0,0x65,0x0,0x74,0x0,0x61,0x0,0x20,0x0,0x31,0x0,0x2e,0x0,
  0x37,0x0,0x29,0x0,0x20,0x6e,0x7f,0x5e,0xa6,0x52,0x6,0x5e,0x3,0x56,0xfe,0x8,
  0x0,0x0,0x0,0x0,0x6,0x0,0x0,0x0,0xd,0x42,0x65,0x74,0x61,0x20,0x68,0x75,
  0x6d,0x69,0x64,0x69,0x74,0x79,0x7,0x0,0x0,0x0,0xb,0x4c,0x61,0x79,0x65,0x72,
  0x44,0x69,0x61,0x6c,0x6f,0x67,0x1,0x3,0x0,0x0,0x0,0x20,0x0,0x28,0x0,0x42,
  0x0,0x65,0x0,0x74,0x0,0x61,0x0,0x20,0x0,0x31,0x0,0x2e,0x0,0x37,0x0,0x29,
  0x0,0x20,0x6e,0x29,0x5e,0xa6,0x52,0x6,0x5e,0x3,0x56,0xfe,0x8,0x0,0x0,0x0,
  0x0,0x6,0x0,0x0,0x0,0x10,0x42,0x65,0x74,0x61,0x20,0x74,0x65,0x6d,0x70,0x65,
  0x72,0x61,0x74,0x75,0x72,0x65,0x7,0x0,0x0,0x0,0xb,0x4c,0x61,0x79,0x65,0x72,
  0x44,0x69,0x61,0x6c,0x6f,0x67,0x1,0x3,0x0,0x0,0x0,0x6,0x7f,0xa4,0x7c,0xfb,
  0x56,0xfe,0x8,0x0,0x0,0x0,0x0,0x6,0x0,0x0,0x0,0xc,0x42,0x69,0x6f,0x6d,
  0x65,0x20,0x73,0x63,0x61,0x6c,0x65,0x3a,0x7,0x0,0x0,0x0,0xb,0x4c,0x61,0x79,
  0x65,0x72,0x44,0x69,0x61,0x6c,0x6f,0x67,0x1,0x3,0x0,0x0,0x0,0x2a,0x0,0x28,
  0x0,0x31,0x0,0x2e,0x0,0x31,0x0,0x38,0x0,0x2b,0x0,0x29,0x0,0x20,0x6d,0x77,
  0x96,0x46,0x52,0x6,0x5e,0x3,0x56,0xfe,0x0,0x20,0x56,0x6a,0x58,0xf0,0x50,0xd,
  0x98,0x91,0x7b,0x49,0x7e,0xa7,0x0,0x3a,0x8,0x0,0x0,0x0,0x0,0x6,0x0,0x0,
  0x0,0x17,0x43,0x6f,0x6e,0x74,0x6e,0x65,0x6e,0x74,0x61,0x6c,0x6e,0x65,0x73,0x73,
  0x20,0x6f,0x63,0x74,0x61,0x76,0x65,0x73,0x3a,0x7,0x0,0x0,0x0,0xb,0x4c,0x61,
  0x79,0x65,0x72,0x44,0x69,0x61,0x6c,0x6f,0x67,0x1,0x3,0x0,0x0,0x0,0x6,0x7b,
  0x49,0x9a,0xd8,0x7e,0xbf,0x8,0x0,0x0,0x0,0x0,0x6,0x0,0x0,0x0,0x12,0x43,
  0x6f,0x6e,0x74,0x6f,0x75,0x72,0x73,0x20,0x6f,0x6e,0x20,0x62,0x69,0x6f,0x6d,0x65,
  0x73,0x7,0x0,0x0,0x0,0xb,0x4c,0x61,0x79,0x65,0x72,0x44,0x69,0x61,0x6c,0x6f,
  0x67,0x1,0x3,0x0,0x0,0x0,0x24,0x0,0x25,0x0,0x31,0x4e,0x2a,0x56,0x6a,0x58,
  0xf0,0x50,0xd,0x98,0x91,0x7b,0x49,0x7e,0xa7,0x4e,0x2d,0x8d,0x21,0x73,0x2e,0x67,
  0x0,0x59,0x27,0x76,0x84,0x0,0x25,0x0,0x6e,0x4e,0x2a,0x8,0x0,0x0,0x0,0x0,
  0x6,0x0,0x0,0x0,0x40,0x43,0x6f,0x6e,0x74,0x72,0x69,0x62,0x75,0x74,0x69,0x6f,
  0x6e,0x20,0x6f,0x66,0x20,0x74,0x68,0x65,0x20,0x25,0x6e,0x20,0x6d,0x6f,0x73,0x74,
  0x20,0x73,0x69,0x67,0x6e,0x69,0x66,0x69,0x63,0x61,0x6e,0x74,0x20,0x6f,0x63,0x74,
  0x61,0x76,0x65,0x73,0x20,0x6f,0x75,0x74,0x20,0x6f,0x66,0x20,0x25,0x31,0x20,0x74,
  0x6f,0x74,0x61,0x6c,0x2e,0x7,0x0,0x0,0x0,0xb,0x4c,0x61,0x79,0x65,0x72,0x44,
  0x69,0x61,0x6c,0x6f,0x67,0x1,0x3,0x0,0x0,0x0,0x20,0x0,0x28,0x0,0x31,0x0,
  0x2e,0x0,0x31,0x0,0x38,0x0,0x2b,0x0,0x29,0x0,0x20,0x9a,0xd8,0x5e,0xa6,0x0,
  0x2f,0x6d,0xf1,0x5e,0xa6,0x52,0x6,0x5e,0x3,0x56,0xfe,0x8,0x0,0x0,0x0,0x0,
  0x6,0x0,0x0,0x0,0x5,0x44,0x65,0x70,0x74,0x68,0x7,0x0,0x0,0x0,0xb,0x4c,
  0x61,0x79,0x65,0x72,0x44,0x69,0x61,0x6c,0x6f,0x67,0x1,0x3,0x0,0x0,0x0,0x2c,
  0x0,0x28,0x0,0x31,0x0,0x2e,0x0,0x31,0x0,0x38,0x0,0x2b,0x0,0x29,0x0,0x20,
  0x4f,0xb5,0x86,0x80,0x5e,0xa6,0x52,0x6,0x5e,0x3,0x56,0xfe,0x0,0x20,0x56,0x6a,
  0x58,0xf0,0x50,0xd,0x98,0x91,0x7b,0x49,0x7e,0xa7,0x0,0x3a,0x8,0x0,0x0,0x0,
  0x0,0x6,0x0,0x0,0x0,0x10,0x45,0x72,0x6f,0x73,0x69,0x6f,0x6e,0x20,0x6f,0x63,
  0x74,0x61,0x76,0x65,0x73,0x3a,0x7,0x0,0x0,0x0,0xb,0x4c,0x61,0x79,0x65,0x72,
  0x44,0x69,0x61,0x6c,0x6f,0x67,0x1,0x3,0x0,0x0,0x0,0x4,0x70,0x70,0x5e,0xa6,
  0x8,0x0,0x0,0x0,0x0,0x6,0x0,0x0,0x0,0x9,0x47,0x72,0x61,0x79,0x73,0x63,
  0x61,0x6c,0x65,0x7,0x0,0x0,0x0,0xb,0x4c,0x61,0x79,0x65,0x72,0x44,0x69,0x61,
  0x6c,0x6f,0x67,0x1,0x3,0x0,0x0,0x0,0x2a,0x0,0x28,0x0,0x31,0x0,0x2e,0x0,
  0x31,0x0,0x38,0x0,0x2b,0x0,0x29,0x0,0x20,0x6e,0x7f,0x5e,0xa6,0x52,0x6,0x5e,
  0x3,0x56,0xfe,0x0,0x20,0x56,0x6a,0x58,0xf0,0x50,0xd,0x98,0x91,0x7b,0x49,0x7e,
  0xa7,0x0,0x3a,0x8,0x0,0x0,0x0,0x0,0x6,0x0,0x0,0x0,0x11,0x48,0x75,0x6d,
  0x69,0x64,0x69,0x74,0x79,0x20,0x6f,0x63,0x74,0x61,0x76,0x65,0x73,0x3a,0x7,0x0,
  0x0,0x0,0xb,0x4c,0x61,0x79,0x65,0x72,0x44,0x69,0x61,0x6c,0x6f,0x67,0x1,0x3,
  0x0,0x0,0x0,0xc,0x56,0xfe,0x5c,0x42,0x5c,0x55,0x79,0x3a,0x90,0x9,0x98,0x79,
  0x8,0x0,0x0,0x0,0x0,0x6,0x0,0x0,0x0,0x15,0x4c,0x61,0x79,0x65,0x72,0x20,
  0x44,0x69,0x73,0x70,0x6c,0x61,0x79,0x20,0x4f,0x70,0x74,0x69,0x6f,0x6e,0x73,0x7,
  0x0,0x0,0x0,0xb,0x4c,0x61,0x79,0x65,0x72,0x44,0x69,0x61,0x6c,0x6f,0x67,0x1,
  0x3,0x0,0x0,0x0,0x20,0x0,0x28,0x0,0x42,0x0,0x65,0x0,0x74,0x0,0x61,0x0,
  0x20,0x0,0x31,0x0,0x2e,0x0,0x37,0x0,0x29,0x0,0x20,0x4e,0xd,0x5c,0x55,0x79,
  0x3a,0x6d,0x77,0x6d,0xb,0x8,0x0,0x0,0x0,0x0,0x6,0x0,0x0,0x0,0xe,0x4e,
  0x6f,0x20,0x62,0x65,0x74,0x61,0x20,0x6f,0x63,0x65,0x61,0x6e,0x73,0x7,0x0,0x0,
  0x0,0xb,0x4c,0x61,0x79,0x65,0x72,0x44,0x69,0x61,0x6c,0x6f,0x67,0x1,0x3,0x0,
  0x0,0x0,0x2e,0x0,0x28,0x0,0x31,0x0,0x2e,0x0,0x31,0x0,0x33,0x0,0x2d,0x0,
  0x31,0x0,0x2e,0x0,0x31,0x0,0x37,0x0,0x29,0x0,0x20,0x6d,0x77,0x6d,0xb,0x6e,
  0x29,0x5e,0xa6,0x5c,0x42,0x0,0x20,0x0,0x31,0x0,0x3a,0x0,0x32,0x0,0x35,0x0,
  0x36,0x8,0x0,0x0,0x0,0x0,0x6,0x0,0x0,0x0,0xb,0x4f,0x63,0x65,0x61,0x6e,
  0x20,0x6c,0x61,0x79,0x65,0x72,0x7,0x0,0x0,0x0,0xb,0x4c,0x61,0x79,0x65,0x72,
  0x44,0x69,0x61,0x6c,0x6f,0x67,0x1,0x3,0x0,0x0,0x0,0x14,0x56,0x6a,0x58,0xf0,
  0x50,0xd,0x98,0x91,0x4e,0x58,0x65,0x70,0x0,0x3a,0x0,0x20,0x0,0x25,0x0,0x31,
  0x8,0x0,0x0,0x0,0x0,0x6,0x0,0x0,0x0,0x14,0x4f,0x63,0x74,0x61,0x76,0x65,
  0x20,0x61,0x6d,0x70,0x6c,0x69,0x74,0x75,0x64,0x65,0x3a,0x20,0x25,0x31,0x7,0x0,
  0x0,0x0,0xb,0x4c,0x61,0x79,0x65,0x72,0x44,0x69,0x61,0x6c,0x6f,0x67,0x1,0x3,
  0x0,0x0,0x0,0x24,0x56,0x6a,0x58,0xf0,0x50,0xd,0x98,0x91,0x7a,0x7a,0x96,0x99,
  0x60,0x27,0x0,0x3a,0x0,0x20,0x0,0x25,0x0,0x31,0x0,0x20,0x0,0x3d,0x0,0x20,
  0x0,0x31,0x0,0x2f,0x0,0x25,0x0,0x32,0x8,0x0,0x0,0x0,0x0,0x6,0x0,0x0,
  0x0,0x1c,0x4f,0x63,0x74,0x61,0x76,0x65,0x20,0x6c,0x61,0x63,0x75,0x6e,0x61,0x72,
  0x69,0x74,0x79,0x3a,0x20,0x25,0x31,0x20,0x3d,0x20,0x31,0x2f,0x25,0x32,0x7,0x0,
  0x0,0x0,0xb,0x4c,0x61,0x79,0x65,0x72,0x44,0x69,0x61,0x6c,0x6f,0x67,0x1,0x3,
  0x0,0x0,0x0,0x26,0x0,0x28,0x0,0x31,0x0,0x2e,0x0,0x31,0x0,0x33,0x0,0x2d,
  0x0,0x31,0x0,0x2e,0x0,0x31,0x0,0x37,0x0,0x29,0x0,0x20,0x6c,0xb3,0x6d,0x41,
  0x5c,0x42,0x0,0x20,0x0,0x31,0x0,0x3a,0x0,0x34,0x8,0x0,0x0,0x0,0x0,0x6,
  0x0,0x0,0x0,0xb,0x52,0x69,0x76,0x65,0x72,0x20,0x6c,0x61,0x79,0x65,0x72,0x7,
  0x0,0x0,0x0,0xb,0x4c,0x61,0x79,0x65,0x72,0x44,0x69,0x61,0x6c,0x6f,0x67,0x1,
  0x3,0x0,0x0,0x0,0x4,0x96,0x34,0x5f,0x71,0x8,0x0,0x0,0x0,0x0,0x6,0x0,
  0x0,0x0,0x10,0x53,0x68,0x61,0x64,0x65,0x64,0x20,0x62,0x69,0x6f,0x6d,0x65,0x20,
  0x6d,0x61,0x70,0x7,0x0,0x0,0x0,0xb,0x4c,0x61,0x79,0x65,0x72,0x44,0x69,0x61,
  0x6c,0x6f,0x67,0x1,0x3,0x0,0x0,0x0,0xc,0x96,0x34,0x5f,0x71,0x0,0x2b,0x7b,
  0x49,0x9a,0xd8,0x7e,0xbf,0x8,0x0,0x0,0x0,0x0,0x6,0x0,0x0,0x0,0x14,0x53,
  0x68,0x61,0x64,0x65,0x64,0x20,0x77,0x69,0x74,0x68,0x20,0x63,0x6f,0x6e,0x74,0x6f,
  0x75,0x72,0x73,0x7,0x0,0x0,0x0,0xb,0x4c,0x61,0x79,0x65,0x72,0x44,0x69,0x61,
  0x6c,0x6f,0x67,0x1,0x3,0x0,0x0,0x0,0x10,0x7e,0xd3,0x67,0x84,0x6f,0x5c,0x57,
  0x28,0x75,0x1f,0x62,0x10,0x4f,0x4d,0x7f,0x6e,0x8,0x0,0x0,0x0,0x0,0x6,0x0,
  0x0,0x0,0x13,0x53,0x74,0x72,0x75,0x63,0x74,0x75,0x72,0x65,0x20,0x70,0x6f,0x74,
  0x65,0x6e,0x74,0x69,0x61,0x6c,0x7,0x0,0x0,0x0,0xb,0x4c,0x61,0x79,0x65,0x72,
  0x44,0x69,0x61,0x6c,0x6f,0x67,0x1,0x3,0x0,0x0,0x0,0x2a,0x0,0x28,0x0,0x31,
  0x0,0x2e,0x0,0x31,0x0,0x38,0x0,0x2b,0x0,0x29,0x0,0x20,0x6e,0x29,0x5e,0xa6,
  0x52,0x6,0x5e,0x3,0x56,0xfe,0x0,0x20,0x56,0x6a,0x58,0xf0,0x50,0xd,0x98,0x91,
  0x7b,0x49,0x7e,0xa7,0x0,0x3a,0x8,0x0,0x0,0x0,0x0,0x6,0x0,0x0,0x0,0x14,
  0x54,0x65,0x6d,0x70,0x65,0x72,0x61,0x74,0x75,0x72,0x65,0x20,0x6f,0x63,0x74,0x61,
  0x76,0x65,0x73,0x3a,0x7,0x0,0x0,0x0,0xb,0x4c,0x61,0x79,0x65,0x72,0x44,0x69,
  0x61,0x6c,0x6f,0x67,0x1,0x3,0x0,0x0,0x0,0x1c,0x60,0x3b,0x8d,0x21,0x73,0x2e,
  0x50,0x3c,0x0,0x3a,0x0,0x20,0x0,0x25,0x0,0x31,0x0,0x20,0x0,0x3d,0x0,0x20,
  0x0,0x25,0x0,0x32,0x0,0x25,0x8,0x0,0x0,0x0,0x0,0x6,0x0,0x0,0x0,0x1c,
  0x54,0x6f,0x74,0x61,0x6c,0x20,0x63,0x6f,0x6e,0x74,0x72,0x69,0x62,0x75,0x74,0x69,
  0x6f,0x6e,0x3a,0x20,0x25,0x31,0x20,0x3d,0x20,0x25,0x32,0x25,0x7,0x0,0x0,0x0,
  0xb,0x4c,0x61,0x79,0x65,0x72,0x44,0x69,0x61,0x6c,0x6f,0x67,0x1,0x3,0x0,0x0,
  0x0,0x2c,0x0,0x28,0x0,0x31,0x0,0x2e,0x0,0x31,0x0,0x38,0x0,0x2b,0x0,0x29,
  0x0,0x20,0x7a,0x0,0x67,0x9,0x5e,0xa6,0x52,0x6,0x5e,0x3,0x56,0xfe,0x0,0x20,
  0x56,0x6a,0x58,0xf0,0x50,0xd,0x98,0x91,0x7b,0x49,0x7e,0xa7,0x0,0x3a,0x8,0x0,
  0x0,0x0,0x0,0x6,0x0,0x0,0x0,0x12,0x57,0x65,0x69,0x72,0x64,0x6e,0x65,0x73,
  0x73,0x20,0x6f,0x63,0x74,0x61,0x76,0x65,0x73,0x3a,0x7,0x0,0x0,0x0,0xb,0x4c,
  0x61,0x79,0x65,0x72,0x44,0x69,0x61,0x6c,0x6f,0x67,0x1,0x3,0x0,0x0,0x0,0x2e,
  0x0,0x28,0x0,0x31,0x0,0x2e,0x0,0x31,0x0,0x33,0x0,0x2d,0x0,0x31,0x0,0x2e,
  0x0,0x31,0x0,0x37,0x0,0x29,0x0,0x20,0x6d,0x77,0x6d,0xb,0x6e,0x29,0x5e,0xa6,
  0x5c,0x42,0x0,0x20,0x0,0x31,0x0,0x3a,0x0,0x32,0x0,0x35,0x0,0x36,0x8,0x0,
  0x0,0x0,0x0,0x6,0x0,0x0,0x0,0x1c,0x28,0x31,0x2e,0x31,0x33,0x20,0x2d,0x20,
  0x31,0x2e,0x31,0x37,0x29,0x20,0x4f,0x2e,0x20,0x54,0x65,0x6d,0x70,0x2e,0x20,0x31,
  0x3a,0x32,0x35,0x36,0x7,0x0,0x0,0x0,0xa,0x4d,0x61,0x69,0x6e,0x57,0x69,0x6e,
  0x64,0x6f,0x77,0x1,0x3,0x0,0x0,0x0,0x26,0x0,0x28,0x0,0x31,0x0,0x2e,0x0,
  0x31,0x0,0x33,0x0,0x2d,0x0,0x31,0x0,0x2e,0x0,0x31,0x0,0x37,0x0,0x29,0x0,
  0x20,0x6c,0xb3,0x6d,0x41,0x5c,0x42,0x0,0x20,0x0,0x31,0x0,0x3a,0x0,0x34,0x8,
  0x0,0x0,0x0,0x0,0x6,0x0,0x0,0x0,0x1b,0x28,0x31,0x2e,0x31,0x33,0x20,0x2d,
  0x20,0x31,0x2e,0x31,0x37,0x29,0x20,0x52,0x69,0x76,0x65,0x72,0x20,0x4d,0x69,0x78,
  0x20,0x31,0x3a,0x34,0x7,0x0,0x0,0x0,0xa,0x4d,0x61,0x69,0x6e,0x57,0x69,0x6e,
  0x64,0x6f,0x77,0x1,0x3,0x0,0x0,0x0,0x1a,0x0,0x28,0x0,0x31,0x0,0x2e,0x0,
  0x31,0x0,0x38,0x0,0x2b,0x0,0x29,0x0,0x20,0x6d,0x77,0x96,0x46,0x52,0x6,0x5e,
  0x3,0x56,0xfe,0x8,0x0,0x0,0x0,0x0,0x6,0x0,0x0,0x0,0x17,0x28,0x31,0x2e,
  0x31,0x38,0x2b,0x29,0x20,0x43,0x6f,0x6e,0x74,0x69,0x6e,0x65,0x6e,0x74,0x61,0x6c,
  0x6e,0x65,0x73,0x73,0x7,0x0,0x0,0x0,0xa,0x4d,0x61,0x69,0x6e,0x57,0x69,0x6e,
  0x64,0x6f,0x77,0x1,0x3,0x0,0x0,0x0,0x20,0x0,0x28,0x0,0x31,0x0,0x2e,0x0,
  0x31,0x0,0x38,0x0,0x2b,0x0,0x29,0x0,0x20,0x9a,0xd8,0x5e,0xa6,0x0,0x2f,0x6d,
  0xf1,0x5e,0xa6,0x52,0x6,0x5e,0x3,0x56,0xfe,0x8,0x0,0x0,0x0,0x0,0x6,0x0,
  0x0,0x0,0xd,0x28,0x31,0x2e,0x31,0x38,0x2b,0x29,0x20,0x44,0x65,0x70,0x74,0x68,
  0x7,0x0,0x0,0x0,0xa,0x4d,0x61,0x69,0x6e,0x57,0x69,0x6e,0x64,0x6f,0x77,0x1,
  0x3,0x0,0x0,0x0,0x1c,0x0,0x28,0x0,0x31,0x0,0x2e,0x0,0x31,0x0,0x38,0x0,
  0x2b,0x0,0x29,0x0,0x20,0x4f,0xb5,0x86,0x80,0x5e,0xa6,0x52,0x6,0x5e,0x3,0x56,
  0xfe,0x8,0x0,0x0,0x0,0x0,0x6,0x0,0x0,0x0,0xf,0x28,0x31,0x2e,0x31,0x38,
  0x2b,0x29,0x20,0x45,0x72,0x6f,0x73,0x69,0x6f,0x6e,0x7,0x0,0x0,0x0,0xa,0x4d,
  0x61,0x69,0x6e,0x57,0x69,0x6e,0x64,0x6f,0x77,0x1,0x3,0x0,0x0,0x0,0x1a,0x0,
  0x28,0x0,0x31,0x0,0x2e,0x0,0x31,0x0,0x38,0x0,0x2b,0x0,0x29,0x0,0x20,0x6e,
  0x7f,0x5e,0xa6,0x52,0x6,0x5e,0x3,0x56,0xfe,0x8,0x0,0x0,0x0,0x0,0x6,0x0,
  0x0,0x0,0x10,0x28,0x31,0x2e,0x31,0x38,0x2b,0x29,0x20,0x48,0x75,0x6d,0x69,0x64,
  0x69,0x74,0x79,0x7,0x0,0x0,0x0,0xa,0x4d,0x61,0x69,0x6e,0x57,0x69,0x6e,0x64,
  0x6f,0x77,0x1,0x3,0x0,0x0,0x0,0x1a,0x0,0x28,0x0,0x31,0x0,0x2e,0x0,0x31,
  0x0,0x38,0x0,0x2b,0x0,0x29,0x0,0x20,0x6e,0x29,0x5e,0xa6,0x52,0x6,0x5e,0x3,
  0x56,0xfe,0x8,0x0,0x0,0x0,0x0,0x6,0x0,0x0,0x0,0x13,0x28,0x31,0x2e,0x31,
  0x38,0x2b,0x29,0x20,0x54,0x65,0x6d,0x70,0x65,0x72,0x61,0x74,0x75,0x72,0x65,0x7,
  0x0,0x0,0x0,0xa,0x4d,0x61,0x69,0x6e,0x57,0x69,0x6e,0x64,0x6f,0x77,0x1,0x3,
  0x0,0x0,0x0,0x1c,0x0,0x28,0x0,0x31,0x0,0x2e,0x0,0x31,0x0,0x38,0x0,0x2b,
  0x0,0x29,0x0,0x20,0x7a,0x0,0x67,0x9,0x5e,0xa6,0x52,0x6,0x5e,0x3,0x56,0xfe,
  0x8,0x0,0x0,0x0,0x0,0x6,0x0,0x0,0x0,0x11,0x28,0x31,0x2e,0x31,0x38,0x2b,
  0x29,0x20,0x57,0x65,0x69,0x72,0x64,0x6e,0x65,0x73,0x73,0x7,0x0,0x0,0x0,0xa,
  0x4d,0x61,0x69,0x6e,0x57,0x69,0x6e,0x64,0x6f,0x77,0x1,0x3,0x0,0x0,0x0,0x20,
  0x0,0x28,0x0,0x42,0x0,0x65,0x0,0x74,0x0,0x61,0x0,0x20,0x0,0x31,0x0,0x2e,
  0x0,0x37,0x0,0x29,0x0,0x20,0x6e,0x7f,0x5e,0xa6,0x52,0x6,0x5e,0x3,0x56,0xfe,
  0x8,0x0,0x0,0x0,0x0,0x6,0x0,0x0,0x0,0x13,0x28,0x42,0x65,0x74,0x61,0x20,
  0x31,0x2e,0x37,0x29,0x20,0x48,0x75,0x6d,0x69,0x64,0x69,0x74,0x79,0x7,0x0,0x0,
  0x0,0xa,0x4d,0x61,0x69,0x6e,0x57,0x69,0x6e,0x64,0x6f,0x77,0x1,0x3,0x0,0x0,
  0x0,0x20,0x0,0x28,0x0,0x42,0x0,0x65,0x0,0x74,0x0,0x61,0x0,0x20,0x0,0x31,
  0x0,0x2e,0x0,0x37,0x0,0x29,0x0,0x20,0x4e,0xd,0x5c,0x55,0x79,0x3a,0x6d,0x77,
  0x6d,0xb,0x8,0x0,0x0,0x0,0x0,0x6,0x0,0x0,0x0,0x19,0x28,0x42,0x65,0x74,
  0x61,0x20,0x31,0x2e,0x37,0x29,0x20,0x4e,0x6f,0x20,0x62,0x65,0x74,0x61,0x20,0x6f,
  0x63,0x65,0x61,0x6e,0x73,0x7,0x0,0x0,0x0,0xa,0x4d,0x61,0x69,0x6e,0x57,0x69,
  0x6e,0x64,0x6f,0x77,0x1,0x3,0x0,0x0,0x0,0x20,0x0,0x28,0x0,0x42,0x0,0x65,
  0x0,0x74,0x0,0x61,0x0,0x20,0x0,0x31,0x0,0x2e,0x0,0x37,0x0,0x29,0x0,0x20,
  0x6e,0x29,0x5e,0xa6,0x52,0x6,0x5e,0x3,0x56,0xfe,0x8,0x0,0x0,0x0,0x0,0x6,
  0x0,0x0,0x0,0x16,0x28,0x42,0x65,0x74,0x61,0x20,0x31,0x2e,0x37,0x29,0x20,0x54,
  0x65,0x6d,0x70,0x65,0x72,0x61,0x74,0x75,0x72,0x65,0x7,0x0,0x0,0x0,0xa,0x4d,
  0x61,0x69,0x6e,0x57,0x69,0x6e,0x64,0x6f,0x77,0x1,0x3,0x0,0x0,0x0,0x6,0x0,
  0x2d,0x0,0x31,0x0,0x36,0x8,0x0,0x0,0x0,0x0,0x6,0x0,0x0,0x0,0x3,0x2d,
  0x31,0x36,0x7,0x0,0x0,0x0,0xa,0x4d,0x61,0x69,0x6e,0x57,0x69,0x6e,0x64,0x6f,
  0x77,0x1,0x3,0x0,0x0,0x0,0x6,0x0,0x2d,0x0,0x33,0x0,0x32,0x8,0x0,0x0,
  0x0,0x0,0x6,0x0,0x0,0x0,0x3,0x2d,0x33,0x32,0x7,0x0,0x0,0x0,0xa,0x4d,
  0x61,0x69,0x6e,0x57,0x69,0x6e,0x64,0x6f,0x77,0x1,0x3,0x0,0x0,0x0,0x6,0x0,
  0x2d,0x0,0x34,0x0,0x38,0x8,0x0,0x0,0x0,0x0,0x6,0x0,0x0,0x0,0x3,0x2d,
  0x34,0x38,0x7,0x0,0x0,0x0,0xa,0x4d,0x61,0x69,0x6e,0x57,0x69,0x6e,0x64,0x6f,
  0x77,0x1,0x3,0x0,0x0,0x0,0x18,0x0,0x2d,0x0,0x36,0x0,0x34,0x0,0x20,0x0,
  0x28,0x4e,0x3b,0x4e,0x16,0x75,0x4c,0x57,0xfa,0x5c,0xa9,0x5c,0x42,0x0,0x29,0x8,
  0x0,0x0,0x0,0x0,0x6,0x0,0x0,0x0,0xd,0x2d,0x36,0x34,0x20,0x28,0x42,0x65,
  0x64,0x72,0x6f,0x63,0x6b,0x29,0x7,0x0,0x0,0x0,0xa,0x4d,0x61,0x69,0x6e,0x57,
  0x69,0x6e,0x64,0x6f,0x77,0x1,0x3,0x0,0x0,0x0,0x2,0x0,0x30,0x8,0x0,0x0,
  0x0,0x0,0x6,0x0,0x0,0x0,0x1,0x30,0x7,0x0,0x0,0x0,0xa,0x4d,0x61,0x69,
  0x6e,0x57,0x69,0x6e,0x64,0x6f,0x77,0x1,0x3,0x0,0x0,0x0,0x16,0x0,0x31,0x0,
  0x32,0x0,0x38,0x0,0x20,0x0,0x28,0x4e,0xb,0x75,0x4c,0x57,0xfa,0x5c,0xa9,0x98,
  0x76,0x0,0x29,0x8,0x0,0x0,0x0,0x0,0x6,0x0,0x0,0x0,0x11,0x31,0x32,0x38,
  0x20,0x28,0x4e,0x65,0x74,0x68,0x65,0x72,0x20,0x52,0x6f,0x6f,0x66,0x29,0x7,0x0,
  0x0,0x0,0xa,0x4d,0x61,0x69,0x6e,0x57,0x69,0x6e,0x64,0x6f,0x77,0x1,0x3,0x0,
  0x0,0x0,0x4,0x0,0x31,0x0,0x36,0x8,0x0,0x0,0x0,0x0,0x6,0x0,0x0,0x0,
  0x2,0x31,0x36,0x7,0x0,0x0,0x0,0xa,0x4d,0x61,0x69,0x6e,0x57,0x69,0x6e,0x64,
  0x6f,0x77,0x1,0x3,0x0,0x0,0x0,0x10,0x0,0x32,0x0,0x35,0x0,0x36,0x0,0x20,
  0x0,0x28,0x57,0x30,0x88,0x68,0x0,0x29,0x8,0x0,0x0,0x0,0x0,0x6,0x0,0x0,
  0x0,0xd,0x32,0x35,0x36,0x20,0x28,0x53,0x75,0x72,0x66,0x61,0x63,0x65,0x29,0x7,
  0x0,0x0,0x0,0xa,0x4d,0x61,0x69,0x6e,0x57,0x69,0x6e,0x64,0x6f,0x77,0x1,0x3,
  0x0,0x0,0x0,0x4,0x0,0x33,0x0,0x32,0x8,0x0,0x0,0x0,0x0,0x6,0x0,0x0,
  0x0,0x2,0x33,0x32,0x7,0x0,0x0,0x0,0xa,0x4d,0x61,0x69,0x6e,0x57,0x69,0x6e,
  0x64,0x6f,0x77,0x1,0x3,0x0,0x0,0x0,0x4,0x0,0x34,0x0,0x38,0x8,0x0,0x0,
  0x0,0x0,0x6,0x0,0x0,0x0,0x2,0x34,0x38,0x7,0x0,0x0,0x0,0xa,0x4d,0x61,
  0x69,0x6e,0x57,0x69,0x6e,0x64,0x6f,0x77,0x1,0x3,0x0,0x0,0x0,0x10,0x0,0x36,
  0x0,0x32,0x0,0x20,0x0,0x28,0x6d,0x77,0x5e,0x73,0x97,0x62,0x0,0x29,0x8,0x0,
  0x0,0x0,0x0,0x6,0x0,0x0,0x0,0xe,0x36,0x32,0x20,0x28,0x53,0x65,0x61,0x20,
  0x4c,0x65,0x76,0x65,0x6c,0x29,0x7,0x0,0x0,0x0,0xa,0x4d,0x61,0x69,0x6e,0x57,
  0x69,0x6e,0x64,0x6f,0x77,0x1,0x3,0x0,0x0,0x0,0x4,0x51,0x73,0x4e,0x8e,0x8,
  0x0,0x0,0x0,0x0,0x6,0x0,0x0,0x0,0x5,0x41,0x62,0x6f,0x75,0x74,0x7,0x0,
  0x0,0x0,0xa,0x4d,0x61,0x69,0x6e,0x57,0x69,0x6e,0x64,0x6f,0x77,0x1,0x3,0x0,
  0x0,0x0,0x20,0x5c,0x6,0x62,0x40,0x67,0x9,0x79,0xcd,0x5b,0x50,0x8f,0x6c,0x53,
  0x16,0x4e,0x3a,0x51,0x76,0x5b,0xf9,0x5e,0x94,0x76,0x84,0x5f,0x71,0x5b,0x50,0x79,
  0xcd,0x5b,0x50,0x8,0x0,0x0,0x0,0x0,0x6,0x0,0x0,0x0,0x18,0x41,0x64,0x64,
  0x20,0x73,0x68,0x61,0x64,0x6f,0x77,0x20,0x66,0x6f,0x72,0x20,0x61,0x6c,0x6c,0x20,
  0x73,0x65,0x65,0x64,0x73,0x7,0x0,0x0,0x0,0xa,0x4d,0x61,0x69,0x6e,0x57,0x69,
  0x6e,0x64,0x6f,0x77,0x1,0x3,0x0,0x0,0x0,0x16,0x9a,0xd8,0x7e,0xa7,0x4e,0x16,
  0x75,0x4c,0x75,0x1f,0x62,0x10,0x90,0x9,0x98,0x79,0x0,0x2e,0x0,0x2e,0x0,0x2e,
  0x8,0x0,0x0,0x0,0x0,0x6,0x0,0x0,0x0,0x1a,0x41,0x64,0x76,0x61,0x6e,0x63,
  0x65,0x64,0x20,0x77,0x6f,0x72,0x6c,0x64,0x20,0x73,0x65,0x74,0x74,0x69,0x6e,0x67,
  0x73,0x2e,0x2e,0x2e,0x7,0x0,0x0,0x0,0xa,0x4d,0x61,0x69,0x6e,0x57,0x69,0x6e,
  0x64,0x6f,0x77,0x1,0x3,0x0,0x0,0x0,0xa,0x0,0x41,0x0,0x6c,0x0,0x74,0x0,
  0x2b,0x0,0x42,0x8,0x0,0x0,0x0,0x0,0x6,0x0,0x0,0x0,0x5,0x41,0x6c,0x74,
  0x2b,0x42,0x7,0x0,0x0,0x0,0xa,0x4d,0x61,0x69,0x6e,0x57,0x69,0x6e,0x64,0x6f,
  0x77,0x1,0x3,0x0,0x0,0x0,0xa,0x0,0x41,0x0,0x6c,0x0,0x74,0x0,0x2b,0x0,
  0x43,0x8,0x0,0x0,0x0,0x0,0x6,0x0,0x0,0x0,0x5,0x41,0x6c,0x74,0x2b,0x43,
  0x7,0x0,0x0,0x0,0xa,0x4d,0x61,0x69,0x6e,0x57,0x69,0x6e,0x64,0x6f,0x77,0x1,
  0x3,0x0,0x0,0x0,0xa,0x0,0x41,0x0,0x6c,0x0,0x74,0x0,0x2b,0x0,0x44,0x8,
  0x0,0x0,0x0,0x0,0x6,0x0,0x0,0x0,0x5,0x41,0x6c,0x74,0x2b,0x44,0x7,0x0,
  0x0,0x0,0xa,0x4d,0x61,0x69,0x6e,0x57,0x69,0x6e,0x64,0x6f,0x77,0x1,0x3,0x0,
  0x0,0x0,0xa,0x0,0x41,0x0,0x6c,0x0,0x74,0x0,0x2b,0x0,0x45,0x8,0x0,0x0,
  0x0,0x0,0x6,0x0,0x0,0x0,0x5,0x41,0x6c,0x74,0x2b,0x45,0x7,0x0,0x0,0x0,
  0xa,0x4d,0x61,0x69,0x6e,0x57,0x69,0x6e,0x64,0x6f,0x77,0x1,0x3,0x0,0x0,0x0,
  0xa,0x0,0x41,0x0,0x6c,0x0,0x74,0x0,0x2b,0x0,0x48,0x8,0x0,0x0,0x0,0x0,
  0x6,0x0,0x0,0x0,0x5,0x41,0x6c,0x74,0x2b,0x48,0x7,0x0,0x0,0x0,0xa,0x4d,
  0x61,0x69,0x6e,0x57,0x69,0x6e,0x64,0x6f,0x77,0x1,0x3,0x0,0x0,0x0,0xa,0x0,
  0x41,0x0,0x6c,0x0,0x74,0x0,0x2b,0x0,0x4f,0x8,0x0,0x0,0x0,0x0,0x6,0x0,
  0x0,0x0,0x5,0x41,0x6c,0x74,0x2b,0x4f,0x7,0x0,0x0,0x0,0xa,0x4d,0x61,0x69,
  0x6e,0x57,0x69,0x6e,0x64,0x6f,0x77,0x1,0x3,0x0,0x0,0x0,0xa,0x0,0x41,0x0,
  0x6c,0x0,0x74,0x0,0x2b,0x0,0x52,0x8,0x0,0x0,0x0,0x0,0x6,0x0,0x0,0x0,
  0x5,0x41,0x6c,0x74,0x2b,0x52,0x7,0x0,0x0,0x0,0xa,0x4d,0x61,0x69,0x6e,0x57,
  0x69,0x6e,0x64,0x6f,0x77,0x1,0x3,0x0,0x0,0x0,0xa,0x0,0x41,0x0,0x6c,0x0,
  0x74,0x0,0x2b,0x0,0x53,0x8,0x0,0x0,0x0,0x0,0x6,0x0,0x0,0x0,0x5,0x41,
  0x6c,0x74,0x2b,0x53,0x7,0x0,0x0,0x0,0xa,0x4d,0x61,0x69,0x6e,0x57,0x69,0x6e,
  0x64,0x6f,0x77,0x1,0x3,0x0,0x0,0x0,0xa,0x0,0x41,0x0,0x6c,0x0,0x74,0x0,
  0x2b,0x0,0x54,0x8,0x0,0x0,0x0,0x0,0x6,0x0,0x0,0x0,0x5,0x41,0x6c,0x74,
  0x2b,0x54,0x7,0x0,0x0,0x0,0xa,0x4d,0x61,0x69,0x6e,0x57,0x69,0x6e,0x64,0x6f,
  0x77,0x1,0x3,0x0,0x0,0x0,0xa,0x0,0x41,0x0,0x6c,0x0,0x74,0x0,0x2b,0x0,
  0x57,0x8,0x0,0x0,0x0,0x0,0x6,0x0,0x0,0x0,0x5,0x41,0x6c,0x74,0x2b,0x57,
  0x7,0x0,0x0,0x0,0xa,0x4d,0x61,0x69,0x6e,0x57,0x69,0x6e,0x64,0x6f,0x77,0x1,
  0x3,0x0,0x0,0x0,0xa,0x0,0x41,0x0,0x6c,0x0,0x74,0x0,0x2b,0x0,0x59,0x8,
  0x0,0x0,0x0,0x0,0x6,0x0,0x0,0x0,0x5,0x41,0x6c,0x74,0x2b,0x59,0x7,0x0,
  0x0,0x0,0xa,0x4d,0x61,0x69,0x6e,0x57,0x69,0x6e,0x64,0x6f,0x77,0x1,0x3,0x0,
  0x0,0x0,0x12,0x8f,0xd1,0x4f,0x3c,0x57,0x30,0x88,0x68,0x9a,0xd8,0x5e,0xa6,0x52,
  0x6,0x5e,0x3,0x56,0xfe,0x8,0x0,0x0,0x0,0x0,0x6,0x0,0x0,0x0,0x16,0x41,
  0x70,0x70,0x72,0x6f,0x78,0x2e,0x20,0x73,0x75,0x72,0x66,0x61,0x63,0x65,0x20,0x68,
  0x65,0x69,0x67,0x68,0x74,0x7,0x0,0x0,0x0,0xa,0x4d,0x61,0x69,0x6e,0x57,0x69,
  0x6e,0x64,0x6f,0x77,0x1,0x3,0x0,0x0,0x0,0xe,0x7f,0xa4,0x7c,0xfb,0x56,0xfe,
  0x0,0x28,0x9e,0xd8,0x8b,0xa4,0x0,0x29,0x8,0x0,0x0,0x0,0x0,0x6,0x0,0x0,
  0x0,0x16,0x42,0x69,0x6f,0x6d,0x65,0x20,0x73,0x63,0x61,0x6c,0x65,0x73,0x20,0x28,
  0x64,0x65,0x66,0x61,0x75,0x6c,0x74,0x29,0x7,0x0,0x0,0x0,0xa,0x4d,0x61,0x69,
  0x6e,0x57,0x69,0x6e,0x64,0x6f,0x77,0x1,0x3,0x0,0x0,0x0,0x4,0x7f,0xa4,0x7c,
  0xfb,0x8,0x0,0x0,0x0,0x0,0x6,0x0,0x0,0x0,0x6,0x42,0x69,0x6f,0x6d,0x65,
  0x73,0x7,0x0,0x0,0x0,0xa,0x4d,0x61,0x69,0x6e,0x57,0x69,0x6e,0x64,0x6f,0x77,
  0x1,0x3,0x0,0x0,0x0,0x4,0x67,0x61,0x4e,0xf6,0x8,0x0,0x0,0x0,0x0,0x6,
  0x0,0x0,0x0,0xa,0x43,0x6f,0x6e,0x64,0x69,0x74,0x69,0x6f,0x6e,0x73,0x7,0x0,
  0x0,0x0,0xa,0x4d,0x61,0x69,0x6e,0x57,0x69,0x6e,0x64,0x6f,0x77,0x1,0x3,0x0,
  0x0,0x0,0x12,0x59,0xd,0x52,0x36,0x52,0x17,0x88,0x68,0x4e,0x2d,0x62,0x40,0x67,
  0x9,0x79,0xcd,0x5b,0x50,0x8,0x0,0x0,0x0,0x0,0x6,0x0,0x0,0x0,0x14,0x43,
  0x6f,0x70,0x79,0x20,0x73,0x65,0x65,0x64,0x73,0x20,0x66,0x72,0x6f,0x6d,0x20,0x6c,
  0x69,0x73,0x74,0x7,0x0,0x0,0x0,0xa,0x4d,0x61,0x69,0x6e,0x57,0x69,0x6e,0x64,
  0x6f,0x77,0x1,0x3,0x0,0x0,0x0,0xc,0x0,0x43,0x0,0x74,0x0,0x72,0x0,0x6c,
  0x0,0x2b,0x0,0x47,0x8,0x0,0x0,0x0,0x0,0x6,0x0,0x0,0x0,0x6,0x43,0x74,
  0x72,0x6c,0x2b,0x47,0x7,0x0,0x0,0x0,0xa,0x4d,0x61,0x69,0x6e,0x57,0x69,0x6e,
  0x64,0x6f,0x77,0x1,0x3,0x0,0x0,0x0,0xc,0x0,0x43,0x0,0x74,0x0,0x72,0x0,
  0x6c,0x0,0x2b,0x0,0x4f,0x8,0x0,0x0,0x0,0x0,0x6,0x0,0x0,0x0,0x6,0x43,
  0x74,0x72,0x6c,0x2b,0x4f,0x7,0x0,0x0,0x0,0xa,0x4d,0x61,0x69,0x6e,0x57,0x69,
  0x6e,0x64,0x6f,0x77,0x1,0x3,0x0,0x0,0x0,0xc,0x0,0x43,0x0,0x74,0x0,0x72,
  0x0,0x6c,0x0,0x2b,0x0,0x53,0x8,0x0,0x0,0x0,0x0,0x6,0x0,0x0,0x0,0x6,
  0x43,0x74,0x72,0x6c,0x2b,0x53,0x7,0x0,0x0,0x0,0xa,0x4d,0x61,0x69,0x6e,0x57,
  0x69,0x6e,0x64,0x6f,0x77,0x1,0x3,0x0,0x0,0x0,0x18,0x0,0x43,0x0,0x74,0x0,
  0x72,0x0,0x6c,0x0,0x2b,0x0,0x53,0x0,0x68,0x0,0x69,0x0,0x66,0x0,0x74,0x0,
  0x2b,0x0,0x53,0x8,0x0,0x0,0x0,0x0,0x6,0x0,0x0,0x0,0xc,0x43,0x74,0x72,
  0x6c,0x2b,0x53,0x68,0x69,0x66,0x74,0x2b,0x53,0x7,0x0,0x0,0x0,0xa,0x4d,0x61,
  0x69,0x6e,0x57,0x69,0x6e,0x64,0x6f,0x77,0x1,0x3,0x0,0x0,0x0,0x1e,0x0,0x43,
  0x0,0x75,0x0,0x62,0x0,0x69,0x0,0x6f,0x0,0x6d,0x0,0x65,0x0,0x73,0x0,0x20,
  0x0,0x56,0x0,0x69,0x0,0x65,0x0,0x77,0x0,0x65,0x0,0x72,0x8,0x0,0x0,0x0,
  0x0,0x6,0x0,0x0,0x0,0xf,0x43,0x75,0x62,0x69,0x6f,0x6d,0x65,0x73,0x20,0x56,
  0x69,0x65,0x77,0x65,0x72,0x7,0x0,0x0,0x0,0xa,0x4d,0x61,0x69,0x6e,0x57,0x69,
  0x6e,0x64,0x6f,0x77,0x1,0x3,0x0,0x0,0x0,0xe,0x5c,0x55,0x79,0x3a,0x90,0x9,
  0x98,0x79,0x0,0x2e,0x0,0x2e,0x0,0x2e,0x8,0x0,0x0,0x0,0x0,0x6,0x0,0x0,
  0x0,0x12,0x44,0x69,0x73,0x70,0x6c,0x61,0x79,0x20,0x6f,0x70,0x74,0x69,0x6f,0x6e,
  0x73,0x2e,0x2e,0x2e,0x7,0x0,0x0,0x0,0xa,0x4d,0x61,0x69,0x6e,0x57,0x69,0x6e,
  0x64,0x6f,0x77,0x1,0x3,0x0,0x0,0x0,0x4,0x7f,0x16,0x8f,0x91,0x8,0x0,0x0,
  0x0,0x0,0x6,0x0,0x0,0x0,0x4,0x45,0x64,0x69,0x74,0x7,0x0,0x0,0x0,0xa,
  0x4d,0x61,0x69,0x6e,0x57,0x69,0x6e,0x64,0x6f,0x77,0x1,0x3,0x0,0x0,0x0,0x12,
  0x4f,0xee,0x65,0x39,0x7f,0xa4,0x7c,0xfb,0x98,0x9c,0x82,0x72,0x0,0x2e,0x0,0x2e,
  0x0,0x2e,0x8,0x0,0x0,0x0,0x0,0x6,0x0,0x0,0x0,0x14,0x45,0x64,0x69,0x74,
  0x20,0x62,0x69,0x6f,0x6d,0x65,0x20,0x63,0x6f,0x6c,0x6f,0x72,0x73,0x2e,0x2e,0x2e,
  0x7,0x0,0x0,0x0,0xa,0x4d,0x61,0x69,0x6e,0x57,0x69,0x6e,0x64,0x6f,0x77,0x1,
  0x3,0x0,0x0,0x0,0x12,0x57,0x30,0x56,0xfe,0x5d,0xe5,0x51,0x77,0x90,0x9,0x98,
  0x79,0x0,0x2e,0x0,0x2e,0x0,0x2e,0x8,0x0,0x0,0x0,0x0,0x6,0x0,0x0,0x0,
  0x11,0x45,0x64,0x69,0x74,0x20,0x6d,0x61,0x70,0x20,0x74,0x6f,0x6f,0x6c,0x73,0x2e,
  0x2e,0x2e,0x7,0x0,0x0,0x0,0xa,0x4d,0x61,0x69,0x6e,0x57,0x69,0x6e,0x64,0x6f,
  0x77,0x1,0x3,0x0,0x0,0x0,0xe,0x4f,0xee,0x65,0x39,0x50,0x4f,0x59,0x7d,0x0,
  0x2e,0x0,0x2e,0x0,0x2e,0x8,0x0,0x0,0x0,0x0,0x6,0x0,0x0,0x0,0x13,0x45,
  0x64,0x69,0x74,0x20,0x70,0x72,0x65,0x66,0x65,0x72,0x65,0x6e,0x63,0x65,0x73,0x2e,
  0x2e,0x2e,0x7,0x0,0x0,0x0,0xa,0x4d,0x61,0x69,0x6e,0x57,0x69,0x6e,0x64,0x6f,
  0x77,0x1,0x3,0x0,0x0,0x0,0x4,0x67,0x2b,0x57,0x30,0x8,0x0,0x0,0x0,0x0,
  0x6,0x0,0x0,0x0,0x3,0x45,0x6e,0x64,0x7,0x0,0x0,0x0,0xa,0x4d,0x61,0x69,
  0x6e,0x57,0x69,0x6e,0x64,0x6f,0x77,0x1,0x3,0x0,0x0,0x0,0xe,0x7b,0x5b,0x90,
  0x9,0x79,0x3a,0x4f,0x8b,0x0,0x2e,0x0,0x2e,0x0,0x2e,0x8,0x0,0x0,0x0,0x0,
  0x6,0x0,0x0,0x0,0x12,0x45,0x78,0x61,0x6d,0x70,0x6c,0x65,0x20,0x66,0x69,0x6c,
  0x74,0x65,0x72,0x73,0x2e,0x2e,0x2e,0x7,0x0,0x0,0x0,0xa,0x4d,0x61,0x69,0x6e,
  0x57,0x69,0x6e,0x64,0x6f,0x77,0x1,0x3,0x0,0x0,0x0,0x18,0x5c,0x6,0x7f,0xa4,
  0x7c,0xfb,0x56,0xfe,0x5b,0xfc,0x51,0xfa,0x4e,0x3a,0x56,0xfe,0x72,0x47,0x0,0x2e,
  0x0,0x2e,0x0,0x2e,0x8,0x0,0x0,0x0,0x0,0x6,0x0,0x0,0x0,0x19,0x45,0x78,
  0x70,0x6f,0x72,0x74,0x20,0x62,0x69,0x6f,0x6d,0x65,0x73,0x20,0x61,0x73,0x20,0x69,
  0x6d,0x61,0x67,0x65,0x2e,0x2e,0x2e,0x7,0x0,0x0,0x0,0xa,0x4d,0x61,0x69,0x6e,
  0x57,0x69,0x6e,0x64,0x6f,0x77,0x1,0x3,0x0,0x0,0x0,0x1c,0x65,0xe0,0x6c,0xd5,
  0x62,0x53,0x5f,0x0,0x4e,0xe5,0x4e,0xb,0x65,0x87,0x4e,0xf6,0x0,0x3a,0x0,0xa,
  0x0,0x22,0x0,0x25,0x0,0x31,0x0,0x22,0x8,0x0,0x0,0x0,0x0,0x6,0x0,0x0,
  0x0,0x19,0x46,0x61,0x69,0x6c,0x65,0x64,0x20,0x74,0x6f,0x20,0x6f,0x70,0x65,0x6e,
  0x20,0x66,0x69,0x6c,0x65,0x3a,0xa,0x22,0x25,0x31,0x22,0x7,0x0,0x0,0x0,0xa,
  0x4d,0x61,0x69,0x6e,0x57,0x69,0x6e,0x64,0x6f,0x77,0x1,0x3,0x0,0x0,0x0,0x4,
  0x65,0x87,0x4e,0xf6,0x8,0x0,0x0,0x0,0x0,0x6,0x0,0x0,0x0,0x4,0x46,0x69,
  0x6c,0x65,0x7,0x0,0x0,0x0,0xa,0x4d,0x61,0x69,0x6e,0x57,0x69,0x6e,0x64,0x6f,
  0x77,0x1,0x3,0x0,0x0,0x0,0x1a,0x52,0x4d,0x5f,0x80,0x57,0x50,0x68,0x7,0x53,
  0x9f,0x70,0xb9,0x5e,0x76,0x91,0xcd,0x7f,0x6e,0x7f,0x29,0x65,0x3e,0x6b,0xd4,0x4f,
  0x8b,0x8,0x0,0x0,0x0,0x0,0x6,0x0,0x0,0x0,0xc,0x47,0x6f,0x20,0x74,0x6f,
  0x20,0x4f,0x72,0x69,0x67,0x69,0x6e,0x7,0x0,0x0,0x0,0xa,0x4d,0x61,0x69,0x6e,
  0x57,0x69,0x6e,0x64,0x6f,0x77,0x1,0x3,0x0,0x0,0x0,0xe,0x52,0x4d,0x5f,0x80,
  0x57,0x50,0x68,0x7,0x0,0x2e,0x0,0x2e,0x0,0x2e,0x8,0x0,0x0,0x0,0x0,0x6,
  0x0,0x0,0x0,0x8,0x47,0x6f,0x20,0x74,0x6f,0x2e,0x2e,0x2e,0x7,0x0,0x0,0x0,
  0xa,0x4d,0x61,0x69,0x6e,0x57,0x69,0x6e,0x64,0x6f,0x77,0x1,0x3,0x0,0x0,0x0,
  0x4,0x5e,0x2e,0x52,0xa9,0x8,0x0,0x0,0x0,0x0,0x6,0x0,0x0,0x0,0x4,0x48,
  0x65,0x6c,0x70,0x7,0x0,0x0,0x0,0xa,0x4d,0x61,0x69,0x6e,0x57,0x69,0x6e,0x64,
  0x6f,0x77,0x1,0x3,0x0,0x0,0x0,0x30,0x56,0xfe,0x50,0xcf,0x65,0x87,0x4e,0xf6,
  0x0,0x20,0x0,0x28,0x0,0x2a,0x0,0x2e,0x0,0x70,0x0,0x6e,0x0,0x67,0x0,0x20,
  0x0,0x2a,0x0,0x2e,0x0,0x6a,0x0,0x70,0x0,0x67,0x0,0x20,0x0,0x2a,0x0,0x2e,
  0x0,0x70,0x0,0x70,0x0,0x6d,0x0,0x29,0x8,0x0,0x0,0x0,0x0,0x6,0x0,0x0,
  0x0,0x1a,0x49,0x6d,0x61,0x67,0x65,0x73,0x20,0x28,0x2a,0x2e,0x70,0x6e,0x67,0x20,
  0x2a,0x2e,0x6a,0x70,0x67,0x20,0x2a,0x2e,0x70,0x70,0x6d,0x29,0x7,0x0,0x0,0x0,
  0xa,0x4d,0x61,0x69,0x6e,0x57,0x69,0x6e,0x64,0x6f,0x77,0x1,0x3,0x0,0x0,0x0,
  0xc,0x5d,0xe8,0x57,0x8b,0x75,0x1f,0x72,0x69,0x7f,0xa4,0x7c,0xfb,0x8,0x0,0x0,
  0x0,0x0,0x6,0x0,0x0,0x0,0xc,0x4c,0x61,0x72,0x67,0x65,0x20,0x62,0x69,0x6f,
  0x6d,0x65,0x73,0x7,0x0,0x0,0x0,0xa,0x4d,0x61,0x69,0x6e,0x57,0x69,0x6e,0x64,
  0x6f,0x77,0x1,0x3,0x0,0x0,0x0,0x4,0x56,0xfe,0x5c,0x42,0x8,0x0,0x0,0x0,
  0x0,0x6,0x0,0x0,0x0,0x5,0x4c,0x61,0x79,0x65,0x72,0x7,0x0,0x0,0x0,0xa,
  0x4d,0x61,0x69,0x6e,0x57,0x69,0x6e,0x64,0x6f,0x77,0x1,0x3,0x0,0x0,0x0,0x12,
  0x52,0xa0,0x8f,0x7d,0x7b,0x5b,0x90,0x9,0x67,0x61,0x4e,0xf6,0x0,0x2e,0x0,0x2e,
  0x0,0x2e,0x8,0x0,0x0,0x0,0x0,0x6,0x0,0x0,0x0,0x15,0x4c,0x6f,0x61,0x64,
  0x20,0x66,0x69,0x6c,0x74,0x65,0x72,0x20,0x70,0x72,0x65,0x73,0x65,0x74,0x2e,0x2e,
  0x2e,0x7,0x0,0x0,0x0,0xa,0x4d,0x61,0x69,0x6e,0x57,0x69,0x6e,0x64,0x6f,0x77,
  0x1,0x3,0x0,0x0,0x0,0x8,0x5b,0xfc,0x51,0x65,0x8f,0xdb,0x5e,0xa6,0x8,0x0,
  0x0,0x0,0x0,0x6,0x0,0x0,0x0,0xd,0x4c,0x6f,0x61,0x64,0x20,0x70,0x72,0x6f,
  0x67,0x72,0x65,0x73,0x73,0x7,0x0,0x0,0x0,0xa,0x4d,0x61,0x69,0x6e,0x57,0x69,
  0x6e,0x64,0x6f,0x77,0x1,0x3,0x0,0x0,0x0,0x12,0x4e,0xce,0x65,0x87,0x4e,0xf6,
  0x5b,0xfc,0x51,0x65,0x79,0xcd,0x5b,0x50,0x52,0x17,0x88,0x68,0x8,0x0,0x0,0x0,
  0x0,0x6,0x0,0x0,0x0,0x1f,0x4c,0x6f,0x61,0x64,0x20,0x73,0x65,0x65,0x64,0x73,
  0x20,0x66,0x72,0x6f,0x6d,0x20,0x66,0x69,0x6c,0x65,0x20,0x66,0x6f,0x72,0x20,0x73,
  0x65,0x61,0x72,0x63,0x68,0x7,0x0,0x0,0x0,0xa,0x4d,0x61,0x69,0x6e,0x57,0x69,
  0x6e,0x64,0x6f,0x77,0x1,0x3,0x0,0x0,0x0,0xe,0x5b,0xfc,0x51,0x65,0x8f,0xdb,
  0x5e,0xa6,0x0,0x2e,0x0,0x2e,0x0,0x2e,0x8,0x0,0x0,0x0,0x0,0x6,0x0,0x0,
  0x0,0xf,0x4c,0x6f,0x61,0x64,0x20,0x73,0x65,0x73,0x73,0x69,0x6f,0x6e,0x2e,0x2e,
  0x2e,0x7,0x0,0x0,0x0,0xa,0x4d,0x61,0x69,0x6e,0x57,0x69,0x6e,0x64,0x6f,0x77,
  0x1,0x3,0x0,0x0,0x0,0x8,0x7e,0xd3,0x67,0x84,0x57,0x50,0x68,0x7,0x8,0x0,
  0x0,0x0,0x0,0x6,0x0,0x0,0x0,0x9,0x4c,0x6f,0x63,0x61,0x74,0x69,0x6f,0x6e,
  0x73,0x7,0x0,0x0,0x0,0xa,0x4d,0x61,0x69,0x6e,0x57,0x69,0x6e,0x64,0x6f,0x77,
  0x1,0x3,0x0,0x0,0x0,0x8,0x0,0x4d,0x0,0x43,0x72,0x48,0x67,0x2c,0x8,0x0,
  0x0,0x0,0x0,0x6,0x0,0x0,0x0,0x2,0x4d,0x43,0x7,0x0,0x0,0x0,0xa,0x4d,
  0x61,0x69,0x6e,0x57,0x69,0x6e,0x64,0x6f,0x77,0x1,0x3,0x0,0x0,0x0,0x4,0x57,
  0x30,0x56,0xfe,0x8,0x0,0x0,0x0,0x0,0x6,0x0,0x0,0x0,0x3,0x4d,0x61,0x70,
  0x7,0x0,0x0,0x0,0xa,0x4d,0x61,0x69,0x6e,0x57,0x69,0x6e,0x64,0x6f,0x77,0x1,
  0x3,0x0,0x0,0x0,0x8,0x57,0x30,0x56,0xfe,0x63,0xa7,0x52,0x36,0x8,0x0,0x0,
  0x0,0x0,0x6,0x0,0x0,0x0,0xc,0x4d,0x61,0x70,0x20,0x63,0x6f,0x6e,0x74,0x72,
  0x6f,0x6c,0x73,0x7,0x0,0x0,0x0,0xa,0x4d,0x61,0x69,0x6e,0x57,0x69,0x6e,0x64,
  0x6f,0x77,0x1,0x3,0x0,0x0,0x0,0xe,0x7b,0x26,0x54,0x8,0x67,0x61,0x4e,0xf6,
  0x76,0x84,0x79,0xcd,0x5b,0x50,0x8,0x0,0x0,0x0,0x0,0x6,0x0,0x0,0x0,0xe,
  0x4d,0x61,0x74,0x63,0x68,0x69,0x6e,0x67,0x20,0x73,0x65,0x65,0x64,0x73,0x7,0x0,
  0x0,0x0,0xa,0x4d,0x61,0x69,0x6e,0x57,0x69,0x6e,0x64,0x6f,0x77,0x1,0x3,0x0,
  0x0,0x0,0x8,0x0,0x4d,0x0,0x43,0x72,0x48,0x67,0x2c,0x8,0x0,0x0,0x0,0x0,
  0x6,0x0,0x0,0x0,0x11,0x4d,0x69,0x6e,0x65,0x63,0x72,0x61,0x66,0x74,0x20,0x76,
  0x65,0x72,0x73,0x69,0x6f,0x6e,0x7,0x0,0x0,0x0,0xa,0x4d,0x61,0x69,0x6e,0x57,
  0x69,0x6e,0x64,0x6f,0x77,0x1,0x3,0x0,0x0,0x0,0x4,0x4e,0xb,0x75,0x4c,0x8,
  0x0,0x0,0x0,0x0,0x6,0x0,0x0,0x0,0x6,0x4e,0x65,0x74,0x68,0x65,0x72,0x7,
  0x0,0x0,0x0,0xa,0x4d,0x61,0x69,0x6e,0x57,0x69,0x6e,0x64,0x6f,0x77,0x1,0x3,
  0x0,0x0,0x0,0xc,0x67,0xe5,0x77,0xb,0x5f,0x71,0x5b,0x50,0x79,0xcd,0x5b,0x50,
  0x8,0x0,0x0,0x0,0x0,0x6,0x0,0x0,0x0,0x10,0x4f,0x70,0x65,0x6e,0x20,0x73,
  0x68,0x61,0x64,0x6f,0x77,0x20,0x73,0x65,0x65,0x64,0x7,0x0,0x0,0x0,0xa,0x4d,
  0x61,0x69,0x6e,0x57,0x69,0x6e,0x64,0x6f,0x77,0x1,0x3,0x0,0x0,0x0,0x6,0x4e,
  0x3b,0x4e,0x16,0x75,0x4c,0x8,0x0,0x0,0x0,0x0,0x6,0x0,0x0,0x0,0x9,0x4f,
  0x76,0x65,0x72,0x77,0x6f,0x72,0x6c,0x64,0x7,0x0,0x0,0x0,0xa,0x4d,0x61,0x69,
  0x6e,0x57,0x69,0x6e,0x64,0x6f,0x77,0x1,0x3,0x0,0x0,0x0,0x10,0x5f,0x80,0x52,
  0x17,0x88,0x68,0x4e,0x2d,0x7c,0x98,0x8d,0x34,0x79,0xcd,0x5b,0x50,0x8,0x0,0x0,
  0x0,0x0,0x6,0x0,0x0,0x0,0x15,0x50,0x61,0x73,0x74,0x65,0x20,0x73,0x65,0x65,
  0x64,0x73,0x20,0x69,0x6e,0x74,0x6f,0x20,0x6c,0x69,0x73,0x74,0x7,0x0,0x0,0x0,
  0xa,0x4d,0x61,0x69,0x6e,0x57,0x69,0x6e,0x64,0x6f,0x77,0x1,0x3,0x0,0x0,0x0,
  0xa,0x56,0xde,0x8f,0x66,0x4e,0xe5,0x78,0x6e,0x8b,0xa4,0x8,0x0,0x0,0x0,0x0,
  0x6,0x0,0x0,0x0,0x15,0x50,0x72,0x65,0x73,0x73,0x20,0x65,0x6e,0x74,0x65,0x72,
  0x20,0x74,0x6f,0x20,0x61,0x63,0x63,0x65,0x70,0x74,0x7,0x0,0x0,0x0,0xa,0x4d,
  0x61,0x69,0x6e,0x57,0x69,0x6e,0x64,0x6f,0x77,0x1,0x3,0x0,0x0,0x0,0xa,0x4e,
  0xa,0x4e,0x0,0x4e,0x2a,0x79,0xcd,0x5b,0x50,0x8,0x0,0x0,0x0,0x0,0x6,0x0,
  0x0,0x0,0xe,0x50,0x72,0x65,0x76,0x69,0x6f,0x75,0x73,0x20,0x73,0x65,0x65,0x64,
  0x73,0x7,0x0,0x0,0x0,0xa,0x4d,0x61,0x69,0x6e,0x57,0x69,0x6e,0x64,0x6f,0x77,
  0x1,0x3,0x0,0x0,0x0,0x4,0x90,0x0,0x51,0xfa,0x8,0x0,0x0,0x0,0x0,0x6,
  0x0,0x0,0x0,0x4,0x51,0x75,0x69,0x74,0x7,0x0,0x0,0x0,0xa,0x4d,0x61,0x69,
  0x6e,0x57,0x69,0x6e,0x64,0x6f,0x77,0x1,0x3,0x0,0x0,0x0,0x10,0x91,0xcd,0x65,
  0xb0,0x75,0x1f,0x62,0x10,0x67,0x61,0x4e,0xf6,0x5e,0x8f,0x53,0xf7,0x8,0x0,0x0,
  0x0,0x0,0x6,0x0,0x0,0x0,0x1a,0x52,0x65,0x64,0x69,0x73,0x74,0x72,0x69,0x62,
  0x75,0x74,0x65,0x20,0x63,0x6f,0x6e,0x64,0x69,0x74,0x69,0x6f,0x6e,0x20,0x49,0x44,
  0x73,0x7,0x0,0x0,0x0,0xa,0x4d,0x61,0x69,0x6e,0x57,0x69,0x6e,0x64,0x6f,0x77,
  0x1,0x3,0x0,0x0,0x0,0xc,0x51,0x73,0x95,0xed,0x57,0x30,0x56,0xfe,0x5c,0xf,
  0x7a,0x97,0x8,0x0,0x0,0x0,0x0,0x6,0x0,0x0,0x0,0xa,0x52,0x65,0x64,0x6f,
  0x63,0x6b,0x20,0x6d,0x61,0x70,0x7,0x0,0x0,0x0,0xa,0x4d,0x61,0x69,0x6e,0x57,
  0x69,0x6e,0x64,0x6f,0x77,0x1,0x3,0x0,0x0,0x0,0x12,0x4f,0xdd,0x5b,0x58,0x7b,
  0x5b,0x90,0x9,0x67,0x61,0x4e,0xf6,0x0,0x2e,0x0,0x2e,0x0,0x2e,0x8,0x0,0x0,
  0x0,0x0,0x6,0x0,0x0,0x0,0x18,0x53,0x61,0x76,0x65,0x20,0x66,0x69,0x6c,0x74,
  0x65,0x72,0x20,0x61,0x73,0x20,0x70,0x72,0x65,0x73,0x65,0x74,0x2e,0x2e,0x2e,0x7,
  0x0,0x0,0x0,0xa,0x4d,0x61,0x69,0x6e,0x57,0x69,0x6e,0x64,0x6f,0x77,0x1,0x3,
  0x0,0x0,0x0,0x8,0x5b,0xfc,0x51,0xfa,0x8f,0xdb,0x5e,0xa6,0x8,0x0,0x0,0x0,
  0x0,0x6,0x0,0x0,0x0,0xd,0x53,0x61,0x76,0x65,0x20,0x70,0x72,0x6f,0x67,0x72,
  0x65,0x73,0x73,0x7,0x0,0x0,0x0,0xa,0x4d,0x61,0x69,0x6e,0x57,0x69,0x6e,0x64,
  0x6f,0x77,0x1,0x3,0x0,0x0,0x0,0x8,0x4f,0xdd,0x5b,0x58,0x62,0x2a,0x56,0xfe,
  0x8,0x0,0x0,0x0,0x0,0x6,0x0,0x0,0x0,0xf,0x53,0x61,0x76,0x65,0x20,0x73,
  0x63,0x72,0x65,0x65,0x6e,0x73,0x68,0x6f,0x74,0x7,0x0,0x0,0x0,0xa,0x4d,0x61,
  0x69,0x6e,0x57,0x69,0x6e,0x64,0x6f,0x77,0x1,0x3,0x0,0x0,0x0,0xe,0x5b,0xfc,
  0x51,0xfa,0x8f,0xdb,0x5e,0xa6,0x0,0x2e,0x0,0x2e,0x0,0x2e,0x8,0x0,0x0,0x0,
  0x0,0x6,0x0,0x0,0x0,0xf,0x53,0x61,0x76,0x65,0x20,0x73,0x65,0x73,0x73,0x69,
  0x6f,0x6e,0x2e,0x2e,0x2e,0x7,0x0,0x0,0x0,0xa,0x4d,0x61,0x69,0x6e,0x57,0x69,
  0x6e,0x64,0x6f,0x77,0x1,0x3,0x0,0x0,0x0,0x4,0x64,0x1c,0x7d,0x22,0x8,0x0,
  0x0,0x0,0x0,0x6,0x0,0x0,0x0,0x6,0x53,0x65,0x61,0x72,0x63,0x68,0x7,0x0,
  0x0,0x0,0xa,0x4d,0x61,0x69,0x6e,0x57,0x69,0x6e,0x64,0x6f,0x77,0x1,0x3,0x0,
  0x0,0x0,0xc,0x64,0x1c,0x7d,0x22,0x62,0x40,0x67,0x9,0x79,0xcd,0x5b,0x50,0x8,
  0x0,0x0,0x0,0x0,0x6,0x0,0x0,0x0,0x16,0x53,0x65,0x61,0x72,0x63,0x68,0x20,
  0x66,0x75,0x6c,0x6c,0x20,0x73,0x65,0x65,0x64,0x20,0x73,0x70,0x61,0x63,0x65,0x7,
  0x0,0x0,0x0,0xa,0x4d,0x61,0x69,0x6e,0x57,0x69,0x6e,0x64,0x6f,0x77,0x1,0x3,
  0x0,0x0,0x0,0x12,0x5b,0xfc,0x51,0x65,0x79,0xcd,0x5b,0x50,0x52,0x17,0x88,0x68,
  0x0,0x2e,0x0,0x2e,0x0,0x2e,0x8,0x0,0x0,0x0,0x0,0x6,0x0,0x0,0x0,0x13,
  0x53,0x65,0x61,0x72,0x63,0x68,0x20,0x73,0x65,0x65,0x64,0x20,0x6c,0x69,0x73,0x74,
  0x2e,0x2e,0x2e,0x7,0x0,0x0,0x0,0xa,0x4d,0x61,0x69,0x6e,0x57,0x69,0x6e,0x64,
  0x6f,0x77,0x1,0x3,0x0,0x0,0x0,0x34,0x79,0xcd,0x5b,0x50,0x53,0xef,0x4e,0xe5,
  0x66,0x2f,0x4e,0x0,0x4e,0x2a,0x65,0x74,0x65,0x70,0x62,0x16,0x4e,0x0,0x6b,0xb5,
  0x65,0x87,0x67,0x2c,0x0,0x2c,0x0,0x20,0x75,0x59,0x7a,0x7a,0x96,0x8f,0x67,0x3a,
  0x75,0x1f,0x62,0x10,0x9e,0xd8,0x8b,0xa4,0x79,0xcd,0x5b,0x50,0x8,0x0,0x0,0x0,
  0x0,0x6,0x0,0x0,0x0,0x3d,0x53,0x65,0x65,0x64,0x20,0x63,0x61,0x6e,0x20,0x62,
  0x65,0x20,0x61,0x6e,0x20,0x69,0x6e,0x74,0x65,0x67,0x65,0x72,0x20,0x6f,0x72,0x20,
  0x74,0x65,0x78,0x74,0x2e,0x20,0x4c,0x65,0x61,0x76,0x65,0x20,0x65,0x6d,0x70,0x74,
  0x79,0x20,0x66,0x6f,0x72,0x20,0x61,0x20,0x72,0x61,0x6e,0x64,0x6f,0x6d,0x20,0x73,
  0x65,0x65,0x64,0x7,0x0,0x0,0x0,0xa,0x4d,0x61,0x69,0x6e,0x57,0x69,0x6e,0x64,
  0x6f,0x77,0x1,0x3,0x0,0x0,0x0,0x1c,0x79,0xcd,0x5b,0x50,0x75,0x1f,0x62,0x10,
  0x56,0x68,0x0,0x28,0x4f,0x4e,0x0,0x34,0x0,0x38,0x4e,0x8c,0x8f,0xdb,0x52,0x36,
  0x4f,0x4d,0x0,0x29,0x8,0x0,0x0,0x0,0x0,0x6,0x0,0x0,0x0,0x17,0x53,0x65,
  0x65,0x64,0x20,0x67,0x65,0x6e,0x65,0x72,0x61,0x74,0x6f,0x72,0x20,0x28,0x34,0x38,
  0x2d,0x62,0x69,0x74,0x29,0x7,0x0,0x0,0x0,0xa,0x4d,0x61,0x69,0x6e,0x57,0x69,
  0x6e,0x64,0x6f,0x77,0x1,0x3,0x0,0x0,0x0,0x4,0x79,0xcd,0x5b,0x50,0x8,0x0,
  0x0,0x0,0x0,0x6,0x0,0x0,0x0,0x5,0x53,0x65,0x65,0x64,0x73,0x7,0x0,0x0,
  0x0,0xa,0x4d,0x61,0x69,0x6e,0x57,0x69,0x6e,0x64,0x6f,0x77,0x1,0x3,0x0,0x0,
  0x0,0x40,0x4f,0x1a,0x8b,0xdd,0x65,0x87,0x4e,0xf6,0x0,0x20,0x0,0x28,0x0,0x2a,
  0x0,0x2e,0x0,0x73,0x0,0x65,0x0,0x73,0x0,0x73,0x0,0x69,0x0,0x6f,0x0,0x6e,
  0x0,0x20,0x0,0x2a,0x0,0x2e,0x0,0x74,0x0,0x78,0x0,0x74,0x0,0x29,0x0,0x3b,
  0x0,0x3b,0x4e,0xfb,0x61,0xf,0x65,0x87,0x4e,0xf6,0x0,0x20,0x0,0x28,0x0,0x2a,
  0x0,0x29,0x8,0x0,0x0,0x0,0x0,0x6,0x0,0x0,0x0,0x2e,0x53,0x65,0x73,0x73,
  0x69,0x6f,0x6e,0x20,0x66,0x69,0x6c,0x65,0x73,0x20,0x28,0x2a,0x2e,0x73,0x65,0x73,
  0x73,0x69,0x6f,0x6e,0x20,0x2a,0x2e,0x74,0x78,0x74,0x29,0x3b,0x3b,0x41,0x6e,0x79,
  0x20,0x66,0x69,0x6c,0x65,0x73,0x20,0x28,0x2a,0x29,0x7,0x0,0x0,0x0,0xa,0x4d,
  0x61,0x69,0x6e,0x57,0x69,0x6e,0x64,0x6f,0x77,0x1,0x3,0x0,0x0,0x0,0xa,0x66,
  0x3e,0x79,0x3a,0x0,0x20,0x0,0x25,0x0,0x31,0x8,0x0,0x0,0x0,0x0,0x6,0x0,
  0x0,0x0,0x7,0x53,0x68,0x6f,0x77,0x20,0x25,0x31,0x7,0x0,0x0,0x0,0xa,0x4d,
  0x61,0x69,0x6e,0x57,0x69,0x6e,0x64,0x6f,0x77,0x1,0x3,0x0,0x0,0x0,0x10,0x66,
  0x3e,0x79,0x3a,0x8b,0xe5,0x0,0x59,0x50,0x3c,0x76,0x84,0x57,0x30,0x56,0xfe,0x8,
  0x0,0x0,0x0,0x0,0x6,0x0,0x0,0x0,0x19,0x53,0x68,0x6f,0x77,0x20,0x6d,0x61,
  0x70,0x20,0x66,0x6f,0x72,0x20,0x74,0x68,0x69,0x73,0x20,0x79,0x2d,0x6c,0x65,0x76,
  0x65,0x6c,0x7,0x0,0x0,0x0,0xa,0x4d,0x61,0x69,0x6e,0x57,0x69,0x6e,0x64,0x6f,
  0x77,0x1,0x3,0x0,0x0,0x0,0x2a,0x7e,0xd3,0x67,0x84,0x6f,0x5c,0x57,0x28,0x75,
  0x1f,0x62,0x10,0x4f,0x4d,0x7f,0x6e,0x0,0x28,0x4e,0xc5,0x75,0x31,0x4f,0x4e,0x0,
  0x34,0x0,0x38,0x4e,0x8c,0x8f,0xdb,0x52,0x36,0x4f,0x4d,0x51,0xb3,0x5b,0x9a,0x0,
  0x29,0x8,0x0,0x0,0x0,0x0,0x6,0x0,0x0,0x0,0x1c,0x53,0x74,0x72,0x75,0x63,
  0x74,0x75,0x72,0x65,0x20,0x70,0x6f,0x74,0x65,0x6e,0x74,0x69,0x61,0x6c,0x20,0x28,
  0x34,0x38,0x2d,0x62,0x69,0x74,0x29,0x7,0x0,0x0,0x0,0xa,0x4d,0x61,0x69,0x6e,
  0x57,0x69,0x6e,0x64,0x6f,0x77,0x1,0x3,0x0,0x0,0x0,0x4,0x7e,0xd3,0x67,0x84,
  0x8,0x0,0x0,0x0,0x0,0x6,0x0,0x0,0x0,0xa,0x53,0x74,0x72,0x75,0x63,0x74,
  0x75,0x72,0x65,0x73,0x7,0x0,0x0,0x0,0xa,0x4d,0x61,0x69,0x6e,0x57,0x69,0x6e,
  0x64,0x6f,0x77,0x1,0x3,0x0,0x0,0x0,0x4,0x62,0x2a,0x56,0xfe,0x8,0x0,0x0,
  0x0,0x0,0x6,0x0,0x0,0x0,0xf,0x54,0x61,0x6b,0x65,0x20,0x73,0x63,0x72,0x65,
  0x65,0x6e,0x73,0x68,0x6f,0x74,0x7,0x0,0x0,0x0,0xa,0x4d,0x61,0x69,0x6e,0x57,
  0x69,0x6e,0x64,0x6f,0x77,0x1,0x3,0x0,0x0,0x0,0x34,0x0,0x43,0x0,0x75,0x0,
  0x62,0x0,0x69,0x0,0x6f,0x0,0x6d,0x0,0x65,0x0,0x73,0x0,0x20,0x0,0x56,0x0,
  0x69,0x0,0x65,0x0,0x77,0x0,0x65,0x0,0x72,0x97,0x0,0x89,0x81,0x91,0xcd,0x54,
  0x2f,0x4e,0xe5,0x5e,0x94,0x75,0x28,0x62,0x40,0x67,0x9,0x66,0xf4,0x65,0x39,0x8,
  0x0,0x0,0x0,0x0,0x6,0x0,0x0,0x0,0x4d,0x54,0x68,0x65,0x20,0x61,0x70,0x70,
  0x6c,0x69,0x63,0x61,0x74,0x69,0x6f,0x6e,0x20,0x77,0x69,0x6c,0x6c,0x20,0x6e,0x65,
  0x65,0x64,0x20,0x74,0x6f,0x20,0x62,0x65,0x20,0x72,0x65,0x73,0x74,0x61,0x72,0x74,
  0x65,0x64,0x20,0x62,0x65,0x66,0x6f,0x72,0x65,0x20,0x61,0x6c,0x6c,0x20,0x63,0x68,
  0x61,0x6e,0x67,0x65,0x73,0x20,0x63,0x61,0x6e,0x20,0x74,0x61,0x6b,0x65,0x20,0x65,
  0x66,0x66,0x65,0x63,0x74,0x2e,0x7,0x0,0x0,0x0,0xa,0x4d,0x61,0x69,0x6e,0x57,
  0x69,0x6e,0x64,0x6f,0x77,0x1,0x3,0x0,0x0,0x0,0xc,0x5f,0x0,0x54,0x2f,0x57,
  0x30,0x56,0xfe,0x5c,0xf,0x7a,0x97,0x8,0x0,0x0,0x0,0x0,0x6,0x0,0x0,0x0,
  0xa,0x55,0x6e,0x64,0x6f,0x63,0x6b,0x20,0x6d,0x61,0x70,0x7,0x0,0x0,0x0,0xa,
  0x4d,0x61,0x69,0x6e,0x57,0x69,0x6e,0x64,0x6f,0x77,0x1,0x3,0x0,0x0,0x0,0x4,
  0x0,0x59,0x0,0x3a,0x8,0x0,0x0,0x0,0x0,0x6,0x0,0x0,0x0,0x2,0x59,0x3a,
  0x7,0x0,0x0,0x0,0xa,0x4d,0x61,0x69,0x6e,0x57,0x69,0x6e,0x64,0x6f,0x77,0x1,
  0x3,0x0,0x0,0x0,0x4,0x65,0x3e,0x59,0x27,0x8,0x0,0x0,0x0,0x0,0x6,0x0,
  0x0,0x0,0x7,0x5a,0x6f,0x6f,0x6d,0x20,0x49,0x6e,0x7,0x0,0x0,0x0,0xa,0x4d,
  0x61,0x69,0x6e,0x57,0x69,0x6e,0x64,0x6f,0x77,0x1,0x3,0x0,0x0,0x0,0x4,0x7f,
  0x29,0x5c,0xf,0x8,0x0,0x0,0x0,0x0,0x6,0x0,0x0,0x0,0x8,0x5a,0x6f,0x6f,
  0x6d,0x20,0x4f,0x75,0x74,0x7,0x0,0x0,0x0,0xa,0x4d,0x61,0x69,0x6e,0x57,0x69,
  0x6e,0x64,0x6f,0x77,0x1,0x3,0x0,0x0,0x0,0x8,0x96,0x8f,0x67,0x3a,0x75,0x1f,
  0x62,0x10,0x8,0x0,0x0,0x0,0x0,0x6,0x0,0x0,0x0,0x6,0x72,0x61,0x6e,0x64,
  0x6f,0x6d,0x7,0x0,0x0,0x0,0xa,0x4d,0x61,0x69,0x6e,0x57,0x69,0x6e,0x64,0x6f,
  0x77,0x1,0x3,0x0,0x0,0x0,0x8,0x4e,0xfb,0x61,0xf,0x65,0x87,0x4e,0xf6,0x8,
  0x0,0x0,0x0,0xf,0x53,0x65,0x65,0x64,0x20,0x69,0x6e,0x70,0x75,0x74,0x20,0x74,
  0x79,0x70,0x65,0x6,0x0,0x0,0x0,0x6,0x72,0x61,0x6e,0x64,0x6f,0x6d,0x7,0x0,
  0x0,0x0,0xa,0x4d,0x61,0x69,0x6e,0x57,0x69,0x6e,0x64,0x6f,0x77,0x1,0x3,0x0,
  0x0,0x0,0x6,0x79,0xcd,0x5b,0x50,0x0,0x3a,0x8,0x0,0x0,0x0,0x0,0x6,0x0,
  0x0,0x0,0x5,0x73,0x65,0x65,0x64,0x3a,0x7,0x0,0x0,0x0,0xa,0x4d,0x61,0x69,
  0x6e,0x57,0x69,0x6e,0x64,0x6f,0x77,0x1,0x3,0x0,0x0,0x0,0x8,0x65,0x87,0x67,
  0x2c,0x65,0x87,0x4e,0xf6,0x8,0x0,0x0,0x0,0x0,0x6,0x0,0x0,0x0,0x4,0x74,
  0x65,0x78,0x74,0x7,0x0,0x0,0x0,0xa,0x4d,0x61,0x69,0x6e,0x57,0x69,0x6e,0x64,
  0x6f,0x77,0x1,0x3,0x0,0x0,0x0,0x8,0x8f,0xdc,0x53,0xe4,0x57,0xce,0x5e,0x2,
  0x8,0x0,0x0,0x0,0x0,0x6,0x0,0x0,0x0,0xc,0x41,0x6e,0x63,0x69,0x65,0x6e,
  0x74,0x20,0x43,0x69,0x74,0x79,0x7,0x0,0x0,0x0,0x3,0x4d,0x61,0x70,0x1,0x3,
  0x0,0x0,0x0,0x8,0x58,0x21,0x57,0x92,0x90,0x57,0x8f,0xf9,0x8,0x0,0x0,0x0,
  0x0,0x6,0x0,0x0,0x0,0xf,0x42,0x61,0x73,0x74,0x69,0x6f,0x6e,0x20,0x52,0x65,
  0x6d,0x6e,0x61,0x6e,0x74,0x7,0x0,0x0,0x0,0x3,0x4d,0x61,0x70,0x1,0x3,0x0,
  0x0,0x0,0x4,0x5b,0x9d,0x85,0xcf,0x8,0x0,0x0,0x0,0x0,0x6,0x0,0x0,0x0,
  0xf,0x42,0x75,0x72,0x69,0x65,0x64,0x20,0x54,0x72,0x65,0x61,0x73,0x75,0x72,0x65,
  0x7,0x0,0x0,0x0,0x3,0x4d,0x61,0x70,0x1,0x3,0x0,0x0,0x0,0x8,0x6c,0x99,
  0x6f,0x20,0x79,0x5e,0x6b,0xbf,0x8,0x0,0x0,0x0,0x0,0x6,0x0,0x0,0x0,0xe,
  0x44,0x65,0x73,0x65,0x72,0x74,0x20,0x50,0x79,0x72,0x61,0x6d,0x69,0x64,0x7,0x0,
  0x0,0x0,0x3,0x4d,0x61,0x70,0x1,0x3,0x0,0x0,0x0,0x8,0x6c,0x99,0x6f,0x20,
  0x6c,0x34,0x4e,0x95,0x8,0x0,0x0,0x0,0x0,0x6,0x0,0x0,0x0,0xb,0x44,0x65,
  0x73,0x65,0x72,0x74,0x20,0x57,0x65,0x6c,0x6c,0x7,0x0,0x0,0x0,0x3,0x4d,0x61,
  0x70,0x1,0x3,0x0,0x0,0x0,0x6,0x67,0x2b,0x57,0x30,0x57,0xce,0x8,0x0,0x0,
  0x0,0x0,0x6,0x0,0x0,0x0,0x8,0x45,0x6e,0x64,0x20,0x43,0x69,0x74,0x79,0x7,
  0x0,0x0,0x0,0x3,0x4d,0x61,0x70,0x1,0x3,0x0,0x0,0x0,0xa,0x67,0x2b,0x57,
  0x30,0x62,0x98,0x8d,0xc3,0x95,0xe8,0x8,0x0,0x0,0x0,0x0,0x6,0x0,0x0,0x0,
  0xb,0x45,0x6e,0x64,0x20,0x47,0x61,0x74,0x65,0x77,0x61,0x79,0x7,0x0,0x0,0x0,
  0x3,0x4d,0x61,0x70,0x1,0x3,0x0,0x0,0x0,0x6,0x7d,0x2b,0x66,0x76,0x6d,0x1e,
  0x8,0x0,0x0,0x0,0x0,0x6,0x0,0x0,0x0,0x5,0x47,0x65,0x6f,0x64,0x65,0x7,
  0x0,0x0,0x0,0x3,0x4d,0x61,0x70,0x1,0x3,0x0,0x0,0x0,0x4,0x7f,0x51,0x68,
  0x3c,0x8,0x0,0x0,0x0,0x0,0x6,0x0,0x0,0x0,0x4,0x47,0x72,0x69,0x64,0x7,
  0x0,0x0,0x0,0x3,0x4d,0x61,0x70,0x1,0x3,0x0,0x0,0x0,0x4,0x51,0xb0,0x5c,
  0x4b,0x8,0x0,0x0,0x0,0x0,0x6,0x0,0x0,0x0,0x5,0x49,0x67,0x6c,0x6f,0x6f,
  0x7,0x0,0x0,0x0,0x3,0x4d,0x61,0x70,0x1,0x3,0x0,0x0,0x0,0x8,0x4e,0x1b,
  0x67,0x97,0x79,0x5e,0x5e,0x99,0x8,0x0,0x0,0x0,0x0,0x6,0x0,0x0,0x0,0xd,
  0x4a,0x75,0x6e,0x67,0x6c,0x65,0x20,0x54,0x65,0x6d,0x70,0x6c,0x65,0x7,0x0,0x0,
  0x0,0x3,0x4d,0x61,0x70,0x1,0x3,0x0,0x0,0x0,0x8,0x5e,0x9f,0x5f,0x3,0x77,
  0xff,0x4e,0x95,0x8,0x0,0x0,0x0,0x0,0x6,0x0,0x0,0x0,0x9,0x4d,0x69,0x6e,
  0x65,0x73,0x68,0x61,0x66,0x74,0x7,0x0,0x0,0x0,0x3,0x4d,0x61,0x70,0x1,0x3,
  0x0,0x0,0x0,0x8,0x4e,0xb,0x75,0x4c,0x89,0x81,0x58,0x5e,0x8,0x0,0x0,0x0,
  0x0,0x6,0x0,0x0,0x0,0xf,0x4e,0x65,0x74,0x68,0x65,0x72,0x20,0x46,0x6f,0x72,
  0x74,0x72,0x65,0x73,0x73,0x7,0x0,0x0,0x0,0x3,0x4d,0x61,0x70,0x1,0x3,0x0,
  0x0,0x0,0x8,0x6d,0x77,0x5e,0x95,0x79,0x5e,0x6b,0xbf,0x8,0x0,0x0,0x0,0x0,
  0x6,0x0,0x0,0x0,0xe,0x4f,0x63,0x65,0x61,0x6e,0x20,0x4d,0x6f,0x6e,0x75,0x6d,
  0x65,0x6e,0x74,0x7,0x0,0x0,0x0,0x3,0x4d,0x61,0x70,0x1,0x3,0x0,0x0,0x0,
  0x8,0x6d,0x77,0x5e,0x95,0x90,0x57,0x8f,0xf9,0x8,0x0,0x0,0x0,0x0,0x6,0x0,
  0x0,0x0,0xa,0x4f,0x63,0x65,0x61,0x6e,0x20,0x52,0x75,0x69,0x6e,0x7,0x0,0x0,
  0x0,0x3,0x4d,0x61,0x70,0x1,0x3,0x0,0x0,0x0,0xc,0x63,0xa0,0x59,0x3a,0x80,
  0x5,0x52,0x4d,0x54,0xe8,0x7a,0xd9,0x8,0x0,0x0,0x0,0x0,0x6,0x0,0x0,0x0,
  0x10,0x50,0x69,0x6c,0x6c,0x61,0x67,0x65,0x72,0x20,0x4f,0x75,0x74,0x70,0x6f,0x73,
  0x74,0x7,0x0,0x0,0x0,0x3,0x4d,0x61,0x70,0x1,0x3,0x0,0x0,0x0,0xa,0x5e,
  0x9f,0x5f,0x3,0x4f,0x20,0x90,0x1,0x95,0xe8,0x8,0x0,0x0,0x0,0x0,0x6,0x0,
  0x0,0x0,0xd,0x52,0x75,0x69,0x6e,0x65,0x64,0x20,0x50,0x6f,0x72,0x74,0x61,0x6c,
  0x7,0x0,0x0,0x0,0x3,0x4d,0x61,0x70,0x1,0x3,0x0,0x0,0x0,0x12,0x5e,0x9f,
  0x5f,0x3,0x4f,0x20,0x90,0x1,0x95,0xe8,0x0,0x28,0x4e,0xb,0x75,0x4c,0x0,0x29,
  0x8,0x0,0x0,0x0,0x0,0x6,0x0,0x0,0x0,0x16,0x52,0x75,0x69,0x6e,0x65,0x64,
  0x20,0x50,0x6f,0x72,0x74,0x61,0x6c,0x20,0x28,0x4e,0x65,0x74,0x68,0x65,0x72,0x29,
  0x7,0x0,0x0,0x0,0x3,0x4d,0x61,0x70,0x1,0x3,0x0,0x0,0x0,0x4,0x6c,0x89,
  0x82,0x39,0x8,0x0,0x0,0x0,0x0,0x6,0x0,0x0,0x0,0x9,0x53,0x68,0x69,0x70,
  0x77,0x72,0x65,0x63,0x6b,0x7,0x0,0x0,0x0,0x3,0x4d,0x61,0x70,0x1,0x3,0x0,
  0x0,0x0,0xa,0x53,0xf2,0x83,0xb1,0x59,0xc6,0x53,0x3a,0x57,0x57,0x8,0x0,0x0,
  0x0,0x0,0x6,0x0,0x0,0x0,0xc,0x53,0x6c,0x69,0x6d,0x65,0x20,0x43,0x68,0x75,
  0x6e,0x6b,0x73,0x7,0x0,0x0,0x0,0x3,0x4d,0x61,0x70,0x1,0x3,0x0,0x0,0x0,
  0x6,0x51,0xfa,0x75,0x1f,0x70,0xb9,0x8,0x0,0x0,0x0,0x0,0x6,0x0,0x0,0x0,
  0x5,0x53,0x70,0x61,0x77,0x6e,0x7,0x0,0x0,0x0,0x3,0x4d,0x61,0x70,0x1,0x3,
  0x0,0x0,0x0,0x4,0x89,0x81,0x58,0x5e,0x8,0x0,0x0,0x0,0x0,0x6,0x0,0x0,
  0x0,0xa,0x53,0x74,0x72,0x6f,0x6e,0x67,0x68,0x6f,0x6c,0x64,0x7,0x0,0x0,0x0,
  0x3,0x4d,0x61,0x70,0x1,0x3,0x0,0x0,0x0,0x8,0x6c,0xbc,0x6c,0xfd,0x5c,0xf,
  0x5c,0x4b,0x8,0x0,0x0,0x0,0x0,0x6,0x0,0x0,0x0,0x9,0x53,0x77,0x61,0x6d,
  0x70,0x20,0x48,0x75,0x74,0x7,0x0,0x0,0x0,0x3,0x4d,0x61,0x70,0x1,0x3,0x0,
  0x0,0x0,0x8,0x53,0xe4,0x8f,0xf9,0x5e,0x9f,0x58,0x9f,0x8,0x0,0x0,0x0,0x0,
  0x6,0x0,0x0,0x0,0xb,0x54,0x72,0x61,0x69,0x6c,0x20,0x52,0x75,0x69,0x6e,0x73,
  0x7,0x0,0x0,0x0,0x3,0x4d,0x61,0x70,0x1,0x3,0x0,0x0,0x0,0x8,0x8b,0xd5,
  0x70,0xbc,0x5b,0xc6,0x5b,0xa4,0x8,0x0,0x0,0x0,0x0,0x6,0x0,0x0,0x0,0xe,
  0x54,0x72,0x69,0x61,0x6c,0x20,0x43,0x68,0x61,0x6d,0x62,0x65,0x72,0x73,0x7,0x0,
  0x0,0x0,0x3,0x4d,0x61,0x70,0x1,0x3,0x0,0x0,0x0,0x4,0x67,0x51,0x5e,0x84,
  0x8,0x0,0x0,0x0,0x0,0x6,0x0,0x0,0x0,0x7,0x56,0x69,0x6c,0x6c,0x61,0x67,
  0x65,0x7,0x0,0x0,0x0,0x3,0x4d,0x61,0x70,0x1,0x3,0x0,0x0,0x0,0x8,0x67,
  0x97,0x57,0x30,0x5e,0x9c,0x90,0xb8,0x8,0x0,0x0,0x0,0x0,0x6,0x0,0x0,0x0,
  0x10,0x57,0x6f,0x6f,0x64,0x6c,0x61,0x6e,0x64,0x20,0x4d,0x61,0x6e,0x73,0x69,0x6f,
  0x6e,0x7,0x0,0x0,0x0,0x3,0x4d,0x61,0x70,0x1,0x3,0x0,0x0,0x0,0xa,0x54,
  0x2f,0x75,0x28,0x76,0x84,0x5d,0xe5,0x51,0x77,0x8,0x0,0x0,0x0,0x0,0x6,0x0,
  0x0,0x0,0xd,0x45,0x6e,0x61,0x62,0x6c,0x65,0x64,0x20,0x74,0x6f,0x6f,0x6c,0x73,
  0x7,0x0,0x0,0x0,0xe,0x4d,0x61,0x70,0x54,0x6f,0x6f,0x6c,0x73,0x44,0x69,0x61,
  0x6c,0x6f,0x67,0x1,0x3,0x0,0x0,0x0,0xc,0x57,0x30,0x56,0xfe,0x5d,0xe5,0x51,
  0x77,0x90,0x9,0x98,0x79,0x8,0x0,0x0,0x0,0x0,0x6,0x0,0x0,0x0,0x13,0x4d,
  0x61,0x70,0x20,0x54,0x6f,0x6f,0x6c,0x62,0x61,0x72,0x20,0x4f,0x70,0x74,0x69,0x6f,
  0x6e,0x73,0x7,0x0,0x0,0x0,0xe,0x4d,0x61,0x70,0x54,0x6f,0x6f,0x6c,0x73,0x44,
  0x69,0x61,0x6c,0x6f,0x67,0x1,0x3,0x0,0x0,0x0,0x26,0x7e,0xd3,0x67,0x84,0x53,
  0xef,0x89,0xc1,0x76,0x84,0x67,0x0,0x5c,0xf,0x7f,0x29,0x65,0x3e,0x7b,0x49,0x7e,
  0xa7,0x0,0xa,0x0,0x28,0x65,0xb9,0x57,0x57,0x0,0x2f,0x50,0xcf,0x7d,0x20,0x0,
  0x29,0x8,0x0,0x0,0x0,0x0,0x6,0x0,0x0,0x0,0x28,0x4d,0x61,0x78,0x69,0x6d,
  0x75,0x6d,0x20,0x76,0x69,0x73,0x69,0x62,0x6c,0x65,0x20,0x73,0x63,0x61,0x6c,0x65,
  0xa,0x28,0x62,0x6c,0x6f,0x63,0x6b,0x73,0x20,0x70,0x65,0x72,0x20,0x70,0x69,0x78,
  0x65,0x6c,0x29,0x7,0x0,0x0,0x0,0xe,0x4d,0x61,0x70,0x54,0x6f,0x6f,0x6c,0x73,
  0x44,0x69,0x61,0x6c,0x6f,0x67,0x1,0x3,0x0,0x0,0x0,0x8,0x7f,0x29,0x65,0x3e,
  0x5d,0xe5,0x51,0x77,0x8,0x0,0x0,0x0,0x0,0x6,0x0,0x0,0x0,0xb,0x5a,0x6f,
  0x6f,0x6d,0x20,0x49,0x6e,0x2f,0x4f,0x75,0x74,0x7,0x0,0x0,0x0,0xe,0x4d,0x61,
  0x70,0x54,0x6f,0x6f,0x6c,0x73,0x44,0x69,0x61,0x6c,0x6f,0x67,0x1,0x3,0x0,0x0,
  0x0,0xe,0x59,0xd,0x52,0x36,0x53,0x3a,0x57,0x57,0x57,0x50,0x68,0x7,0x0,0x3a,
  0x8,0x0,0x0,0x0,0x0,0x6,0x0,0x0,0x0,0xb,0x43,0x6f,0x70,0x79,0x20,0x63,
  0x68,0x75,0x6e,0x6b,0x3a,0x7,0x0,0x0,0x0,0x7,0x4d,0x61,0x70,0x56,0x69,0x65,
  0x77,0x1,0x3,0x0,0x0,0x0,0xe,0x59,0xd,0x52,0x36,0x65,0xb9,0x57,0x57,0x57,
  0x50,0x68,0x7,0x0,0x3a,0x8,0x0,0x0,0x0,0x0,0x6,0x0,0x0,0x0,0xc,0x43,
  0x6f,0x70,0x79,0x20,0x63,0x6f,0x6f,0x72,0x64,0x73,0x3a,0x7,0x0,0x0,0x0,0x7,
  0x4d,0x61,0x70,0x56,0x69,0x65,0x77,0x1,0x3,0x0,0x0,0x0,0xe,0x59,0xd,0x52,
  0x36,0x53,0x3a,0x57,0xdf,0x57,0x50,0x68,0x7,0x0,0x3a,0x8,0x0,0x0,0x0,0x0,
  0x6,0x0,0x0,0x0,0xc,0x43,0x6f,0x70,0x79,0x20,0x72,0x65,0x67,0x69,0x6f,0x6e,
  0x3a,0x7,0x0,0x0,0x0,0x7,0x4d,0x61,0x70,0x56,0x69,0x65,0x77,0x1,0x3,0x0,
  0x0,0x0,0xa,0x59,0xd,0x52,0x36,0x79,0xcd,0x5b,0x50,0x0,0x3a,0x8,0x0,0x0,
  0x0,0x0,0x6,0x0,0x0,0x0,0xa,0x43,0x6f,0x70,0x79,0x20,0x73,0x65,0x65,0x64,
  0x3a,0x7,0x0,0x0,0x0,0x7,0x4d,0x61,0x70,0x56,0x69,0x65,0x77,0x1,0x3,0x0,
  0x0,0x0,0xe,0x59,0xd,0x52,0x36,0x0,0x74,0x0,0x70,0x63,0x7,0x4e,0xe4,0x0,
  0x3a,0x8,0x0,0x0,0x0,0x0,0x6,0x0,0x0,0x0,0x8,0x43,0x6f,0x70,0x79,0x20,
  0x74,0x70,0x3a,0x7,0x0,0x0,0x0,0x7,0x4d,0x61,0x70,0x56,0x69,0x65,0x77,0x1,
  0x3,0x0,0x0,0x0,0xe,0x52,0x4d,0x5f,0x80,0x57,0x50,0x68,0x7,0x0,0x2e,0x0,
  0x2e,0x0,0x2e,0x8,0x0,0x0,0x0,0x0,0x6,0x0,0x0,0x0,0x14,0x47,0x6f,0x20,
  0x74,0x6f,0x20,0x63,0x6f,0x6f,0x72,0x64,0x69,0x6e,0x61,0x74,0x65,0x73,0x2e,0x2e,
  0x2e,0x7,0x0,0x0,0x0,0x7,0x4d,0x61,0x70,0x56,0x69,0x65,0x77,0x1,0x3,0x0,
  0x0,0x0,0x4,0x52,0x20,0x96,0x64,0x8,0x0,0x0,0x0,0x0,0x6,0x0,0x0,0x0,
  0x6,0x44,0x65,0x6c,0x65,0x74,0x65,0x7,0x0,0x0,0x0,0xc,0x50,0x72,0x65,0x73,
  0x65,0x74,0x44,0x69,0x61,0x6c,0x6f,0x67,0x1,0x3,0x0,0x0,0x0,0xc,0x79,0x3a,
  0x4f,0x8b,0x7b,0x5b,0x90,0x9,0x67,0x61,0x4e,0xf6,0x8,0x0,0x0,0x0,0x0,0x6,
  0x0,0x0,0x0,0x10,0x45,0x78,0x61,0x6d,0x70,0x6c,0x65,0x73,0x20,0x46,0x69,0x6c,
  0x74,0x65,0x72,0x73,0x7,0x0,0x0,0x0,0xc,0x50,0x72,0x65,0x73,0x65,0x74,0x44,
  0x69,0x61,0x6c,0x6f,0x67,0x1,0x3,0x0,0x0,0x0,0xc,0x79,0x3a,0x4f,0x8b,0x7b,
  0x5b,0x90,0x9,0x67,0x61,0x4e,0xf6,0x8,0x0,0x0,0x0,0x0,0x6,0x0,0x0,0x0,
  0xe,0x46,0x69,0x6c,0x74,0x65,0x72,0x20,0x50,0x72,0x65,0x73,0x65,0x74,0x73,0x7,
  0x0,0x0,0x0,0xc,0x50,0x72,0x65,0x73,0x65,0x74,0x44,0x69,0x61,0x6c,0x6f,0x67,
  0x1,0x3,0x0,0x0,0x0,0x6,0x0,0x4d,0x0,0x43,0x0,0x20,0x8,0x0,0x0,0x0,
  0x0,0x6,0x0,0x0,0x0,0x3,0x4d,0x43,0x20,0x7,0x0,0x0,0x0,0xc,0x50,0x72,
  0x65,0x73,0x65,0x74,0x44,0x69,0x61,0x6c,0x6f,0x67,0x1,0x3,0x0,0x0,0x0,0x12,
  0x0,0x4d,0x0,0x43,0x72,0x48,0x67,0x2c,0x0,0x3a,0x0,0x20,0x0,0x31,0x0,0x2e,
  0x0,0x58,0x8,0x0,0x0,0x0,0x0,0x6,0x0,0x0,0x0,0x6,0x4d,0x43,0x20,0x31,
  0x2e,0x58,0x7,0x0,0x0,0x0,0xc,0x50,0x72,0x65,0x73,0x65,0x74,0x44,0x69,0x61,
  0x6c,0x6f,0x67,0x1,0x3,0x0,0x0,0x0,0x6,0x65,0xb0,0x98,0x84,0x8b,0xbe,0x8,
  0x0,0x0,0x0,0x0,0x6,0x0,0x0,0x0,0xa,0x4e,0x65,0x77,0x20,0x50,0x72,0x65,
  0x73,0x65,0x74,0x7,0x0,0x0,0x0,0xc,0x50,0x72,0x65,0x73,0x65,0x74,0x44,0x69,
  0x61,0x6c,0x6f,0x67,0x1,0x3,0x0,0x0,0x0,0xa,0x98,0x84,0x8b,0xbe,0x68,0x7,
  0x98,0x98,0x0,0x3a,0x8,0x0,0x0,0x0,0x0,0x6,0x0,0x0,0x0,0xd,0x50,0x72,
  0x65,0x73,0x65,0x74,0x20,0x74,0x69,0x74,0x6c,0x65,0x3a,0x7,0x0,0x0,0x0,0xc,
  0x50,0x72,0x65,0x73,0x65,0x74,0x44,0x69,0x61,0x6c,0x6f,0x67,0x1,0x3,0x0,0x0,
  0x0,0xc,0x4f,0xdd,0x5b,0x58,0x5f,0x53,0x52,0x4d,0x67,0x61,0x4e,0xf6,0x8,0x0,
  0x0,0x0,0x0,0x6,0x0,0x0,0x0,0x13,0x53,0x61,0x76,0x65,0x20,0x43,0x75,0x72,
  0x72,0x65,0x6e,0x74,0x20,0x46,0x69,0x6c,0x74,0x65,0x72,0x7,0x0,0x0,0x0,0xc,
  0x50,0x72,0x65,0x73,0x65,0x74,0x44,0x69,0x61,0x6c,0x6f,0x67,0x1,0x3,0x0,0x0,
  0x0,0x10,0x5d,0xf2,0x4f,0xdd,0x5b,0x58,0x76,0x84,0x7b,0x5b,0x90,0x9,0x79,0x3a,
  0x4f,0x8b,0x8,0x0,0x0,0x0,0x0,0x6,0x0,0x0,0x0,0xd,0x53,0x61,0x76,0x65,
  0x64,0x20,0x46,0x69,0x6c,0x74,0x65,0x72,0x73,0x7,0x0,0x0,0x0,0xc,0x50,0x72,
  0x65,0x73,0x65,0x74,0x44,0x69,0x61,0x6c,0x6f,0x67,0x1,0x3,0x0,0x0,0x0,0x28,
  0x7b,0x2c,0x0,0x20,0x0,0x25,0x0,0x32,0x0,0x20,0x88,0x4c,0x76,0x84,0x67,0x61,
  0x4e,0xf6,0x0,0x20,0x0,0x5b,0x0,0x25,0x0,0x31,0x0,0x5d,0x0,0x20,0x4e,0xd,
  0x53,0xd7,0x65,0x2f,0x63,0x1,0xff,0x1,0x8,0x0,0x0,0x0,0x0,0x6,0x0,0x0,
  0x0,0x2b,0x43,0x6f,0x6e,0x64,0x69,0x74,0x69,0x6f,0x6e,0x20,0x5b,0x25,0x31,0x5d,
  0x20,0x61,0x74,0x20,0x6c,0x69,0x6e,0x65,0x20,0x25,0x32,0x20,0x69,0x73,0x20,0x6e,
  0x6f,0x74,0x20,0x73,0x75,0x70,0x70,0x6f,0x72,0x74,0x65,0x64,0x2e,0x7,0x0,0x0,
  0x0,0xc,0x51,0x41,0x70,0x70,0x6c,0x69,0x63,0x61,0x74,0x69,0x6f,0x6e,0x1,0x3,
  0x0,0x0,0x0,0xa,0x66,0x2f,0x54,0x26,0x7e,0xe7,0x7e,0xed,0x0,0x3f,0x8,0x0,
  0x0,0x0,0x0,0x6,0x0,0x0,0x0,0x10,0x43,0x6f,0x6e,0x74,0x69,0x6e,0x75,0x65,
  0x20,0x61,0x6e,0x79,0x77,0x61,0x79,0x3f,0x7,0x0,0x0,0x0,0xc,0x51,0x41,0x70,
  0x70,0x6c,0x69,0x63,0x61,0x74,0x69,0x6f,0x6e,0x1,0x3,0x0,0x0,0x0,0x12,0x66,
  0x2f,0x54,0x26,0x7e,0xe7,0x7e,0xed,0x52,0xa0,0x8f,0x7d,0x8f,0xdb,0x5e,0xa6,0x0,
  0x3f,0x8,0x0,0x0,0x0,0x0,0x6,0x0,0x0,0x0,0x21,0x43,0x6f,0x6e,0x74,0x69,
  0x6e,0x75,0x65,0x20,0x6c,0x6f,0x61,0x64,0x69,0x6e,0x67,0x20,0x70,0x72,0x6f,0x67,
  0x72,0x65,0x73,0x73,0x20,0x61,0x6e,0x79,0x77,0x61,0x79,0x3f,0x7,0x0,0x0,0x0,
  0xc,0x51,0x41,0x70,0x70,0x6c,0x69,0x63,0x61,0x74,0x69,0x6f,0x6e,0x1,0x3,0x0,
  0x0,0x0,0x20,0x65,0xe0,0x6c,0xd5,0x62,0x53,0x5f,0x0,0x4e,0xe5,0x4e,0xb,0x8f,
  0xdb,0x5e,0xa6,0x65,0x87,0x4e,0xf6,0x0,0x3a,0x0,0xa,0x0,0x22,0x0,0x25,0x0,
  0x31,0x0,0x22,0x8,0x0,0x0,0x0,0x0,0x6,0x0,0x0,0x0,0x21,0x46,0x61,0x69,
  0x6c,0x65,0x64,0x20,0x74,0x6f,0x20,0x6f,0x70,0x65,0x6e,0x20,0x73,0x65,0x73,0x73,
  0x69,0x6f,0x6e,0x20,0x66,0x69,0x6c,0x65,0x3a,0xa,0x22,0x25,0x31,0x22,0x7,0x0,
  0x0,0x0,0xc,0x51,0x41,0x70,0x70,0x6c,0x69,0x63,0x61,0x74,0x69,0x6f,0x6e,0x1,
  0x3,0x0,0x0,0x0,0x26,0x65,0xe0,0x6c,0xd5,0x89,0xe3,0x67,0x90,0x65,0x87,0x4e,
  0xf6,0x7b,0x2c,0x0,0x20,0x0,0x25,0x0,0x31,0x0,0x20,0x88,0x4c,0x76,0x84,0x67,
  0x61,0x4e,0xf6,0x0,0x3a,0x0,0xa,0x0,0x25,0x0,0x32,0x8,0x0,0x0,0x0,0x0,
  0x6,0x0,0x0,0x0,0x23,0x46,0x61,0x69,0x6c,0x65,0x64,0x20,0x74,0x6f,0x20,0x70,
  0x61,0x72,0x73,0x65,0x20,0x6c,0x69,0x6e,0x65,0x20,0x25,0x31,0x20,0x6f,0x66,0x20,
  0x66,0x69,0x6c,0x65,0x3a,0xa,0x25,0x32,0x7,0x0,0x0,0x0,0xc,0x51,0x41,0x70,
  0x70,0x6c,0x69,0x63,0x61,0x74,0x69,0x6f,0x6e,0x1,0x3,0x0,0x0,0x0,0x32,0x8b,
  0xe5,0x65,0x87,0x4e,0xf6,0x53,0xef,0x80,0xfd,0x4e,0xd,0x66,0x2f,0x8f,0xdb,0x5e,
  0xa6,0x65,0x87,0x4e,0xf6,0x0,0x2c,0x0,0x20,0x8f,0xdb,0x5e,0xa6,0x53,0xef,0x80,
  0xfd,0x4e,0xd,0x5b,0x8c,0x65,0x74,0x62,0x16,0x5d,0xf2,0x63,0x5f,0x57,0x4f,0xff,
  0x1,0x8,0x0,0x0,0x0,0x0,0x6,0x0,0x0,0x0,0x4d,0x46,0x69,0x6c,0x65,0x20,
  0x64,0x6f,0x65,0x73,0x20,0x6e,0x6f,0x74,0x20,0x6c,0x6f,0x6f,0x6b,0x20,0x6c,0x69,
  0x6b,0x65,0x20,0x61,0x20,0x73,0x65,0x73,0x73,0x69,0x6f,0x6e,0x20,0x66,0x69,0x6c,
  0x65,0x2e,0xa,0x50,0x72,0x6f,0x67,0x72,0x65,0x73,0x73,0x20,0x6d,0x61,0x79,0x20,
  0x62,0x65,0x20,0x69,0x6e,0x63,0x6f,0x6d,0x70,0x6c,0x65,0x74,0x65,0x20,0x6f,0x72,
  0x20,0x62,0x72,0x6f,0x6b,0x65,0x6e,0x2e,0x7,0x0,0x0,0x0,0xc,0x51,0x41,0x70,
  0x70,0x6c,0x69,0x63,0x61,0x74,0x69,0x6f,0x6e,0x1,0x3,0x0,0x0,0x0,0x4,0x4f,
  0xe1,0x60,0x6f,0x8,0x0,0x0,0x0,0x0,0x6,0x0,0x0,0x0,0xb,0x49,0x6e,0x66,
  0x6f,0x72,0x6d,0x61,0x74,0x69,0x6f,0x6e,0x7,0x0,0x0,0x0,0xc,0x51,0x41,0x70,
  0x70,0x6c,0x69,0x63,0x61,0x74,0x69,0x6f,0x6e,0x1,0x3,0x0,0x0,0x0,0x38,0x8b,
  0xe5,0x8f,0xdb,0x5e,0xa6,0x65,0x87,0x4e,0xf6,0x75,0x31,0x66,0xf4,0x65,0xb0,0x72,
  0x48,0x76,0x84,0x8f,0x6f,0x4e,0xf6,0x75,0x1f,0x62,0x10,0x0,0x2c,0x0,0x20,0x53,
  0xef,0x80,0xfd,0x65,0xe0,0x6c,0xd5,0x5b,0xfc,0x51,0x65,0x8b,0xe5,0x72,0x48,0x67,
  0x2c,0x8f,0x6f,0x4e,0xf6,0xff,0x1,0x8,0x0,0x0,0x0,0x0,0x6,0x0,0x0,0x0,
  0x54,0x53,0x65,0x73,0x73,0x69,0x6f,0x6e,0x20,0x66,0x69,0x6c,0x65,0x20,0x77,0x61,
  0x73,0x20,0x63,0x72,0x65,0x61,0x74,0x65,0x64,0x20,0x77,0x69,0x74,0x68,0x20,0x61,
  0x20,0x6e,0x65,0x77,0x65,0x72,0x20,0x76,0x65,0x72,0x73,0x69,0x6f,0x6e,0x2e,0xa,
  0x50,0x72,0x6f,0x67,0x72,0x65,0x73,0x73,0x20,0x6d,0x61,0x79,0x20,0x62,0x65,0x20,
  0x69,0x6e,0x63,0x6f,0x6d,0x70,0x6c,0x65,0x74,0x65,0x20,0x6f,0x72,0x20,0x62,0x72,
  0x6f,0x6b,0x65,0x6e,0x2e,0x7,0x0,0x0,0x0,0xc,0x51,0x41,0x70,0x70,0x6c,0x69,
  0x63,0x61,0x74,0x69,0x6f,0x6e,0x1,0x3,0x0,0x0,0x0,0x4,0x8b,0x66,0x54,0x4a,
  0x8,0x0,0x0,0x0,0x0,0x6,0x0,0x0,0x0,0x7,0x57,0x61,0x72,0x6e,0x69,0x6e,
  0x67,0x7,0x0,0x0,0x0,0xc,0x51,0x41,0x70,0x70,0x6c,0x69,0x63,0x61,0x74,0x69,
  0x6f,0x6e,0x1,0x3,0x0,0x0,0x0,0x6,0x0,0x26,0x53,0xd6,0x6d,0x88,0x8,0x0,
  0x0,0x0,0x0,0x6,0x0,0x0,0x0,0x7,0x26,0x43,0x61,0x6e,0x63,0x65,0x6c,0x7,
  0x0,0x0,0x0,0xb,0x51,0x47,0x6e,0x6f,0x6d,0x65,0x54,0x68,0x65,0x6d,0x65,0x1,
  0x3,0x0,0x0,0x0,0x6,0x0,0x26,0x51,0x73,0x95,0xed,0x8,0x0,0x0,0x0,0x0,
  0x6,0x0,0x0,0x0,0x6,0x26,0x43,0x6c,0x6f,0x73,0x65,0x7,0x0,0x0,0x0,0xb,
  0x51,0x47,0x6e,0x6f,0x6d,0x65,0x54,0x68,0x65,0x6d,0x65,0x1,0x3,0x0,0x0,0x0,
  0x6,0x0,0x26,0x78,0x6e,0x8b,0xa4,0x8,0x0,0x0,0x0,0x0,0x6,0x0,0x0,0x0,
  0x3,0x26,0x4f,0x4b,0x7,0x0,0x0,0x0,0xb,0x51,0x47,0x6e,0x6f,0x6d,0x65,0x54,
  0x68,0x65,0x6d,0x65,0x1,0x3,0x0,0x0,0x0,0x6,0x0,0x26,0x4f,0xdd,0x5b,0x58,
  0x8,0x0,0x0,0x0,0x0,0x6,0x0,0x0,0x0,0x5,0x26,0x53,0x61,0x76,0x65,0x7,
  0x0,0x0,0x0,0xb,0x51,0x47,0x6e,0x6f,0x6d,0x65,0x54,0x68,0x65,0x6d,0x65,0x1,
  0x3,0x0,0x0,0x0,0xc,0x51,0x73,0x95,0xed,0x4f,0x46,0x4e,0xd,0x4f,0xdd,0x5b,
  0x58,0x8,0x0,0x0,0x0,0x0,0x6,0x0,0x0,0x0,0x14,0x43,0x6c,0x6f,0x73,0x65,
  0x20,0x77,0x69,0x74,0x68,0x6f,0x75,0x74,0x20,0x53,0x61,0x76,0x69,0x6e,0x67,0x7,
  0x0,0x0,0x0,0xb,0x51,0x47,0x6e,0x6f,0x6d,0x65,0x54,0x68,0x65,0x6d,0x65,0x1,
  0x3,0x0,0x0,0x0,0x58,0x0,0x3c,0x0,0x70,0x0,0x3e,0x53,0xd1,0x73,0xb0,0x65,
  0xb0,0x72,0x48,0x67,0x2c,0x0,0x3a,0x0,0x20,0x0,0x3c,0x0,0x62,0x0,0x3e,0x0,
  0x25,0x0,0x31,0x0,0x3c,0x0,0x2f,0x0,0x62,0x0,0x3e,0x0,0x3c,0x0,0x2f,0x0,
  0x70,0x0,0x3e,0x0,0x3c,0x0,0x70,0x0,0x3e,0x66,0x2f,0x54,0x26,0x57,0x28,0x6d,
  0x4f,0x89,0xc8,0x56,0x68,0x4e,0x2d,0x62,0x53,0x5f,0x0,0x4e,0xb,0x8f,0x7d,0x8f,
  0xde,0x63,0xa5,0x0,0x3f,0x0,0x3c,0x0,0x2f,0x0,0x70,0x0,0x3e,0x8,0x0,0x0,
  0x0,0x0,0x6,0x0,0x0,0x0,0x56,0x3c,0x70,0x3e,0x41,0x20,0x6e,0x65,0x77,0x20,
  0x76,0x65,0x72,0x73,0x69,0x6f,0x6e,0x3a,0x20,0x3c,0x62,0x3e,0x25,0x31,0x3c,0x2f,
  0x62,0x3e,0x20,0x69,0x73,0x20,0x61,0x76,0x61,0x69,0x6c,0x61,0x62,0x6c,0x65,0x2e,
  0x3c,0x2f,0x70,0x3e,0x3c,0x70,0x3e,0x4f,0x70,0x65,0x6e,0x20,0x74,0x68,0x65,0x20,
  0x64,0x6f,0x77,0x6e,0x6c,0x6f,0x61,0x64,0x20,0x70,0x61,0x67,0x65,0x20,0x69,0x6e,
  0x20,0x62,0x72,0x6f,0x77,0x73,0x65,0x72,0x3f,0x3c,0x2f,0x70,0x3e,0x7,0x0,0x0,
  0x0,0x7,0x51,0x4f,0x62,0x6a,0x65,0x63,0x74,0x1,0x3,0x0,0x0,0x0,0xa,0x53,
  0xd1,0x73,0xb0,0x65,0xb0,0x72,0x48,0x67,0x2c,0x8,0x0,0x0,0x0,0x0,0x6,0x0,
  0x0,0x0,0xb,0x4e,0x65,0x77,0x20,0x56,0x65,0x72,0x73,0x69,0x6f,0x6e,0x7,0x0,
  0x0,0x0,0x7,0x51,0x4f,0x62,0x6a,0x65,0x63,0x74,0x1,0x3,0x0,0x0,0x0,0x4,
  0x4e,0x2d,0x6b,0x62,0x8,0x0,0x0,0x0,0x0,0x6,0x0,0x0,0x0,0x5,0x41,0x62,
  0x6f,0x72,0x74,0x7,0x0,0x0,0x0,0xe,0x51,0x50,0x6c,0x61,0x74,0x66,0x6f,0x72,
  0x6d,0x54,0x68,0x65,0x6d,0x65,0x1,0x3,0x0,0x0,0x0,0x4,0x5e,0x94,0x75,0x28,
  0x8,0x0,0x0,0x0,0x0,0x6,0x0,0x0,0x0,0x5,0x41,0x70,0x70,0x6c,0x79,0x7,
  0x0,0x0,0x0,0xe,0x51,0x50,0x6c,0x61,0x74,0x66,0x6f,0x72,0x6d,0x54,0x68,0x65,
  0x6d,0x65,0x1,0x3,0x0,0x0,0x0,0x4,0x53,0xd6,0x6d,0x88,0x8,0x0,0x0,0x0,
  0x0,0x6,0x0,0x0,0x0,0x6,0x43,0x61,0x6e,0x63,0x65,0x6c,0x7,0x0,0x0,0x0,
  0xe,0x51,0x50,0x6c,0x61,0x74,0x66,0x6f,0x72,0x6d,0x54,0x68,0x65,0x6d,0x65,0x1,
  0x3,0x0,0x0,0x0,0x4,0x51,0x73,0x95,0xed,0x8,0x0,0x0,0x0,0x0,0x6,0x0,
  0x0,0x0,0x5,0x43,0x6c,0x6f,0x73,0x65,0x7,0x0,0x0,0x0,0xe,0x51,0x50,0x6c,
  0x61,0x74,0x66,0x6f,0x72,0x6d,0x54,0x68,0x65,0x6d,0x65,0x1,0x3,0x0,0x0,0x0,
  0x4,0x4e,0x22,0x5f,0x3,0x8,0x0,0x0,0x0,0x0,0x6,0x0,0x0,0x0,0x7,0x44,
  0x69,0x73,0x63,0x61,0x72,0x64,0x7,0x0,0x0,0x0,0xe,0x51,0x50,0x6c,0x61,0x74,
  0x66,0x6f,0x72,0x6d,0x54,0x68,0x65,0x6d,0x65,0x1,0x3,0x0,0x0,0x0,0x4,0x5f,
  0xfd,0x75,0x65,0x8,0x0,0x0,0x0,0x0,0x6,0x0,0x0,0x0,0x6,0x49,0x67,0x6e,
  0x6f,0x72,0x65,0x7,0x0,0x0,0x0,0xe,0x51,0x50,0x6c,0x61,0x74,0x66,0x6f,0x72,
  0x6d,0x54,0x68,0x65,0x6d,0x65,0x1,0x3,0x0,0x0,0x0,0x2,0x54,0x26,0x8,0x0,
  0x0,0x0,0x0,0x6,0x0,0x0,0x0,0x2,0x4e,0x6f,0x7,0x0,0x0,0x0,0xe,0x51,
  0x50,0x6c,0x61,0x74,0x66,0x6f,0x72,0x6d,0x54,0x68,0x65,0x6d,0x65,0x1,0x3,0x0,
  0x0,0x0,0x4,0x78,0x6e,0x8b,0xa4,0x8,0x0,0x0,0x0,0x0,0x6,0x0,0x0,0x0,
  0x2,0x4f,0x4b,0x7,0x0,0x0,0x0,0xe,0x51,0x50,0x6c,0x61,0x74,0x66,0x6f,0x72,
  0x6d,0x54,0x68,0x65,0x6d,0x65,0x1,0x3,0x0,0x0,0x0,0x4,0x91,0xcd,0x7f,0x6e,
  0x8,0x0,0x0,0x0,0x0,0x6,0x0,0x0,0x0,0x5,0x52,0x65,0x73,0x65,0x74,0x7,
  0x0,0x0,0x0,0xe,0x51,0x50,0x6c,0x61,0x74,0x66,0x6f,0x72,0x6d,0x54,0x68,0x65,
  0x6d,0x65,0x1,0x3,0x0,0x0,0x0,0x4,0x91,0xcd,0x7f,0x6e,0x8,0x0,0x0,0x0,
  0x0,0x6,0x0,0x0,0x0,0x10,0x52,0x65,0x73,0x74,0x6f,0x72,0x65,0x20,0x44,0x65,
  0x66,0x61,0x75,0x6c,0x74,0x73,0x7,0x0,0x0,0x0,0xe,0x51,0x50,0x6c,0x61,0x74,
  0x66,0x6f,0x72,0x6d,0x54,0x68,0x65,0x6d,0x65,0x1,0x3,0x0,0x0,0x0,0x4,0x4f,
  0xdd,0x5b,0x58,0x8,0x0,0x0,0x0,0x0,0x6,0x0,0x0,0x0,0x4,0x53,0x61,0x76,
  0x65,0x7,0x0,0x0,0x0,0xe,0x51,0x50,0x6c,0x61,0x74,0x66,0x6f,0x72,0x6d,0x54,
  0x68,0x65,0x6d,0x65,0x1,0x3,0x0,0x0,0x0,0x2,0x66,0x2f,0x8,0x0,0x0,0x0,
  0x0,0x6,0x0,0x0,0x0,0x3,0x59,0x65,0x73,0x7,0x0,0x0,0x0,0xe,0x51,0x50,
  0x6c,0x61,0x74,0x66,0x6f,0x72,0x6d,0x54,0x68,0x65,0x6d,0x65,0x1,0x3,0x0,0x0,
  0x0,0x48,0x8b,0xf7,0x63,0x7,0x5b,0x9a,0x64,0x1c,0x7d,0x22,0x83,0x3,0x56,0xf4,
  0x0,0xa,0x6c,0xe8,0x61,0xf,0x0,0x3a,0x0,0x20,0x4e,0xb,0x52,0x17,0x67,0x0,
  0x59,0x27,0x0,0x2f,0x67,0x0,0x5c,0xf,0x50,0x3c,0x65,0xe0,0x7b,0x26,0x53,0xf7,
  0x0,0xa,0x8d,0x1f,0x65,0x70,0x8b,0xf7,0x52,0xa0,0x4e,0xa,0x0,0x32,0x0,0x5e,
  0x0,0x36,0x0,0x34,0x51,0x8d,0x8f,0x93,0x51,0x65,0x8,0x0,0x0,0x0,0x0,0x6,
  0x0,0x0,0x0,0x71,0x3c,0x68,0x74,0x6d,0x6c,0x3e,0x3c,0x68,0x65,0x61,0x64,0x2f,
  0x3e,0x3c,0x62,0x6f,0x64,0x79,0x3e,0x3c,0x70,0x3e,0x53,0x65,0x74,0x20,0x61,0x20,
  0x76,0x61,0x6c,0x75,0x65,0x20,0x72,0x61,0x6e,0x67,0x65,0x20,0x66,0x6f,0x72,0x20,
  0x74,0x68,0x65,0x20,0x69,0x6e,0x63,0x72,0x65,0x6d,0x65,0x6e,0x74,0x61,0x6c,0x20,
  0x73,0x65,0x61,0x72,0x63,0x68,0x2e,0x20,0x3c,0x2f,0x70,0x3e,0x3c,0x70,0x3e,0x42,
  0x6f,0x75,0x6e,0x64,0x73,0x20,0x61,0x72,0x65,0x20,0x75,0x6e,0x73,0x69,0x67,0x6e,
  0x65,0x64,0x2e,0x3c,0x2f,0x70,0x3e,0x3c,0x2f,0x62,0x6f,0x64,0x79,0x3e,0x3c,0x2f,
  0x68,0x74,0x6d,0x6c,0x3e,0x7,0x0,0x0,0x0,0xb,0x52,0x61,0x6e,0x67,0x65,0x44,
  0x69,0x61,0x6c,0x6f,0x67,0x1,0x3,0x0,0x0,0x0,0x8,0x53,0x41,0x51,0x6d,0x8f,
  0xdb,0x52,0x36,0x8,0x0,0x0,0x0,0x0,0x6,0x0,0x0,0x0,0xb,0x48,0x65,0x78,
  0x61,0x64,0x65,0x63,0x69,0x6d,0x61,0x6c,0x7,0x0,0x0,0x0,0xb,0x52,0x61,0x6e,
  0x67,0x65,0x44,0x69,0x61,0x6c,0x6f,0x67,0x1,0x3,0x0,0x0,0x0,0x8,0x67,0x0,
  0x59,0x27,0x50,0x3c,0x0,0x3a,0x8,0x0,0x0,0x0,0x0,0x6,0x0,0x0,0x0,0x8,
  0x4d,0x61,0x78,0x69,0x6d,0x75,0x6d,0x3a,0x7,0x0,0x0,0x0,0xb,0x52,0x61,0x6e,
  0x67,0x65,0x44,0x69,0x61,0x6c,0x6f,0x67,0x1,0x3,0x0,0x0,0x0,0x8,0x67,0x0,
  0x5c,0xf,0x50,0x3c,0x0,0x3a,0x8,0x0,0x0,0x0,0x0,0x6,0x0,0x0,0x0,0x8,
  0x4d,0x69,0x6e,0x69,0x6d,0x75,0x6d,0x3a,0x7,0x0,0x0,0x0,0xb,0x52,0x61,0x6e,
  0x67,0x65,0x44,0x69,0x61,0x6c,0x6f,0x67,0x1,0x3,0x0,0x0,0x0,0x8,0x64,0x1c,
  0x7d,0x22,0x83,0x3,0x56,0xf4,0x8,0x0,0x0,0x0,0x0,0x6,0x0,0x0,0x0,0xc,
  0x53,0x65,0x61,0x72,0x63,0x68,0x20,0x72,0x61,0x6e,0x67,0x65,0x7,0x0,0x0,0x0,
  0xb,0x52,0x61,0x6e,0x67,0x65,0x44,0x69,0x61,0x6c,0x6f,0x67,0x1,0x3,0x0,0x0,
  0x0,0x34,0x7f,0xa4,0x7c,0xfb,0x67,0x61,0x4e,0xf6,0x0,0x20,0x0,0x25,0x0,0x31,
  0x0,0x20,0x53,0x5,0x54,0x2b,0x81,0xf3,0x5c,0x11,0x4e,0x0,0x4e,0x2a,0x54,0xc,
  0x65,0xf6,0x88,0xab,0x53,0x5,0x54,0x2b,0x54,0x8c,0x63,0x92,0x96,0x64,0x76,0x84,
  0x7f,0xa4,0x7c,0xfb,0xff,0x1,0x8,0x0,0x0,0x0,0x0,0x6,0x0,0x0,0x0,0x4b,
  0x42,0x69,0x6f,0x6d,0x65,0x20,0x63,0x6f,0x6e,0x64,0x69,0x74,0x69,0x6f,0x6e,0x20,
  0x77,0x69,0x74,0x68,0x20,0x49,0x44,0x20,0x25,0x31,0x20,0x68,0x61,0x73,0x20,0x63,
  0x6f,0x6e,0x74,0x72,0x61,0x64,0x69,0x63,0x74,0x69,0x6e,0x67,0x20,0x66,0x6c,0x61,
  0x67,0x73,0x20,0x66,0x6f,0x72,0x20,0x69,0x6e,0x63,0x6c,0x75,0x64,0x65,0x20,0x61,
  0x6e,0x64,0x20,0x65,0x78,0x63,0x6c,0x75,0x64,0x65,0x2e,0x7,0x0,0x0,0x0,0xc,
  0x53,0x65,0x61,0x72,0x63,0x68,0x4d,0x61,0x73,0x74,0x65,0x72,0x1,0x3,0x0,0x0,
  0x0,0x3c,0x7f,0xa4,0x7c,0xfb,0x67,0x61,0x4e,0xf6,0x0,0x20,0x0,0x25,0x0,0x31,
  0x0,0x20,0x53,0x5,0x54,0x2b,0x4e,0x86,0x0,0x20,0x0,0x25,0x0,0x6e,0x0,0x20,
  0x4e,0x2a,0x0,0x4d,0x0,0x43,0x0,0x20,0x0,0x25,0x0,0x32,0x0,0x20,0x4e,0xd,
  0x4f,0x1a,0x75,0x1f,0x62,0x10,0x76,0x84,0x7f,0xa4,0x7c,0xfb,0xff,0x1,0x8,0x0,
  0x0,0x0,0x0,0x6,0x0,0x0,0x0,0x4e,0x42,0x69,0x6f,0x6d,0x65,0x20,0x63,0x6f,
  0x6e,0x64,0x69,0x74,0x69,0x6f,0x6e,0x20,0x77,0x69,0x74,0x68,0x20,0x49,0x44,0x20,
  0x25,0x31,0x20,0x69,0x6e,0x63,0x6c,0x75,0x64,0x65,0x73,0x20,0x25,0x6e,0x20,0x62,
  0x69,0x6f,0x6d,0x65,0x28,0x73,0x29,0x20,0x74,0x68,0x61,0x74,0x20,0x64,0x6f,0x20,
  0x6e,0x6f,0x74,0x20,0x67,0x65,0x6e,0x65,0x72,0x61,0x74,0x65,0x20,0x69,0x6e,0x20,
  0x4d,0x43,0x20,0x25,0x32,0x2e,0x7,0x0,0x0,0x0,0xc,0x53,0x65,0x61,0x72,0x63,
  0x68,0x4d,0x61,0x73,0x74,0x65,0x72,0x1,0x3,0x0,0x0,0x0,0x24,0x7f,0xa4,0x7c,
  0xfb,0x67,0x61,0x4e,0xf6,0x0,0x20,0x0,0x25,0x0,0x31,0x0,0x20,0x67,0x2a,0x6d,
  0xfb,0x52,0xa0,0x4e,0xfb,0x4f,0x55,0x51,0x77,0x4f,0x53,0x7f,0xa4,0x7c,0xfb,0xff,
  0x1,0x8,0x0,0x0,0x0,0x0,0x6,0x0,0x0,0x0,0x2f,0x42,0x69,0x6f,0x6d,0x65,
  0x20,0x63,0x6f,0x6e,0x64,0x69,0x74,0x69,0x6f,0x6e,0x20,0x77,0x69,0x74,0x68,0x20,
  0x49,0x44,0x20,0x25,0x31,0x20,0x73,0x70,0x65,0x63,0x69,0x66,0x69,0x65,0x73,0x20,
  0x6e,0x6f,0x20,0x62,0x69,0x6f,0x6d,0x65,0x73,0x2e,0x7,0x0,0x0,0x0,0xc,0x53,
  0x65,0x61,0x72,0x63,0x68,0x4d,0x61,0x73,0x74,0x65,0x72,0x1,0x3,0x0,0x0,0x0,
  0x24,0x67,0x61,0x4e,0xf6,0x0,0x20,0x0,0x25,0x0,0x31,0x0,0x20,0x5f,0xfd,0x75,
  0x65,0x4e,0x86,0x5b,0x83,0x55,0x2f,0x4e,0x0,0x76,0x84,0x68,0xc0,0x67,0xe5,0x4f,
  0x4d,0x7f,0x6e,0xff,0x1,0x8,0x0,0x0,0x0,0x0,0x6,0x0,0x0,0x0,0x31,0x43,
  0x6f,0x6e,0x64,0x69,0x74,0x69,0x6f,0x6e,0x20,0x25,0x31,0x20,0x69,0x67,0x6e,0x6f,
  0x72,0x65,0x73,0x20,0x69,0x74,0x73,0x20,0x6f,0x6e,0x6c,0x79,0x20,0x6c,0x6f,0x63,
  0x61,0x74,0x69,0x6f,0x6e,0x20,0x6f,0x66,0x20,0x73,0x69,0x7a,0x65,0x20,0x31,0x2e,
  0x7,0x0,0x0,0x0,0xc,0x53,0x65,0x61,0x72,0x63,0x68,0x4d,0x61,0x73,0x74,0x65,
  0x72,0x1,0x3,0x0,0x0,0x0,0x28,0x67,0x61,0x4e,0xf6,0x0,0x20,0x0,0x25,0x0,
  0x31,0x0,0x20,0x97,0x0,0x89,0x81,0x0,0x4d,0x0,0x43,0x72,0x48,0x67,0x2c,0x0,
  0x20,0x0,0x3c,0x0,0x3d,0x0,0x20,0x0,0x25,0x0,0x32,0x0,0x20,0x0,0x21,0x8,
  0x0,0x0,0x0,0x0,0x6,0x0,0x0,0x0,0x3b,0x43,0x6f,0x6e,0x64,0x69,0x74,0x69,
  0x6f,0x6e,0x20,0x25,0x31,0x20,0x6e,0x6f,0x74,0x20,0x61,0x76,0x61,0x69,0x6c,0x61,
  0x62,0x6c,0x65,0x20,0x66,0x6f,0x72,0x20,0x4d,0x69,0x6e,0x65,0x63,0x72,0x61,0x66,
  0x74,0x20,0x76,0x65,0x72,0x73,0x69,0x6f,0x6e,0x73,0x20,0x61,0x62,0x6f,0x76,0x65,
  0x20,0x25,0x32,0x2e,0x7,0x0,0x0,0x0,0xc,0x53,0x65,0x61,0x72,0x63,0x68,0x4d,
  0x61,0x73,0x74,0x65,0x72,0x1,0x3,0x0,0x0,0x0,0x28,0x67,0x61,0x4e,0xf6,0x0,
  0x20,0x0,0x25,0x0,0x31,0x0,0x20,0x97,0x0,0x89,0x81,0x0,0x4d,0x0,0x43,0x72,
  0x48,0x67,0x2c,0x0,0x20,0x0,0x3e,0x0,0x3d,0x0,0x20,0x0,0x25,0x0,0x32,0x0,
  0x20,0x0,0x21,0x8,0x0,0x0,0x0,0x0,0x6,0x0,0x0,0x0,0x38,0x43,0x6f,0x6e,
  0x64,0x69,0x74,0x69,0x6f,0x6e,0x20,0x25,0x31,0x20,0x72,0x65,0x71,0x75,0x69,0x72,
  0x65,0x73,0x20,0x61,0x20,0x6d,0x69,0x6e,0x69,0x6d,0x75,0x6d,0x20,0x4d,0x69,0x6e,
  0x65,0x63,0x72,0x61,0x66,0x74,0x20,0x76,0x65,0x72,0x73,0x69,0x6f,0x6e,0x20,0x6f,
  0x66,0x20,0x25,0x32,0x2e,0x7,0x0,0x0,0x0,0xc,0x53,0x65,0x61,0x72,0x63,0x68,
  0x4d,0x61,0x73,0x74,0x65,0x72,0x1,0x3,0x0,0x0,0x0,0x32,0x67,0x61,0x4e,0xf6,
  0x0,0x20,0x0,0x25,0x0,0x31,0x0,0x20,0x53,0x5,0x54,0x2b,0x65,0xe0,0x65,0x48,
  0x67,0x61,0x4e,0xf6,0x5f,0x15,0x75,0x28,0x0,0x3a,0x67,0x61,0x4e,0xf6,0x7f,0x3a,
  0x59,0x31,0x62,0x16,0x8d,0x85,0x51,0xfa,0x83,0x3,0x56,0xf4,0xff,0x1,0x8,0x0,
  0x0,0x0,0x0,0x6,0x0,0x0,0x0,0x58,0x43,0x6f,0x6e,0x64,0x69,0x74,0x69,0x6f,
  0x6e,0x20,0x77,0x69,0x74,0x68,0x20,0x49,0x44,0x20,0x25,0x31,0x20,0x68,0x61,0x73,
  0x20,0x61,0x20,0x62,0x72,0x6f,0x6b,0x65,0x6e,0x20,0x72,0x65,0x66,0x65,0x72,0x65,
  0x6e,0x63,0x65,0x20,0x70,0x6f,0x73,0x69,0x74,0x69,0x6f,0x6e,0x3a,0xa,0x63,0x6f,
  0x6e,0x64,0x69,0x74,0x69,0x6f,0x6e,0x20,0x6d,0x69,0x73,0x73,0x69,0x6e,0x67,0x20,
  0x6f,0x72,0x20,0x6f,0x75,0x74,0x20,0x6f,0x66,0x20,0x6f,0x72,0x64,0x65,0x72,0x2e,
  0x7,0x0,0x0,0x0,0xc,0x53,0x65,0x61,0x72,0x63,0x68,0x4d,0x61,0x73,0x74,0x65,
  0x72,0x1,0x3,0x0,0x0,0x0,0x1a,0x67,0x61,0x4e,0xf6,0x53,0x5,0x54,0x2b,0x65,
  0xe0,0x65,0x48,0x0,0x49,0x0,0x44,0x0,0x20,0x0,0x25,0x0,0x31,0x0,0x20,0xff,
  0x1,0x8,0x0,0x0,0x0,0x0,0x6,0x0,0x0,0x0,0x1d,0x43,0x6f,0x6e,0x64,0x69,
  0x74,0x69,0x6f,0x6e,0x20,0x77,0x69,0x74,0x68,0x20,0x69,0x6e,0x76,0x61,0x6c,0x69,
  0x64,0x20,0x49,0x44,0x20,0x25,0x31,0x2e,0x7,0x0,0x0,0x0,0xc,0x53,0x65,0x61,
  0x72,0x63,0x68,0x4d,0x61,0x73,0x74,0x65,0x72,0x1,0x3,0x0,0x0,0x0,0x28,0x67,
  0x61,0x4e,0xf6,0x0,0x20,0x0,0x25,0x0,0x32,0x0,0x20,0x53,0x5,0x54,0x2b,0x65,
  0xe0,0x65,0x48,0x7b,0x5b,0x90,0x9,0x67,0x61,0x4e,0xf6,0x7c,0x7b,0x57,0x8b,0x0,
  0x20,0x0,0x25,0x0,0x31,0xff,0x1,0x8,0x0,0x0,0x0,0x0,0x6,0x0,0x0,0x0,
  0x36,0x45,0x6e,0x63,0x6f,0x75,0x6e,0x74,0x65,0x72,0x65,0x64,0x20,0x69,0x6e,0x76,
  0x61,0x6c,0x69,0x64,0x20,0x66,0x69,0x6c,0x74,0x65,0x72,0x20,0x74,0x79,0x70,0x65,
  0x20,0x25,0x31,0x20,0x69,0x6e,0x20,0x63,0x6f,0x6e,0x64,0x69,0x74,0x69,0x6f,0x6e,
  0x20,0x49,0x44,0x20,0x25,0x32,0x2e,0x7,0x0,0x0,0x0,0xc,0x53,0x65,0x61,0x72,
  0x63,0x68,0x4d,0x61,0x73,0x74,0x65,0x72,0x1,0x3,0x0,0x0,0x0,0x1c,0x65,0xe0,
  0x6c,0xd5,0x5e,0xfa,0x7a,0xcb,0x4e,0xe5,0x4e,0xb,0x64,0x1c,0x7d,0x22,0x73,0xaf,
  0x58,0x83,0x0,0x3a,0x0,0xa,0x0,0x25,0x0,0x31,0x8,0x0,0x0,0x0,0x0,0x6,
  0x0,0x0,0x0,0x26,0x46,0x61,0x69,0x6c,0x65,0x64,0x20,0x74,0x6f,0x20,0x73,0x65,
  0x74,0x75,0x70,0x20,0x73,0x65,0x61,0x72,0x63,0x68,0x20,0x65,0x6e,0x76,0x69,0x72,
  0x6f,0x6e,0x6d,0x65,0x6e,0x74,0x3a,0xa,0x25,0x31,0x7,0x0,0x0,0x0,0xc,0x53,
  0x65,0x61,0x72,0x63,0x68,0x4d,0x61,0x73,0x74,0x65,0x72,0x1,0x3,0x0,0x0,0x0,
  0x1e,0x67,0x61,0x4e,0xf6,0x0,0x20,0x0,0x25,0x0,0x31,0x0,0x20,0x53,0x5,0x54,
  0x2b,0x8d,0x85,0x8f,0xc7,0x0,0x31,0x67,0x61,0x67,0x61,0x4e,0xf6,0xff,0x1,0x8,
  0x0,0x0,0x0,0x0,0x6,0x0,0x0,0x0,0x23,0x4d,0x6f,0x72,0x65,0x20,0x74,0x68,
  0x61,0x6e,0x20,0x6f,0x6e,0x65,0x20,0x63,0x6f,0x6e,0x64,0x69,0x74,0x69,0x6f,0x6e,
  0x20,0x77,0x69,0x74,0x68,0x20,0x49,0x44,0x20,0x25,0x31,0x2e,0x7,0x0,0x0,0x0,
  0xc,0x53,0x65,0x61,0x72,0x63,0x68,0x4d,0x61,0x73,0x74,0x65,0x72,0x1,0x3,0x0,
  0x0,0x0,0x30,0x7e,0xd3,0x67,0x84,0x67,0x61,0x4e,0xf6,0x0,0x20,0x0,0x25,0x0,
  0x31,0x0,0x20,0x67,0xe5,0x8b,0xe2,0x76,0x84,0x7e,0xd3,0x67,0x84,0x8f,0xc7,0x59,
  0x1a,0x0,0x28,0x0,0x3e,0x0,0x3d,0x0,0x20,0x0,0x31,0x0,0x32,0x0,0x38,0x0,
  0x29,0xff,0x1,0x8,0x0,0x0,0x0,0x0,0x6,0x0,0x0,0x0,0x3e,0x53,0x74,0x72,
  0x75,0x63,0x74,0x75,0x72,0x65,0x20,0x63,0x6f,0x6e,0x64,0x69,0x74,0x69,0x6f,0x6e,
  0x20,0x25,0x31,0x20,0x63,0x68,0x65,0x63,0x6b,0x73,0x20,0x66,0x6f,0x72,0x20,0x74,
  0x6f,0x6f,0x20,0x6d,0x61,0x6e,0x79,0x20,0x69,0x6e,0x73,0x74,0x61,0x6e,0x63,0x65,
  0x73,0x20,0x28,0x3e,0x3d,0x20,0x31,0x32,0x38,0x29,0x2e,0x7,0x0,0x0,0x0,0xc,
  0x53,0x65,0x61,0x72,0x63,0x68,0x4d,0x61,0x73,0x74,0x65,0x72,0x1,0x3,0x0,0x0,
  0x0,0x5a,0x6e,0x29,0x5e,0xa6,0x7c,0x7b,0x52,0x2b,0x67,0x61,0x4e,0xf6,0x0,0x20,
  0x0,0x25,0x0,0x31,0x0,0x20,0x57,0x28,0x0,0x28,0x0,0x25,0x0,0x33,0x0,0x20,
  0x0,0xd7,0x0,0x20,0x0,0x25,0x0,0x34,0x0,0x20,0x6b,0xd4,0x4f,0x8b,0x5c,0x3a,
  0x0,0x31,0x0,0x3a,0x0,0x31,0x0,0x30,0x0,0x32,0x0,0x34,0x0,0x29,0x76,0x84,
  0x53,0x3a,0x57,0xdf,0x4e,0x2d,0x67,0x61,0x4e,0xf6,0x59,0x2a,0x59,0x1a,0x0,0x20,
  0x0,0x28,0x0,0x25,0x0,0x32,0x0,0x29,0x0,0x20,0xff,0x1,0x8,0x0,0x0,0x0,
  0x0,0x6,0x0,0x0,0x0,0x6f,0x54,0x65,0x6d,0x70,0x65,0x72,0x61,0x74,0x75,0x72,
  0x65,0x20,0x63,0x61,0x74,0x65,0x67,0x6f,0x72,0x79,0x20,0x63,0x6f,0x6e,0x64,0x69,
  0x74,0x69,0x6f,0x6e,0x20,0x77,0x69,0x74,0x68,0x20,0x49,0x44,0x20,0x25,0x31,0x20,
  0x68,0x61,0x73,0x20,0x74,0x6f,0x6f,0x20,0x6d,0x61,0x6e,0x79,0x20,0x72,0x65,0x73,
  0x74,0x72,0x69,0x63,0x74,0x69,0x6f,0x6e,0x73,0x20,0x28,0x25,0x32,0x29,0x20,0x66,
  0x6f,0x72,0x20,0x74,0x68,0x65,0x20,0x61,0x72,0x65,0x61,0x20,0x28,0x25,0x33,0x20,
  0x78,0x20,0x25,0x34,0x20,0x40,0x20,0x73,0x63,0x61,0x6c,0x65,0x20,0x31,0x3a,0x31,
  0x30,0x32,0x34,0x29,0x2e,0x7,0x0,0x0,0x0,0xc,0x53,0x65,0x61,0x72,0x63,0x68,
  0x4d,0x61,0x73,0x74,0x65,0x72,0x1,0x3,0x0,0x0,0x0,0x8,0x4f,0x4e,0x0,0x34,
  0x0,0x38,0x4f,0x4d,0x8,0x0,0x0,0x0,0x0,0x6,0x0,0x0,0x0,0xc,0x6c,0x6f,
  0x77,0x65,0x72,0x20,0x34,0x38,0x20,0x62,0x69,0x74,0x7,0x0,0x0,0x0,0xe,0x53,
  0x65,0x65,0x64,0x54,0x61,0x62,0x6c,0x65,0x4d,0x6f,0x64,0x65,0x6c,0x1,0x3,0x0,
  0x0,0x0,0x4,0x79,0xcd,0x5b,0x50,0x8,0x0,0x0,0x0,0x0,0x6,0x0,0x0,0x0,
  0x4,0x73,0x65,0x65,0x64,0x7,0x0,0x0,0x0,0xe,0x53,0x65,0x65,0x64,0x54,0x61,
  0x62,0x6c,0x65,0x4d,0x6f,0x64,0x65,0x6c,0x1,0x3,0x0,0x0,0x0,0x8,0x9a,0xd8,
  0x0,0x31,0x0,0x36,0x4f,0x4d,0x8,0x0,0x0,0x0,0x0,0x6,0x0,0x0,0x0,0x6,
  0x74,0x6f,0x70,0x20,0x31,0x36,0x7,0x0,0x0,0x0,0xe,0x53,0x65,0x65,0x64,0x54,
  0x61,0x62,0x6c,0x65,0x4d,0x6f,0x64,0x65,0x6c,0x1,0x3,0x0,0x0,0x0,0x8,0x0,
  0x28,0x4e,0xd,0x54,0x2b,0x0,0x29,0x8,0x0,0x0,0x0,0x0,0x6,0x0,0x0,0x0,
  0x9,0x28,0x65,0x78,0x63,0x6c,0x75,0x64,0x65,0x29,0x7,0x0,0x0,0x0,0xb,0x53,
  0x70,0x69,0x6e,0x45,0x78,0x63,0x6c,0x75,0x64,0x65,0x1,0x3,0x0,0x0,0x0,0x8,
  0x0,0x28,0x5f,0xfd,0x75,0x65,0x0,0x29,0x8,0x0,0x0,0x0,0x0,0x6,0x0,0x0,
  0x0,0x8,0x28,0x69,0x67,0x6e,0x6f,0x72,0x65,0x29,0x7,0x0,0x0,0x0,0xb,0x53,
  0x70,0x69,0x6e,0x45,0x78,0x63,0x6c,0x75,0x64,0x65,0x1,0x3,0x0,0x0,0x0,0x8,
  0x0,0x28,0x59,0x1a,0x80,0x54,0x0,0x29,0x8,0x0,0x0,0x0,0x0,0x6,0x0,0x0,
  0x0,0x9,0x28,0x63,0x6c,0x75,0x73,0x74,0x65,0x72,0x29,0x7,0x0,0x0,0x0,0xd,
  0x53,0x70,0x69,0x6e,0x49,0x6e,0x73,0x74,0x61,0x6e,0x63,0x65,0x73,0x1,0x3,0x0,
  0x0,0x0,0x8,0x0,0x28,0x4e,0xd,0x54,0x2b,0x0,0x29,0x8,0x0,0x0,0x0,0x0,
  0x6,0x0,0x0,0x0,0x9,0x28,0x65,0x78,0x63,0x6c,0x75,0x64,0x65,0x29,0x7,0x0,
  0x0,0x0,0xd,0x53,0x70,0x69,0x6e,0x49,0x6e,0x73,0x74,0x61,0x6e,0x63,0x65,0x73,
  0x1,0x3,0x0,0x0,0x0,0x12,0x0,0x28,0x0,0x25,0x0,0x31,0x0,0x20,0x5e,0x73,
  0x65,0xb9,0x53,0x3a,0x57,0x57,0x0,0x29,0x8,0x0,0x0,0x0,0x0,0x6,0x0,0x0,
  0x0,0xf,0x28,0x25,0x31,0x20,0x73,0x71,0x2e,0x20,0x63,0x68,0x75,0x6e,0x6b,0x73,
  0x29,0x7,0x0,0x0,0x0,0x9,0x54,0x61,0x62,0x42,0x69,0x6f,0x6d,0x65,0x73,0x1,
  0x3,0x0,0x0,0x0,0x10,0x0,0x28,0x0,0x3f,0x0,0x20,0x5e,0x73,0x65,0xb9,0x53,
  0x3a,0x57,0x57,0x0,0x29,0x8,0x0,0x0,0x0,0x0,0x6,0x0,0x0,0x0,0xe,0x28,
  0x3f,0x20,0x73,0x71,0x2e,0x20,0x63,0x68,0x75,0x6e,0x6b,0x73,0x29,0x7,0x0,0x0,
  0x0,0x9,0x54,0x61,0x62,0x42,0x69,0x6f,0x6d,0x65,0x73,0x1,0x3,0x0,0x0,0x0,
  0x2,0x0,0x30,0x8,0x0,0x0,0x0,0x0,0x6,0x0,0x0,0x0,0x1,0x30,0x7,0x0,
  0x0,0x0,0x9,0x54,0x61,0x62,0x42,0x69,0x6f,0x6d,0x65,0x73,0x1,0x3,0x0,0x0,
  0x0,0xa,0x0,0x31,0x0,0x30,0x0,0x30,0x0,0x30,0x0,0x30,0x8,0x0,0x0,0x0,
  0x0,0x6,0x0,0x0,0x0,0x5,0x31,0x30,0x30,0x30,0x30,0x7,0x0,0x0,0x0,0x9,
  0x54,0x61,0x62,0x42,0x69,0x6f,0x6d,0x65,0x73,0x1,0x3,0x0,0x0,0x0,0x6,0x0,
  0x31,0x0,0x3a,0x0,0x31,0x8,0x0,0x0,0x0,0x0,0x6,0x0,0x0,0x0,0x3,0x31,
  0x3a,0x31,0x7,0x0,0x0,0x0,0x9,0x54,0x61,0x62,0x42,0x69,0x6f,0x6d,0x65,0x73,
  0x1,0x3,0x0,0x0,0x0,0x8,0x0,0x31,0x0,0x3a,0x0,0x31,0x0,0x36,0x8,0x0,
  0x0,0x0,0x0,0x6,0x0,0x0,0x0,0x4,0x31,0x3a,0x31,0x36,0x7,0x0,0x0,0x0,
  0x9,0x54,0x61,0x62,0x42,0x69,0x6f,0x6d,0x65,0x73,0x1,0x3,0x0,0x0,0x0,0xa,
  0x0,0x31,0x0,0x3a,0x0,0x32,0x0,0x35,0x0,0x36,0x8,0x0,0x0,0x0,0x0,0x6,
  0x0,0x0,0x0,0x5,0x31,0x3a,0x32,0x35,0x36,0x7,0x0,0x0,0x0,0x9,0x54,0x61,
  0x62,0x42,0x69,0x6f,0x6d,0x65,0x73,0x1,0x3,0x0,0x0,0x0,0x6,0x0,0x31,0x0,
  0x3a,0x0,0x34,0x8,0x0,0x0,0x0,0x0,0x6,0x0,0x0,0x0,0x3,0x31,0x3a,0x34,
  0x7,0x0,0x0,0x0,0x9,0x54,0x61,0x62,0x42,0x69,0x6f,0x6d,0x65,0x73,0x1,0x3,
  0x0,0x0,0x0,0x8,0x0,0x31,0x0,0x3a,0x0,0x36,0x0,0x34,0x8,0x0,0x0,0x0,
  0x0,0x6,0x0,0x0,0x0,0x4,0x31,0x3a,0x36,0x34,0x7,0x0,0x0,0x0,0x9,0x54,
  0x61,0x62,0x42,0x69,0x6f,0x6d,0x65,0x73,0x1,0x3,0x0,0x0,0x0,0x2e,0x0,0x31,
  0x0,0x3a,0x0,0x34,0x6b,0xd4,0x4f,0x8b,0x4e,0xb,0x76,0x84,0x7f,0xa4,0x7c,0xfb,
  0x97,0x62,0x79,0xef,0x0,0x2c,0x0,0x20,0x6b,0xcf,0x50,0xcf,0x7d,0x20,0x4e,0xe3,
  0x88,0x68,0x0,0x34,0x0,0xd7,0x0,0x34,0x65,0xb9,0x57,0x57,0x8,0x0,0x0,0x0,
  0x0,0x6,0x0,0x0,0x0,0x58,0x3c,0x68,0x74,0x6d,0x6c,0x3e,0x3c,0x68,0x65,0x61,
  0x64,0x2f,0x3e,0x3c,0x62,0x6f,0x64,0x79,0x3e,0x3c,0x70,0x3e,0x42,0x69,0x6f,0x6d,
  0x65,0x20,0x61,0x72,0x65,0x61,0x20,0x61,0x74,0x20,0x73,0x63,0x61,0x6c,0x65,0x20,
  0x31,0x3a,0x34,0x2c,0x20,0x72,0x65,0x70,0x72,0x65,0x73,0x65,0x6e,0x74,0x69,0x6e,
  0x67,0x20,0x34,0x78,0x34,0x20,0x62,0x6c,0x6f,0x63,0x6b,0x73,0x3c,0x2f,0x70,0x3e,
  0x3c,0x2f,0x62,0x6f,0x64,0x79,0x3e,0x3c,0x2f,0x68,0x74,0x6d,0x6c,0x3e,0x7,0x0,
  0x0,0x0,0x9,0x54,0x61,0x62,0x42,0x69,0x6f,0x6d,0x65,0x73,0x1,0x3,0x0,0x0,
  0x0,0x28,0x5c,0x6,0x95,0xf4,0x96,0x94,0x5c,0xf,0x4e,0x8e,0x8b,0xe5,0x50,0x3c,
  0x76,0x84,0x4e,0x24,0x72,0x47,0x76,0xf8,0x54,0xc,0x7f,0xa4,0x7c,0xfb,0x7b,0x97,
  0x4f,0x5c,0x4e,0x0,0x4e,0x2a,0x65,0x74,0x4f,0x53,0x8,0x0,0x0,0x0,0x0,0x6,
  0x0,0x0,0x0,0x6a,0x3c,0x68,0x74,0x6d,0x6c,0x3e,0x3c,0x68,0x65,0x61,0x64,0x2f,
  0x3e,0x3c,0x62,0x6f,0x64,0x79,0x3e,0x3c,0x70,0x3e,0x4d,0x65,0x72,0x67,0x65,0x20,
  0x62,0x69,0x6f,0x6d,0x65,0x73,0x20,0x74,0x68,0x61,0x74,0x20,0x61,0x72,0x65,0x20,
  0x73,0x65,0x70,0x61,0x72,0x61,0x74,0x65,0x64,0x20,0x62,0x79,0x20,0x61,0x20,0x6d,
  0x61,0x72,0x67,0x69,0x6e,0x20,0x74,0x68,0x61,0x74,0x20,0x69,0x73,0x20,0x6c,0x65,
  0x73,0x73,0x20,0x74,0x68,0x61,0x6e,0x20,0x74,0x68,0x69,0x73,0x3c,0x2f,0x70,0x3e,
  0x3c,0x2f,0x62,0x6f,0x64,0x79,0x3e,0x3c,0x2f,0x68,0x74,0x6d,0x6c,0x3e,0x7,0x0,
  0x0,0x0,0x9,0x54,0x61,0x62,0x42,0x69,0x6f,0x6d,0x65,0x73,0x1,0x3,0x0,0x0,
  0x0,0x1c,0x0,0x58,0x0,0x3c,0x0,0x73,0x0,0x75,0x0,0x62,0x0,0x3e,0x0,0x31,
  0x0,0x3c,0x0,0x2f,0x0,0x73,0x0,0x75,0x0,0x62,0x0,0x3e,0x0,0x3a,0x8,0x0,
  0x0,0x0,0x0,0x6,0x0,0x0,0x0,0x55,0x3c,0x68,0x74,0x6d,0x6c,0x3e,0x3c,0x68,
  0x65,0x61,0x64,0x2f,0x3e,0x3c,0x62,0x6f,0x64,0x79,0x3e,0x3c,0x70,0x3e,0x58,0x3c,
  0x73,0x70,0x61,0x6e,0x20,0x73,0x74,0x79,0x6c,0x65,0x3d,0x22,0x20,0x76,0x65,0x72,
  0x74,0x69,0x63,0x61,0x6c,0x2d,0x61,0x6c,0x69,0x67,0x6e,0x3a,0x73,0x75,0x62,0x3b,
  0x22,0x3e,0x31,0x3c,0x2f,0x73,0x70,0x61,0x6e,0x3e,0x3a,0x3c,0x2f,0x70,0x3e,0x3c,
  0x2f,0x62,0x6f,0x64,0x79,0x3e,0x3c,0x2f,0x68,0x74,0x6d,0x6c,0x3e,0x7,0x0,0x0,
  0x0,0x9,0x54,0x61,0x62,0x42,0x69,0x6f,0x6d,0x65,0x73,0x1,0x3,0x0,0x0,0x0,
  0x1c,0x0,0x58,0x0,0x3c,0x0,0x73,0x0,0x75,0x0,0x62,0x0,0x3e,0x0,0x32,0x0,
  0x3c,0x0,0x2f,0x0,0x73,0x0,0x75,0x0,0x62,0x0,0x3e,0x0,0x3a,0x8,0x0,0x0,
  0x0,0x0,0x6,0x0,0x0,0x0,0x55,0x3c,0x68,0x74,0x6d,0x6c,0x3e,0x3c,0x68,0x65,
  0x61,0x64,0x2f,0x3e,0x3c,0x62,0x6f,0x64,0x79,0x3e,0x3c,0x70,0x3e,0x58,0x3c,0x73,
  0x70,0x61,0x6e,0x20,0x73,0x74,0x79,0x6c,0x65,0x3d,0x22,0x20,0x76,0x65,0x72,0x74,
  0x69,0x63,0x61,0x6c,0x2d,0x61,0x6c,0x69,0x67,0x6e,0x3a,0x73,0x75,0x62,0x3b,0x22,
  0x3e,0x32,0x3c,0x2f,0x73,0x70,0x61,0x6e,0x3e,0x3a,0x3c,0x2f,0x70,0x3e,0x3c,0x2f,
  0x62,0x6f,0x64,0x79,0x3e,0x3c,0x2f,0x68,0x74,0x6d,0x6c,0x3e,0x7,0x0,0x0,0x0,
  0x9,0x54,0x61,0x62,0x42,0x69,0x6f,0x6d,0x65,0x73,0x1,0x3,0x0,0x0,0x0,0x1c,
  0x0,0x5a,0x0,0x3c,0x0,0x73,0x0,0x75,0x0,0x62,0x0,0x3e,0x0,0x31,0x0,0x3c,
  0x0,0x2f,0x0,0x73,0x0,0x75,0x0,0x62,0x0,0x3e,0x0,0x3a,0x8,0x0,0x0,0x0,
  0x0,0x6,0x0,0x0,0x0,0x55,0x3c,0x68,0x74,0x6d,0x6c,0x3e,0x3c,0x68,0x65,0x61,
  0x64,0x2f,0x3e,0x3c,0x62,0x6f,0x64,0x79,0x3e,0x3c,0x70,0x3e,0x5a,0x3c,0x73,0x70,
  0x61,0x6e,0x20,0x73,0x74,0x79,0x6c,0x65,0x3d,0x22,0x20,0x76,0x65,0x72,0x74,0x69,
  0x63,0x61,0x6c,0x2d,0x61,0x6c,0x69,0x67,0x6e,0x3a,0x73,0x75,0x62,0x3b,0x22,0x3e,
  0x31,0x3c,0x2f,0x73,0x70,0x61,0x6e,0x3e,0x3a,0x3c,0x2f,0x70,0x3e,0x3c,0x2f,0x62,
  0x6f,0x64,0x79,0x3e,0x3c,0x2f,0x68,0x74,0x6d,0x6c,0x3e,0x7,0x0,0x0,0x0,0x9,
  0x54,0x61,0x62,0x42,0x69,0x6f,0x6d,0x65,0x73,0x1,0x3,0x0,0x0,0x0,0x1c,0x0,
  0x5a,0x0,0x3c,0x0,0x73,0x0,0x75,0x0,0x62,0x0,0x3e,0x0,0x32,0x0,0x3c,0x0,
  0x2f,0x0,0x73,0x0,0x75,0x0,0x62,0x0,0x3e,0x0,0x3a,0x8,0x0,0x0,0x0,0x0,
  0x6,0x0,0x0,0x0,0x55,0x3c,0x68,0x74,0x6d,0x6c,0x3e,0x3c,0x68,0x65,0x61,0x64,
  0x2f,0x3e,0x3c,0x62,0x6f,0x64,0x79,0x3e,0x3c,0x70,0x3e,0x5a,0x3c,0x73,0x70,0x61,
  0x6e,0x20,0x73,0x74,0x79,0x6c,0x65,0x3d,0x22,0x20,0x76,0x65,0x72,0x74,0x69,0x63,
  0x61,0x6c,0x2d,0x61,0x6c,0x69,0x67,0x6e,0x3a,0x73,0x75,0x62,0x3b,0x22,0x3e,0x32,
  0x3c,0x2f,0x73,0x70,0x61,0x6e,0x3e,0x3a,0x3c,0x2f,0x70,0x3e,0x3c,0x2f,0x62,0x6f,
  0x64,0x79,0x3e,0x3c,0x2f,0x68,0x74,0x6d,0x6c,0x3e,0x7,0x0,0x0,0x0,0x9,0x54,
  0x61,0x62,0x42,0x69,0x6f,0x6d,0x65,0x73,0x1,0x3,0x0,0x0,0x0,0x4,0x7e,0xdf,
  0x8b,0xa1,0x8,0x0,0x0,0x0,0x0,0x6,0x0,0x0,0x0,0x7,0x41,0x6e,0x61,0x6c,
  0x79,0x7a,0x65,0x7,0x0,0x0,0x0,0x9,0x54,0x61,0x62,0x42,0x69,0x6f,0x6d,0x65,
  0x73,0x1,0x3,0x0,0x0,0x0,0x18,0x7e,0xdf,0x8b,0xa1,0x7e,0xd9,0x5b,0x9a,0x53,
  0x3a,0x57,0xdf,0x51,0x85,0x76,0x84,0x7f,0xa4,0x7c,0xfb,0x4f,0xe1,0x60,0x6f,0x8,
  0x0,0x0,0x0,0x0,0x6,0x0,0x0,0x0,0x22,0x41,0x6e,0x61,0x6c,0x79,0x7a,0x65,
  0x20,0x74,0x68,0x65,0x20,0x62,0x69,0x6f,0x6d,0x65,0x73,0x20,0x69,0x6e,0x73,0x69,
  0x64,0x65,0x20,0x61,0x6e,0x20,0x61,0x72,0x65,0x61,0x2e,0x7,0x0,0x0,0x0,0x9,
  0x54,0x61,0x62,0x42,0x69,0x6f,0x6d,0x65,0x73,0x1,0x3,0x0,0x0,0x0,0x6,0x7f,
  0xa4,0x7c,0xfb,0x0,0x3a,0x8,0x0,0x0,0x0,0x0,0x6,0x0,0x0,0x0,0x6,0x42,
  0x69,0x6f,0x6d,0x65,0x3a,0x7,0x0,0x0,0x0,0x9,0x54,0x61,0x62,0x42,0x69,0x6f,
  0x6d,0x65,0x73,0x1,0x3,0x0,0x0,0x0,0xa,0x8f,0xb9,0x75,0x4c,0x5b,0xb9,0x95,
  0x19,0x0,0x3a,0x8,0x0,0x0,0x0,0x0,0x6,0x0,0x0,0x0,0x11,0x42,0x6f,0x72,
  0x64,0x65,0x72,0x20,0x74,0x6f,0x6c,0x65,0x72,0x61,0x6e,0x63,0x65,0x3a,0x7,0x0,
  0x0,0x0,0x9,0x54,0x61,0x62,0x42,0x69,0x6f,0x6d,0x65,0x73,0x1,0x3,0x0,0x0,
  0x0,0x8,0x5f,0x53,0x52,0x4d,0x79,0xcd,0x5b,0x50,0x8,0x0,0x0,0x0,0x0,0x6,
  0x0,0x0,0x0,0xc,0x43,0x75,0x72,0x72,0x65,0x6e,0x74,0x20,0x73,0x65,0x65,0x64,
  0x7,0x0,0x0,0x0,0x9,0x54,0x61,0x62,0x42,0x69,0x6f,0x6d,0x65,0x73,0x1,0x3,
  0x0,0x0,0x0,0x4,0x67,0x2b,0x57,0x30,0x8,0x0,0x0,0x0,0x0,0x6,0x0,0x0,
  0x0,0x3,0x45,0x6e,0x64,0x7,0x0,0x0,0x0,0x9,0x54,0x61,0x62,0x42,0x69,0x6f,
  0x6d,0x65,0x73,0x1,0x3,0x0,0x0,0x0,0x10,0x5b,0xfc,0x51,0xfa,0x7f,0xa4,0x7c,
  0xfb,0x7e,0xdf,0x8b,0xa1,0x7e,0xd3,0x67,0x9c,0x8,0x0,0x0,0x0,0x0,0x6,0x0,
  0x0,0x0,0x15,0x45,0x78,0x70,0x6f,0x72,0x74,0x20,0x62,0x69,0x6f,0x6d,0x65,0x20,
  0x61,0x6e,0x61,0x6c,0x79,0x73,0x69,0x73,0x7,0x0,0x0,0x0,0x9,0x54,0x61,0x62,
  0x42,0x69,0x6f,0x6d,0x65,0x73,0x1,0x3,0x0,0x0,0x0,0xa,0x5b,0xfc,0x51,0xfa,
  0x0,0x2e,0x0,0x2e,0x0,0x2e,0x8,0x0,0x0,0x0,0x0,0x6,0x0,0x0,0x0,0x9,
  0x45,0x78,0x70,0x6f,0x72,0x74,0x2e,0x2e,0x2e,0x7,0x0,0x0,0x0,0x9,0x54,0x61,
  0x62,0x42,0x69,0x6f,0x6d,0x65,0x73,0x1,0x3,0x0,0x0,0x0,0x20,0x65,0xe0,0x6c,
  0xd5,0x62,0x53,0x5f,0x0,0x4e,0xe5,0x4e,0xb,0x5b,0xfc,0x51,0xfa,0x65,0x87,0x4e,
  0xf6,0x0,0x3a,0x0,0xa,0x0,0x22,0x0,0x25,0x0,0x31,0x0,0x22,0x8,0x0,0x0,
  0x0,0x0,0x6,0x0,0x0,0x0,0x24,0x46,0x61,0x69,0x6c,0x65,0x64,0x20,0x74,0x6f,
  0x20,0x6f,0x70,0x65,0x6e,0x20,0x66,0x69,0x6c,0x65,0x20,0x66,0x6f,0x72,0x20,0x65,
  0x78,0x70,0x6f,0x72,0x74,0x3a,0xa,0x22,0x25,0x31,0x22,0x7,0x0,0x0,0x0,0x9,
  0x54,0x61,0x62,0x42,0x69,0x6f,0x6d,0x65,0x73,0x1,0x3,0x0,0x0,0x0,0x4,0x7f,
  0xa4,0x7c,0xfb,0x8,0x0,0x0,0x0,0x0,0x6,0x0,0x0,0x0,0x4,0x46,0x6f,0x72,
  0x6d,0x7,0x0,0x0,0x0,0x9,0x54,0x61,0x62,0x42,0x69,0x6f,0x6d,0x65,0x73,0x1,
  0x3,0x0,0x0,0x0,0x12,0x7b,0x26,0x54,0x8,0x67,0x61,0x4e,0xf6,0x76,0x84,0x79,
  0xcd,0x5b,0x50,0x52,0x17,0x88,0x68,0x8,0x0,0x0,0x0,0x0,0x6,0x0,0x0,0x0,
  0x18,0x46,0x72,0x6f,0x6d,0x20,0x6d,0x61,0x74,0x63,0x68,0x69,0x6e,0x67,0x20,0x73,
  0x65,0x65,0x64,0x73,0x20,0x6c,0x69,0x73,0x74,0x7,0x0,0x0,0x0,0x9,0x54,0x61,
  0x62,0x42,0x69,0x6f,0x6d,0x65,0x73,0x1,0x3,0x0,0x0,0x0,0xc,0x4f,0x7f,0x75,
  0x28,0x53,0xef,0x89,0xc1,0x83,0x3,0x56,0xf4,0x8,0x0,0x0,0x0,0x0,0x6,0x0,
  0x0,0x0,0xc,0x46,0x72,0x6f,0x6d,0x20,0x76,0x69,0x73,0x69,0x62,0x6c,0x65,0x7,
  0x0,0x0,0x0,0x9,0x54,0x61,0x62,0x42,0x69,0x6f,0x6d,0x65,0x73,0x1,0x3,0x0,
  0x0,0x0,0x20,0x4f,0x7f,0x75,0x28,0x4e,0xe5,0x4e,0xb,0x7f,0x29,0x65,0x3e,0x6b,
  0xd4,0x4f,0x8b,0x8f,0xdb,0x88,0x4c,0x51,0x68,0x53,0x3a,0x57,0xdf,0x91,0xc7,0x68,
  0x37,0x0,0x3a,0x8,0x0,0x0,0x0,0x0,0x6,0x0,0x0,0x0,0x1e,0x46,0x75,0x6c,
  0x6c,0x20,0x61,0x72,0x65,0x61,0x20,0x73,0x61,0x6d,0x70,0x6c,0x69,0x6e,0x67,0x20,
  0x77,0x69,0x74,0x68,0x20,0x73,0x63,0x61,0x6c,0x65,0x3a,0x7,0x0,0x0,0x0,0x9,
  0x54,0x61,0x62,0x42,0x69,0x6f,0x6d,0x65,0x73,0x1,0x3,0x0,0x0,0x0,0x4,0x57,
  0x50,0x68,0x7,0x8,0x0,0x0,0x0,0x0,0x6,0x0,0x0,0x0,0x6,0x4c,0x6f,0x63,
  0x61,0x74,0x65,0x7,0x0,0x0,0x0,0x9,0x54,0x61,0x62,0x42,0x69,0x6f,0x6d,0x65,
  0x73,0x1,0x3,0x0,0x0,0x0,0xc,0x67,0x0,0x5c,0xf,0x50,0x3c,0x0,0x28,0x54,
  0x2b,0x0,0x29,0x8,0x0,0x0,0x0,0x0,0x6,0x0,0x0,0x0,0x17,0x4c,0x6f,0x77,
  0x65,0x72,0x20,0x62,0x6f,0x75,0x6e,0x64,0x20,0x28,0x69,0x6e,0x63,0x6c,0x75,0x73,
  0x69,0x76,0x65,0x29,0x7,0x0,0x0,0x0,0x9,0x54,0x61,0x62,0x42,0x69,0x6f,0x6d,
  0x65,0x73,0x1,0x3,0x0,0x0,0x0,0x16,0x67,0x0,0x5c,0xf,0x97,0x62,0x79,0xef,
  0x0,0x20,0x0,0x40,0x0,0x20,0x0,0x31,0x0,0x3a,0x0,0x34,0x0,0x3a,0x8,0x0,
  0x0,0x0,0x0,0x6,0x0,0x0,0x0,0x13,0x4d,0x69,0x6e,0x69,0x6d,0x75,0x6d,0x20,
  0x61,0x72,0x65,0x61,0x20,0x40,0x20,0x31,0x3a,0x34,0x3a,0x7,0x0,0x0,0x0,0x9,
  0x54,0x61,0x62,0x42,0x69,0x6f,0x6d,0x65,0x73,0x1,0x3,0x0,0x0,0x0,0x4,0x4e,
  0xb,0x75,0x4c,0x8,0x0,0x0,0x0,0x0,0x6,0x0,0x0,0x0,0x6,0x4e,0x65,0x74,
  0x68,0x65,0x72,0x7,0x0,0x0,0x0,0x9,0x54,0x61,0x62,0x42,0x69,0x6f,0x6d,0x65,
  0x73,0x1,0x3,0x0,0x0,0x0,0x6,0x4e,0x3b,0x4e,0x16,0x75,0x4c,0x8,0x0,0x0,
  0x0,0x0,0x6,0x0,0x0,0x0,0x9,0x4f,0x76,0x65,0x72,0x77,0x6f,0x72,0x6c,0x64,
  0x7,0x0,0x0,0x0,0x9,0x54,0x61,0x62,0x42,0x69,0x6f,0x6d,0x65,0x73,0x1,0x3,
  0x0,0x0,0x0,0x18,0x96,0x8f,0x67,0x3a,0x53,0xd6,0x68,0x37,0x0,0x28,0x6b,0xd4,
  0x4f,0x8b,0x0,0x31,0x0,0x3a,0x0,0x34,0x0,0x29,0x0,0x3a,0x8,0x0,0x0,0x0,
  0x0,0x6,0x0,0x0,0x0,0x1b,0x52,0x61,0x6e,0x64,0x6f,0x6d,0x20,0x73,0x61,0x6d,
  0x70,0x6c,0x65,0x73,0x20,0x28,0x73,0x63,0x61,0x6c,0x65,0x20,0x31,0x3a,0x34,0x29,
  0x3a,0x7,0x0,0x0,0x0,0x9,0x54,0x61,0x62,0x42,0x69,0x6f,0x6d,0x65,0x73,0x1,
  0x3,0x0,0x0,0x0,0x6,0x79,0xcd,0x5b,0x50,0x0,0x3a,0x8,0x0,0x0,0x0,0x0,
  0x6,0x0,0x0,0x0,0x8,0x53,0x65,0x65,0x64,0x28,0x73,0x29,0x3a,0x7,0x0,0x0,
  0x0,0x9,0x54,0x61,0x62,0x42,0x69,0x6f,0x6d,0x65,0x73,0x1,0x3,0x0,0x0,0x0,
  0x4,0x65,0x70,0x63,0x6e,0x8,0x0,0x0,0x0,0x0,0x6,0x0,0x0,0x0,0xa,0x53,
  0x74,0x61,0x74,0x69,0x73,0x74,0x69,0x63,0x73,0x7,0x0,0x0,0x0,0x9,0x54,0x61,
  0x62,0x42,0x69,0x6f,0x6d,0x65,0x73,0x1,0x3,0x0,0x0,0x0,0x4,0x50,0x5c,0x6b,
  0x62,0x8,0x0,0x0,0x0,0x0,0x6,0x0,0x0,0x0,0x4,0x53,0x74,0x6f,0x70,0x7,
  0x0,0x0,0x0,0x9,0x54,0x61,0x62,0x42,0x69,0x6f,0x6d,0x65,0x73,0x1,0x3,0x0,
  0x0,0x0,0x36,0x65,0x87,0x67,0x2c,0x65,0x87,0x4e,0xf6,0x0,0x20,0x0,0x28,0x0,
  0x2a,0x0,0x2e,0x0,0x74,0x0,0x78,0x0,0x74,0x0,0x20,0x0,0x2a,0x0,0x63,0x0,
  0x73,0x0,0x76,0x0,0x29,0x0,0x3b,0x0,0x3b,0x4e,0xfb,0x61,0xf,0x65,0x87,0x4e,
  0xf6,0x0,0x20,0x0,0x28,0x0,0x2a,0x0,0x29,0x8,0x0,0x0,0x0,0x0,0x6,0x0,
  0x0,0x0,0x26,0x54,0x65,0x78,0x74,0x20,0x66,0x69,0x6c,0x65,0x73,0x20,0x28,0x2a,
  0x2e,0x74,0x78,0x74,0x20,0x2a,0x63,0x73,0x76,0x29,0x3b,0x3b,0x41,0x6e,0x79,0x20,
  0x66,0x69,0x6c,0x65,0x73,0x20,0x28,0x2a,0x29,0x7,0x0,0x0,0x0,0x9,0x54,0x61,
  0x62,0x42,0x69,0x6f,0x6d,0x65,0x73,0x1,0x3,0x0,0x0,0x0,0x3c,0x7f,0xa4,0x7c,
  0xfb,0x5b,0x9a,0x4f,0x4d,0x56,0x68,0x63,0x7,0x5b,0x9a,0x76,0x84,0x83,0x3,0x56,
  0xf4,0x97,0x62,0x79,0xef,0x8f,0xc7,0x5c,0xf,0x0,0x3a,0x0,0x20,0x0,0x28,0x0,
  0x25,0x0,0x31,0x0,0x20,0x0,0xd7,0x0,0x20,0x0,0x25,0x0,0x32,0x0,0x29,0x0,
  0x20,0x0,0x3e,0x0,0x20,0x0,0x25,0x0,0x33,0x8,0x0,0x0,0x0,0x0,0x6,0x0,
  0x0,0x0,0x63,0x54,0x68,0x65,0x20,0x6c,0x6f,0x63,0x61,0x74,0x65,0x20,0x62,0x69,
  0x6f,0x6d,0x65,0x20,0x66,0x65,0x61,0x74,0x75,0x72,0x65,0x20,0x69,0x73,0x20,0x6c,
  0x69,0x6d,0x69,0x74,0x65,0x64,0x20,0x74,0x6f,0x20,0x61,0x6e,0x20,0x61,0x72,0x65,
  0x61,0x20,0x73,0x69,0x7a,0x65,0x20,0x73,0x6d,0x61,0x6c,0x6c,0x65,0x72,0x20,0x74,
  0x68,0x61,0x6e,0x20,0x74,0x68,0x65,0x20,0x69,0x6e,0x74,0x65,0x67,0x65,0x72,0x20,
  0x6c,0x69,0x6d,0x69,0x74,0x3a,0x20,0x28,0x25,0x31,0x20,0x78,0x20,0x25,0x32,0x29,
  0x20,0x3e,0x20,0x25,0x33,0x2e,0x7,0x0,0x0,0x0,0x9,0x54,0x61,0x62,0x42,0x69,
  0x6f,0x6d,0x65,0x73,0x1,0x3,0x0,0x0,0x0,0xc,0x67,0x0,0x59,0x27,0x50,0x3c,
  0x0,0x28,0x54,0x2b,0x0,0x29,0x8,0x0,0x0,0x0,0x0,0x6,0x0,0x0,0x0,0x17,
  0x55,0x70,0x70,0x65,0x72,0x20,0x62,0x6f,0x75,0x6e,0x64,0x20,0x28,0x69,0x6e,0x63,
  0x6c,0x75,0x73,0x69,0x76,0x65,0x29,0x7,0x0,0x0,0x0,0x9,0x54,0x61,0x62,0x42,
  0x69,0x6f,0x6d,0x65,0x73,0x1,0x3,0x0,0x0,0x0,0x4,0x53,0x3a,0x57,0xdf,0x8,
  0x0,0x0,0x0,0x0,0x6,0x0,0x0,0x0,0x4,0x61,0x72,0x65,0x61,0x7,0x0,0x0,
  0x0,0x9,0x54,0x61,0x62,0x42,0x69,0x6f,0x6d,0x65,0x73,0x1,0x3,0x0,0x0,0x0,
  0x10,0x97,0x62,0x79,0xef,0x0,0x20,0x0,0x40,0x0,0x20,0x0,0x31,0x0,0x3a,0x0,
  0x34,0x8,0x0,0x0,0x0,0x0,0x6,0x0,0x0,0x0,0xa,0x61,0x72,0x65,0x61,0x20,
  0x40,0x20,0x31,0x3a,0x34,0x7,0x0,0x0,0x0,0x9,0x54,0x61,0x62,0x42,0x69,0x6f,
  0x6d,0x65,0x73,0x1,0x3,0x0,0x0,0x0,0x4,0x79,0xcd,0x5b,0x50,0x8,0x0,0x0,
  0x0,0x0,0x6,0x0,0x0,0x0,0x4,0x73,0x65,0x65,0x64,0x7,0x0,0x0,0x0,0x9,
  0x54,0x61,0x62,0x42,0x69,0x6f,0x6d,0x65,0x73,0x1,0x3,0x0,0x0,0x0,0x2,0x0,
  0x58,0x8,0x0,0x0,0x0,0x0,0x6,0x0,0x0,0x0,0x1,0x78,0x7,0x0,0x0,0x0,
  0x9,0x54,0x61,0x62,0x42,0x69,0x6f,0x6d,0x65,0x73,0x1,0x3,0x0,0x0,0x0,0x2,
  0x0,0x5a,0x8,0x0,0x0,0x0,0x0,0x6,0x0,0x0,0x0,0x1,0x7a,0x7,0x0,0x0,
  0x0,0x9,0x54,0x61,0x62,0x42,0x69,0x6f,0x6d,0x65,0x73,0x1,0x3,0x0,0x0,0x0,
  0x2,0x0,0x31,0x8,0x0,0x0,0x0,0x0,0x6,0x0,0x0,0x0,0x1,0x31,0x7,0x0,
  0x0,0x0,0xc,0x54,0x61,0x62,0x4c,0x6f,0x63,0x61,0x74,0x69,0x6f,0x6e,0x73,0x1,
  0x3,0x0,0x0,0x0,0x6,0x0,0x35,0x0,0x31,0x0,0x32,0x8,0x0,0x0,0x0,0x0,
  0x6,0x0,0x0,0x0,0x3,0x35,0x31,0x32,0x7,0x0,0x0,0x0,0xc,0x54,0x61,0x62,
  0x4c,0x6f,0x63,0x61,0x74,0x69,0x6f,0x6e,0x73,0x1,0x3,0x0,0x0,0x0,0x4,0x7e,
  0xdf,0x8b,0xa1,0x8,0x0,0x0,0x0,0x0,0x6,0x0,0x0,0x0,0x7,0x41,0x6e,0x61,
  0x6c,0x79,0x7a,0x65,0x7,0x0,0x0,0x0,0xc,0x54,0x61,0x62,0x4c,0x6f,0x63,0x61,
  0x74,0x69,0x6f,0x6e,0x73,0x1,0x3,0x0,0x0,0x0,0x8,0x4e,0x2d,0x5f,0xc3,0x70,
  0xb9,0x0,0x3a,0x8,0x0,0x0,0x0,0x0,0x6,0x0,0x0,0x0,0xc,0x43,0x65,0x6e,
  0x74,0x65,0x72,0x65,0x64,0x20,0x6f,0x6e,0x3a,0x7,0x0,0x0,0x0,0xc,0x54,0x61,
  0x62,0x4c,0x6f,0x63,0x61,0x74,0x69,0x6f,0x6e,0x73,0x1,0x3,0x0,0x0,0x0,0x8,
  0x5f,0x53,0x52,0x4d,0x79,0xcd,0x5b,0x50,0x8,0x0,0x0,0x0,0x0,0x6,0x0,0x0,
  0x0,0xc,0x43,0x75,0x72,0x72,0x65,0x6e,0x74,0x20,0x73,0x65,0x65,0x64,0x7,0x0,
  0x0,0x0,0xc,0x54,0x61,0x62,0x4c,0x6f,0x63,0x61,0x74,0x69,0x6f,0x6e,0x73,0x1,
  0x3,0x0,0x0,0x0,0xe,0x51,0x68,0x90,0xe8,0x5c,0x55,0x5f,0x0,0x0,0x2f,0x65,
  0x36,0x8d,0x77,0x8,0x0,0x0,0x0,0x0,0x6,0x0,0x0,0x0,0xa,0x45,0x78,0x70,
  0x61,0x6e,0x64,0x20,0x61,0x6c,0x6c,0x7,0x0,0x0,0x0,0xc,0x54,0x61,0x62,0x4c,
  0x6f,0x63,0x61,0x74,0x69,0x6f,0x6e,0x73,0x1,0x3,0x0,0x0,0x0,0x8,0x5b,0xfc,
  0x51,0xfa,0x57,0x50,0x68,0x7,0x8,0x0,0x0,0x0,0x0,0x6,0x0,0x0,0x0,0x10,
  0x45,0x78,0x70,0x6f,0x72,0x74,0x20,0x6c,0x6f,0x63,0x61,0x74,0x69,0x6f,0x6e,0x73,
  0x7,0x0,0x0,0x0,0xc,0x54,0x61,0x62,0x4c,0x6f,0x63,0x61,0x74,0x69,0x6f,0x6e,
  0x73,0x1,0x3,0x0,0x0,0x0,0xa,0x5b,0xfc,0x51,0xfa,0x0,0x2e,0x0,0x2e,0x0,
  0x2e,0x8,0x0,0x0,0x0,0x0,0x6,0x0,0x0,0x0,0x9,0x45,0x78,0x70,0x6f,0x72,
  0x74,0x2e,0x2e,0x2e,0x7,0x0,0x0,0x0,0xc,0x54,0x61,0x62,0x4c,0x6f,0x63,0x61,
  0x74,0x69,0x6f,0x6e,0x73,0x1,0x3,0x0,0x0,0x0,0x20,0x65,0xe0,0x6c,0xd5,0x62,
  0x53,0x5f,0x0,0x4e,0xe5,0x4e,0xb,0x5b,0xfc,0x51,0xfa,0x65,0x87,0x4e,0xf6,0x0,
  0x3a,0x0,0xa,0x0,0x22,0x0,0x25,0x0,0x31,0x0,0x22,0x8,0x0,0x0,0x0,0x0,
  0x6,0x0,0x0,0x0,0x24,0x46,0x61,0x69,0x6c,0x65,0x64,0x20,0x74,0x6f,0x20,0x6f,
  0x70,0x65,0x6e,0x20,0x66,0x69,0x6c,0x65,0x20,0x66,0x6f,0x72,0x20,0x65,0x78,0x70,
  0x6f,0x72,0x74,0x3a,0xa,0x22,0x25,0x31,0x22,0x7,0x0,0x0,0x0,0xc,0x54,0x61,
  0x62,0x4c,0x6f,0x63,0x61,0x74,0x69,0x6f,0x6e,0x73,0x1,0x3,0x0,0x0,0x0,0x8,
  0x7e,0xd3,0x67,0x84,0x57,0x50,0x68,0x7,0x8,0x0,0x0,0x0,0x0,0x6,0x0,0x0,
  0x0,0x4,0x46,0x6f,0x72,0x6d,0x7,0x0,0x0,0x0,0xc,0x54,0x61,0x62,0x4c,0x6f,
  0x63,0x61,0x74,0x69,0x6f,0x6e,0x73,0x1,0x3,0x0,0x0,0x0,0x12,0x7b,0x26,0x54,
  0x8,0x67,0x61,0x4e,0xf6,0x76,0x84,0x79,0xcd,0x5b,0x50,0x52,0x17,0x88,0x68,0x8,
  0x0,0x0,0x0,0x0,0x6,0x0,0x0,0x0,0x18,0x46,0x72,0x6f,0x6d,0x20,0x6d,0x61,
  0x74,0x63,0x68,0x69,0x6e,0x67,0x20,0x73,0x65,0x65,0x64,0x73,0x20,0x6c,0x69,0x73,
  0x74,0x7,0x0,0x0,0x0,0xc,0x54,0x61,0x62,0x4c,0x6f,0x63,0x61,0x74,0x69,0x6f,
  0x6e,0x73,0x1,0x3,0x0,0x0,0x0,0x4,0x7a,0x7a,0x95,0xf2,0x8,0x0,0x0,0x0,
  0x0,0x6,0x0,0x0,0x0,0x4,0x49,0x64,0x6c,0x65,0x7,0x0,0x0,0x0,0xc,0x54,
  0x61,0x62,0x4c,0x6f,0x63,0x61,0x74,0x69,0x6f,0x6e,0x73,0x1,0x3,0x0,0x0,0x0,
  0xc,0x57,0x6,0x5f,0x62,0x87,0xba,0x65,0xcb,0x8f,0xed,0x4e,0xe3,0x8,0x0,0x0,
  0x0,0x0,0x6,0x0,0x0,0x0,0x1e,0x4c,0x61,0x74,0x74,0x69,0x63,0x65,0x20,0x70,
  0x6f,0x69,0x6e,0x74,0x73,0x20,0x69,0x6e,0x20,0x72,0x61,0x64,0x69,0x61,0x6c,0x20,
  0x6f,0x72,0x64,0x65,0x72,0x7,0x0,0x0,0x0,0xc,0x54,0x61,0x62,0x4c,0x6f,0x63,
  0x61,0x74,0x69,0x6f,0x6e,0x73,0x1,0x3,0x0,0x0,0x0,0x8,0x53,0xd6,0x68,0x37,
  0x65,0x70,0x0,0x3a,0x8,0x0,0x0,0x0,0x0,0x6,0x0,0x0,0x0,0x12,0x4e,0x75,
  0x6d,0x62,0x65,0x72,0x20,0x6f,0x66,0x20,0x73,0x61,0x6d,0x70,0x6c,0x65,0x73,0x3a,
  0x7,0x0,0x0,0x0,0xc,0x54,0x61,0x62,0x4c,0x6f,0x63,0x61,0x74,0x69,0x6f,0x6e,
  0x73,0x1,0x3,0x0,0x0,0x0,0xc,0x96,0x8f,0x67,0x3a,0x9a,0xd8,0x65,0xaf,0x91,
  0xc7,0x68,0x37,0x8,0x0,0x0,0x0,0x0,0x6,0x0,0x0,0x0,0x17,0x52,0x61,0x6e,
  0x64,0x6f,0x6d,0x20,0x47,0x61,0x75,0x73,0x73,0x69,0x61,0x6e,0x20,0x73,0x61,0x6d,
  0x70,0x6c,0x65,0x73,0x7,0x0,0x0,0x0,0xc,0x54,0x61,0x62,0x4c,0x6f,0x63,0x61,
  0x74,0x69,0x6f,0x6e,0x73,0x1,0x3,0x0,0x0,0x0,0xa,0x53,0xd6,0x68,0x37,0x89,
  0xc4,0x52,0x19,0x0,0x3a,0x8,0x0,0x0,0x0,0x0,0x6,0x0,0x0,0x0,0x12,0x53,
  0x61,0x6d,0x70,0x6c,0x69,0x6e,0x67,0x20,0x73,0x74,0x72,0x61,0x74,0x65,0x67,0x79,
  0x3a,0x7,0x0,0x0,0x0,0xc,0x54,0x61,0x62,0x4c,0x6f,0x63,0x61,0x74,0x69,0x6f,
  0x6e,0x73,0x1,0x3,0x0,0x0,0x0,0x6,0x79,0xcd,0x5b,0x50,0x0,0x3a,0x8,0x0,
  0x0,0x0,0x0,0x6,0x0,0x0,0x0,0x8,0x53,0x65,0x65,0x64,0x28,0x73,0x29,0x3a,
  0x7,0x0,0x0,0x0,0xc,0x54,0x61,0x62,0x4c,0x6f,0x63,0x61,0x74,0x69,0x6f,0x6e,
  0x73,0x1,0x3,0x0,0x0,0x0,0xc,0x6b,0x65,0x95,0x7f,0x0,0x28,0x3,0xb1,0x0,
  0x29,0x0,0x3a,0x8,0x0,0x0,0x0,0x0,0x6,0x0,0x0,0x0,0xc,0x53,0x70,0x72,
  0x65,0x61,0x64,0x20,0x28,0xce,0xb1,0x29,0x3a,0x7,0x0,0x0,0x0,0xc,0x54,0x61,
  0x62,0x4c,0x6f,0x63,0x61,0x74,0x69,0x6f,0x6e,0x73,0x1,0x3,0x0,0x0,0x0,0xc,
  0x65,0xb9,0x5f,0x62,0x87,0xba,0x65,0xcb,0x8f,0xed,0x4e,0xe3,0x8,0x0,0x0,0x0,
  0x0,0x6,0x0,0x0,0x0,0xd,0x53,0x71,0x75,0x61,0x72,0x65,0x20,0x73,0x70,0x69,
  0x72,0x61,0x6c,0x7,0x0,0x0,0x0,0xc,0x54,0x61,0x62,0x4c,0x6f,0x63,0x61,0x74,
  0x69,0x6f,0x6e,0x73,0x1,0x3,0x0,0x0,0x0,0x4,0x50,0x5c,0x6b,0x62,0x8,0x0,
  0x0,0x0,0x0,0x6,0x0,0x0,0x0,0x4,0x53,0x74,0x6f,0x70,0x7,0x0,0x0,0x0,
  0xc,0x54,0x61,0x62,0x4c,0x6f,0x63,0x61,0x74,0x69,0x6f,0x6e,0x73,0x1,0x3,0x0,
  0x0,0x0,0x36,0x65,0x87,0x67,0x2c,0x65,0x87,0x4e,0xf6,0x0,0x20,0x0,0x28,0x0,
  0x2a,0x0,0x2e,0x0,0x74,0x0,0x78,0x0,0x74,0x0,0x20,0x0,0x2a,0x0,0x63,0x0,
  0x73,0x0,0x76,0x0,0x29,0x0,0x3b,0x0,0x3b,0x4e,0xfb,0x61,0xf,0x65,0x87,0x4e,
  0xf6,0x0,0x20,0x0,0x28,0x0,0x2a,0x0,0x29,0x8,0x0,0x0,0x0,0x0,0x6,0x0,
  0x0,0x0,0x26,0x54,0x65,0x78,0x74,0x20,0x66,0x69,0x6c,0x65,0x73,0x20,0x28,0x2a,
  0x2e,0x74,0x78,0x74,0x20,0x2a,0x63,0x73,0x76,0x29,0x3b,0x3b,0x41,0x6e,0x79,0x20,
  0x66,0x69,0x6c,0x65,0x73,0x20,0x28,0x2a,0x29,0x7,0x0,0x0,0x0,0xc,0x54,0x61,
  0x62,0x4c,0x6f,0x63,0x61,0x74,0x69,0x6f,0x6e,0x73,0x1,0x3,0x0,0x0,0x0,0x4,
  0x0,0x58,0x0,0x3a,0x8,0x0,0x0,0x0,0x0,0x6,0x0,0x0,0x0,0x2,0x58,0x3a,
  0x7,0x0,0x0,0x0,0xc,0x54,0x61,0x62,0x4c,0x6f,0x63,0x61,0x74,0x69,0x6f,0x6e,
  0x73,0x1,0x3,0x0,0x0,0x0,0x4,0x0,0x5a,0x0,0x3a,0x8,0x0,0x0,0x0,0x0,
  0x6,0x0,0x0,0x0,0x2,0x5a,0x3a,0x7,0x0,0x0,0x0,0xc,0x54,0x61,0x62,0x4c,
  0x6f,0x63,0x61,0x74,0x69,0x6f,0x6e,0x73,0x1,0x3,0x0,0x0,0x0,0x4,0x8d,0xdd,
  0x79,0xbb,0x8,0x0,0x0,0x0,0x0,0x6,0x0,0x0,0x0,0x8,0x64,0x69,0x73,0x74,
  0x61,0x6e,0x63,0x65,0x7,0x0,0x0,0x0,0xc,0x54,0x61,0x62,0x4c,0x6f,0x63,0x61,
  0x74,0x69,0x6f,0x6e,0x73,0x1,0x3,0x0,0x0,0x0,0x4,0x5e,0x8f,0x53,0xf7,0x8,
  0x0,0x0,0x0,0x0,0x6,0x0,0x0,0x0,0x2,0x69,0x64,0x7,0x0,0x0,0x0,0xc,
  0x54,0x61,0x62,0x4c,0x6f,0x63,0x61,0x74,0x69,0x6f,0x6e,0x73,0x1,0x3,0x0,0x0,
  0x0,0xa,0x79,0xcd,0x5b,0x50,0x0,0x2f,0x67,0x61,0x4e,0xf6,0x8,0x0,0x0,0x0,
  0x0,0x6,0x0,0x0,0x0,0xe,0x73,0x65,0x65,0x64,0x2f,0x63,0x6f,0x6e,0x64,0x69,
  0x74,0x69,0x6f,0x6e,0x7,0x0,0x0,0x0,0xc,0x54,0x61,0x62,0x4c,0x6f,0x63,0x61,
  0x74,0x69,0x6f,0x6e,0x73,0x1,0x3,0x0,0x0,0x0,0x2,0x0,0x58,0x8,0x0,0x0,
  0x0,0x0,0x6,0x0,0x0,0x0,0x1,0x78,0x7,0x0,0x0,0x0,0xc,0x54,0x61,0x62,
  0x4c,0x6f,0x63,0x61,0x74,0x69,0x6f,0x6e,0x73,0x1,0x3,0x0,0x0,0x0,0x2,0x0,
  0x5a,0x8,0x0,0x0,0x0,0x0,0x6,0x0,0x0,0x0,0x1,0x7a,0x7,0x0,0x0,0x0,
  0xc,0x54,0x61,0x62,0x4c,0x6f,0x63,0x61,0x74,0x69,0x6f,0x6e,0x73,0x1,0x3,0x0,
  0x0,0x0,0x2,0x0,0x30,0x8,0x0,0x0,0x0,0x0,0x6,0x0,0x0,0x0,0x1,0x30,
  0x7,0x0,0x0,0x0,0xd,0x54,0x61,0x62,0x53,0x74,0x72,0x75,0x63,0x74,0x75,0x72,
  0x65,0x73,0x1,0x3,0x0,0x0,0x0,0x1c,0x0,0x58,0x0,0x3c,0x0,0x73,0x0,0x75,
  0x0,0x62,0x0,0x3e,0x0,0x31,0x0,0x3c,0x0,0x2f,0x0,0x73,0x0,0x75,0x0,0x62,
  0x0,0x3e,0x0,0x3a,0x8,0x0,0x0,0x0,0x0,0x6,0x0,0x0,0x0,0x55,0x3c,0x68,
  0x74,0x6d,0x6c,0x3e,0x3c,0x68,0x65,0x61,0x64,0x2f,0x3e,0x3c,0x62,0x6f,0x64,0x79,
  0x3e,0x3c,0x70,0x3e,0x58,0x3c,0x73,0x70,0x61,0x6e,0x20,0x73,0x74,0x79,0x6c,0x65,
  0x3d,0x22,0x20,0x76,0x65,0x72,0x74,0x69,0x63,0x61,0x6c,0x2d,0x61,0x6c,0x69,0x67,
  0x6e,0x3a,0x73,0x75,0x62,0x3b,0x22,0x3e,0x31,0x3c,0x2f,0x73,0x70,0x61,0x6e,0x3e,
  0x3a,0x3c,0x2f,0x70,0x3e,0x3c,0x2f,0x62,0x6f,0x64,0x79,0x3e,0x3c,0x2f,0x68,0x74,
  0x6d,0x6c,0x3e,0x7,0x0,0x0,0x0,0xd,0x54,0x61,0x62,0x53,0x74,0x72,0x75,0x63,
  0x74,0x75,0x72,0x65,0x73,0x1,0x3,0x0,0x0,0x0,0x1c,0x0,0x58,0x0,0x3c,0x0,
  0x73,0x0,0x75,0x0,0x62,0x0,0x3e,0x0,0x32,0x0,0x3c,0x0,0x2f,0x0,0x73,0x0,
  0x75,0x0,0x62,0x0,0x3e,0x0,0x3a,0x8,0x0,0x0,0x0,0x0,0x6,0x0,0x0,0x0,
  0x55,0x3c,0x68,0x74,0x6d,0x6c,0x3e,0x3c,0x68,0x65,0x61,0x64,0x2f,0x3e,0x3c,0x62,
  0x6f,0x64,0x79,0x3e,0x3c,0x70,0x3e,0x58,0x3c,0x73,0x70,0x61,0x6e,0x20,0x73,0x74,
  0x79,0x6c,0x65,0x3d,0x22,0x20,0x76,0x65,0x72,0x74,0x69,0x63,0x61,0x6c,0x2d,0x61,
  0x6c,0x69,0x67,0x6e,0x3a,0x73,0x75,0x62,0x3b,0x22,0x3e,0x32,0x3c,0x2f,0x73,0x70,
  0x61,0x6e,0x3e,0x3a,0x3c,0x2f,0x70,0x3e,0x3c,0x2f,0x62,0x6f,0x64,0x79,0x3e,0x3c,
  0x2f,0x68,0x74,0x6d,0x6c,0x3e,0x7,0x0,0x0,0x0,0xd,0x54,0x61,0x62,0x53,0x74,
  0x72,0x75,0x63,0x74,0x75,0x72,0x65,0x73,0x1,0x3,0x0,0x0,0x0,0x1c,0x0,0x5a,
  0x0,0x3c,0x0,0x73,0x0,0x75,0x0,0x62,0x0,0x3e,0x0,0x31,0x0,0x3c,0x0,0x2f,
  0x0,0x73,0x0,0x75,0x0,0x62,0x0,0x3e,0x0,0x3a,0x8,0x0,0x0,0x0,0x0,0x6,
  0x0,0x0,0x0,0x55,0x3c,0x68,0x74,0x6d,0x6c,0x3e,0x3c,0x68,0x65,0x61,0x64,0x2f,
  0x3e,0x3c,0x62,0x6f,0x64,0x79,0x3e,0x3c,0x70,0x3e,0x5a,0x3c,0x73,0x70,0x61,0x6e,
  0x20,0x73,0x74,0x79,0x6c,0x65,0x3d,0x22,0x20,0x76,0x65,0x72,0x74,0x69,0x63,0x61,
  0x6c,0x2d,0x61,0x6c,0x69,0x67,0x6e,0x3a,0x73,0x75,0x62,0x3b,0x22,0x3e,0x31,0x3c,
  0x2f,0x73,0x70,0x61,0x6e,0x3e,0x3a,0x3c,0x2f,0x70,0x3e,0x3c,0x2f,0x62,0x6f,0x64,
  0x79,0x3e,0x3c,0x2f,0x68,0x74,0x6d,0x6c,0x3e,0x7,0x0,0x0,0x0,0xd,0x54,0x61,
  0x62,0x53,0x74,0x72,0x75,0x63,0x74,0x75,0x72,0x65,0x73,0x1,0x3,0x0,0x0,0x0,
  0x1c,0x0,0x5a,0x0,0x3c,0x0,0x73,0x0,0x75,0x0,0x62,0x0,0x3e,0x0,0x32,0x0,
  0x3c,0x0,0x2f,0x0,0x73,0x0,0x75,0x0,0x62,0x0,0x3e,0x0,0x3a,0x8,0x0,0x0,
  0x0,0x0,0x6,0x0,0x0,0x0,0x55,0x3c,0x68,0x74,0x6d,0x6c,0x3e,0x3c,0x68,0x65,
  0x61,0x64,0x2f,0x3e,0x3c,0x62,0x6f,0x64,0x79,0x3e,0x3c,0x70,0x3e,0x5a,0x3c,0x73,
  0x70,0x61,0x6e,0x20,0x73,0x74,0x79,0x6c,0x65,0x3d,0x22,0x20,0x76,0x65,0x72,0x74,
  0x69,0x63,0x61,0x6c,0x2d,0x61,0x6c,0x69,0x67,0x6e,0x3a,0x73,0x75,0x62,0x3b,0x22,
  0x3e,0x32,0x3c,0x2f,0x73,0x70,0x61,0x6e,0x3e,0x3a,0x3c,0x2f,0x70,0x3e,0x3c,0x2f,
  0x62,0x6f,0x64,0x79,0x3e,0x3c,0x2f,0x68,0x74,0x6d,0x6c,0x3e,0x7,0x0,0x0,0x0,
  0xd,0x54,0x61,0x62,0x53,0x74,0x72,0x75,0x63,0x74,0x75,0x72,0x65,0x73,0x1,0x3,
  0x0,0x0,0x0,0x12,0x4e,0xc5,0x7e,0xdf,0x8b,0xa1,0x57,0x30,0x56,0xfe,0x53,0xef,
  0x89,0xc1,0x7e,0xd3,0x67,0x84,0x8,0x0,0x0,0x0,0x0,0x6,0x0,0x0,0x0,0x15,
  0x41,0x63,0x74,0x69,0x76,0x65,0x20,0x6d,0x61,0x70,0x20,0x73,0x65,0x6c,0x65,0x63,
  0x74,0x69,0x6f,0x6e,0x73,0x7,0x0,0x0,0x0,0xd,0x54,0x61,0x62,0x53,0x74,0x72,
  0x75,0x63,0x74,0x75,0x72,0x65,0x73,0x1,0x3,0x0,0x0,0x0,0xc,0x7e,0xdf,0x8b,
  0xa1,0x62,0x40,0x67,0x9,0x7e,0xd3,0x67,0x84,0x8,0x0,0x0,0x0,0x0,0x6,0x0,
  0x0,0x0,0xe,0x41,0x6c,0x6c,0x20,0x73,0x74,0x72,0x75,0x63,0x74,0x75,0x72,0x65,
  0x73,0x7,0x0,0x0,0x0,0xd,0x54,0x61,0x62,0x53,0x74,0x72,0x75,0x63,0x74,0x75,
  0x72,0x65,0x73,0x1,0x3,0x0,0x0,0x0,0x4,0x7e,0xdf,0x8b,0xa1,0x8,0x0,0x0,
  0x0,0x0,0x6,0x0,0x0,0x0,0x7,0x41,0x6e,0x61,0x6c,0x79,0x7a,0x65,0x7,0x0,
  0x0,0x0,0xd,0x54,0x61,0x62,0x53,0x74,0x72,0x75,0x63,0x74,0x75,0x72,0x65,0x73,
  0x1,0x3,0x0,0x0,0x0,0x18,0x7e,0xdf,0x8b,0xa1,0x7e,0xd9,0x5b,0x9a,0x53,0x3a,
  0x57,0xdf,0x4e,0x2d,0x76,0x84,0x7e,0xd3,0x67,0x84,0x4f,0xe1,0x60,0x6f,0x8,0x0,
  0x0,0x0,0x0,0x6,0x0,0x0,0x0,0x26,0x41,0x6e,0x61,0x6c,0x79,0x7a,0x65,0x20,
  0x74,0x68,0x65,0x20,0x73,0x74,0x72,0x75,0x63,0x74,0x75,0x72,0x65,0x73,0x20,0x77,
  0x69,0x74,0x68,0x69,0x6e,0x20,0x61,0x6e,0x20,0x61,0x72,0x65,0x61,0x2e,0x7,0x0,
  0x0,0x0,0xd,0x54,0x61,0x62,0x53,0x74,0x72,0x75,0x63,0x74,0x75,0x72,0x65,0x73,
  0x1,0x3,0x0,0x0,0x0,0xc,0x5c,0x55,0x79,0x3a,0x62,0x40,0x67,0x9,0x7e,0xd3,
  0x67,0x84,0x8,0x0,0x0,0x0,0x0,0x6,0x0,0x0,0x0,0x15,0x43,0x6f,0x6c,0x6c,
  0x65,0x63,0x74,0x20,0x61,0x6c,0x6c,0x20,0x69,0x6e,0x73,0x74,0x61,0x6e,0x63,0x65,
  0x73,0x7,0x0,0x0,0x0,0xd,0x54,0x61,0x62,0x53,0x74,0x72,0x75,0x63,0x74,0x75,
  0x72,0x65,0x73,0x1,0x3,0x0,0x0,0x0,0x8,0x5f,0x53,0x52,0x4d,0x79,0xcd,0x5b,
  0x50,0x8,0x0,0x0,0x0,0x0,0x6,0x0,0x0,0x0,0xc,0x43,0x75,0x72,0x72,0x65,
  0x6e,0x74,0x20,0x73,0x65,0x65,0x64,0x7,0x0,0x0,0x0,0xd,0x54,0x61,0x62,0x53,
  0x74,0x72,0x75,0x63,0x74,0x75,0x72,0x65,0x73,0x1,0x3,0x0,0x0,0x0,0x10,0x5b,
  0xfc,0x51,0xfa,0x7e,0xd3,0x67,0x84,0x7e,0xdf,0x8b,0xa1,0x7e,0xd3,0x67,0x9c,0x8,
  0x0,0x0,0x0,0x0,0x6,0x0,0x0,0x0,0x19,0x45,0x78,0x70,0x6f,0x72,0x74,0x20,
  0x73,0x74,0x72,0x75,0x63,0x74,0x75,0x72,0x65,0x20,0x61,0x6e,0x61,0x6c,0x79,0x73,
  0x69,0x73,0x7,0x0,0x0,0x0,0xd,0x54,0x61,0x62,0x53,0x74,0x72,0x75,0x63,0x74,
  0x75,0x72,0x65,0x73,0x1,0x3,0x0,0x0,0x0,0xa,0x5b,0xfc,0x51,0xfa,0x0,0x2e,
  0x0,0x2e,0x0,0x2e,0x8,0x0,0x0,0x0,0x0,0x6,0x0,0x0,0x0,0x9,0x45,0x78,
  0x70,0x6f,0x72,0x74,0x2e,0x2e,0x2e,0x7,0x0,0x0,0x0,0xd,0x54,0x61,0x62,0x53,
  0x74,0x72,0x75,0x63,0x74,0x75,0x72,0x65,0x73,0x1,0x3,0x0,0x0,0x0,0x20,0x65,
  0xe0,0x6c,0xd5,0x62,0x53,0x5f,0x0,0x4e,0xe5,0x4e,0xb,0x5b,0xfc,0x51,0xfa,0x65,
  0x87,0x4e,0xf6,0x0,0x3a,0x0,0xa,0x0,0x22,0x0,0x25,0x0,0x31,0x0,0x22,0x8,
  0x0,0x0,0x0,0x0,0x6,0x0,0x0,0x0,0x24,0x46,0x61,0x69,0x6c,0x65,0x64,0x20,
  0x74,0x6f,0x20,0x6f,0x70,0x65,0x6e,0x20,0x66,0x69,0x6c,0x65,0x20,0x66,0x6f,0x72,
  0x20,0x65,0x78,0x70,0x6f,0x72,0x74,0x3a,0xa,0x22,0x25,0x31,0x22,0x7,0x0,0x0,
  0x0,0xd,0x54,0x61,0x62,0x53,0x74,0x72,0x75,0x63,0x74,0x75,0x72,0x65,0x73,0x1,
  0x3,0x0,0x0,0x0,0x4,0x7e,0xd3,0x67,0x84,0x8,0x0,0x0,0x0,0x0,0x6,0x0,
  0x0,0x0,0x4,0x46,0x6f,0x72,0x6d,0x7,0x0,0x0,0x0,0xd,0x54,0x61,0x62,0x53,
  0x74,0x72,0x75,0x63,0x74,0x75,0x72,0x65,0x73,0x1,0x3,0x0,0x0,0x0,0x12,0x7b,
  0x26,0x54,0x8,0x67,0x61,0x4e,0xf6,0x76,0x84,0x79,0xcd,0x5b,0x50,0x52,0x17,0x88,
  0x68,0x8,0x0,0x0,0x0,0x0,0x6,0x0,0x0,0x0,0x18,0x46,0x72,0x6f,0x6d,0x20,
  0x6d,0x61,0x74,0x63,0x68,0x69,0x6e,0x67,0x20,0x73,0x65,0x65,0x64,0x73,0x20,0x6c,
  0x69,0x73,0x74,0x7,0x0,0x0,0x0,0xd,0x54,0x61,0x62,0x53,0x74,0x72,0x75,0x63,
  0x74,0x75,0x72,0x65,0x73,0x1,0x3,0x0,0x0,0x0,0xc,0x4f,0x7f,0x75,0x28,0x53,
  0xef,0x89,0xc1,0x83,0x3,0x56,0xf4,0x8,0x0,0x0,0x0,0x0,0x6,0x0,0x0,0x0,
  0xc,0x46,0x72,0x6f,0x6d,0x20,0x76,0x69,0x73,0x69,0x62,0x6c,0x65,0x7,0x0,0x0,
  0x0,0xd,0x54,0x61,0x62,0x53,0x74,0x72,0x75,0x63,0x74,0x75,0x72,0x65,0x73,0x1,
  0x3,0x0,0x0,0x0,0xc,0x67,0x0,0x5c,0xf,0x50,0x3c,0x0,0x28,0x54,0x2b,0x0,
  0x29,0x8,0x0,0x0,0x0,0x0,0x6,0x0,0x0,0x0,0x17,0x4c,0x6f,0x77,0x65,0x72,
  0x20,0x62,0x6f,0x75,0x6e,0x64,0x20,0x28,0x69,0x6e,0x63,0x6c,0x75,0x73,0x69,0x76,
  0x65,0x29,0x7,0x0,0x0,0x0,0xd,0x54,0x61,0x62,0x53,0x74,0x72,0x75,0x63,0x74,
  0x75,0x72,0x65,0x73,0x1,0x3,0x0,0x0,0x0,0x8,0x56,0xdb,0x80,0x54,0x7e,0xd3,
  0x67,0x84,0x8,0x0,0x0,0x0,0x0,0x6,0x0,0x0,0x0,0xf,0x51,0x75,0x61,0x64,
  0x2d,0x53,0x74,0x72,0x75,0x63,0x74,0x75,0x72,0x65,0x73,0x7,0x0,0x0,0x0,0xd,
  0x54,0x61,0x62,0x53,0x74,0x72,0x75,0x63,0x74,0x75,0x72,0x65,0x73,0x1,0x3,0x0,
  0x0,0x0,0x6,0x79,0xcd,0x5b,0x50,0x0,0x3a,0x8,0x0,0x0,0x0,0x0,0x6,0x0,
  0x0,0x0,0x8,0x53,0x65,0x65,0x64,0x28,0x73,0x29,0x3a,0x7,0x0,0x0,0x0,0xd,
  0x54,0x61,0x62,0x53,0x74,0x72,0x75,0x63,0x74,0x75,0x72,0x65,0x73,0x1,0x3,0x0,
  0x0,0x0,0x4,0x50,0x5c,0x6b,0x62,0x8,0x0,0x0,0x0,0x0,0x6,0x0,0x0,0x0,
  0x4,0x53,0x74,0x6f,0x70,0x7,0x0,0x0,0x0,0xd,0x54,0x61,0x62,0x53,0x74,0x72,
  0x75,0x63,0x74,0x75,0x72,0x65,0x73,0x1,0x3,0x0,0x0,0x0,0x4,0x7e,0xd3,0x67,
  0x84,0x8,0x0,0x0,0x0,0x0,0x6,0x0,0x0,0x0,0xa,0x53,0x74,0x72,0x75,0x63,
  0x74,0x75,0x72,0x65,0x73,0x7,0x0,0x0,0x0,0xd,0x54,0x61,0x62,0x53,0x74,0x72,
  0x75,0x63,0x74,0x75,0x72,0x65,0x73,0x1,0x3,0x0,0x0,0x0,0x36,0x65,0x87,0x67,
  0x2c,0x65,0x87,0x4e,0xf6,0x0,0x20,0x0,0x28,0x0,0x2a,0x0,0x2e,0x0,0x74,0x0,
  0x78,0x0,0x74,0x0,0x20,0x0,0x2a,0x0,0x63,0x0,0x73,0x0,0x76,0x0,0x29,0x0,
  0x3b,0x0,0x3b,0x4e,0xfb,0x61,0xf,0x65,0x87,0x4e,0xf6,0x0,0x20,0x0,0x28,0x0,
  0x2a,0x0,0x29,0x8,0x0,0x0,0x0,0x0,0x6,0x0,0x0,0x0,0x26,0x54,0x65,0x78,
  0x74,0x20,0x66,0x69,0x6c,0x65,0x73,0x20,0x28,0x2a,0x2e,0x74,0x78,0x74,0x20,0x2a,
  0x63,0x73,0x76,0x29,0x3b,0x3b,0x41,0x6e,0x79,0x20,0x66,0x69,0x6c,0x65,0x73,0x20,
  0x28,0x2a,0x29,0x7,0x0,0x0,0x0,0xd,0x54,0x61,0x62,0x53,0x74,0x72,0x75,0x63,
  0x74,0x75,0x72,0x65,0x73,0x1,0x3,0x0,0x0,0x0,0xc,0x67,0x0,0x59,0x27,0x50,
  0x3c,0x0,0x28,0x54,0x2b,0x0,0x29,0x8,0x0,0x0,0x0,0x0,0x6,0x0,0x0,0x0,
  0x17,0x55,0x70,0x70,0x65,0x72,0x20,0x62,0x6f,0x75,0x6e,0x64,0x20,0x28,0x69,0x6e,
  0x63,0x6c,0x75,0x73,0x69,0x76,0x65,0x29,0x7,0x0,0x0,0x0,0xd,0x54,0x61,0x62,
  0x53,0x74,0x72,0x75,0x63,0x74,0x75,0x72,0x65,0x73,0x1,0x3,0x0,0x0,0x0,0x4,
  0x60,0x3b,0x65,0x70,0x8,0x0,0x0,0x0,0x0,0x6,0x0,0x0,0x0,0x5,0x63,0x6f,
  0x75,0x6e,0x74,0x7,0x0,0x0,0x0,0xd,0x54,0x61,0x62,0x53,0x74,0x72,0x75,0x63,
  0x74,0x75,0x72,0x65,0x73,0x1,0x3,0x0,0x0,0x0,0x8,0x8b,0xe6,0x7e,0xc6,0x4f,
  0xe1,0x60,0x6f,0x8,0x0,0x0,0x0,0x0,0x6,0x0,0x0,0x0,0x7,0x64,0x65,0x74,
  0x61,0x69,0x6c,0x73,0x7,0x0,0x0,0x0,0xd,0x54,0x61,0x62,0x53,0x74,0x72,0x75,
  0x63,0x74,0x75,0x72,0x65,0x73,0x1,0x3,0x0,0x0,0x0,0x4,0x8d,0xdd,0x79,0xbb,
  0x8,0x0,0x0,0x0,0x0,0x6,0x0,0x0,0x0,0x8,0x64,0x69,0x73,0x74,0x61,0x6e,
  0x63,0x65,0x7,0x0,0x0,0x0,0xd,0x54,0x61,0x62,0x53,0x74,0x72,0x75,0x63,0x74,
  0x75,0x72,0x65,0x73,0x1,0x3,0x0,0x0,0x0,0x4,0x53,0x4a,0x5f,0x84,0x8,0x0,
  0x0,0x0,0x0,0x6,0x0,0x0,0x0,0x6,0x72,0x61,0x64,0x69,0x75,0x73,0x7,0x0,
  0x0,0x0,0xd,0x54,0x61,0x62,0x53,0x74,0x72,0x75,0x63,0x74,0x75,0x72,0x65,0x73,
  0x1,0x3,0x0,0x0,0x0,0x4,0x79,0xcd,0x5b,0x50,0x8,0x0,0x0,0x0,0x0,0x6,
  0x0,0x0,0x0,0x4,0x73,0x65,0x65,0x64,0x7,0x0,0x0,0x0,0xd,0x54,0x61,0x62,
  0x53,0x74,0x72,0x75,0x63,0x74,0x75,0x72,0x65,0x73,0x1,0x3,0x0,0x0,0x0,0xc,
  0x67,0x9,0x65,0x48,0x52,0x37,0x60,0x2a,0x97,0x62,0x79,0xef,0x8,0x0,0x0,0x0,
  0x0,0x6,0x0,0x0,0x0,0xa,0x73,0x70,0x61,0x77,0x6e,0x20,0x61,0x72,0x65,0x61,
  0x7,0x0,0x0,0x0,0xd,0x54,0x61,0x62,0x53,0x74,0x72,0x75,0x63,0x74,0x75,0x72,
  0x65,0x73,0x1,0x3,0x0,0x0,0x0,0x4,0x7e,0xd3,0x67,0x84,0x8,0x0,0x0,0x0,
  0x0,0x6,0x0,0x0,0x0,0x9,0x73,0x74,0x72,0x75,0x63,0x74,0x75,0x72,0x65,0x7,
  0x0,0x0,0x0,0xd,0x54,0x61,0x62,0x53,0x74,0x72,0x75,0x63,0x74,0x75,0x72,0x65,
  0x73,0x1,0x3,0x0,0x0,0x0,0x4,0x79,0xcd,0x7c,0x7b,0x8,0x0,0x0,0x0,0x0,
  0x6,0x0,0x0,0x0,0x4,0x74,0x79,0x70,0x65,0x7,0x0,0x0,0x0,0xd,0x54,0x61,
  0x62,0x53,0x74,0x72,0x75,0x63,0x74,0x75,0x72,0x65,0x73,0x1,0x3,0x0,0x0,0x0,
  0x2,0x0,0x58,0x8,0x0,0x0,0x0,0x0,0x6,0x0,0x0,0x0,0x1,0x78,0x7,0x0,
  0x0,0x0,0xd,0x54,0x61,0x62,0x53,0x74,0x72,0x75,0x63,0x74,0x75,0x72,0x65,0x73,
  0x1,0x3,0x0,0x0,0x0,0x2,0x0,0x5a,0x8,0x0,0x0,0x0,0x0,0x6,0x0,0x0,
  0x0,0x1,0x7a,0x7,0x0,0x0,0x0,0xd,0x54,0x61,0x62,0x53,0x74,0x72,0x75,0x63,
  0x74,0x75,0x72,0x65,0x73,0x1,0x3,0x0,0x0,0x0,0xa,0x8f,0xde,0x63,0xa5,0x95,
  0x19,0x8b,0xef,0xff,0x1,0x8,0x0,0x0,0x0,0x0,0x6,0x0,0x0,0x0,0x10,0x43,
  0x6f,0x6e,0x6e,0x65,0x63,0x74,0x69,0x6f,0x6e,0x20,0x45,0x72,0x72,0x6f,0x72,0x7,
  0x0,0x0,0x0,0xd,0x55,0x70,0x64,0x61,0x74,0x65,0x72,0x44,0x69,0x61,0x6c,0x6f,
  0x67,0x1,0x3,0x0,0x0,0x0,0xa,0x62,0xd2,0x7e,0xdd,0x8f,0xde,0x63,0xa5,0xff,
  0x1,0x8,0x0,0x0,0x0,0x0,0x6,0x0,0x0,0x0,0x13,0x43,0x6f,0x6e,0x6e,0x65,
  0x63,0x74,0x69,0x6f,0x6e,0x20,0x72,0x65,0x66,0x75,0x73,0x65,0x64,0x2e,0x7,0x0,
  0x0,0x0,0xd,0x55,0x70,0x64,0x61,0x74,0x65,0x72,0x44,0x69,0x61,0x6c,0x6f,0x67,
  0x1,0x3,0x0,0x0,0x0,0xa,0x8f,0xde,0x63,0xa5,0x8d,0x85,0x65,0xf6,0xff,0x1,
  0x8,0x0,0x0,0x0,0x0,0x6,0x0,0x0,0x0,0x15,0x43,0x6f,0x6e,0x6e,0x65,0x63,
  0x74,0x69,0x6f,0x6e,0x20,0x74,0x69,0x6d,0x65,0x64,0x20,0x6f,0x75,0x74,0x2e,0x7,
  0x0,0x0,0x0,0xd,0x55,0x70,0x64,0x61,0x74,0x65,0x72,0x44,0x69,0x61,0x6c,0x6f,
  0x67,0x1,0x3,0x0,0x0,0x0,0x10,0x68,0xc0,0x67,0xe5,0x66,0xf4,0x65,0xb0,0x59,
  0x31,0x8d,0x25,0x0,0x3a,0x0,0xa,0x8,0x0,0x0,0x0,0x0,0x6,0x0,0x0,0x0,
  0x1d,0x46,0x61,0x69,0x6c,0x65,0x64,0x20,0x74,0x6f,0x20,0x63,0x68,0x65,0x63,0x6b,
  0x20,0x66,0x6f,0x72,0x20,0x75,0x70,0x64,0x61,0x74,0x65,0x73,0x3a,0xa,0x7,0x0,
  0x0,0x0,0xd,0x55,0x70,0x64,0x61,0x74,0x65,0x72,0x44,0x69,0x61,0x6c,0x6f,0x67,
  0x1,0x3,0x0,0x0,0x0,0x1c,0x89,0xe3,0x67,0x90,0x4e,0xe5,0x4e,0xb,0x0,0x4a,
  0x0,0x73,0x0,0x6f,0x0,0x6e,0x59,0x31,0x8d,0x25,0x0,0x3a,0x0,0xa,0x0,0x25,
  0x0,0x31,0x8,0x0,0x0,0x0,0x0,0x6,0x0,0x0,0x0,0x23,0x46,0x61,0x69,0x6c,
  0x65,0x64,0x20,0x74,0x6f,0x20,0x70,0x61,0x72,0x73,0x65,0x20,0x4a,0x73,0x6f,0x6e,
  0x20,0x72,0x65,0x70,0x6c,0x79,0x20,0x77,0x69,0x74,0x68,0x3a,0xa,0x25,0x31,0x7,
  0x0,0x0,0x0,0xd,0x55,0x70,0x64,0x61,0x74,0x65,0x72,0x44,0x69,0x61,0x6c,0x6f,
  0x67,0x1,0x3,0x0,0x0,0x0,0xc,0x67,0x2a,0x62,0x7e,0x52,0x30,0x4e,0x3b,0x67,
  0x3a,0xff,0x1,0x8,0x0,0x0,0x0,0x0,0x6,0x0,0x0,0x0,0xf,0x48,0x6f,0x73,
  0x74,0x20,0x6e,0x6f,0x74,0x20,0x66,0x6f,0x75,0x6e,0x64,0x2e,0x7,0x0,0x0,0x0,
  0xd,0x55,0x70,0x64,0x61,0x74,0x65,0x72,0x44,0x69,0x61,0x6c,0x6f,0x67,0x1,0x3,
  0x0,0x0,0x0,0xc,0x0,0x4a,0x0,0x73,0x0,0x6f,0x0,0x6e,0x95,0x19,0x8b,0xef,
  0x8,0x0,0x0,0x0,0x0,0x6,0x0,0x0,0x0,0xa,0x4a,0x73,0x6f,0x6e,0x20,0x45,
  0x72,0x72,0x6f,0x72,0x7,0x0,0x0,0x0,0xd,0x55,0x70,0x64,0x61,0x74,0x65,0x72,
  0x44,0x69,0x61,0x6c,0x6f,0x67,0x1,0x3,0x0,0x0,0x0,0x12,0x7f,0x51,0x7e,0xdc,
  0x95,0x19,0x8b,0xef,0x0,0x28,0x0,0x25,0x0,0x31,0x0,0x29,0xff,0x1,0x8,0x0,
  0x0,0x0,0x0,0x6,0x0,0x0,0x0,0x13,0x4e,0x65,0x74,0x77,0x6f,0x72,0x6b,0x20,
  0x65,0x72,0x72,0x6f,0x72,0x20,0x28,0x25,0x31,0x29,0x2e,0x7,0x0,0x0,0x0,0xd,
  0x55,0x70,0x64,0x61,0x74,0x65,0x72,0x44,0x69,0x61,0x6c,0x6f,0x67,0x1,0x3,0x0,
  0x0,0x0,0x8,0x6c,0xa1,0x67,0x9,0x66,0xf4,0x65,0xb0,0x8,0x0,0x0,0x0,0x0,
  0x6,0x0,0x0,0x0,0xa,0x4e,0x6f,0x20,0x55,0x70,0x64,0x61,0x74,0x65,0x73,0x7,
  0x0,0x0,0x0,0xd,0x55,0x70,0x64,0x61,0x74,0x65,0x72,0x44,0x69,0x61,0x6c,0x6f,
  0x67,0x1,0x3,0x0,0x0,0x0,0x32,0x4f,0x60,0x6b,0x63,0x57,0x28,0x4f,0x7f,0x75,
  0x28,0x67,0x0,0x65,0xb0,0x72,0x48,0x76,0x84,0x0,0x43,0x0,0x75,0x0,0x62,0x0,
  0x69,0x0,0x6f,0x0,0x6d,0x0,0x65,0x0,0x73,0x0,0x20,0x0,0x56,0x0,0x69,0x0,
  0x65,0x0,0x77,0x0,0x65,0x0,0x72,0xff,0x1,0x8,0x0,0x0,0x0,0x0,0x6,0x0,
  0x0,0x0,0x30,0x59,0x6f,0x75,0x20,0x75,0x73,0x69,0x6e,0x67,0x20,0x74,0x68,0x65,
  0x20,0x6c,0x61,0x74,0x65,0x73,0x74,0x20,0x76,0x65,0x72,0x73,0x69,0x6f,0x6e,0x20,
  0x6f,0x66,0x20,0x43,0x75,0x62,0x69,0x6f,0x6d,0x65,0x73,0x2d,0x56,0x69,0x65,0x77,
  0x65,0x72,0x2e,0x7,0x0,0x0,0x0,0xd,0x55,0x70,0x64,0x61,0x74,0x65,0x72,0x44,
  0x69,0x61,0x6c,0x6f,0x67,0x1,
  
};

static const unsigned char qt_resource_name[] = {
  // lang
  0x0,0x4,
  0x0,0x7,0x28,0x47,
  0x0,0x6c,
  0x0,0x61,0x0,0x6e,0x0,0x67,
    // en_US.qm
  0x0,0x8,
  0x4,0x4a,0x68,0xfd,
  0x0,0x65,
  0x0,0x6e,0x0,0x5f,0x0,0x55,0x0,0x53,0x0,0x2e,0x0,0x71,0x0,0x6d,
    // de_DE.qm
  0x0,0x8,
  0xb,0x38,0x88,0x3d,
  0x0,0x64,
  0x0,0x65,0x0,0x5f,0x0,0x44,0x0,0x45,0x0,0x2e,0x0,0x71,0x0,0x6d,
    // zh_CN.qm
  0x0,0x8,
  0xe,0x38,0x5,0x7d,
  0x0,0x7a,
  0x0,0x68,0x0,0x5f,0x0,0x43,0x0,0x4e,0x0,0x2e,0x0,0x71,0x0,0x6d,
  
};

static const unsigned char qt_resource_struct[] = {
  // :
  0x0,0x0,0x0,0x0,0x0,0x2,0x0,0x0,0x0,0x1,0x0,0x0,0x0,0x1,
0x0,0x0,0x0,0x0,0x0,0x0,0x0,0x0,
  // :/lang
  0x0,0x0,0x0,0x0,0x0,0x2,0x0,0x0,0x0,0x3,0x0,0x0,0x0,0x2,
0x0,0x0,0x0,0x0,0x0,0x0,0x0,0x0,
  // :/lang/en_US.qm
  0x0,0x0,0x0,0xe,0x0,0x0,0x0,0x0,0x0,0x1,0x0,0x0,0x0,0x0,
0x0,0x0,0x1,0x9c,0x3d,0x2a,0x87,0x2c,
  // :/lang/de_DE.qm
  0x0,0x0,0x0,0x24,0x0,0x0,0x0,0x0,0x0,0x1,0x0,0x0,0xa,0x7e,
0x0,0x0,0x1,0x9c,0x3d,0x2a,0x87,0x2b,
  // :/lang/zh_CN.qm
  0x0,0x0,0x0,0x3a,0x0,0x0,0x0,0x0,0x0,0x1,0x0,0x1,0x61,0xb5,
0x0,0x0,0x1,0x9c,0x3d,0x2a,0x87,0x2c,

};

#ifdef QT_NAMESPACE
#  define QT_RCC_PREPEND_NAMESPACE(name) ::QT_NAMESPACE::name
#  define QT_RCC_MANGLE_NAMESPACE0(x) x
#  define QT_RCC_MANGLE_NAMESPACE1(a, b) a##_##b
#  define QT_RCC_MANGLE_NAMESPACE2(a, b) QT_RCC_MANGLE_NAMESPACE1(a,b)
#  define QT_RCC_MANGLE_NAMESPACE(name) QT_RCC_MANGLE_NAMESPACE2( \
        QT_RCC_MANGLE_NAMESPACE0(name), QT_RCC_MANGLE_NAMESPACE0(QT_NAMESPACE))
#else
#   define QT_RCC_PREPEND_NAMESPACE(name) name
#   define QT_RCC_MANGLE_NAMESPACE(name) name
#endif

#ifdef QT_NAMESPACE
namespace QT_NAMESPACE {
#endif

bool qRegisterResourceData(int, const unsigned char *, const unsigned char *, const unsigned char *);
bool qUnregisterResourceData(int, const unsigned char *, const unsigned char *, const unsigned char *);

#ifdef QT_NAMESPACE
}
#endif

int QT_RCC_MANGLE_NAMESPACE(qInitResources_lang)();
int QT_RCC_MANGLE_NAMESPACE(qInitResources_lang)()
{
    int version = 3;
    QT_RCC_PREPEND_NAMESPACE(qRegisterResourceData)
        (version, qt_resource_struct, qt_resource_name, qt_resource_data);
    return 1;
}

int QT_RCC_MANGLE_NAMESPACE(qCleanupResources_lang)();
int QT_RCC_MANGLE_NAMESPACE(qCleanupResources_lang)()
{
    int version = 3;
    QT_RCC_PREPEND_NAMESPACE(qUnregisterResourceData)
       (version, qt_resource_struct, qt_resource_name, qt_resource_data);
    return 1;
}

namespace {
   struct initializer {
       initializer() { QT_RCC_MANGLE_NAMESPACE(qInitResources_lang)(); }
       ~initializer() { QT_RCC_MANGLE_NAMESPACE(qCleanupResources_lang)(); }
   } dummy;
}
